0,v09044e50000btueapv15l8sl3ukeqpg,8077,1038069&571816&372444,a1dfc7c24824e0020c38b321e28876f8&ed006990426d66253262b124e1d9ecfd&96df8233ad82c5dc7dbeddd910c9c477&d3696cb82b0ac3e1b46ea7062f7aa37f&28543b1f1ec7c8b2e163fca004ccb571&48f28f14e0098e43987cf86a3d05aede,https://v19.tiktokcdn-us.com/a1dfc7c24824e0020c38b321e28876f8/61e50a50/video/tos/useast2a/tos-useast2a-ve-0068c004/13370ab11f50451d9ac6b44b0fed7e9d/?a=1233&br=2026&bt=1013&cd=0%7C0%7C0&ch=0&cr=3&cs=2&cv=1&dr=0&ds=6&er=&ft=c~.Zm4L-gXoInz7T&l=202201170018490101130062341B284040&lr=all&mime_type=video_mp4&net=0&pl=0&qs=11&rc=anRuNnZvNHNodzMzODczM0ApOGQ1aDlnM2U6N2k4ZjRmZ2dtYnJpNTJzXnJfLS1iMTZzcy0zMzQvYy81MmM1LS8uYzQ6Yw%3D%3D&vl=&vr=
1,v12044gd0000c7bpv0jc77uakaoc0an0,12560,640394&488219&247339&213602,85ad63a2fa8ea9c2ac70699113782ddb&c8cbd538a63b4b6afd081f1e282e3437&8374cedc939805810f18068d2512be78&870e79d769f236a9b3b9f6a9a7e58514&cd7d2b514d16bc64c1d751b879f030c8&fb14df894387c26b361b42979c08afba&0bd74436ff419023b5d677b4645d3409&4abc278bec338f843456b88880073be9,https://v19.tiktokcdn-us.com/85ad63a2fa8ea9c2ac70699113782ddb/61e50a55/video/tos/useast5/tos-useast5-ve-0068c004-tx/7fb7755292e94b97ae2acf9bbfa03fe3/?a=1233&br=1250&bt=625&cd=0%7C0%7C0&ch=0&cr=3&cs=2&cv=1&dr=0&ds=6&er=&ft=c~.Zm4L-gXoInz7T&l=202201170018490101130062341B284040&lr=all&mime_type=video_mp4&net=0&pl=0&qs=11&rc=M2RmZGQ6ZjNzOjMzZzczNEApMzY7PDVoNWVlNzQ5aTppN2drLWxocjRnc19gLS1kMS9zcy4vYF5hMDA0NjI2MzNhYC86Yw%3D%3D&vl=&vr=
2,v09044g40000c6ugqd3c77u2124rt93g,20176,2319302&1902672&1030452&876028,e1946078aa178cbaab7429e3e7bde703&0a2b4447325ba71cd7f10edbe9ee4e9a&b80bfadafa00eefb320bfb60f402b5b0&0e35b47095c7c7a48b9b3162873f0ab7&fc996ef1669a2a76a340a4db0ce6ee35&36724a907794e6e24d013bd861395ccf&3021bc029508aa5e721abbc3f746d106&efeea5ebcf0cb60e1f055c09c87e6b96,https://v19.tiktokcdn-us.com/e1946078aa178cbaab7429e3e7bde703/61e50a5d/video/tos/useast2a/tos-useast2a-pve-0068/9cf3926d23504f68ba3b97edcdc97826/?a=1233&br=4528&bt=2264&cd=0%7C0%7C0&ch=0&cr=3&cs=2&cv=1&dr=0&ds=3&er=&ft=c~.Zm4L-gXoInz7T&l=202201170018490101130062341B284040&lr=all&mime_type=video_mp4&net=0&pl=0&qs=14&rc=ajx1NTU6ZmdqOTMzNzczM0ApNGkzaWQ1Nzs2NzU3NTQ6OmcwcTEucjQwbnJgLS1kMTZzczM2YjVgLy01YC0tXl40LWM6Yw%3D%3D&vl=&vr=
3,v09044g40000c1kjcjkfbh5e73ktqsqg,17807,788255&644665&394736&273289,ffb9075b2be0e6c1d737aeeb2ab30bc2&fa819e0bf7c58037cbe2d8285c4199d6&67df661235a2e4c1d69c3aaeb6439ce9&9be9535a256c9ef4848be50f560484fe&1f998bcaf9775c8212d4667219b19dd6&c12c4626684195fcc129f4cc9dcdfce0&2309403152f573d73a643b9d0ea84838&11bfdb31dc0028697313a690347cbb5c,https://v19.tiktokcdn-us.com/ffb9075b2be0e6c1d737aeeb2ab30bc2/61e50a5a/video/tos/useast2a/tos-useast2a-pve-0068/28e9383b8a8843d19cdf71afb36ba310/?a=1233&br=1538&bt=769&cd=0%7C0%7C0&ch=0&cr=3&cs=2&cv=1&dr=0&ds=3&er=&ft=c~.Zm4L-gXoInz7T&l=202201170018490101130062341B284040&lr=all&mime_type=video_mp4&net=0&pl=0&qs=14&rc=anZ3NmhraW1tNDMzNzczM0ApZGQ8ZzZkNDxkN2QzNzg7ZWdubmg0Ml9oYGhgLS1kMTZzczYyYV8zNS0vMC9hX2M1Y2E6Yw%3D%3D&vl=&vr=
4,v09044g40000c3lg95bc77u9h05eekn0,46089,555273&414793&370651&261713,28954b227568c7169039f8208def332a&7031eaef8df858395d0d90d6caa8c5f5&3db242d4947e5b550660849ca09b29b8&8e3b9283eb2edefbe2a9ef65abd1b781&93540b11448e98bbd7e149716a45e4a7&4c81d6f52d814a5aa6195e04c8bffc19&dc4e9256935c1f50082df658175dea1f&d79d55ecb31dffd7bb46dde20d6c588b,https://v19.tiktokcdn-us.com/28954b227568c7169039f8208def332a/61e50a76/video/tos/useast2a/tos-useast2a-pve-0068/d71c0e8d4bdd441cb28765ca3433472b/?a=1233&br=1084&bt=542&cd=0%7C0%7C0&ch=0&cr=3&cs=2&cv=1&dr=0&ds=3&er=&ft=c~.Zm4L-gXoInz7T&l=202201170018490101130062341B284040&lr=all&mime_type=video_mp4&net=0&pl=0&qs=14&rc=M25oMzw6ZjhqNjMzNzczM0ApN2kzaWQ4NDtmN2c6ZTg8aWdrYjJlcjRfNmlgLS1kMTZzczA0YmNjY2AtYDI2MDBfNjY6Yw%3D%3D&vl=&vr=
5,v09044g40000c42euh3c77u1fkgu3370,16646,567887&444282&223592&160019,e1c27100e8d2023391f03d2eb64e8efc&2a151c25dc6407a0ef9ae660657bc5a2&bdc70fd059e53310700a574d082de863&8796ab1689659cc8b3c123d108468a16&864d8199908d07a6e8564ebe076f23bf&061ea8221abbc86b66eafc3a3acb207d&7f080f45d707b59f5e06e4bb7986060a&eed3a7e60be99b815d716e25d013f949,https://v19.tiktokcdn-us.com/e1c27100e8d2023391f03d2eb64e8efc/61e50a59/video/tos/useast2a/tos-useast2a-pve-0068/353eea5c512a4e96bf4aed8f1a7c9fe9/?a=1233&br=1108&bt=554&cd=0%7C0%7C0&ch=0&cr=3&cs=2&cv=1&dr=0&ds=3&er=&ft=c~.Zm4L-gXoInz7T&l=202201170018490101130062341B284040&lr=all&mime_type=video_mp4&net=0&pl=0&qs=14&rc=MzZ4bjQ6ZmtoNzMzNzczM0ApODc0NGk0NmVlN2Q7OjczM2c0MGRjcjQwci9gLS1kMTZzcy8tMWFiYS5fMzIyNTUxXy06Yw%3D%3D&vl=&vr=
6,v09044g40000c33c97iemsh0t2h21a7g,23752,1481860&967805&502757&322580&298757,a878c55a74c981548ac93f465a6281f5&9d6004d62eb8127f075f93aea947906b&d11fb89ce4ab87e67189c8ad9e7a6646&0359d66216f6772de237a707452052b8&35bcdde89614caa681ca0fb2644d3040&5fb0fd0725bdd9358a1a5963b1bdf906&2b785bf37e652d60e9cd47abde2134e5&c7af8726813e1971c82c07d28e4579a5&77f254da623c10a75ddeab90f850a156&ab53b2a510221b72a95efc9202e75741,https://v19.tiktokcdn-us.com/a878c55a74c981548ac93f465a6281f5/61e50a60/video/tos/useast2a/tos-useast2a-pve-0068/6db60453f1e54ed6a6763c05f1e88f44/?a=1233&br=2894&bt=1447&cd=0%7C0%7C0&ch=0&cr=3&cs=2&cv=1&dr=0&ds=3&er=&ft=c~.Zm4L-gXoInz7T&l=202201170018490101130062341B284040&lr=all&mime_type=video_mp4&net=0&pl=0&qs=14&rc=amQ1NTN2aDpmNjMzNzczM0ApZjRkZzc6NzxkN2U4Ozg4O2c0LmVxZWpmNjBgLS1kMTZzczEvYWE1NDVhMjUvMTMyMzY6Yw%3D%3D&vl=&vr=
7,v09044g40000c3sb163c77u1q5eb1gn0,50199,2384648&1679789&1035368&582274,52e889414059406b56d0d8bed92cdfb5&1183f74878bf87654cfc5ea374a37cb6&ebe6e3bf4bf5e1eb3648026199d8423b&c87b77e9b64127eaa8af0c3fbd5a934d&9f4deb393f1266506d3d46f6b5a27315&0ce5daace574551f809ce8da40d42a96&5f6201353531359c31e6e2902fa5f9e2&22b3f8f52cb04703490569b72434956f,https://v19.tiktokcdn-us.com/52e889414059406b56d0d8bed92cdfb5/61e50a7b/video/tos/useast2a/tos-useast2a-pve-0068/f8286e158fda4ed7bdaec686e27037e0/?a=1233&br=4656&bt=2328&cd=0%7C0%7C0&ch=0&cr=3&cs=2&cv=1&dr=0&ds=3&er=&ft=c~.Zm4L-gXoInz7T&l=202201170018490101130062341B284040&lr=all&mime_type=video_mp4&net=0&pl=0&qs=14&rc=M2plODQ6ZjllNjMzNzczM0ApZTtmM2Y4ZmU4Nzg0ZTxlOGdrLmJucjQwLnBgLS1kMTZzc2AwYWAzNjBfNDEzXy8uLjU6Yw%3D%3D&vl=&vr=
8,v090445c0000brsj2d7kvluo3u9i7rsg,6639,1025429&793373&341692&224755,6f15ef1a376aed73e0fbaa7e691301dd&042cafee61732ed873cc1e4a7604c1c3&1f9b6f7031061f7d55b9e265776584ab&c7ff6919486e4346803b3b823726e8d8&9068fa48e3d9f988ab0e7366a87df47c&f6aed86dcd23066d52f7fec7eb4ab928&8e88d39ed65d1e0588e2bc22873fa78f&1a2c1f4cdbacc54cbd09e657a70c4556,https://v19.tiktokcdn-us.com/6f15ef1a376aed73e0fbaa7e691301dd/61e50a4f/video/tos/useast2a/tos-useast2a-ve-0068c003/a61a2fdecc7f4812a7e9dcb661f65801/?a=1233&br=2002&bt=1001&cd=0%7C0%7C0&ch=0&cr=3&cs=2&cv=1&dr=0&ds=3&er=&ft=c~.Zm4L-gXoInz7T&l=202201170018490101130062341B284040&lr=all&mime_type=video_mp4&net=0&pl=0&qs=14&rc=anVseHJvbmdtdTMzZjczM0ApaDZpNzQ0ZTw1N2YzOGk7OmdwNDYwcnM0L3BfLS0yMTZzc2IvYzAvMC8yNDJgNWBhYF86Yw%3D%3D&vl=&vr=
9,v09044g40000c1qs7cld1cjmekntikqg,10679,864376&417645&264892,9ebf13c6c04a97c4a43fd75dbc4cc9d7&ff25082361aa2b5373a6d4fd9214f791&27bf52de42726a7c02c20887be90f107&d43703795399d4909c37e996a2f66aeb&87e39e865f11ed63545bc4b75b15abfe&725f287b9316e57867f2c3acac82d151,https://v19.tiktokcdn-us.com/9ebf13c6c04a97c4a43fd75dbc4cc9d7/61e50a53/video/tos/useast2a/tos-useast2a-pve-0068/250df16a02a94b9187bfb0c9e76bfd7c/?a=1233&br=1688&bt=844&cd=0%7C0%7C0&ch=0&cr=3&cs=2&cv=1&dr=0&ds=6&er=&ft=c~.Zm4L-gXoInz7T&l=202201170018490101130062341B284040&lr=all&mime_type=video_mp4&net=0&pl=0&qs=11&rc=am53bnBmZ2Z2NDMzNzczM0ApNTY0Z2ZoNWVoN2U8NWhoNGduZmtiZy5pNG5gLS1kMTZzczUzMF5jNTYxNl8tLTIuNl86Yw%3D%3D&vl=&vr=
10,v09044g40000c23krfe7g8j7827nf5m0,20176,1391827&955897&832763&560077,62bd6484fc3973012b2846ddbdb589da&effa1a24d031e87204911a75a91c71c4&242feebea5003b1cb54e478dc077ad61&7f5eaa40563c9032162c04bda5f74333&b91662aa186f94a765de49ce9b3fb365&5062ce4d237cf991c6aa85711dafbaea&dff39f234f8913e6d80fb648bfbe3175&46cce0214b2554ecfdb8183630448497,https://v25.tiktokcdn-us.com/62bd6484fc3973012b2846ddbdb589da/61e50aa0/video/tos/useast2a/tos-useast2a-ve-0068c003/0ed2412d233a49eba49e4af52e6d8eb1/?a=1233&br=2718&bt=1359&cd=0%7C0%7C0&ch=0&cr=3&cs=2&cv=1&dr=0&ds=3&er=&ft=c~.Zm4L-gXoInz7T&l=202201170019560101131350980D282557&lr=all&mime_type=video_mp4&net=0&pl=0&qs=14&rc=MzhxNTo7OmluNTMzNzczM0ApZGY3OjgzaTw0NzU7Z2k7OWdqYzQ1Z2RibzBgLS1kMTZzczNjYl4xXmNiXmEvMl9hMWE6Yw%3D%3D&vl=&vr=
11,v09044g40000c43ejobc77ue6he4rg2g,17482,500223&416016&227615&166397,8bde96ff1b1e36418670b2b511c3131c&43f431fe3b9ffced55cc26c9d7267489&08b29fc7e5f79fed6fed1098ea6977ab&7dbd2003bbafd05c961356ee257c2b7d&2e11b5a82af00e1438224c2b114799b5&27424d1e5b0d9f1aad18ff5c8e19c73e&f129ac8bd70c41cc0c50a5e9f1b2a8b9&9cbdb185d3180c382dbe85b2144cb654,https://v25.tiktokcdn-us.com/8bde96ff1b1e36418670b2b511c3131c/61e50a9d/video/tos/useast2a/tos-useast2a-ve-0068c004/ebeda0edfad943b88c11b94bd99d0786/?a=1233&br=976&bt=488&cd=0%7C0%7C0&ch=0&cr=3&cs=2&cv=1&dr=0&ds=3&er=&ft=c~.Zm4L-gXoInz7T&l=202201170019560101131350980D282557&lr=all&mime_type=video_mp4&net=0&pl=0&qs=14&rc=amo3a2g6ZnJoNzMzNzczM0ApNGhpNzppNmQ2NzRoNGk0OWcvb2IzcjRfZzBgLS1kMTZzczM1YzIvYWIzYC5iM2AvYDE6Yw%3D%3D&vl=&vr=
12,v09044g40000c2qmm5u2iutjg46gq610,15230,1793520&1235045&889186&593926,adcd7d76b34a60e0d5d202fe17c2fdff&d086d99500687cf68ad6fd684121f926&1cf2f7524661783a2bf423c9e9fa3433&acf3d4c726840c891f98e218d2bf0e05&6e27f990ee558c8e49da19441b8893bf&67e7a9d15899a2309d7579fa0420b441&61cbd0a0cd1a0910759ae1a0c33a0b10&9b9e62d0b7b289c120050a88c1f422e7,https://v25.tiktokcdn-us.com/adcd7d76b34a60e0d5d202fe17c2fdff/61e50a9b/video/tos/useast2a/tos-useast2a-ve-0068c004/8c2392560472467faadd751cb7757143/?a=1233&br=3502&bt=1751&cd=0%7C0%7C0&ch=0&cr=3&cs=2&cv=1&dr=0&ds=3&er=&ft=c~.Zm4L-gXoInz7T&l=202201170019560101131350980D282557&lr=all&mime_type=video_mp4&net=0&pl=0&qs=14&rc=MzlqN214NThwNTMzNzczM0ApZGdlO2c7O2VpNzRnZWYzNGcubjNkcWZyam5gLS1kMTZzc14yXzNgLS1gYzI2NjY2YzY6Yw%3D%3D&vl=&vr=
13,v12044gd0000c7878sjc77u7psv0afkg,15067,661557&552707&464615&385418,3ad3abdcf7d6f107ab488f9ebb3576b5&6cc6541487eeba48106bcb8f637da0cb&4fe4dc7979089b312f4f308b0c206701&3d851a6cedcef9daea44579fa67e598d&e9dbbda8d4ff6946dbaf6f0f14a4e71c&d53e839fdc047e15a59147dc5939def6&ca951228f5422990e645dbf33e76748d&685f94853aecfe6ff250c4d86d7f8100,https://v25.tiktokcdn-us.com/3ad3abdcf7d6f107ab488f9ebb3576b5/61e50a9a/video/tos/useast5/tos-useast5-ve-0068c004-tx/288c2e7eff49415ba3911a0c11c53285/?a=1233&br=1292&bt=646&cd=0%7C0%7C0&ch=0&cr=3&cs=2&cv=1&dr=0&ds=3&er=&ft=c~.Zm4L-gXoInz7T&l=202201170019560101131350980D282557&lr=all&mime_type=video_mp4&net=0&pl=0&qs=14&rc=amkzdjo6ZnY6OjMzZzczNEApODloODVnOmU6N2k8NzQ6OGdoXnNtcjRnNTVgLS1kMS9zc2NeMzYvYl8tXy4tM19gXjY6Yw%3D%3D&vl=&vr=
14,v09044g40000c3kgrejc77u9jqnp7kpg,39820,1450795&1047947&813997&500737,d0b3d9b8b548ac83287e08852913533f&87c9e750fb2069d59585e717627103e8&505e049ccc8c610c0b9f6f3a2d89e19b&620ebbe43483763f99dd60bfc732f614&a4b1ef3c9147b7f9b28fccb702e90405&b2d88e5adfaca387c785b0d8990ecada&fd26bf10f0f38231cfc2b26050ae7a4a&4d6061956717681d5438cf57ac8630af,https://v25.tiktokcdn-us.com/d0b3d9b8b548ac83287e08852913533f/61e50ab3/video/tos/useast2a/tos-useast2a-ve-0068c001/99d27d54a7b143af86fa5f55f0b033eb/?a=1233&br=2832&bt=1416&cd=0%7C0%7C0&ch=0&cr=3&cs=2&cv=1&dr=0&ds=3&er=&ft=c~.Zm4L-gXoInz7T&l=202201170019560101131350980D282557&lr=all&mime_type=video_mp4&net=0&pl=0&qs=14&rc=am5zdDw6ZmhqNjMzNzczM0ApNGk2aTVmZWU7N2U7Zzk7O2dtNGtncjRnb2hgLS1kMTZzc2I2LS8vNDUwX2A0My8xLjU6Yw%3D%3D&vl=&vr=
15,v09044g40000c2jv6hga6lvlhf9ml8fg,21221,1844886&1518566&799751,f67d44efb54c9e92c8046845c191ad55&d47ba56417a7aee5384bf8a227ed1987&ded5f145a9fb29b1c3e27d8412514088&a3fe443fa6192773063d6e94e62f28be&1262dc0086635bbc86974ab436c94d80&39289f3d23ff3b92f6d80fe35fa7bb5e,https://v25.tiktokcdn-us.com/f67d44efb54c9e92c8046845c191ad55/61e50aa1/video/tos/useast2a/tos-useast2a-ve-0068c001/5b760373d72949838db6ae7478a36a43/?a=1233&br=3602&bt=1801&cd=0%7C0%7C0&ch=0&cr=3&cs=2&cv=1&dr=0&ds=6&er=&ft=c~.Zm4L-gXoInz7T&l=202201170019560101131350980D282557&lr=all&mime_type=video_mp4&net=0&pl=0&qs=11&rc=ajtwaW9vZGt5NTMzNzczM0ApNGZmZmg1aGU3Nzk2PDo8ZWdjaTZlczNkM2dgLS1kMTZzczY2YGAyMzAwMjIzMWBjYDY6Yw%3D%3D&vl=&vr=
16,v09044g40000c2a8isdj4q5u8o8d96ag,8264,540308&478499&311419&223721,4465fa09492cb561ba69f5991ec8a8da&dfffbdff81694c228f9ab1067e78e97c&cf31b84404dcd7a3ca2f34b3e6bf5e34&c787c51bfb46536e7e9c1e220446b12d&22c302f9abcf5acda7f3039b3d4ff191&2eaa9bc22cfa33f8f24076186b24dcdb&b9a14db1d103224dc2c732f91f9dfd87&efd82645e65724ef4f767366943fa2e0,https://v25.tiktokcdn-us.com/4465fa09492cb561ba69f5991ec8a8da/61e50a94/video/tos/useast2a/tos-useast2a-pve-0068/060bd750fbeb462c8e674263b1a14cc8/?a=1233&br=1054&bt=527&cd=0%7C0%7C0&ch=0&cr=3&cs=2&cv=1&dr=0&ds=3&er=&ft=c~.Zm4L-gXoInz7T&l=202201170019560101131350980D282557&lr=all&mime_type=video_mp4&net=0&pl=0&qs=14&rc=ajlncnh0bXY7NTMzNzczM0ApPDs8Nzk0ZmVmN2c3M2lkO2deNjU1MjFhZl5gLS1kMTZzcy8uXjMtYTJiX2BjMjIuNjQ6Yw%3D%3D&vl=&vr=
17,v12044gd0000c7d0b4bc77uekfci7l50,11770,680590&563748&390091&298756,95d315601a2fbba3ad0d8ab5913f29de&79513fb7e841a7c090e74d1598ee3333&18a6acc2108741c0f65b30f004b3ad59&13d114e049278bf017f25bbf7a63c426&89f557b581c55838c74227a1013ff2f9&a09dd038bae4aaef8d0b29bf8c4eb0bf&895c11c09cb92b212692e44a2a296d70&0e5bef9b664735fa3ecc93220e4e035d,https://v25.tiktokcdn-us.com/95d315601a2fbba3ad0d8ab5913f29de/61e50a97/video/tos/useast5/tos-useast5-ve-0068c003-tx/724514e92b8043a6947f02201f7c50ab/?a=1233&br=1328&bt=664&cd=0%7C0%7C0&ch=0&cr=3&cs=2&cv=1&dr=0&ds=3&er=&ft=c~.Zm4L-gXoInz7T&l=202201170019560101131350980D282557&lr=all&mime_type=video_mp4&net=0&pl=0&qs=14&rc=M29saWg6ZjczOjMzZzczNEApZ2hkaDY8NmQ7N2hnNjplaGcyNGBocjRfX2FgLS1kMS9zc2I2YzFeNTYyMTAyL2ItMmA6Yw%3D%3D&vl=&vr=
18,v10044g50000c6c36brc77u6q3q4r3og,25354,583702&337395&211799,d592df65df3cc8220e57af07a1f6a3a9&32524535f34abec96371ea7c290d8b25&8b4ba1722830dbe18ca444e05328d210&af37c6e907492bab72e861bb61ecbf4d&283c466650ebaa8cef1a6c6db9c24493&288310b117f8026b745dc296ce5e020a,https://v25.tiktokcdn-us.com/d592df65df3cc8220e57af07a1f6a3a9/61e50aa5/video/tos/alisg/tos-alisg-pve-0037c001/0fcd2e46f8c24166a41b1a8f9f5a534e/?a=1233&br=1140&bt=570&cd=0%7C0%7C0&ch=0&cr=3&cs=2&cv=1&dr=0&ds=6&er=&ft=c~.Zm4L-gXoInz7T&l=202201170019560101131350980D282557&lr=all&mime_type=video_mp4&net=0&pl=0&qs=11&rc=ajY3Njk6ZmU2OTMzODczNEApaDU1ODpnZzxmNzNmZGg4M2dsb25ucjRvM2BgLS1kMS1zczEuMDQxM2M0NS9jMWA0My46Yw%3D%3D&vl=&vr=
19,v09044970000c15qot31m2ohdov0nv80,7637,599575&441121&262117&179080,16db25dc7db1b938bd8dd48db90f58cd&fb8ca93903d59e239192dabfa684f1b0&10a1b86bb20bb678aaeb8470600aada5&671e7e69ccc7da72cfec14aa9cf2d5ab&9e3f01ce23240722cf8aa81e33d6838b&27575eca04f272b6c093c6a89bfbf52c&4cacaa14c63f0d959c1fc5fb62b82d53&4314fe85592b8bc69d4ab230285cfa0c,https://v25.tiktokcdn-us.com/16db25dc7db1b938bd8dd48db90f58cd/61e50a93/video/tos/useast2a/tos-useast2a-ve-0068c002/9a2794aa230541308cc5eca4e5bafa23/?a=1233&br=1170&bt=585&cd=0%7C0%7C0&ch=0&cr=3&cs=2&cv=1&dr=0&ds=3&er=&ft=c~.Zm4L-gXoInz7T&l=202201170019560101131350980D282557&lr=all&mime_type=video_mp4&net=0&pl=0&qs=14&rc=M3kzcms1NHd0NDMzOjczM0ApZGc7OjU6PGQ3Nzg4aTozZGc1a3NhbGowbDJgLS02MTZzcy82YjItMV9iLV8vYjEwNF86Yw%3D%3D&vl=&vr=
20,v09044f40000bq3sfh273oo36di7q7bg,15416,735858&566761&327403,6b2bcc25e4b32046b93dc0c67a0fce2d&5471ba682df8d326ce802ee41e3dbaee&abed9af654edd7e8a83a2c16bbd8828a&31104876ee2f6d1de89ddbeeb67181df&6a2b76b9ea82b6f29c9746154fe4912b&9411445e63e29cecfe7e34d0f1ad58b0,https://v16m.tiktokcdn-us.com/6b2bcc25e4b32046b93dc0c67a0fce2d/61e50b11/video/tos/useast2a/tos-useast2a-pve-0068/1a4eb2b04b464350bb484bfe194ad9cb/?a=1233&br=1436&bt=718&cd=0%7C0%7C0&ch=0&cr=3&cs=2&cv=1&dr=0&ds=3&er=&ft=c~.Zm4L-gXoInz7T&l=202201170021540101130060861B20275F&lr=all&mime_type=video_mp4&net=0&pl=0&qs=14&rc=ajo6ZzZyOmt2dDMzNzczM0ApZGkzNmk6MzszNzs8NGRlOGdfbmYzbDAvYzBfLS1jMTZzczEyLy9fMDFjMWBiXmFjM2A6Yw%3D%3D&vl=&vr=
21,v07044420000c199u5s35dppe9q0d1j0,8032,700067&442899&309569,c6f584c3b888e75fabc38cbc67eecc57&7300727338ba19cd0ba64e2aea21f940&32dba71556291aa8719f2a5cfebfa2c9&689fc114b11f3e1f0c4b6628491c04cf&144e3b0d6ecfe0de390a86f11c096d39&2ff48dc3a91063775219586a2555b13e,https://v16m.tiktokcdn-us.com/c6f584c3b888e75fabc38cbc67eecc57/61e50b09/video/tos/alisg/tos-alisg-pve-0037c001/202e295a089748c1b884ab25998a2b3a/?a=1233&br=1366&bt=683&cd=0%7C0%7C0&ch=0&cr=3&cs=2&cv=1&dr=0&ds=6&er=&ft=c~.Zm4L-gXoInz7T&l=202201170021540101130060861B20275F&lr=all&mime_type=video_mp4&net=0&pl=0&qs=11&rc=MzQzPHNnNjg8NDMzNTczM0ApOTk5aGRlOjw6Nzg7NTxnZmdnYW5ibTJwcjZgLS0xMTRzczZfMTZjMGEyYDA0LmJfMWM6Yw%3D%3D&vl=&vr=
22,v09044g40000c1n21093do78fvgam52g,14928,1985159&1630658&653285&420754,aca74977b326256d1d64c5610bde87f9&87eafb86b73c229feab4cfb626d14926&7ad0fb6ba8bd40c83d52f0ac8c841957&28abe5f6cb8113ca5e2bcfa78f522843&68eba5af4d3aca7dfa74b3c69c5628d5&d5208059e5843e01772d8a551ae3df12&38f8641d97d086b702c82fb5b8074b49&ac3ac7968433dd5f9a999983415d236a,https://v16m.tiktokcdn-us.com/aca74977b326256d1d64c5610bde87f9/61e50b10/video/tos/useast2a/tos-useast2a-pve-0068/21c531d693a240fbb4c2d8a41a8caa19/?a=1233&br=3876&bt=1938&cd=0%7C0%7C0&ch=0&cr=3&cs=2&cv=1&dr=0&ds=3&er=&ft=c~.Zm4L-gXoInz7T&l=202201170021540101130060861B20275F&lr=all&mime_type=video_mp4&net=0&pl=0&qs=14&rc=ajhkeTtyNjM1NDMzNzczM0ApZjY7NmdpO2U3N2c0ZWlnZWcvamRjNGE2LmtgLS1kMTZzc18xMmMuLzMuLy4xMGMwYWI6Yw%3D%3D&vl=&vr=
23,v09044ad0000c0qnh58p8rsb4e7eg120,14208,881638&644122&349950&209351,31d3391c0517602ef42820303a536e2e&2db5111ab0202c81f7e1d49bde5fd62c&5d93478cf2005b06c0ee7e833ee82623&a3ff6f6fdfddf5870a2d96765a257f01&925f2c2c3f284934584aa8e14fc915bf&106ec24acaffec83a16b989ea8a6cfb5&b6b96c43373f156cf53db95a75cf6cab&c4b926e6352df0d4b88bf5cdbf63217b,https://v16m.tiktokcdn-us.com/31d3391c0517602ef42820303a536e2e/61e50b10/video/tos/useast2a/tos-useast2a-ve-0068c002/78aa8b14fb054a35b79487b137b29b3c/?a=1233&br=1720&bt=860&cd=0%7C0%7C0&ch=0&cr=3&cs=2&cv=1&dr=0&ds=3&er=&ft=c~.Zm4L-gXoInz7T&l=202201170021540101130060861B20275F&lr=all&mime_type=video_mp4&net=0&pl=0&qs=14&rc=MzRoaGV1czhxMzMzZzczM0ApO2Y3aDtkPDxpNzQ5ZmQ3OGcvZDQxcDU1ZW5gLS1eMTZzcy5gMS4wXzJiLWM0MDAvMTI6Yw%3D%3D&vl=&vr=
24,v09044g40000c6bjhcrc77ue1odlkdo0,7940,604161&439135&296553&183383,44b8e927b4b50c57f23ae4ba482fb1b0&3936647e529742c5812530d2ec722ffa&501576abd0da177efec1705ec6c1c302&d50aee038be5f55ab54b89113c29aa1e&c368c0a959924d46266b7f62353e9fe1&5ba389556007035f736fbcc4dddcb567&859f612b00377be361876f41a47abe8b&415a304ade58e955300a2c19b1ce39d6,https://v16m.tiktokcdn-us.com/44b8e927b4b50c57f23ae4ba482fb1b0/61e50b09/video/tos/useast2a/tos-useast2a-ve-0068c004/53037072e7ea46719f71503983e53896/?a=1233&br=1180&bt=590&cd=0%7C0%7C0&ch=0&cr=3&cs=2&cv=1&dr=0&ds=3&er=&ft=c~.Zm4L-gXoInz7T&l=202201170021540101130060861B20275F&lr=all&mime_type=video_mp4&net=0&pl=0&qs=14&rc=M2dvcmg6ZmZtOTMzNzczM0ApNWg6aWY2aGU8NzdpOWc7OWdsaGEucjRvZV9gLS1kMTZzc15hLjIzXmIxNWNeYjUwYGA6Yw%3D%3D&vl=&vr=
25,v09044g40000c2t3lrho1amdn3nre0s0,5013,756227,364d1feae7246c0dbdb2944b86ebf942&36b1ccd9a59b0ba9a298301bb855a9d3,https://v16m.tiktokcdn-us.com/364d1feae7246c0dbdb2944b86ebf942/61e50b06/video/tos/useast2a/tos-useast2a-ve-0068c004/e99cb9d5a11d4ac7a496622b02f8a9ad/?a=1233&br=1476&bt=738&cd=0%7C0%7C0&ch=0&cr=3&cs=0&dr=0&ds=2&er=&ft=c~.Zm4L-gXoInz7T&l=202201170021540101130060861B20275F&lr=all&mime_type=video_mp4&net=0&pl=0&qs=0&rc=MzN1NmdkcnU2NTMzNzczM0ApNjk0Z2c7Zzs4NzRmMzYzM2dwYmtrai5laXFgLS1kMTZzc2BiNV4zNTEyNjQ0XmEzMS86Yw%3D%3D&vl=&vr=
26,v09044g40000c4mg0q3c77u950nmju0g,19177,3191109&1932525&1342438&707823,b926227e48727ec29e4dd6704963d07e&b65cd019cf3f35a783a35b06d12539a4&3786f48e0423436279e15b3dd0fb1d3a&dc1e76ef110f409c236094c343f2886b&e50ad762f91d3a2b6d64df41e311addd&5d48eb89c38de92374959b3d5b790ba6&d3f0f6a00fed3739b5b9ada4a54cfb38&baf8507a3e83557836c7b45680fd39e0,https://v16m.tiktokcdn-us.com/b926227e48727ec29e4dd6704963d07e/61e50b15/video/tos/useast2a/tos-useast2a-ve-0068c003/1578429937b3407ab574c8a84355dafb/?a=1233&br=6232&bt=3116&cd=0%7C0%7C0&ch=0&cr=3&cs=2&cv=1&dr=0&ds=3&er=&ft=c~.Zm4L-gXoInz7T&l=202201170021540101130060861B20275F&lr=all&mime_type=video_mp4&net=0&pl=0&qs=14&rc=anhwMzw6ZnRqNzMzNzczM0ApOTxoaWhlOjs6NzM3OzQzO2ctZ2sycjQwLWpgLS1kMTZzcy1hXy9jXmIyMjFjXzIyMS06Yw%3D%3D&vl=&vr=
27,v09044g40000c2q01jk1se6edeiqos2g,20896,1262211&1035288&794761&542759,b1fc328c26ce052916927fca6f687730&413424948d6d31800d867c0954395aff&5bade9a1324cec3ea8e387dcbe365d5f&a155bcb025adc41420ceec8ba3c3a558&b007151039bf3d0995f91b49f5985693&e1b010446ecacb487295233bfad4bfcc&d84a7a5a7975e4c35096930ed8029c1b&7089929a88536a09e37acfd4792b5da5,https://v16m.tiktokcdn-us.com/b1fc328c26ce052916927fca6f687730/61e50b16/video/tos/useast2a/tos-useast2a-ve-0068c001/032f2f8815304c9394dd37c63db334a2/?a=1233&br=2464&bt=1232&cd=0%7C0%7C0&ch=0&cr=3&cs=2&cv=1&dr=0&ds=3&er=&ft=c~.Zm4L-gXoInz7T&l=202201170021540101130060861B20275F&lr=all&mime_type=video_mp4&net=0&pl=0&qs=14&rc=anZ0aGhoNG0zNTMzNzczM0ApOWRpPDxnOGVoN2Y3OTVmO2cvbGZhM3BoLm5gLS1kMTZzczFhYjU2NWAzXjAuLS8uLi46Yw%3D%3D&vl=&vr=
28,v09044g40000c4ohat3c77u88dlsgkjg,9542,942322&447409&317248,4fc1884df6d8f8802547f28e4ae2732a&9e6bea410083385e24e4b6216b681ce3&cb0c2bb8dbd3d49f38a4125014afa442&fe1f85f9fefbd071dcdebfc66df902ed&d93000beca379415dae068fa19137306&dcf13fcfbc751a2bcd471e10ee5740f2,https://v16m.tiktokcdn-us.com/4fc1884df6d8f8802547f28e4ae2732a/61e50b0b/video/tos/useast2a/tos-useast2a-ve-0068c004/c54e4db20e74481fa121eb15af5f85e5/?a=1233&br=1840&bt=920&cd=0%7C0%7C0&ch=0&cr=3&cs=2&cv=1&dr=0&ds=6&er=&ft=c~.Zm4L-gXoInz7T&l=202201170021540101130060861B20275F&lr=all&mime_type=video_mp4&net=0&pl=0&qs=11&rc=am52Zzs6ZndrNzMzNzczM0ApaTU3PGc5N2U1NzM1Nzk1OmdnZGk1cjQwXmxgLS1kMTZzc2AtXjAxXy8yMGIwNS5jXzA6Yw%3D%3D&vl=&vr=
29,v09044g40000c39ork8o4qnr8507sfp0,17019,2400024&1680624&812197&524204,597cdc5335d724cee11bc7d7119e70be&d8fc21b488a5cb38d303b5443b3a0e18&2404fc30ca001ec4326b7c4c5b4ff953&d8d6a3d5892a1ca2a47080f57b19f380&c4339b9d15251d50c18d3950063e196e&cac937ac0f87b3510ac6360590fdc1ba&997e6908fc401cfa5606b7b13bf15ba0&87695990e02befcdbad5a9ccd11cb878,https://v16m.tiktokcdn-us.com/597cdc5335d724cee11bc7d7119e70be/61e50b12/video/tos/useast2a/tos-useast2a-ve-0068c003/b2f1a5a1d3f0448f9fb4b5a037c92027/?a=1233&br=4686&bt=2343&cd=0%7C0%7C0&ch=0&cr=3&cs=2&cv=1&dr=0&ds=3&er=&ft=c~.Zm4L-gXoInz7T&l=202201170021540101130060861B20275F&lr=all&mime_type=video_mp4&net=0&pl=0&qs=14&rc=M2k6OHV0cm5yNjMzNzczM0ApZWg8aDs6N2Q1NzYzOzk5NmdtcC01azE1bzZgLS1kMTZzcy82LzUtNjIxLWJiY141Ly46Yw%3D%3D&vl=&vr=
30,v090443b0000bu7hkfqqsv284dioh21g,15555,689791&625195&437373,339a37358955df0188c41a0ed39dd6e3&0340abe553ebbe38afb194845f3d6e7a&9ee08c7539da67ddb18691c66fb2763c&657ab9ca7f608c87120bb631b68fb639&9cf5585f4d7024d154ceb6cde56b12e0&fe48231800507a7ad5bdc3d521ca2350,https://v39.tiktokcdn-us.com/339a37358955df0188c41a0ed39dd6e3/61e50b44/video/tos/useast2a/tos-useast2a-ve-0068c002/9e8ed43555484c4b83d5257edb9435d0/?a=1233&br=1346&bt=673&cd=0%7C0%7C0&ch=0&cr=3&cs=2&cv=1&dr=0&ds=6&er=&ft=c~.Zm4L-gXoInz7T&l=202201170022440101131351921C1EFB1E&lr=all&mime_type=video_mp4&net=0&pl=0&qs=11&rc=ajVyZzt5dGlreDMzZTczM0ApZzw0Ozk2OmQ0NzVoOWRnZmcuZWYxL3BuaDRfLS0wMTZzc2IyMC1jNF40XjY2LTAwLzQ6Yw%3D%3D&vl=&vr=
31,v09044g40000c2ft710bf79t3vkd0gvg,19293,1718431&1264133&618854&381743,5a01923e774c343bd3d13d6d9368f99d&127842e9234099a5343eafb7b592cbcd&e40a70812c5228af45e792d074442478&d856eb55fe0653904e082e8fca334ac6&b62cd905311e07f0a2c17e8be59148e7&27ed37fa701a76e2fe7e6fe8a8d23406&797de4e68f27f398a16f1ad4b5650d5e&b98e155c69d6f3b9df136c6864fa1196,https://v39.tiktokcdn-us.com/5a01923e774c343bd3d13d6d9368f99d/61e50b48/video/tos/useast2a/tos-useast2a-pve-0068/4b429b6507504a9cba99f12e0d4afe8a/?a=1233&br=3356&bt=1678&cd=0%7C0%7C0&ch=0&cr=3&cs=2&cv=1&dr=0&ds=3&er=&ft=c~.Zm4L-gXoInz7T&l=202201170022440101131351921C1EFB1E&lr=all&mime_type=video_mp4&net=0&pl=0&qs=14&rc=ampneXc6ZTR3NTMzNzczM0ApN2ZlPDdlaGUzNzM2OmU6PGdzLWgwNmMtNGNgLS1kMTZzcy8uMDEtLTJiMWAyM181LTU6Yw%3D%3D&vl=&vr=
32,v09044g40000c42sjhbc77u591u34mdg,16600,1143137&860555&523772&365504,1d09e89eed7fc09c43b69eab84754473&0cc7120194ea10acffa08fb3e617bcdf&6aa791eb42064a720e043902eddc87e0&611c728f6d09a198039a499c461cba97&9b880046a8a97e5d29bc8cc976152ac2&cb899f34700d531f158bc1fc13c127ca&e24f1dd3b741f2901d5b4c2d23d17346&a64ac01e42d0441b2a09bd62dc5224a8,https://v39.tiktokcdn-us.com/1d09e89eed7fc09c43b69eab84754473/61e50b45/video/tos/useast2a/tos-useast2a-ve-0068c002/7da2afaad80f404fb164f84d77c8ba4d/?a=1233&br=2232&bt=1116&cd=0%7C0%7C0&ch=0&cr=3&cs=2&cv=1&dr=0&ds=3&er=&ft=c~.Zm4L-gXoInz7T&l=202201170022440101131351921C1EFB1E&lr=all&mime_type=video_mp4&net=0&pl=0&qs=14&rc=anA2NDg6Zmt2NzMzNzczM0ApOzs7ZGQ5ZzxkNztlNTlnaGdhMXI2cjRfZy9gLS1kMTZzczUuLjJjMTFeNTIyMC0vYy46Yw%3D%3D&vl=&vr=
33,v09044g40000c1n6fgrivpn8c64va3mg,15276,1055778&904129&638191&402855,8f8166e88db2952db8cbacaf1fd81e42&f43102a639871096c8c2271b040f9037&b8b944325b797a03f840e59ba7bac955&1e8ab7f23a3250e6b2c86e3d174f3bfd&b37e312a96f256166cb23d39ff0390b2&db83639f39e4f70236cc2a495078d49a&ea57be075229ca3c442aa18aaa68a915&927d3f26f771734f6c55f33fef727a83,https://v39.tiktokcdn-us.com/8f8166e88db2952db8cbacaf1fd81e42/61e50b44/video/tos/useast2a/tos-useast2a-pve-0068/0d6b12d875944f93abce543a86449ffc/?a=1233&br=2062&bt=1031&cd=0%7C0%7C0&ch=0&cr=3&cs=2&cv=1&dr=0&ds=3&er=&ft=c~.Zm4L-gXoInz7T&l=202201170022440101131351921C1EFB1E&lr=all&mime_type=video_mp4&net=0&pl=0&qs=14&rc=ajZ5OTtzbGo5NDMzNzczM0ApPDc3ZTw6OzszN2UzO2Q1ZWdqXjFga3NvY2tgLS1kMTZzcy8wNTQwLy41L2BiYjEzMzI6Yw%3D%3D&vl=&vr=
34,v12044gd0000c736h5bc77uakasifot0,40843,832150&688079&457089&341092,69d6c073cecdec3b00b8af29b27a27c6&6a525f118b790e6ba2ab6e225f80ea04&1f3fbad8a69e5535b45180d864b119fd&a020776e95f0ddb094f4889dede8b255&b9fa8149e1a98d6c1bf2a748db77025b&e29d7d4ee3e769f0d351e136b016ecef&81dc889bea075f8fbc69a3a858976283&655d702c21570e9d57cf838e576a9c2a,https://v39.tiktokcdn-us.com/69d6c073cecdec3b00b8af29b27a27c6/61e50b5d/video/tos/useast5/tos-useast5-pve-0068-tx/967c907d787f47d1ba726183ac03a2a0/?a=1233&br=1624&bt=812&cd=0%7C0%7C0&ch=0&cr=3&cs=2&cv=1&dr=0&ds=3&er=&ft=c~.Zm4L-gXoInz7T&l=202201170022440101131351921C1EFB1E&lr=all&mime_type=video_mp4&net=0&pl=0&qs=14&rc=M3JsZGQ6Zjg5OjMzZzczNEApNDlkOjo5ZjxmNzc8NjVpOGdxY3BocjRfZTBgLS1kMS9zczY2NjAyXjBfYi8xLzIuY2A6Yw%3D%3D&vl=&vr=
35,v07044550000c07os0nir75n464p64cg,8589,247151&169174&126295,6e8d27121b73ace6800ee6b2da1bcf07&cbafc597b53fc08694431bee37482ba8&14bea1a4ba7133681872663281bb0ef5&23fd0f6b73beb3f256cd8078708f4c26&4621716722f536a7e804d78a6f9a453a&c4b684084c83cb92fc5e60d7003cc340,https://v39.tiktokcdn-us.com/6e8d27121b73ace6800ee6b2da1bcf07/61e50b3d/video/tos/alisg/tos-alisg-pve-0037c001/88d0a2f0d8fd40f699e281a9c3b021f0/?a=1233&br=482&bt=241&cd=0%7C0%7C0&ch=0&cr=3&cs=2&cv=1&dr=0&ds=6&er=&ft=c~.Zm4L-gXoInz7T&l=202201170022440101131351921C1EFB1E&lr=all&mime_type=video_mp4&net=0&pl=0&qs=11&rc=ajdzOXE6bDNyMzMzODczM0ApNTk1aTU8OGRoNzdoM2Y5aWdgMzExMm9rcDRgLS0yMTRzcy0zMTEyXmAvYi81MzAxLWI6Yw%3D%3D&vl=&vr=
36,v09044690000bugd0qjemvd778npkaug,8728,1625869&1015423&736932&474604,a2b24fd47f22cec080f29267cb2069d2&f51e5e319e4883dc3ec2fee70aee4b9c&7c6e4aceff2eb9a7ebbbcec4a69c492e&429df7897b71d26136ba61298d6fc1d8&f8143c7fa993ace091359c1140c6a1b5&cf5d4210943b55aeda5d80941c2b5088&d817ad2768091da827c6e052eb6f28f5&5fb6fafb5d4498760a8ed460be8ce82a,https://v39.tiktokcdn-us.com/a2b24fd47f22cec080f29267cb2069d2/61e50b3d/video/tos/useast2a/tos-useast2a-ve-0068c003/577f7868462848419672cfb56e32c139/?a=1233&br=3174&bt=1587&cd=0%7C0%7C0&ch=0&cr=3&cs=2&cv=1&dr=0&ds=3&er=&ft=c~.Zm4L-gXoInz7T&l=202201170022440101131351921C1EFB1E&lr=all&mime_type=video_mp4&net=0&pl=0&qs=14&rc=amRzOzp5aHRneDMzPDczM0ApZGc2NmRoZDxpN2hlOTw1NWdyaGs0YWpnLWRfLS0zMTZzc2IzYV8xMmBiLTAuMC4wNC86Yw%3D%3D&vl=&vr=
37,v09044g40000c4oflj3c77ue62ip6i7g,18829,1005587&678099&416779,ccd2493228dd927dabcfc29b31b38fe8&c51496d4fca35c759b8b722438da7fb9&d3b5d7fb3630d865b4091564bcba0544&0f87c5bf5910725a5d9baac497e12bd5&7b0d88a9cf65528a3a1daed2f054e16d&4102f8d5a242748367ca45dd5f828dbf,https://v39.tiktokcdn-us.com/ccd2493228dd927dabcfc29b31b38fe8/61e50b47/video/tos/useast2a/tos-useast2a-ve-0068c004/ba81bb2590184a42916525640ac6a34f/?a=1233&br=1964&bt=982&cd=0%7C0%7C0&ch=0&cr=3&cs=2&cv=1&dr=0&ds=6&er=&ft=c~.Zm4L-gXoInz7T&l=202201170022440101131351921C1EFB1E&lr=all&mime_type=video_mp4&net=0&pl=0&qs=11&rc=amxzNWg6Zm1pNzMzNzczM0ApOTpnNDZkZ2U3Nzc7Zzg4OWc0M2YzcjQwaWxgLS1kMTZzc2AyNmA1MTRgNS40LjViM186Yw%3D%3D&vl=&vr=
38,v09044900000c1gk48v7hc99pahqgrq0,8637,2052471&1561356&980982&642068,ccc427641ffbe23dc4815ae7f8221b49&67a4a312801d03c40806a4726f35137a&18eac95e3baee208de766efc4203f048&9f8efd9c3f79fca7c138c1e614a89b70&e4638d3ffcc7bc70d97c3374518d073f&d72a134c9cce9e06f23cf3447395df65&e8167ed4387cda0c255d7a0318384ad0&2e7efbb63a1f2796c3f9cfc4d0f14a85,https://v39.tiktokcdn-us.com/ccc427641ffbe23dc4815ae7f8221b49/61e50b3d/video/tos/useast2a/tos-useast2a-ve-0068c002/7eeeb48d29a048fb8a43c2e4f44e7786/?a=1233&br=4008&bt=2004&cd=0%7C0%7C0&ch=0&cr=3&cs=2&cv=1&dr=0&ds=3&er=&ft=c~.Zm4L-gXoInz7T&l=202201170022440101131351921C1EFB1E&lr=all&mime_type=video_mp4&net=0&pl=0&qs=14&rc=M3V0ZDxmOjtuNDMzMzczM0ApOmUzOjc6aGQ5N2k2O2c2ZmduZGVtNmVzMWRgLS02MTZzc2FeM2MtMTEvMy8uNDA2NmI6Yw%3D%3D&vl=&vr=
39,v09044fd0000buhfv1j9iufl0fi5ir5g,19502,568440&460718&327550,04f40139850cd2b409f2d813c27e26bb&631f79ecdf7e5c41707c2c0f48012be0&6851b6306d6631ce160d6d29f905c8d2&115dc422bf12c1577030eaa1a1d47da6&2e59ecbe5b219c7258c30e02f90119ae&d1a36cc50f1d811c930f45f367a9c75b,https://v39.tiktokcdn-us.com/04f40139850cd2b409f2d813c27e26bb/61e50b48/video/tos/useast2a/tos-useast2a-pve-0068/a27f7933c7584a20ab3fd6eb8b24a7cc/?a=1233&br=1110&bt=555&cd=0%7C0%7C0&ch=0&cr=3&cs=2&cv=1&dr=0&ds=6&er=&ft=c~.Zm4L-gXoInz7T&l=202201170022440101131351921C1EFB1E&lr=all&mime_type=video_mp4&net=0&pl=0&qs=11&rc=anU4aW94PDRpeDMzZzczM0ApZ2U2ZTU7ZDw5NzNoZDg5NGcyZmYtY2Znc2VfLS1jMTZzc2MxMmJeL2BeMzM2XmIvMTQ6Yw%3D%3D&vl=&vr=
40,v12044gd0000c797pgbc77ucq7ijquug,16995,298431&235242&154197&125184,a61e8810fa9cdade3a91d6ea35491bd8&2deeb52099094c4081a043f8c1230a79&ea574ba06be890f212930c3d3a3f2dc4&95e98115ec8682a2ae779853a9649f87&2f312194042ef321e957c60b0b09a591&de8bc9c8296fb12d2497671050ae8832&60288ea18d24d04cc860f236cad76892&c3804a3d0213f4eabfa202f11110374b,https://v16m.tiktokcdn-us.com/a61e8810fa9cdade3a91d6ea35491bd8/61e50b95/video/tos/useast5/tos-useast5-pve-0068-tx/f62e02f024c540c89a00998f535a6845/?a=1233&br=582&bt=291&cd=0%7C0%7C0&ch=0&cr=3&cs=2&cv=1&dr=0&ds=3&er=&ft=c~.Zm4L-gXoInz7T&l=20220117002405010113135135011F2BD4&lr=all&mime_type=video_mp4&net=0&pl=0&qs=14&rc=anhtOmY6Zmo6OjMzZzczNEApOjM6NDc4aWRkNzVlODRpOWdybmZucjRfbTZgLS1kMS9zcy4vYmFhMV5jMzZeNjY1XjY6Yw%3D%3D&vl=&vr=
41,v09044g40000c3gscaris849rbdm91rg,14975,1649189&1352918&1157202&784297,4473b02cc1f53ff4522a6e7dcc4fd2cf&75b5dbfa9574275888d29aa412791980&b6d161c235095cd447b264b63ae13dd0&c0d66c3a44f49ae5cae39de17b4af56e&2fe58fd155f7f4f439ce9618a7bae083&f5da93699fa212b0088e1cfb5547d494&b813dac72e35cca100ccae115434dfb8&228b86977414a2b8c4a08a53e6f4f912,https://v16m.tiktokcdn-us.com/4473b02cc1f53ff4522a6e7dcc4fd2cf/61e50b93/video/tos/useast2a/tos-useast2a-pve-0068/9d511f5263d34272a97a3e7ab284c1ce/?a=1233&br=3220&bt=1610&cd=0%7C0%7C0&ch=0&cr=3&cs=2&cv=1&dr=0&ds=3&er=&ft=c~.Zm4L-gXoInz7T&l=20220117002405010113135135011F2BD4&lr=all&mime_type=video_mp4&net=0&pl=0&qs=14&rc=ajRwZTw7bGR2NjMzNzczM0ApNGg7ODYzNTxpNzw8aTllNGdvNmFvMXBvYGRgLS1kMTZzczIxXi1hNmJeNS02YS1gXjU6Yw%3D%3D&vl=&vr=
42,v09044g40000c3mrtfbc77uahb02m4jg,7149,1009186&814846&469416&322285,b4db4e6dfea1f4ad69111c181dfac609&b47b3e105e38436c8853ca998ecc539f&6d1c1b3490c04bdd1931cff28e3e41a2&cb98639f4b1ab08a5e0cce1f50d9e719&0fc5a095144fcc3580c860bcdc17f42c&1348aa1d99013d2bf6713791544ee2f2&4c40db7f9f9e2ddeffd2a8a0bc520698&e5997b2489518d51d3b8c0e5ebadcee7,https://v16m.tiktokcdn-us.com/b4db4e6dfea1f4ad69111c181dfac609/61e50b8b/video/tos/useast2a/tos-useast2a-pve-0068/3ebc7ee2989f443883330b31dfab49f4/?a=1233&br=1970&bt=985&cd=0%7C0%7C0&ch=0&cr=3&cs=2&cv=1&dr=0&ds=3&er=&ft=c~.Zm4L-gXoInz7T&l=20220117002405010113135135011F2BD4&lr=all&mime_type=video_mp4&net=0&pl=0&qs=14&rc=ajc1ZWQ6Zml1NjMzNzczM0ApOWg2NjxmNDw2NzY8OTg4Z2dnai1lcjRfcWpgLS1kMTZzczA1LWJgYy9jYi9eMGIvXjY6Yw%3D%3D&vl=&vr=
43,v09044g40000c442udjc77u82pan8nr0,10773,532271&468564&315901,3db4a640f3b96f8ea42751b94550a084&7075a6c42fabfa0422aa538143f8de63&1be5049a61eb4080700eff18ba5d33c0&51c0117624f167c03f760a213da66145&e42c8f9beb78257e1b015e948e2692f0&844d4a908a10cf95fbc1b3987959ccdf,https://v16m.tiktokcdn-us.com/3db4a640f3b96f8ea42751b94550a084/61e50b8f/video/tos/useast2a/tos-useast2a-ve-0068c004/8ef5572352a949ec98150aec8025dd70/?a=1233&br=1038&bt=519&cd=0%7C0%7C0&ch=0&cr=3&cs=2&cv=1&dr=0&ds=6&er=&ft=c~.Zm4L-gXoInz7T&l=20220117002405010113135135011F2BD4&lr=all&mime_type=video_mp4&net=0&pl=0&qs=11&rc=M3Fxczs6Zmc1NzMzNzczM0ApOWdkPDllaDtlNzs0aDdmNmdvNV4vcjRncjFgLS1kMTZzczFiXzQzNjU0NV9fLWBfXl86Yw%3D%3D&vl=&vr=
44,v09025g40000c5tphj3c77u9non5uja0,11632,391326&216922&156694,f7b1e7971f4886c503fa6f99f4cab16e&7683ffba8c7feacca471700218111623&3ec325082cd90c9e6cc53725328983f7&767bac3c8ec7d2b303ef3f999337c4f3&1de3c3df35153bb69ba85c34b42bdedf&417baa107a0bfcd3564d71e72ae97709,https://v16m.tiktokcdn-us.com/f7b1e7971f4886c503fa6f99f4cab16e/61e50b90/video/tos/useast2a/tos-useast2a-pve-0068/0db5a52be4814ca482755ba7b47a0966/?a=1233&br=764&bt=382&cd=0%7C0%7C0&ch=0&cr=3&cs=2&cv=1&dr=0&ds=6&er=&ft=c~.Zm4L-gXoInz7T&l=20220117002405010113135135011F2BD4&lr=all&mime_type=video_mp4&net=0&pl=0&qs=11&rc=M204cjw6Zm1zODMzNzgzM0ApZmZkOGdkaTs0NztmODk3aGdecmtrcjQwZXFgLS1kLzZzc2BjMWAwLTRfMC8wYmAuNGI6Yw%3D%3D&vl=&vr=
45,v09044g40000c31h4berlhljq0la6gmg,11702,1276937&955175&436320&297005,8edad7b08986902156c96a9eeba3df41&7f77ad035d6356bc956cdc569543a77a&b477df3b909a576b30000b72c5c8d631&64ddc2a88ba6fd25d0b9bf8a6903369b&05e527117940f01db0b449540ca9f985&49f96da514139a7d05cbfc7a2da91a3c&ca53e570853f069aab20f0b9adbb05c9&0b6b48e17103902d63b547cf0ac762a8,https://v16m.tiktokcdn-us.com/8edad7b08986902156c96a9eeba3df41/61e50b90/video/tos/useast2a/tos-useast2a-ve-0068c001/c3efc14c6e3045bb9d9a7123d0c5447d/?a=1233&br=2494&bt=1247&cd=0%7C0%7C0&ch=0&cr=3&cs=2&cv=1&dr=0&ds=3&er=&ft=c~.Zm4L-gXoInz7T&l=20220117002405010113135135011F2BD4&lr=all&mime_type=video_mp4&net=0&pl=0&qs=14&rc=ampkM21rdWVrNjMzNzczM0ApZ2g5Njs0PGVoNzNkNzdoPGdqM2luaWliMS5gLS1kMTZzczBjYGMyLjQ2My4uLTYyMjE6Yw%3D%3D&vl=&vr=
46,v09044g40000c3r8kabc77u0jldggbg0,12769,2330361&1704943&1469448&996082,2f98c850be0fe76db41012fe38f5e5f2&4a1ed6df6455bd60b7a3941257b4e605&bd7f64e3f31350e113895bbb6f7f79d1&f335489323986113247e2262630b1435&80f8f2b6dc294c7ab5a26f65c5684c1a&8dfd643f016c5a79e462f61d600f19b1&d47b30f58249d988f6d6bef0aaa25c96&f7ed28510c174f7c172dca42fa9fed10,https://v16m.tiktokcdn-us.com/2f98c850be0fe76db41012fe38f5e5f2/61e50b91/video/tos/useast2a/tos-useast2a-pve-0068/8cab7da36e664048988304d7ef7a47b7/?a=1233&br=4550&bt=2275&cd=0%7C0%7C0&ch=0&cr=3&cs=2&cv=1&dr=0&ds=3&er=&ft=c~.Zm4L-gXoInz7T&l=20220117002405010113135135011F2BD4&lr=all&mime_type=video_mp4&net=0&pl=0&qs=14&rc=M2VqbzM6ZmQ7NjMzNzczM0ApaDY2PGk8aTs8NzhpPDg8OmdkZGFncjRfaG9gLS1kMTZzcy1jY2BgMF5iMjQwLS8wYGA6Yw%3D%3D&vl=&vr=
47,v09044g40000c4kh153c77u3i2t1e3f0,20710,790267&584037&389756&259282,58a8857962305b75373d4a1dd97df80a&2d2294cc1cba581f080ca0e5ad512e49&630ecf526aa4c702fb2644fbbaae090e&0756888f4ff6f96514d7d619b75c19f4&fcec6547a11b169714117b87360484a4&1d5dddc24311c704df084d8927be36c8&b43387e6ed32cdba60a5e4fc494fa48d&d075648f22d670b568ee52115d3730c2,https://v16m.tiktokcdn-us.com/58a8857962305b75373d4a1dd97df80a/61e50b99/video/tos/useast2a/tos-useast2a-ve-0068c004/fc7e9f17e2344ce89e8aa991b7d0e895/?a=1233&br=1542&bt=771&cd=0%7C0%7C0&ch=0&cr=3&cs=2&cv=1&dr=0&ds=3&er=&ft=c~.Zm4L-gXoInz7T&l=20220117002405010113135135011F2BD4&lr=all&mime_type=video_mp4&net=0&pl=0&qs=14&rc=MzY0NTY6ZjhrNzMzNzczM0ApOGY1OzNoNjs2NzZlM2UzOWdjYnFmcjQwLmhgLS1kMTZzc2IzLy1iNjNeYC4uMTIuLTA6Yw%3D%3D&vl=&vr=
48,v10044g50000c46ig0bc77u3svl4snj0,15439,1003742&711074&460554,a33efb1569a824bbbed8704db4042fd6&cf497555ac6f07b6776f2dba07f7701a&99a25cb8a8d827b2a2b24af7d3c335f4&1166e551a725e1474890ea8e50187336&bdaaba7a83be280b71aeec44974cc310&4f2d3cbb46351f78edb74e9b4ea909e2,https://v16m.tiktokcdn-us.com/a33efb1569a824bbbed8704db4042fd6/61e50b94/video/tos/alisg/tos-alisg-pve-0037c001/e423ff66fd7745cca108a9f2edb90248/?a=1233&br=1960&bt=980&cd=0%7C0%7C0&ch=0&cr=3&cs=2&cv=1&dr=0&ds=6&er=&ft=c~.Zm4L-gXoInz7T&l=20220117002405010113135135011F2BD4&lr=all&mime_type=video_mp4&net=0&pl=0&qs=11&rc=M3E3eTY6ZjNsNzMzODczNEApOzk4M2Q2OTtoNzxpOWhoZGdncGlwcjRfZDNgLS1kMS1zczItY19iMzNhYzJfYTExYTI6Yw%3D%3D&vl=&vr=
49,v09044g40000c34mtnth8h41mpjnku00,7382,1175019&925927&534792&327161,2a8ad4252d84741422a5893c36565a0c&8a2bf97ff6cebfa9aa4228aa57859cf3&fd835c4eba0e6d2db47868b3e019bcd9&d609f058aea6e6a06996adaf15dac9a5&3d068bc7f3dd136fbd150b13aa832a45&18e0cc57b5b7ee277c65bafccf25869f&7d4346a2cdc0c145d9532dcf53d624f4&d9d35299520fc4507eb44426b070b6ca,https://v16m.tiktokcdn-us.com/2a8ad4252d84741422a5893c36565a0c/61e50b8c/video/tos/useast2a/tos-useast2a-ve-0068c002/18dc538910c34b97b0ba2334398c0c1c/?a=1233&br=2294&bt=1147&cd=0%7C0%7C0&ch=0&cr=3&cs=2&cv=1&dr=0&ds=3&er=&ft=c~.Zm4L-gXoInz7T&l=20220117002405010113135135011F2BD4&lr=all&mime_type=video_mp4&net=0&pl=0&qs=14&rc=M3hxczRra3FwNjMzNzczM0ApOmVnZTNmPGVkNzg5OjMzZmctaGdqMTVxcTFgLS1kMTZzczBeYDMyMS1iXjE2L2BgYjU6Yw%3D%3D&vl=&vr=
50,v12044gd0000c6438f3c77uf5sb2qspg,7637,438273&308591&211521&145661,df7f61b78979e0e50b9aab3b46a9e491&59944e4d56e4840047acdf7fc690ea34&fb84e5cb00193c7fd95f6ba38d87f350&5d1b24372fecbf1652dfa6ae709ffcf9&a6d846faeda325abb74e1ec73bfb27d4&26214d0a7c9a6ddfbae9a2558e1d5f07&62a3a96fd78b6136fbe5c96948a86360&f0aa49f44b03923710cada10c757e8d2,https://v16m.tiktokcdn-us.com/df7f61b78979e0e50b9aab3b46a9e491/61e50bbe/video/tos/maliva/tos-maliva-ve-0068c799-us/76d2b8ec07e045ac97babd32e7849b66/?a=1233&br=856&bt=428&cd=0%7C0%7C0&ch=0&cr=3&cs=2&cv=1&dr=0&ds=3&er=&ft=c~.Zm4L-gXoInz7T&l=2022011700245501011300607116236926&lr=all&mime_type=video_mp4&net=0&pl=0&qs=14&rc=anY1dmk6Zmk2OTMzZzczNEApNTM7PDplZDs3N2k3NTQ0NGdtbl8ycjQwNTFgLS1kMS9zcy1iMTNhMjVgXzFhX2MvNWI6Yw%3D%3D&vl=&vr=
51,v09044g40000c3odp7bc77u6gocp9d6g,6662,1213038&1048223&705115,46e1959d893467d10c1c031100d4941b&2bbe30c755a1373b44f144ca04993f7f&2eb6a54546cc0e86c62a70f723bd17fd&87871513bcc7f32758cda11115701835&74b81474b36ccc1e12533692374949ec&a0ed82adca83d0119192ff3058772deb,https://v16m.tiktokcdn-us.com/46e1959d893467d10c1c031100d4941b/61e50bbd/video/tos/useast2a/tos-useast2a-ve-0068c003/de59c410050643d6ae007381bedffa4e/?a=1233&br=2368&bt=1184&cd=0%7C0%7C0&ch=0&cr=3&cs=2&cv=1&dr=0&ds=6&er=&ft=c~.Zm4L-gXoInz7T&l=2022011700245501011300607116236926&lr=all&mime_type=video_mp4&net=0&pl=0&qs=11&rc=amdzcjk6ZjpnNjMzNzczM0ApOTQ2NzdlPDs1N2Q8ZWc4N2czNmBkcjRfbWxgLS1kMTZzc2MvNS8tMy8zYDItXzIvLWA6Yw%3D%3D&vl=&vr=
52,v09044g40000c4ogfhrc77u057cokt50,11283,1788582&1332930&1009342&674293,9e58fd9b5a8a043c8b839f6b9b7adf18&0a8d1e890b86649edbec0e28b48eb6e5&affe36ea52d71057c6c64ac825856496&73ad3baedbb49b625e1319d722a6346d&dfae0c8dedfabfe6b1570e0ff5c00759&55ebe99f0dbfc66e71a100596a17e9e3&e6e8371a530fe282580439e4edae7f31&94c044bb57588db56b2b3c53561acbf0,https://v16m.tiktokcdn-us.com/9e58fd9b5a8a043c8b839f6b9b7adf18/61e50bc2/video/tos/useast2a/tos-useast2a-ve-0068c004/37fdace7ea5e47a28e67f8ddd291d8cf/?a=1233&br=3492&bt=1746&cd=0%7C0%7C0&ch=0&cr=3&cs=2&cv=1&dr=0&ds=3&er=&ft=c~.Zm4L-gXoInz7T&l=2022011700245501011300607116236926&lr=all&mime_type=video_mp4&net=0&pl=0&qs=14&rc=M3dyOjM6ZmtqNzMzNzczM0ApNTQ1PGg2NTxmN2dkOzc6ZGcyaGAycjRvY2xgLS1kMTZzczA1Xy9gMC5gXzZjMC9eMl86Yw%3D%3D&vl=&vr=
53,v09044g40000c2gsjnial962u1po35p0,6430,770553&599707&407073,3dcb3fb6594eea79babe7578ffd92053&78df294e1602fbd72f294eb3966e10dc&5870f2865f99591a8382ebfef5a1811c&9bcef6e98a87b3ed61e6fc6973e7ee2f&3ceab1ecb5c410eda311390dab41e181&d5cbfd2d2b88ca9a81b5e1697b99aa2e,https://v16m.tiktokcdn-us.com/3dcb3fb6594eea79babe7578ffd92053/61e50bbd/video/tos/useast2a/tos-useast2a-ve-0068c003/c87454664ebb4e1a9171e23979c58e98/?a=1233&br=1504&bt=752&cd=0%7C0%7C0&ch=0&cr=3&cs=2&cv=1&dr=0&ds=6&er=&ft=c~.Zm4L-gXoInz7T&l=2022011700245501011300607116236926&lr=all&mime_type=video_mp4&net=0&pl=0&qs=11&rc=MzhyNDU8ZHF2NTMzNzczM0ApZzg8Mzc7OjtmN2g4ZGdkOmdtMG1yM2lmZ2RgLS1kMTZzczAxMDY2LjI1Nl4zNS5iYDU6Yw%3D%3D&vl=&vr=
54,v09044310000bmoil77ho6foanv5jaj0,8267,1413832&978032&948578&551346,18e76e18fb5e7f9fdd2efb48ac9ed4ad&3ec39d724f3cbd5fa42d52c7df8e6558&716d5ceae47e90c03ff734f1ee0fc74f&d251558d167f6499ae54b016e7919388&82c9d064709ab57a9746d22cb538291f&94ff9606fd4e5511c38b83cc89815082&533ee31fc23c5b583ee45ea2310c1c79&40a7385b6e283b512e2fe7fc10eba276,https://v16m.tiktokcdn-us.com/18e76e18fb5e7f9fdd2efb48ac9ed4ad/61e50bbf/video/tos/useast2a/tos-useast2a-ve-0068/ddd5955b873440ed8f5b7bf11392250d/?a=1233&br=2760&bt=1380&cd=0%7C0%7C0&ch=0&cr=3&cs=2&cv=1&dr=0&ds=3&er=&ft=c~.Zm4L-gXoInz7T&l=2022011700245501011300607116236926&lr=all&mime_type=video_mp4&net=0&pl=0&qs=14&rc=M2Q4cXI5azpscDMzNDczM0ApaWVmNDQ3NztoNztlODY4OWdnZ3NeY2w0aWxfLS0wMTZzc19fMi00Nl8zMTVjYy0yY146Yw%3D%3D&vl=&vr=
55,v09044g40000c410g73c77uf1vhdufc0,8635,1640421&1292537&1074754&697653,50f61b1a64425c344bc26fa301125c93&743070eaea6050f13fc725500c5f72ab&69e1eabec6681c38f9497d28db6d1d4a&39987134d029b8ca4f143dd288884fec&9f35b2622454fde1828e1c4bec02ecdf&897ce82498b3d1be25339a7e5808a173&b67cf71ce08a8067a36262aa57e68666&7aceeb288da1db9b06b19eeff1df67d0,https://v16m.tiktokcdn-us.com/50f61b1a64425c344bc26fa301125c93/61e50bbf/video/tos/useast2a/tos-useast2a-pve-0068/186f2293eddc429e855872f618200d52/?a=1233&br=3202&bt=1601&cd=0%7C0%7C0&ch=0&cr=3&cs=2&cv=1&dr=0&ds=3&er=&ft=c~.Zm4L-gXoInz7T&l=2022011700245501011300607116236926&lr=all&mime_type=video_mp4&net=0&pl=0&qs=14&rc=M2lneWk6ZjozNzMzNzczM0ApaGc8OTNmNGU7NzUzODU8M2dgcmUucjQwZC5gLS1kMTZzczAyMS4zYjFgMC00M2AyLWA6Yw%3D%3D&vl=&vr=
56,v09044g40000c3ai05e0nro67dgk3fbg,9286,1284202&756360&437868&275058,1dc69bff67de51b129fad6b7a80c94b7&f057b57baaf38afeca2f95a50d095141&56eacca7b8cec115d9e01f4d496ee5e5&8708ce83b6728a1f56ce26b2ae51dcbc&257890afd5f9b42cfad836a54e2a6e02&e10f074eaf5d58533218199462ff69ce&eee1f02e8c14886f26dab4edce4c6c7e&329b4d087a5ab68851209c9c358c7b65,https://v16m.tiktokcdn-us.com/1dc69bff67de51b129fad6b7a80c94b7/61e50bc0/video/tos/useast2a/tos-useast2a-pve-0068/e6e3a6962bc94b55b4ea6c5013954c7f/?a=1233&br=2508&bt=1254&cd=0%7C0%7C0&ch=0&cr=3&cs=2&cv=1&dr=0&ds=3&er=&ft=c~.Zm4L-gXoInz7T&l=2022011700245501011300607116236926&lr=all&mime_type=video_mp4&net=0&pl=0&qs=14&rc=amluZzl1MzhsNjMzNzczM0ApNGc3Zmk5Zjw2NzxlZ2RnPGdfMGQ0bGtiLV5gLS1kMTZzczJjNS8tYGIvLmI1Y180YS86Yw%3D%3D&vl=&vr=
57,v09044g40000c45clkjc77u4160srdj0,19781,594321&416882&283318&196864,fb801876dd7a3ceb41f4f01584096103&f7fbd80d6eb364704f0556725b59a754&b8e03939f54d3707093c74c3594d1ad7&ffed34af86f5447ac854c84c1e164e4a&af97f687394f0a67b5ebd210fa3ee584&bf4456f19dea01f73d51d6e68dc77b09&77d50d491b402588f5403c64d393f98f&b3016899ce1ef08546804ad0396db0f6,https://v16m.tiktokcdn-us.com/fb801876dd7a3ceb41f4f01584096103/61e50bca/video/tos/useast2a/tos-useast2a-ve-0068c001/f9d901e8f28941f9bfce8994d038f273/?a=1233&br=1160&bt=580&cd=0%7C0%7C0&ch=0&cr=3&cs=2&cv=1&dr=0&ds=3&er=&ft=c~.Zm4L-gXoInz7T&l=2022011700245501011300607116236926&lr=all&mime_type=video_mp4&net=0&pl=0&qs=14&rc=M2d2OTc6Zm5mNzMzNzczM0ApZDw6PDg8OTw6NzpoOztmPGdnby0ucjRnaTJgLS1kMTZzc2ItYzZiMjQvXi8zYy4uNjA6Yw%3D%3D&vl=&vr=
58,v09044g40000c4aqt4bc77uek70jn260,14603,853714&490562&304377,010ba24b58c78bc9e86b0e0dfbfc6a5f&0b23f665d438e21ab52a7faa79d98b80&739643b4dac7a68ac5455f996b4a454e&a0e7cc388e807498ee3d904832693ed6&b58358d736ac41fefc7550d8af84b006&9638ca3ff734f657bec3d49b3db49c80,https://v16m.tiktokcdn-us.com/010ba24b58c78bc9e86b0e0dfbfc6a5f/61e50bc5/video/tos/useast2a/tos-useast2a-ve-0068c003/f5ab0881c8614d2997fc3563a380cca5/?a=1233&br=1666&bt=833&cd=0%7C0%7C0&ch=0&cr=3&cs=2&cv=1&dr=0&ds=6&er=&ft=c~.Zm4L-gXoInz7T&l=2022011700245501011300607116236926&lr=all&mime_type=video_mp4&net=0&pl=0&qs=11&rc=MzVtOmg6Zjd0NzMzNzczM0ApZ2lnPGlkPDw8NzM6aGQ4aGczay1ocjRfcV5gLS1kMTZzcy0tX2JjX18yMzM2LmFhNTM6Yw%3D%3D&vl=&vr=
59,v09044g40000c3vdmejc77u7uoaiehrg,11330,566505&438577&226220&162988,e1a046b6aa857476036b8c1bc43c1cf0&315a48739b74491e4d7c759837a13147&26314fe14134ae5748a8b9f61fe7f64c&f79c1b0edf432153f0d24238f137a95b&59051ba297df35996573dad88fdc5fff&be4ad043558b219c23e167b99c5a30d5&a60c605ed2b55d93b6cbf6dbfff6da15&16304348ffdd31777844bea19bbab5a2,https://v16m.tiktokcdn-us.com/e1a046b6aa857476036b8c1bc43c1cf0/61e50bc2/video/tos/useast2a/tos-useast2a-pve-0068/dd6af54476d34c538cb4008e341b415b/?a=1233&br=1106&bt=553&cd=0%7C0%7C0&ch=0&cr=3&cs=2&cv=1&dr=0&ds=3&er=&ft=c~.Zm4L-gXoInz7T&l=2022011700245501011300607116236926&lr=all&mime_type=video_mp4&net=0&pl=0&qs=14&rc=amtscjo6ZmhnNjMzNzczM0ApOzVmNDg0Ojs8N2g7OWk2ZmdvYl5ycjRnanNgLS1kMTZzc2A0YTQ2NDMtMjExNDQwLS06Yw%3D%3D&vl=&vr=
