0,v09044e50000btueapv15l8sl3ukeqpg,8077,1038069&571816&372444,0254595d71c3468acdfd5223d0caec93&d85c77da9ae6b793afe2a7543d025fb2&98263e8e1460b4635ff73a20613fe7d3&3493e83e663ba353b46f7a3cd344c8aa&d6bd77d477a98a8a024b0cf8fa301e7d&d3ff0faaec5f69f8f348e16d120ff00b,https://v19.tiktokcdn-us.com/0254595d71c3468acdfd5223d0caec93/61e4faee/video/tos/useast2a/tos-useast2a-ve-0068c004/13370ab11f50451d9ac6b44b0fed7e9d/?a=1233&br=2026&bt=1013&cd=0%7C0%7C0&ch=0&cr=3&cs=2&cv=1&dr=0&ds=6&er=&ft=c~.Zm4L-gXoInz7T&l=202201162313110101131352330F12AC7B&lr=all&mime_type=video_mp4&net=0&pl=0&qs=11&rc=anRuNnZvNHNodzMzODczM0ApOGQ1aDlnM2U6N2k4ZjRmZ2dtYnJpNTJzXnJfLS1iMTZzcy0zMzQvYy81MmM1LS8uYzQ6Yw%3D%3D&vl=&vr=
1,v12044gd0000c7bpv0jc77uakaoc0an0,12560,640394&488219&247339&213602,ec67b5b2b322950a08ecf540b5f7f7a5&e86418d5a8cae256ac85243c51f7446d&aad7d5007e959cd336cb6c5677f09c4a&5b9430f4ab4f0dc146573a8e764b64be&e10bf9a12d46f474ba1f506c1a939d5e&18e35f401c399c6641511a7294e07833&799cd5052de60e71ca03fae56c05dd6b&55562a777ff964215b74086e02a2e493,https://v19.tiktokcdn-us.com/ec67b5b2b322950a08ecf540b5f7f7a5/61e4faf3/video/tos/useast5/tos-useast5-ve-0068c004-tx/7fb7755292e94b97ae2acf9bbfa03fe3/?a=1233&br=1250&bt=625&cd=0%7C0%7C0&ch=0&cr=3&cs=2&cv=1&dr=0&ds=6&er=&ft=c~.Zm4L-gXoInz7T&l=202201162313110101131352330F12AC7B&lr=all&mime_type=video_mp4&net=0&pl=0&qs=11&rc=M2RmZGQ6ZjNzOjMzZzczNEApMzY7PDVoNWVlNzQ5aTppN2drLWxocjRnc19gLS1kMS9zcy4vYF5hMDA0NjI2MzNhYC86Yw%3D%3D&vl=&vr=
2,v09044g40000c6ugqd3c77u2124rt93g,20176,2319302&1902672&1030452&876028,c3527755aa915b0c059fb2267bc17446&2ea20ad2f1bdeda769e63135d74c3f6a&3e691ba1da8075c81174ec287d2d155b&4cead329af2c6340ca84cfcb18a8ebf5&c824a66e554d35937231872ebeb2aca2&e5493cddffa8ee3817873ca35eb3fed7&03fd471664daf551db2159dbea1c21f8&cd3d21378e28a50f7f805de321618d6e,https://v19.tiktokcdn-us.com/c3527755aa915b0c059fb2267bc17446/61e4fafb/video/tos/useast2a/tos-useast2a-pve-0068/9cf3926d23504f68ba3b97edcdc97826/?a=1233&br=4528&bt=2264&cd=0%7C0%7C0&ch=0&cr=3&cs=2&cv=1&dr=0&ds=3&er=&ft=c~.Zm4L-gXoInz7T&l=202201162313110101131352330F12AC7B&lr=all&mime_type=video_mp4&net=0&pl=0&qs=14&rc=ajx1NTU6ZmdqOTMzNzczM0ApNGkzaWQ1Nzs2NzU3NTQ6OmcwcTEucjQwbnJgLS1kMTZzczM2YjVgLy01YC0tXl40LWM6Yw%3D%3D&vl=&vr=
3,v09044g40000c1kjcjkfbh5e73ktqsqg,17807,788255&644665&394736&273289,7ba0e3a2a2f4b679b6a23d7ca5a08d32&940c43527378ab1bdfa8a1b3463d6a93&5c322c8b08b5732122d6d734c7966235&52c2c572cac147d2265d049e6f7dd299&0ff91e43d906c4f0486b1eecbf1f0381&a60a996d77f389f60807e16a4257a3d1&3a86bd43d96845c07af35712b4474e65&afa4cf41fd186deb2c7b27d1b4dd401a,https://v19.tiktokcdn-us.com/7ba0e3a2a2f4b679b6a23d7ca5a08d32/61e4faf8/video/tos/useast2a/tos-useast2a-pve-0068/28e9383b8a8843d19cdf71afb36ba310/?a=1233&br=1538&bt=769&cd=0%7C0%7C0&ch=0&cr=3&cs=2&cv=1&dr=0&ds=3&er=&ft=c~.Zm4L-gXoInz7T&l=202201162313110101131352330F12AC7B&lr=all&mime_type=video_mp4&net=0&pl=0&qs=14&rc=anZ3NmhraW1tNDMzNzczM0ApZGQ8ZzZkNDxkN2QzNzg7ZWdubmg0Ml9oYGhgLS1kMTZzczYyYV8zNS0vMC9hX2M1Y2E6Yw%3D%3D&vl=&vr=
4,v09044g40000c3lg95bc77u9h05eekn0,46089,555273&414793&370651&261713,b47517702e1ef7bfc52e66cb7f8f6029&a4a06953b1238e3f423f35da4c93ef16&0797bc4bf15b3a7dfd96a0121ea7ad6f&4c78ddb3357187bc670e11ba4cc4c931&65effedbba0633a40f6a1f1d26755aed&ebbb02a12107ba4ffe131415ae36695c&86aa55aae2857561a6ced84e70a4feaa&544d6b489c5ebe7915eb22b614b43d05,https://v19.tiktokcdn-us.com/b47517702e1ef7bfc52e66cb7f8f6029/61e4fb14/video/tos/useast2a/tos-useast2a-pve-0068/d71c0e8d4bdd441cb28765ca3433472b/?a=1233&br=1084&bt=542&cd=0%7C0%7C0&ch=0&cr=3&cs=2&cv=1&dr=0&ds=3&er=&ft=c~.Zm4L-gXoInz7T&l=202201162313110101131352330F12AC7B&lr=all&mime_type=video_mp4&net=0&pl=0&qs=14&rc=M25oMzw6ZjhqNjMzNzczM0ApN2kzaWQ4NDtmN2c6ZTg8aWdrYjJlcjRfNmlgLS1kMTZzczA0YmNjY2AtYDI2MDBfNjY6Yw%3D%3D&vl=&vr=
5,v09044g40000c42euh3c77u1fkgu3370,16646,567887&444282&223592&160019,73aa2cd154a33276306a306b02452b84&a9c44578b04b4e3d4c920a826abfe3d3&f47079cb2bf93d04462bad4bcc9ed900&154eba95597a8ca7f3338ac6a03bb795&b814921ee2c4f2f9211a2d0e06e0f338&4edae29b8bb2d685705004a44e48e618&d4d2c5225d7d0c6c14539884428df6a3&f140ccc071872fc954021f0930e92681,https://v19.tiktokcdn-us.com/73aa2cd154a33276306a306b02452b84/61e4faf7/video/tos/useast2a/tos-useast2a-pve-0068/353eea5c512a4e96bf4aed8f1a7c9fe9/?a=1233&br=1108&bt=554&cd=0%7C0%7C0&ch=0&cr=3&cs=2&cv=1&dr=0&ds=3&er=&ft=c~.Zm4L-gXoInz7T&l=202201162313110101131352330F12AC7B&lr=all&mime_type=video_mp4&net=0&pl=0&qs=14&rc=MzZ4bjQ6ZmtoNzMzNzczM0ApODc0NGk0NmVlN2Q7OjczM2c0MGRjcjQwci9gLS1kMTZzcy8tMWFiYS5fMzIyNTUxXy06Yw%3D%3D&vl=&vr=
6,v09044g40000c33c97iemsh0t2h21a7g,23752,1481860&967805&502757&322580&298757,098c5f37aba6e21eb8e478d05b58e6f8&80ed48b09745e7e05abac71ea90b9250&e0b6a79d993cc6a182312201aa36e6f8&429fc34dd2c0f0f874a8dc4cde8ff011&7444897d54032ec924072b6c076d96dd&2e94a23cb4036c8c0d1f5cff3e2c159f&d4d26c9b4b372a37a7f2c2d4ae8e7752&990d1c5454eafb970b32453f44d928a8&7053b4a690e1c97c7ba6d2a6cf3c1481&bbb190ede5db8f1a3f647832c33b60a1,https://v19.tiktokcdn-us.com/098c5f37aba6e21eb8e478d05b58e6f8/61e4fafe/video/tos/useast2a/tos-useast2a-pve-0068/6db60453f1e54ed6a6763c05f1e88f44/?a=1233&br=2894&bt=1447&cd=0%7C0%7C0&ch=0&cr=3&cs=2&cv=1&dr=0&ds=3&er=&ft=c~.Zm4L-gXoInz7T&l=202201162313110101131352330F12AC7B&lr=all&mime_type=video_mp4&net=0&pl=0&qs=14&rc=amQ1NTN2aDpmNjMzNzczM0ApZjRkZzc6NzxkN2U4Ozg4O2c0LmVxZWpmNjBgLS1kMTZzczEvYWE1NDVhMjUvMTMyMzY6Yw%3D%3D&vl=&vr=
7,v09044g40000c3sb163c77u1q5eb1gn0,50199,2384648&1679789&1035368&582274,9d7ae3dfeb32f8add29bf4dd4d40f481&607e0eb20afe93262a28585a6d37dee9&6405dfe287dfad071e537b4e33baf3fe&419c465a0dcc45669fc81ea4b2cb05cb&73d8c1a76b87919a9a22f11d372dda29&a2c6dcae20b0fccfa791b4feb47e0ef7&19c89d0012776a132b80bb4e58108545&579c3ca4e814f680f0083fc6ad2fa792,https://v19.tiktokcdn-us.com/9d7ae3dfeb32f8add29bf4dd4d40f481/61e4fb19/video/tos/useast2a/tos-useast2a-pve-0068/f8286e158fda4ed7bdaec686e27037e0/?a=1233&br=4656&bt=2328&cd=0%7C0%7C0&ch=0&cr=3&cs=2&cv=1&dr=0&ds=3&er=&ft=c~.Zm4L-gXoInz7T&l=202201162313110101131352330F12AC7B&lr=all&mime_type=video_mp4&net=0&pl=0&qs=14&rc=M2plODQ6ZjllNjMzNzczM0ApZTtmM2Y4ZmU4Nzg0ZTxlOGdrLmJucjQwLnBgLS1kMTZzc2AwYWAzNjBfNDEzXy8uLjU6Yw%3D%3D&vl=&vr=
8,v090445c0000brsj2d7kvluo3u9i7rsg,6639,1025429&793373&341692&224755,57a584141b608dc83a39c733b6ae37d2&9ce43ff2a9472d115636b537e64cd32b&63cc78ace4179aad59d98dddbb1147f7&a8191b1049a8761f7b88fc276b53aacd&af5b8f8635e9448b36736104c2479f59&512161bed9fb2e1f0fcee1c4400ac598&6f055b7c73ac6a7b7fea6e776fb4ea21&72e77de084a218bb28de6f1078c55006,https://v19.tiktokcdn-us.com/57a584141b608dc83a39c733b6ae37d2/61e4faed/video/tos/useast2a/tos-useast2a-ve-0068c003/a61a2fdecc7f4812a7e9dcb661f65801/?a=1233&br=2002&bt=1001&cd=0%7C0%7C0&ch=0&cr=3&cs=2&cv=1&dr=0&ds=3&er=&ft=c~.Zm4L-gXoInz7T&l=202201162313110101131352330F12AC7B&lr=all&mime_type=video_mp4&net=0&pl=0&qs=14&rc=anVseHJvbmdtdTMzZjczM0ApaDZpNzQ0ZTw1N2YzOGk7OmdwNDYwcnM0L3BfLS0yMTZzc2IvYzAvMC8yNDJgNWBhYF86Yw%3D%3D&vl=&vr=
9,v09044g40000c1qs7cld1cjmekntikqg,10679,864376&417645&264892,165721a627cfe9aed83da07896dd91d7&e0ec9106796b2b2387e47296c7726862&272a8abfaaca0023bca3d0f21523e950&7b952485c97fada2afe6a10f60b827d3&a8e90a220d1e972d7e4d57a1250a8b95&4f7cdecd6db618750474cf5b3b187f40,https://v19.tiktokcdn-us.com/165721a627cfe9aed83da07896dd91d7/61e4faf1/video/tos/useast2a/tos-useast2a-pve-0068/250df16a02a94b9187bfb0c9e76bfd7c/?a=1233&br=1688&bt=844&cd=0%7C0%7C0&ch=0&cr=3&cs=2&cv=1&dr=0&ds=6&er=&ft=c~.Zm4L-gXoInz7T&l=202201162313110101131352330F12AC7B&lr=all&mime_type=video_mp4&net=0&pl=0&qs=11&rc=am53bnBmZ2Z2NDMzNzczM0ApNTY0Z2ZoNWVoN2U8NWhoNGduZmtiZy5pNG5gLS1kMTZzczUzMF5jNTYxNl8tLTIuNl86Yw%3D%3D&vl=&vr=
10,v09044g40000c23krfe7g8j7827nf5m0,20176,1391827&955897&832763&560077,a644989afd9ca692887ae55edafc4a65&4b84f2ac9cce5d2d66031f8b8d1ed4f7&db1880081690acbce35c04412e959aba&6b50277d235d7b667935f46ce5a5e3a6&ba53f5fa231bda6adbe1591e4f60f8b1&bde1569692952699353d7a3ecb655d92&e2ce0fb9cbaae412fab5b54b00c9ac4f&f8351521f846f0831eafefd7fffd63fb,https://v39.tiktokcdn-us.com/a644989afd9ca692887ae55edafc4a65/61e4fb3f/video/tos/useast2a/tos-useast2a-ve-0068c003/0ed2412d233a49eba49e4af52e6d8eb1/?a=1233&br=2718&bt=1359&cd=0%7C0%7C0&ch=0&cr=3&cs=2&cv=1&dr=0&ds=3&er=&ft=c~.Zm4L-gXoInz7T&l=20220116231418010113006213171866A0&lr=all&mime_type=video_mp4&net=0&pl=0&qs=14&rc=MzhxNTo7OmluNTMzNzczM0ApZGY3OjgzaTw0NzU7Z2k7OWdqYzQ1Z2RibzBgLS1kMTZzczNjYl4xXmNiXmEvMl9hMWE6Yw%3D%3D&vl=&vr=
11,v09044g40000c43ejobc77ue6he4rg2g,17482,500223&416016&227615&166397,dfb60fecb042936f403e5184c5719bdd&cfac9b433ac751fc5ac828d3990cac9f&b6d0ddfb84f23ba82430c8de195b06df&f2166a2bfbae2c86fbddca7d1e5bed34&66cefc036a8fcb7758399e6ef658baea&c04e8196fce986a46e439007c4c7caa5&0d5911ebd9f4472101ae8624553331ad&8d6653e64c9079a2a64f23d3151a55ed,https://v39.tiktokcdn-us.com/dfb60fecb042936f403e5184c5719bdd/61e4fb3c/video/tos/useast2a/tos-useast2a-ve-0068c004/ebeda0edfad943b88c11b94bd99d0786/?a=1233&br=976&bt=488&cd=0%7C0%7C0&ch=0&cr=3&cs=2&cv=1&dr=0&ds=3&er=&ft=c~.Zm4L-gXoInz7T&l=20220116231418010113006213171866A0&lr=all&mime_type=video_mp4&net=0&pl=0&qs=14&rc=amo3a2g6ZnJoNzMzNzczM0ApNGhpNzppNmQ2NzRoNGk0OWcvb2IzcjRfZzBgLS1kMTZzczM1YzIvYWIzYC5iM2AvYDE6Yw%3D%3D&vl=&vr=
12,v09044g40000c2qmm5u2iutjg46gq610,15230,1793520&1235045&889186&593926,20b54eb5e5fbeaf8253f9281555188e6&4217c016005548e319c34de3dc78d487&b6152501f6ebf7b3ce94cb739abce603&39f52fa0fee03a1f9120d36b282321ba&9a85dff02c4904b9629999f0566bd30e&6fcb7eaa2b0d3635c77b8b35a1674b20&fc50e31808c634e009b299514bea6b7c&776b57f871f999ac556aa07ba531e62b,https://v39.tiktokcdn-us.com/20b54eb5e5fbeaf8253f9281555188e6/61e4fb3a/video/tos/useast2a/tos-useast2a-ve-0068c004/8c2392560472467faadd751cb7757143/?a=1233&br=3502&bt=1751&cd=0%7C0%7C0&ch=0&cr=3&cs=2&cv=1&dr=0&ds=3&er=&ft=c~.Zm4L-gXoInz7T&l=20220116231418010113006213171866A0&lr=all&mime_type=video_mp4&net=0&pl=0&qs=14&rc=MzlqN214NThwNTMzNzczM0ApZGdlO2c7O2VpNzRnZWYzNGcubjNkcWZyam5gLS1kMTZzc14yXzNgLS1gYzI2NjY2YzY6Yw%3D%3D&vl=&vr=
13,v12044gd0000c7878sjc77u7psv0afkg,15067,661557&552707&464615&385418,7f50d04b452308dcae9d9ff8db13dbe5&a5c9a27e9449b75f0c6152446874112f&97fc901d4eff9d3bef178426a1693ca3&1db541c3756a3d8cc5673b5a5facf54e&dc28864ebf74bb4cbacbeaafc7477c57&5c7977335f7e635a87953327058650e0&3130bba05f2d80a70e4d2d7243a629a2&55b0a613e673d123d66789efc26eaa47,https://v39.tiktokcdn-us.com/7f50d04b452308dcae9d9ff8db13dbe5/61e4fb39/video/tos/useast5/tos-useast5-ve-0068c004-tx/288c2e7eff49415ba3911a0c11c53285/?a=1233&br=1292&bt=646&cd=0%7C0%7C0&ch=0&cr=3&cs=2&cv=1&dr=0&ds=3&er=&ft=c~.Zm4L-gXoInz7T&l=20220116231418010113006213171866A0&lr=all&mime_type=video_mp4&net=0&pl=0&qs=14&rc=amkzdjo6ZnY6OjMzZzczNEApODloODVnOmU6N2k8NzQ6OGdoXnNtcjRnNTVgLS1kMS9zc2NeMzYvYl8tXy4tM19gXjY6Yw%3D%3D&vl=&vr=
14,v09044g40000c3kgrejc77u9jqnp7kpg,39820,1450795&1047947&813997&500737,658c52805e21e248266653a2fa559c3e&ee1765e3784689ff5b3528147a50c018&cd69869ddecfb07485b1b63614dd303f&f5c8069092b8c831095055c76c39b139&c112f64a71faf203f640c5a268031676&fb9db2a5502264e66d19f5d4821b22f3&2bc07c8d001eb2d184c8bd7cd2bbd239&18d8c0e9717497dadf5bb005741be6c7,https://v39.tiktokcdn-us.com/658c52805e21e248266653a2fa559c3e/61e4fb52/video/tos/useast2a/tos-useast2a-ve-0068c001/99d27d54a7b143af86fa5f55f0b033eb/?a=1233&br=2832&bt=1416&cd=0%7C0%7C0&ch=0&cr=3&cs=2&cv=1&dr=0&ds=3&er=&ft=c~.Zm4L-gXoInz7T&l=20220116231418010113006213171866A0&lr=all&mime_type=video_mp4&net=0&pl=0&qs=14&rc=am5zdDw6ZmhqNjMzNzczM0ApNGk2aTVmZWU7N2U7Zzk7O2dtNGtncjRnb2hgLS1kMTZzc2I2LS8vNDUwX2A0My8xLjU6Yw%3D%3D&vl=&vr=
15,v09044g40000c2jv6hga6lvlhf9ml8fg,21221,1844886&1518566&799751,a52a9926a73caeba2eec3e2b0fe3a11f&fe7989435e935d9820980d67c47b104f&13aaac476f64e5bc2c4a8fa33565ce5e&0345eb571ee77360680877180956b052&f25d9e28cd2abff22fa7ef78c18b2353&9ca35507748af20118f4b190660ad33c,https://v39.tiktokcdn-us.com/a52a9926a73caeba2eec3e2b0fe3a11f/61e4fb40/video/tos/useast2a/tos-useast2a-ve-0068c001/5b760373d72949838db6ae7478a36a43/?a=1233&br=3602&bt=1801&cd=0%7C0%7C0&ch=0&cr=3&cs=2&cv=1&dr=0&ds=6&er=&ft=c~.Zm4L-gXoInz7T&l=20220116231418010113006213171866A0&lr=all&mime_type=video_mp4&net=0&pl=0&qs=11&rc=ajtwaW9vZGt5NTMzNzczM0ApNGZmZmg1aGU3Nzk2PDo8ZWdjaTZlczNkM2dgLS1kMTZzczY2YGAyMzAwMjIzMWBjYDY6Yw%3D%3D&vl=&vr=
16,v09044g40000c2a8isdj4q5u8o8d96ag,8264,540308&478499&311419&223721,cccbbd864e21b9e8bc2f1220353a99e1&1f249bbbfd357881490c140b30f13c38&a07684c5ffc7970e59795efe30708bd6&20277e316a851576da105c78f4cfda98&faf1ca28b7ba076a2854cd6e495bfc30&267377830ab1c08eebc925207c4a5920&2472f40113cfc8273c181d751f0f357e&284614d69ffe98b317d2cf6bb9a1b4f6,https://v39.tiktokcdn-us.com/cccbbd864e21b9e8bc2f1220353a99e1/61e4fb33/video/tos/useast2a/tos-useast2a-pve-0068/060bd750fbeb462c8e674263b1a14cc8/?a=1233&br=1054&bt=527&cd=0%7C0%7C0&ch=0&cr=3&cs=2&cv=1&dr=0&ds=3&er=&ft=c~.Zm4L-gXoInz7T&l=20220116231418010113006213171866A0&lr=all&mime_type=video_mp4&net=0&pl=0&qs=14&rc=ajlncnh0bXY7NTMzNzczM0ApPDs8Nzk0ZmVmN2c3M2lkO2deNjU1MjFhZl5gLS1kMTZzcy8uXjMtYTJiX2BjMjIuNjQ6Yw%3D%3D&vl=&vr=
17,v12044gd0000c7d0b4bc77uekfci7l50,11770,680590&563748&390091&298756,6be534536bdb1ceab57e71328af8dd41&866f2edaab80aab175cfcebfee3a6e0d&244b165a101c43dad07a0a74edc31466&19ec1a594b6d72ac0d21d7e8127b917a&618640315221c0d4be39485aa14677ed&511318efbf65ca5da42557360cfa7b59&d62798f4b3dc349c5c3ec8a05ac4e562&7b363ac4733b34035f4840401ffe01fe,https://v39.tiktokcdn-us.com/6be534536bdb1ceab57e71328af8dd41/61e4fb36/video/tos/useast5/tos-useast5-ve-0068c003-tx/724514e92b8043a6947f02201f7c50ab/?a=1233&br=1328&bt=664&cd=0%7C0%7C0&ch=0&cr=3&cs=2&cv=1&dr=0&ds=3&er=&ft=c~.Zm4L-gXoInz7T&l=20220116231418010113006213171866A0&lr=all&mime_type=video_mp4&net=0&pl=0&qs=14&rc=M29saWg6ZjczOjMzZzczNEApZ2hkaDY8NmQ7N2hnNjplaGcyNGBocjRfX2FgLS1kMS9zc2I2YzFeNTYyMTAyL2ItMmA6Yw%3D%3D&vl=&vr=
18,v10044g50000c6c36brc77u6q3q4r3og,25354,583702&337395&211799,fcaeb8836ebfb622c6c12e3ec712ab80&2b1ade7e08388804f567bc2b36345dd1&d483ed11ee729a00a96a2afd7f1707ac&86d7e3d2a0022fa15697344a592fc552&102a3d87d960aeec6957b6d81800aafa&2c782a9bda51bd3b293f92a94ac08904,https://v39.tiktokcdn-us.com/fcaeb8836ebfb622c6c12e3ec712ab80/61e4fb44/video/tos/alisg/tos-alisg-pve-0037c001/0fcd2e46f8c24166a41b1a8f9f5a534e/?a=1233&br=1140&bt=570&cd=0%7C0%7C0&ch=0&cr=3&cs=2&cv=1&dr=0&ds=6&er=&ft=c~.Zm4L-gXoInz7T&l=20220116231418010113006213171866A0&lr=all&mime_type=video_mp4&net=0&pl=0&qs=11&rc=ajY3Njk6ZmU2OTMzODczNEApaDU1ODpnZzxmNzNmZGg4M2dsb25ucjRvM2BgLS1kMS1zczEuMDQxM2M0NS9jMWA0My46Yw%3D%3D&vl=&vr=
19,v09044970000c15qot31m2ohdov0nv80,7637,599575&441121&262117&179080,9c7bb93e9a47fbcfcf5fe158d4c9d3fe&510090aaf9c7f2476f7728491b0598ce&0dfc79ebd22bfa70565e52701b060e97&c68101bd6545920707c2375f882c825f&6d65c674a97c487b5303754a8cca11b8&5acca498ea9b2b299db25b212b99440e&19f64c7274987adb0d33bfc1f8b9c384&32c28fb5e0b7abbbabe47821ec85df21,https://v39.tiktokcdn-us.com/9c7bb93e9a47fbcfcf5fe158d4c9d3fe/61e4fb32/video/tos/useast2a/tos-useast2a-ve-0068c002/9a2794aa230541308cc5eca4e5bafa23/?a=1233&br=1170&bt=585&cd=0%7C0%7C0&ch=0&cr=3&cs=2&cv=1&dr=0&ds=3&er=&ft=c~.Zm4L-gXoInz7T&l=20220116231418010113006213171866A0&lr=all&mime_type=video_mp4&net=0&pl=0&qs=14&rc=M3kzcms1NHd0NDMzOjczM0ApZGc7OjU6PGQ3Nzg4aTozZGc1a3NhbGowbDJgLS02MTZzcy82YjItMV9iLV8vYjEwNF86Yw%3D%3D&vl=&vr=
20,v09044f40000bq3sfh273oo36di7q7bg,15416,735858&566761&327403,d551f953369c063b56ba24064a97f627&a5776886addabcf6cb1aa42d9e10ee7d&ace8992844b53e90c639c4f3eff46887&dad17ec2599324c5a10588c8a510d007&e0b5c974cb3d874fd62494841ece82fe&b8e91caf3d85b1c566d09ec4dc08c69f,https://v19.tiktokcdn-us.com/d551f953369c063b56ba24064a97f627/61e4fbaf/video/tos/useast2a/tos-useast2a-pve-0068/1a4eb2b04b464350bb484bfe194ad9cb/?a=1233&br=1436&bt=718&cd=0%7C0%7C0&ch=0&cr=3&cs=2&cv=1&dr=0&ds=3&er=&ft=c~.Zm4L-gXoInz7T&l=202201162316160101130060860517B239&lr=all&mime_type=video_mp4&net=0&pl=0&qs=14&rc=ajo6ZzZyOmt2dDMzNzczM0ApZGkzNmk6MzszNzs8NGRlOGdfbmYzbDAvYzBfLS1jMTZzczEyLy9fMDFjMWBiXmFjM2A6Yw%3D%3D&vl=&vr=
21,v07044420000c199u5s35dppe9q0d1j0,8032,700067&442899&309569,e88929719e98f087363a96c4d2a1b54a&6513012c817ed5f2909c40bd2faa41f1&b3b071e6d90e5de76905c98bcdb34ff9&d403d98b05640fd39a6bc941479181e6&405ca4bad31b57cbea992ca6362d4065&d92a1fdb8be4e7cedef1b46d6d013816,https://v19.tiktokcdn-us.com/e88929719e98f087363a96c4d2a1b54a/61e4fba7/video/tos/alisg/tos-alisg-pve-0037c001/202e295a089748c1b884ab25998a2b3a/?a=1233&br=1366&bt=683&cd=0%7C0%7C0&ch=0&cr=3&cs=2&cv=1&dr=0&ds=6&er=&ft=c~.Zm4L-gXoInz7T&l=202201162316160101130060860517B239&lr=all&mime_type=video_mp4&net=0&pl=0&qs=11&rc=MzQzPHNnNjg8NDMzNTczM0ApOTk5aGRlOjw6Nzg7NTxnZmdnYW5ibTJwcjZgLS0xMTRzczZfMTZjMGEyYDA0LmJfMWM6Yw%3D%3D&vl=&vr=
22,v09044g40000c1n21093do78fvgam52g,14928,1985159&1630658&653285&420754,2ec3c236ebe6be371a6458f7eeb6c616&3e38b8c39554e99d9b5b117e089c3441&60feba2bad04a36a3692ac5329e8a601&bc0701804c27a88c98115bc759065f86&2955c297b6d52e3da5b011d4384a1cd2&58f796386691350a732e3745eab030cb&21d15bc67b3a7d1110ad1219e915932d&890b7518bf44eff4b967a051b0de53f1,https://v19.tiktokcdn-us.com/2ec3c236ebe6be371a6458f7eeb6c616/61e4fbae/video/tos/useast2a/tos-useast2a-pve-0068/21c531d693a240fbb4c2d8a41a8caa19/?a=1233&br=3876&bt=1938&cd=0%7C0%7C0&ch=0&cr=3&cs=2&cv=1&dr=0&ds=3&er=&ft=c~.Zm4L-gXoInz7T&l=202201162316160101130060860517B239&lr=all&mime_type=video_mp4&net=0&pl=0&qs=14&rc=ajhkeTtyNjM1NDMzNzczM0ApZjY7NmdpO2U3N2c0ZWlnZWcvamRjNGE2LmtgLS1kMTZzc18xMmMuLzMuLy4xMGMwYWI6Yw%3D%3D&vl=&vr=
23,v09044ad0000c0qnh58p8rsb4e7eg120,14208,881638&644122&349950&209351,d1434d368db83c5904c3d4051158dae3&12f7002bc3bd1d2bbe3ac20ce972503a&ef3687c3596e2a3ac9ea6192d6c0fb20&b9cb136871e74a7e392060845fb73e5d&363879690939b24ce35d4e46ed7c14cc&8a447c389347b6a5711d073f37952e6a&cdf585481823861caec875149f297bc0&831f412e467b4907a5cb8df06c85596e,https://v19.tiktokcdn-us.com/d1434d368db83c5904c3d4051158dae3/61e4fbae/video/tos/useast2a/tos-useast2a-ve-0068c002/78aa8b14fb054a35b79487b137b29b3c/?a=1233&br=1720&bt=860&cd=0%7C0%7C0&ch=0&cr=3&cs=2&cv=1&dr=0&ds=3&er=&ft=c~.Zm4L-gXoInz7T&l=202201162316160101130060860517B239&lr=all&mime_type=video_mp4&net=0&pl=0&qs=14&rc=MzRoaGV1czhxMzMzZzczM0ApO2Y3aDtkPDxpNzQ5ZmQ3OGcvZDQxcDU1ZW5gLS1eMTZzcy5gMS4wXzJiLWM0MDAvMTI6Yw%3D%3D&vl=&vr=
24,v09044g40000c6bjhcrc77ue1odlkdo0,7940,604161&439135&296553&183383,cf8c1c8a8748176bf8a1f6184febe8f2&38936238b28434cb11d709744a24b81a&f79823563e07203fffca4314dd19a22f&7d12d5853009bf1439cf4fd7f2004192&3fdd2bb8ccf8e7571f098dfda360ae4a&ca3aadf1e75b825badb3fbf42ea766bc&7b56aea6300e53c1cdf97de5c1d66d79&bea0bc1283563d8e5f57775a785c06f0,https://v19.tiktokcdn-us.com/cf8c1c8a8748176bf8a1f6184febe8f2/61e4fba7/video/tos/useast2a/tos-useast2a-ve-0068c004/53037072e7ea46719f71503983e53896/?a=1233&br=1180&bt=590&cd=0%7C0%7C0&ch=0&cr=3&cs=2&cv=1&dr=0&ds=3&er=&ft=c~.Zm4L-gXoInz7T&l=202201162316160101130060860517B239&lr=all&mime_type=video_mp4&net=0&pl=0&qs=14&rc=M2dvcmg6ZmZtOTMzNzczM0ApNWg6aWY2aGU8NzdpOWc7OWdsaGEucjRvZV9gLS1kMTZzc15hLjIzXmIxNWNeYjUwYGA6Yw%3D%3D&vl=&vr=
25,v09044g40000c2t3lrho1amdn3nre0s0,5013,756227,d465dc21dc2909c5c0a124ece397bbb6&0630fc2a46e2528f2f84374784e0bb90,https://v19.tiktokcdn-us.com/d465dc21dc2909c5c0a124ece397bbb6/61e4fba4/video/tos/useast2a/tos-useast2a-ve-0068c004/e99cb9d5a11d4ac7a496622b02f8a9ad/?a=1233&br=1476&bt=738&cd=0%7C0%7C0&ch=0&cr=3&cs=0&dr=0&ds=2&er=&ft=c~.Zm4L-gXoInz7T&l=202201162316160101130060860517B239&lr=all&mime_type=video_mp4&net=0&pl=0&qs=0&rc=MzN1NmdkcnU2NTMzNzczM0ApNjk0Z2c7Zzs4NzRmMzYzM2dwYmtrai5laXFgLS1kMTZzc2BiNV4zNTEyNjQ0XmEzMS86Yw%3D%3D&vl=&vr=
26,v09044g40000c4mg0q3c77u950nmju0g,19177,3191109&1932525&1342438&707823,a0f2a7931cb10829823a7e6f78cdd39d&4dbe93ea66ece18e60c67dbc4070e046&1dc3402732dfa198918531ff70d44b88&e2e30c3f77a47c817f3f597227f56cd4&81bf9a7180880a2ead86be1fdcd18fb2&8c4101d9b376d8e16e4fbff200eddd54&49bc49c98d827c569b422c46bbe085d0&b8b48e261150b31ea19930e6e34993ca,https://v19.tiktokcdn-us.com/a0f2a7931cb10829823a7e6f78cdd39d/61e4fbb3/video/tos/useast2a/tos-useast2a-ve-0068c003/1578429937b3407ab574c8a84355dafb/?a=1233&br=6232&bt=3116&cd=0%7C0%7C0&ch=0&cr=3&cs=2&cv=1&dr=0&ds=3&er=&ft=c~.Zm4L-gXoInz7T&l=202201162316160101130060860517B239&lr=all&mime_type=video_mp4&net=0&pl=0&qs=14&rc=anhwMzw6ZnRqNzMzNzczM0ApOTxoaWhlOjs6NzM3OzQzO2ctZ2sycjQwLWpgLS1kMTZzcy1hXy9jXmIyMjFjXzIyMS06Yw%3D%3D&vl=&vr=
27,v09044g40000c2q01jk1se6edeiqos2g,20896,1262211&1035288&794761&542759,1f66d73ebab09462d4cb09f3a61e8739&27d1fe72b7e4ab623b2c610425eb165a&ee78652815f1c275ddc75bd961eb3c32&b4461b81dccdf35987bb351b4e83a23f&96de07c4758949cc5f8950fd1399f88a&d4f08023f0a0f5199e4d026f1ec4e11b&d700ab1b837d96f2b71d07fa1eca6284&0f42bf067343cfed53a7807c65c0253e,https://v19.tiktokcdn-us.com/1f66d73ebab09462d4cb09f3a61e8739/61e4fbb4/video/tos/useast2a/tos-useast2a-ve-0068c001/032f2f8815304c9394dd37c63db334a2/?a=1233&br=2464&bt=1232&cd=0%7C0%7C0&ch=0&cr=3&cs=2&cv=1&dr=0&ds=3&er=&ft=c~.Zm4L-gXoInz7T&l=202201162316160101130060860517B239&lr=all&mime_type=video_mp4&net=0&pl=0&qs=14&rc=anZ0aGhoNG0zNTMzNzczM0ApOWRpPDxnOGVoN2Y3OTVmO2cvbGZhM3BoLm5gLS1kMTZzczFhYjU2NWAzXjAuLS8uLi46Yw%3D%3D&vl=&vr=
28,v09044g40000c4ohat3c77u88dlsgkjg,9542,942322&447409&317248,1bb950e3c1f12793b31ee5ebc601104d&6874dfb5930c75f3e8952512999f6f6c&6f1e6a4254b79775b2cba62ed7d5becb&37928aa9f37e9f83f0362ebb56fd9b24&2c0f89a02b8bebe49b138c1066042ba6&311e29edcd3c73e81f84ac7a036769dc,https://v19.tiktokcdn-us.com/1bb950e3c1f12793b31ee5ebc601104d/61e4fba9/video/tos/useast2a/tos-useast2a-ve-0068c004/c54e4db20e74481fa121eb15af5f85e5/?a=1233&br=1840&bt=920&cd=0%7C0%7C0&ch=0&cr=3&cs=2&cv=1&dr=0&ds=6&er=&ft=c~.Zm4L-gXoInz7T&l=202201162316160101130060860517B239&lr=all&mime_type=video_mp4&net=0&pl=0&qs=11&rc=am52Zzs6ZndrNzMzNzczM0ApaTU3PGc5N2U1NzM1Nzk1OmdnZGk1cjQwXmxgLS1kMTZzc2AtXjAxXy8yMGIwNS5jXzA6Yw%3D%3D&vl=&vr=
29,v09044g40000c39ork8o4qnr8507sfp0,17019,2400024&1680624&812197&524204,0ec96a1992c72cca5a1774580eb02392&87e86db8bff6f4ee43b301834037c953&81b91edc402c90082df92113eaa5cb58&5670894d09f88ef151da48c687d4d320&caff6d751e29e3f0d60aed588e1910c7&f57e19739b686a15ed80cdd59657fff5&1fc2676efd9a1f757ee66ab45b20125c&c57069a79ea57f5fa3e906d45908f1c3,https://v19.tiktokcdn-us.com/0ec96a1992c72cca5a1774580eb02392/61e4fbb0/video/tos/useast2a/tos-useast2a-ve-0068c003/b2f1a5a1d3f0448f9fb4b5a037c92027/?a=1233&br=4686&bt=2343&cd=0%7C0%7C0&ch=0&cr=3&cs=2&cv=1&dr=0&ds=3&er=&ft=c~.Zm4L-gXoInz7T&l=202201162316160101130060860517B239&lr=all&mime_type=video_mp4&net=0&pl=0&qs=14&rc=M2k6OHV0cm5yNjMzNzczM0ApZWg8aDs6N2Q1NzYzOzk5NmdtcC01azE1bzZgLS1kMTZzcy82LzUtNjIxLWJiY141Ly46Yw%3D%3D&vl=&vr=
30,v090443b0000bu7hkfqqsv284dioh21g,15555,689791&625195&437373,4998206422814af4519febd347e2d4d9&a29df2ede8af35d1fd9fb562da4b68a6&5f70c83f2b881b4fe7749d3301a3b77e&f1f5486eb55179162412cf8e51ef73d3&ba0fe0dd0fecdf14755d6524fe459408&a38dd4bbed515037a63097757822f305,https://v39.tiktokcdn-us.com/4998206422814af4519febd347e2d4d9/61e4fbe1/video/tos/useast2a/tos-useast2a-ve-0068c002/9e8ed43555484c4b83d5257edb9435d0/?a=1233&br=1346&bt=673&cd=0%7C0%7C0&ch=0&cr=3&cs=2&cv=1&dr=0&ds=6&er=&ft=c~.Zm4L-gXoInz7T&l=20220116231706010113006021111587D7&lr=all&mime_type=video_mp4&net=0&pl=0&qs=11&rc=ajVyZzt5dGlreDMzZTczM0ApZzw0Ozk2OmQ0NzVoOWRnZmcuZWYxL3BuaDRfLS0wMTZzc2IyMC1jNF40XjY2LTAwLzQ6Yw%3D%3D&vl=&vr=
31,v09044g40000c2ft710bf79t3vkd0gvg,19293,1718431&1264133&618854&381743,64d88443a7dd0787ad8555fefcc0354f&eda087aaff235a6b64cf282d5fa7d3b5&7a8e355ebb986764c194ab284175f0cc&d773ca7a98ea99ede8349188cb82ee4f&2b620a9a2eab3de481411acbbdb72d43&42e86ae598d0dbd10326e37351ab0040&0b2f77599c9ac393791f47a368c6e3b5&8742feb411054778812abfa18a5a9270,https://v39.tiktokcdn-us.com/64d88443a7dd0787ad8555fefcc0354f/61e4fbe5/video/tos/useast2a/tos-useast2a-pve-0068/4b429b6507504a9cba99f12e0d4afe8a/?a=1233&br=3356&bt=1678&cd=0%7C0%7C0&ch=0&cr=3&cs=2&cv=1&dr=0&ds=3&er=&ft=c~.Zm4L-gXoInz7T&l=20220116231706010113006021111587D7&lr=all&mime_type=video_mp4&net=0&pl=0&qs=14&rc=ampneXc6ZTR3NTMzNzczM0ApN2ZlPDdlaGUzNzM2OmU6PGdzLWgwNmMtNGNgLS1kMTZzcy8uMDEtLTJiMWAyM181LTU6Yw%3D%3D&vl=&vr=
32,v09044g40000c42sjhbc77u591u34mdg,16600,1143137&860555&523772&365504,8203ac737bfbe386329c03d2c2c70df7&153ca8b27af1e98ff33cfc07e33a5d71&908296181e3a98e6e6be92e977fd8061&a13282b3faf498571b057b25982012e0&8b79029710f4ce0e53d96638bfbbc5f9&1f17a1ff282eff467420e8ae2b08a9a0&1e025bb1246bebb91c569758d8d50387&9fc585c1871d17ef6022ce5fe36a6824,https://v39.tiktokcdn-us.com/8203ac737bfbe386329c03d2c2c70df7/61e4fbe2/video/tos/useast2a/tos-useast2a-ve-0068c002/7da2afaad80f404fb164f84d77c8ba4d/?a=1233&br=2232&bt=1116&cd=0%7C0%7C0&ch=0&cr=3&cs=2&cv=1&dr=0&ds=3&er=&ft=c~.Zm4L-gXoInz7T&l=20220116231706010113006021111587D7&lr=all&mime_type=video_mp4&net=0&pl=0&qs=14&rc=anA2NDg6Zmt2NzMzNzczM0ApOzs7ZGQ5ZzxkNztlNTlnaGdhMXI2cjRfZy9gLS1kMTZzczUuLjJjMTFeNTIyMC0vYy46Yw%3D%3D&vl=&vr=
33,v09044g40000c1n6fgrivpn8c64va3mg,15276,1055778&904129&638191&402855,f1494d3ea068a46e42ab2c145ec50326&ccb1fbd2a2eb766c15e4e8c54f395366&0f7125c75cba59d5708a06c645dc3d2e&40a887d419b876c990929639f90f9f41&7a64365232e4ca868b810f2494a4b6b3&51313e9929af8ca2017431478c63da7f&8355c8029e2b35e8bc3ecf75e3932d70&a4f1269a48f66be9a29dd42e9a50f433,https://v39.tiktokcdn-us.com/f1494d3ea068a46e42ab2c145ec50326/61e4fbe1/video/tos/useast2a/tos-useast2a-pve-0068/0d6b12d875944f93abce543a86449ffc/?a=1233&br=2062&bt=1031&cd=0%7C0%7C0&ch=0&cr=3&cs=2&cv=1&dr=0&ds=3&er=&ft=c~.Zm4L-gXoInz7T&l=20220116231706010113006021111587D7&lr=all&mime_type=video_mp4&net=0&pl=0&qs=14&rc=ajZ5OTtzbGo5NDMzNzczM0ApPDc3ZTw6OzszN2UzO2Q1ZWdqXjFga3NvY2tgLS1kMTZzcy8wNTQwLy41L2BiYjEzMzI6Yw%3D%3D&vl=&vr=
34,v12044gd0000c736h5bc77uakasifot0,40843,832150&688079&457089&341092,387f66e967a1881ea8b64e83aeebf718&a8fd9aff2d069005c789e5dd912b1637&bfeb17e5d23c5db6ec05f353b76f5283&85cfb232dd8deee5b2b1073f5ea58548&9efcf5f446f76cb66692673a262472c0&95d64ea2e95264374ad2d64cc49fe4f8&2ff6910cdecfc24892e609fb616add7c&9859f3594f22738c2a4d2a3b3b63210b,https://v39.tiktokcdn-us.com/387f66e967a1881ea8b64e83aeebf718/61e4fbfa/video/tos/useast5/tos-useast5-pve-0068-tx/967c907d787f47d1ba726183ac03a2a0/?a=1233&br=1624&bt=812&cd=0%7C0%7C0&ch=0&cr=3&cs=2&cv=1&dr=0&ds=3&er=&ft=c~.Zm4L-gXoInz7T&l=20220116231706010113006021111587D7&lr=all&mime_type=video_mp4&net=0&pl=0&qs=14&rc=M3JsZGQ6Zjg5OjMzZzczNEApNDlkOjo5ZjxmNzc8NjVpOGdxY3BocjRfZTBgLS1kMS9zczY2NjAyXjBfYi8xLzIuY2A6Yw%3D%3D&vl=&vr=
35,v07044550000c07os0nir75n464p64cg,8589,247151&169174&126295,560a1525a0a95a0e064a962a43cea9c6&7cc34d3e47ce43b09400fe9eca48ac2a&4e47ca3ffd3456e87e3115ca7a5e461e&a2fc700ff1e52a3fcee1e96e4a661485&06e325bef79c9682b84983e9ae92f691&f699d89bd7c719d0477061878f8744d3,https://v39.tiktokcdn-us.com/560a1525a0a95a0e064a962a43cea9c6/61e4fbda/video/tos/alisg/tos-alisg-pve-0037c001/88d0a2f0d8fd40f699e281a9c3b021f0/?a=1233&br=482&bt=241&cd=0%7C0%7C0&ch=0&cr=3&cs=2&cv=1&dr=0&ds=6&er=&ft=c~.Zm4L-gXoInz7T&l=20220116231706010113006021111587D7&lr=all&mime_type=video_mp4&net=0&pl=0&qs=11&rc=ajdzOXE6bDNyMzMzODczM0ApNTk1aTU8OGRoNzdoM2Y5aWdgMzExMm9rcDRgLS0yMTRzcy0zMTEyXmAvYi81MzAxLWI6Yw%3D%3D&vl=&vr=
36,v09044690000bugd0qjemvd778npkaug,8728,1625869&1015423&736932&474604,ea33d757da29413c4e7232ed10e18751&4e1207753be9164f87eb2ddd0dbcc618&d2ebce4be9969e12e8d084843d9afb57&663256ae833857a8379316c6083e32be&4394f7b51234a708444ce47eb6d034d4&61d758ac1c784bb8cbaebffa529c9f2a&fd097e24b51d110ecd52db0590104811&54929d08ba40fde7d4708e27725c5116,https://v39.tiktokcdn-us.com/ea33d757da29413c4e7232ed10e18751/61e4fbda/video/tos/useast2a/tos-useast2a-ve-0068c003/577f7868462848419672cfb56e32c139/?a=1233&br=3174&bt=1587&cd=0%7C0%7C0&ch=0&cr=3&cs=2&cv=1&dr=0&ds=3&er=&ft=c~.Zm4L-gXoInz7T&l=20220116231706010113006021111587D7&lr=all&mime_type=video_mp4&net=0&pl=0&qs=14&rc=amRzOzp5aHRneDMzPDczM0ApZGc2NmRoZDxpN2hlOTw1NWdyaGs0YWpnLWRfLS0zMTZzc2IzYV8xMmBiLTAuMC4wNC86Yw%3D%3D&vl=&vr=
37,v09044g40000c4oflj3c77ue62ip6i7g,18829,1005587&678099&416779,1ad5209fbc8659e9bcb6654a3e24afad&783f8fb5b488d551f9bc5181404fb0a2&a9357c3fd4b615a0e5d4d9b9606f7313&2ee1f81b263890574683ede2f935b18b&619597bfd81132f89382f845780910a9&5bc86a56d584d6771f5d21ac7b9296f4,https://v39.tiktokcdn-us.com/1ad5209fbc8659e9bcb6654a3e24afad/61e4fbe4/video/tos/useast2a/tos-useast2a-ve-0068c004/ba81bb2590184a42916525640ac6a34f/?a=1233&br=1964&bt=982&cd=0%7C0%7C0&ch=0&cr=3&cs=2&cv=1&dr=0&ds=6&er=&ft=c~.Zm4L-gXoInz7T&l=20220116231706010113006021111587D7&lr=all&mime_type=video_mp4&net=0&pl=0&qs=11&rc=amxzNWg6Zm1pNzMzNzczM0ApOTpnNDZkZ2U3Nzc7Zzg4OWc0M2YzcjQwaWxgLS1kMTZzc2AyNmA1MTRgNS40LjViM186Yw%3D%3D&vl=&vr=
38,v09044900000c1gk48v7hc99pahqgrq0,8637,2052471&1561356&980982&642068,beb2770f46f2a8b37a5f888061b815be&fa19a26d00ee108f58458921781e0df7&f36177b88470327e22b1a4fd4b5da032&a6fd1d8ad790436b1bf2ead6fbac0744&cf7195e654ec99650dc911ba916b43b3&10017734e00cb892d28d40db7e665b38&b70e1feb0efb75d8c2fd0654893be4eb&0da992d680ca8ac59d53db0634d3200d,https://v39.tiktokcdn-us.com/beb2770f46f2a8b37a5f888061b815be/61e4fbda/video/tos/useast2a/tos-useast2a-ve-0068c002/7eeeb48d29a048fb8a43c2e4f44e7786/?a=1233&br=4008&bt=2004&cd=0%7C0%7C0&ch=0&cr=3&cs=2&cv=1&dr=0&ds=3&er=&ft=c~.Zm4L-gXoInz7T&l=20220116231706010113006021111587D7&lr=all&mime_type=video_mp4&net=0&pl=0&qs=14&rc=M3V0ZDxmOjtuNDMzMzczM0ApOmUzOjc6aGQ5N2k2O2c2ZmduZGVtNmVzMWRgLS02MTZzc2FeM2MtMTEvMy8uNDA2NmI6Yw%3D%3D&vl=&vr=
39,v09044fd0000buhfv1j9iufl0fi5ir5g,19502,568440&460718&327550,643254dd27d8939cd87d2d4a3c29118b&cba066565ec74286a4fb2e1ccfe26092&89555a2803592c4ccf0435d86aea1f4c&67249e26b51ad231e10c3f273894e105&801a45c3eb839a15db1c4f2675057015&90f7a09677f631d3efbd3e9bce7a5008,https://v39.tiktokcdn-us.com/643254dd27d8939cd87d2d4a3c29118b/61e4fbe5/video/tos/useast2a/tos-useast2a-pve-0068/a27f7933c7584a20ab3fd6eb8b24a7cc/?a=1233&br=1110&bt=555&cd=0%7C0%7C0&ch=0&cr=3&cs=2&cv=1&dr=0&ds=6&er=&ft=c~.Zm4L-gXoInz7T&l=20220116231706010113006021111587D7&lr=all&mime_type=video_mp4&net=0&pl=0&qs=11&rc=anU4aW94PDRpeDMzZzczM0ApZ2U2ZTU7ZDw5NzNoZDg5NGcyZmYtY2Znc2VfLS1jMTZzc2MxMmJeL2BeMzM2XmIvMTQ6Yw%3D%3D&vl=&vr=
40,v12044gd0000c797pgbc77ucq7ijquug,16995,298431&235242&154197&125184,71f5b39daee3e9b758219b8a9e70032c&a09b82e92b8d4130304cf8955c14a65b&d01dddb996a3d0b02aa27e298949452b&649c8702016037da9dd33c7029c2000a&c997dee4923176a6f723b7a77f2b2895&fe7fab385ed235bfdd355a16eae6d006&6f1f5aefb072c64a4777c3428c8ca3fa&833d0cbd8d6d380ea629e5882e06cec3,https://v39.tiktokcdn-us.com/71f5b39daee3e9b758219b8a9e70032c/61e4fc33/video/tos/useast5/tos-useast5-pve-0068-tx/f62e02f024c540c89a00998f535a6845/?a=1233&br=582&bt=291&cd=0%7C0%7C0&ch=0&cr=3&cs=2&cv=1&dr=0&ds=3&er=&ft=c~.Zm4L-gXoInz7T&l=202201162318270101130062070B16366A&lr=all&mime_type=video_mp4&net=0&pl=0&qs=14&rc=anhtOmY6Zmo6OjMzZzczNEApOjM6NDc4aWRkNzVlODRpOWdybmZucjRfbTZgLS1kMS9zcy4vYmFhMV5jMzZeNjY1XjY6Yw%3D%3D&vl=&vr=
41,v09044g40000c3gscaris849rbdm91rg,14975,1649189&1352918&1157202&784297,536e89535d747018d84866e0136e7c66&61fc54f616cfc597b6c374af4ae65163&ea585140f75dd407c184efe11fcb90ed&8a49272f7fb25818251ee927307324c2&01d07272d55933a6ffd640adab8897c0&f69d5a531dab530a072cae6d163f1919&5cc3c0ebd57ac5cd5b59b3d5a26ee6c3&55408d233c9cebf0271f74c9317bd69e,https://v39.tiktokcdn-us.com/536e89535d747018d84866e0136e7c66/61e4fc31/video/tos/useast2a/tos-useast2a-pve-0068/9d511f5263d34272a97a3e7ab284c1ce/?a=1233&br=3220&bt=1610&cd=0%7C0%7C0&ch=0&cr=3&cs=2&cv=1&dr=0&ds=3&er=&ft=c~.Zm4L-gXoInz7T&l=202201162318270101130062070B16366A&lr=all&mime_type=video_mp4&net=0&pl=0&qs=14&rc=ajRwZTw7bGR2NjMzNzczM0ApNGg7ODYzNTxpNzw8aTllNGdvNmFvMXBvYGRgLS1kMTZzczIxXi1hNmJeNS02YS1gXjU6Yw%3D%3D&vl=&vr=
42,v09044g40000c3mrtfbc77uahb02m4jg,7149,1009186&814846&469416&322285,1502c1e12c38f3eb3040f253aad77c2f&748276b507730fc5e9f7aa2fe4af82f3&b2a1e0e78c719f1455202cbceb835a68&465820fba4a7d03fbdc6b694f33be7f6&0f8b23ebb8c6b0706e5be317bd5f48cc&47150a6b2caa693e5dbe1052949b4a42&08c313565a8f9f2fab4770746929603f&6ff998e888a8e6d82485331b67d4c1f8,https://v39.tiktokcdn-us.com/1502c1e12c38f3eb3040f253aad77c2f/61e4fc29/video/tos/useast2a/tos-useast2a-pve-0068/3ebc7ee2989f443883330b31dfab49f4/?a=1233&br=1970&bt=985&cd=0%7C0%7C0&ch=0&cr=3&cs=2&cv=1&dr=0&ds=3&er=&ft=c~.Zm4L-gXoInz7T&l=202201162318270101130062070B16366A&lr=all&mime_type=video_mp4&net=0&pl=0&qs=14&rc=ajc1ZWQ6Zml1NjMzNzczM0ApOWg2NjxmNDw2NzY8OTg4Z2dnai1lcjRfcWpgLS1kMTZzczA1LWJgYy9jYi9eMGIvXjY6Yw%3D%3D&vl=&vr=
43,v09044g40000c442udjc77u82pan8nr0,10773,532271&468564&315901,541ccd72ecccfe3704eadef77ad2930d&bd79dd381ab4c4197aec34faaca8730c&899974dbed31b94df99ef9775dfeb19a&fc9a16e59138840bd8d8391e231cde6a&8089201392e2153b61e565950e4936b4&8df8295837d0ca822f3c9a5cdebeb425,https://v39.tiktokcdn-us.com/541ccd72ecccfe3704eadef77ad2930d/61e4fc2d/video/tos/useast2a/tos-useast2a-ve-0068c004/8ef5572352a949ec98150aec8025dd70/?a=1233&br=1038&bt=519&cd=0%7C0%7C0&ch=0&cr=3&cs=2&cv=1&dr=0&ds=6&er=&ft=c~.Zm4L-gXoInz7T&l=202201162318270101130062070B16366A&lr=all&mime_type=video_mp4&net=0&pl=0&qs=11&rc=M3Fxczs6Zmc1NzMzNzczM0ApOWdkPDllaDtlNzs0aDdmNmdvNV4vcjRncjFgLS1kMTZzczFiXzQzNjU0NV9fLWBfXl86Yw%3D%3D&vl=&vr=
44,v09025g40000c5tphj3c77u9non5uja0,11632,391326&216922&156694,9db3d9cab2a263de1776e3b7bd029622&5f3783f780f5e05cfe4858da991cdc2b&7ce694cd9bf51c7b4c2c6a3f0a040019&f9110c600aa4ed30b8c449d8558a1165&74512796bbbe9afed267cd2f650f509e&23e607b6eb7831bab852c861d4f2c4f5,https://v39.tiktokcdn-us.com/9db3d9cab2a263de1776e3b7bd029622/61e4fc2e/video/tos/useast2a/tos-useast2a-pve-0068/0db5a52be4814ca482755ba7b47a0966/?a=1233&br=764&bt=382&cd=0%7C0%7C0&ch=0&cr=3&cs=2&cv=1&dr=0&ds=6&er=&ft=c~.Zm4L-gXoInz7T&l=202201162318270101130062070B16366A&lr=all&mime_type=video_mp4&net=0&pl=0&qs=11&rc=M204cjw6Zm1zODMzNzgzM0ApZmZkOGdkaTs0NztmODk3aGdecmtrcjQwZXFgLS1kLzZzc2BjMWAwLTRfMC8wYmAuNGI6Yw%3D%3D&vl=&vr=
45,v09044g40000c31h4berlhljq0la6gmg,11702,1276937&955175&436320&297005,b95d7b4f276fa70fe3f541cd54287011&433a8ff905819855e1b6f7001850ba0a&de7eb3e79af76b0843b4822742d8e369&272dae0f952943668394d5de67484b17&7a41d1bf466dfc0fe28d58d91637b368&405572251fbe8ec1a34942558ce393c1&83f93438d4f8de28f21d42a70c9613e7&fb86c2dfe842fc5282e11db714a261af,https://v39.tiktokcdn-us.com/b95d7b4f276fa70fe3f541cd54287011/61e4fc2e/video/tos/useast2a/tos-useast2a-ve-0068c001/c3efc14c6e3045bb9d9a7123d0c5447d/?a=1233&br=2494&bt=1247&cd=0%7C0%7C0&ch=0&cr=3&cs=2&cv=1&dr=0&ds=3&er=&ft=c~.Zm4L-gXoInz7T&l=202201162318270101130062070B16366A&lr=all&mime_type=video_mp4&net=0&pl=0&qs=14&rc=ampkM21rdWVrNjMzNzczM0ApZ2g5Njs0PGVoNzNkNzdoPGdqM2luaWliMS5gLS1kMTZzczBjYGMyLjQ2My4uLTYyMjE6Yw%3D%3D&vl=&vr=
46,v09044g40000c3r8kabc77u0jldggbg0,12769,2330361&1704943&1469448&996082,6555068e161a0dba61f1bb9c231c127c&3f69631369ad54067423afdc567e2b2d&3e6cfd49ad29f25384e74236efabdf5b&ae17022a99622d475b65213247e5f5a5&cdcf3374841390e8a965a519ff3a4811&495ccaee0f07561e097cabc9316132c2&d3212e1f255c3063dd9c2dd4f55e9cea&642a03612f27be100b77fbb22db3b311,https://v39.tiktokcdn-us.com/6555068e161a0dba61f1bb9c231c127c/61e4fc2f/video/tos/useast2a/tos-useast2a-pve-0068/8cab7da36e664048988304d7ef7a47b7/?a=1233&br=4550&bt=2275&cd=0%7C0%7C0&ch=0&cr=3&cs=2&cv=1&dr=0&ds=3&er=&ft=c~.Zm4L-gXoInz7T&l=202201162318270101130062070B16366A&lr=all&mime_type=video_mp4&net=0&pl=0&qs=14&rc=M2VqbzM6ZmQ7NjMzNzczM0ApaDY2PGk8aTs8NzhpPDg8OmdkZGFncjRfaG9gLS1kMTZzcy1jY2BgMF5iMjQwLS8wYGA6Yw%3D%3D&vl=&vr=
47,v09044g40000c4kh153c77u3i2t1e3f0,20710,790267&584037&389756&259282,da20fa9103765eaea1c629ad7aef50d8&1f0876d752fa7a4c08952202420e3d60&44936bfc8f4725d9fa967300aef88999&5f9bc17eacd5a9faaccbc527375ba774&1994fd430604f24e40d47f62650affec&83225c8b0d892135f6eb2bb5d7dc5218&0c679ad43b25089fe9d2f52459e068bf&065066747d62b362ec91ccb697aab7bc,https://v39.tiktokcdn-us.com/da20fa9103765eaea1c629ad7aef50d8/61e4fc37/video/tos/useast2a/tos-useast2a-ve-0068c004/fc7e9f17e2344ce89e8aa991b7d0e895/?a=1233&br=1542&bt=771&cd=0%7C0%7C0&ch=0&cr=3&cs=2&cv=1&dr=0&ds=3&er=&ft=c~.Zm4L-gXoInz7T&l=202201162318270101130062070B16366A&lr=all&mime_type=video_mp4&net=0&pl=0&qs=14&rc=MzY0NTY6ZjhrNzMzNzczM0ApOGY1OzNoNjs2NzZlM2UzOWdjYnFmcjQwLmhgLS1kMTZzc2IzLy1iNjNeYC4uMTIuLTA6Yw%3D%3D&vl=&vr=
48,v10044g50000c46ig0bc77u3svl4snj0,15439,1003742&711074&460554,cbb4e8412c5e4aea081235e2adece87f&c722ef3e040995e79a1950c6bbc79fb8&cc5d3162d207dbe6cfedadb25742fd0c&6dc1f04c05540e03a17034147e8e91c8&2944843849c5973ff066b6a8810c96d0&4fcbbe3764ba6cb2831736e66a36f539,https://v39.tiktokcdn-us.com/cbb4e8412c5e4aea081235e2adece87f/61e4fc32/video/tos/alisg/tos-alisg-pve-0037c001/e423ff66fd7745cca108a9f2edb90248/?a=1233&br=1960&bt=980&cd=0%7C0%7C0&ch=0&cr=3&cs=2&cv=1&dr=0&ds=6&er=&ft=c~.Zm4L-gXoInz7T&l=202201162318270101130062070B16366A&lr=all&mime_type=video_mp4&net=0&pl=0&qs=11&rc=M3E3eTY6ZjNsNzMzODczNEApOzk4M2Q2OTtoNzxpOWhoZGdncGlwcjRfZDNgLS1kMS1zczItY19iMzNhYzJfYTExYTI6Yw%3D%3D&vl=&vr=
49,v09044g40000c34mtnth8h41mpjnku00,7382,1175019&925927&534792&327161,114e109d6dd3aabe9a6772e524887242&a58ffe5437727da2c7bd87e828e0a7e1&e40d9a953341e12812a4edd4ea815222&2a90a9d10f1783e89fe9f0d23e700483&30eae909c33badfb822aa86bc7f9bd06&58ca58a006b858bc92c33daa96cd456e&f36f4dff94eb20eef509aa70c4909dd1&627e06b38488a84871d2fa072a1bcee2,https://v39.tiktokcdn-us.com/114e109d6dd3aabe9a6772e524887242/61e4fc2a/video/tos/useast2a/tos-useast2a-ve-0068c002/18dc538910c34b97b0ba2334398c0c1c/?a=1233&br=2294&bt=1147&cd=0%7C0%7C0&ch=0&cr=3&cs=2&cv=1&dr=0&ds=3&er=&ft=c~.Zm4L-gXoInz7T&l=202201162318270101130062070B16366A&lr=all&mime_type=video_mp4&net=0&pl=0&qs=14&rc=M3hxczRra3FwNjMzNzczM0ApOmVnZTNmPGVkNzg5OjMzZmctaGdqMTVxcTFgLS1kMTZzczBeYDMyMS1iXjE2L2BgYjU6Yw%3D%3D&vl=&vr=
50,v12044gd0000c6438f3c77uf5sb2qspg,7637,438273&308591&211521&145661,656a722d92f89ae0f1acfa35f6672ba5&95712b20e9b3289434c07e177fce56ff&6e23720fd349d14774298bed434ca549&a6fc23ac0d80b84024484bf9fd668146&60147c8bc99ac83ed9caa77fbe459f91&5dc281fafd57b6f83d43e9778eceaadd&d5d60e748b66cddff947ecc4e1bac6f3&9b9e1e6496a76e302b7d99b996740c07,https://v16m.tiktokcdn-us.com/656a722d92f89ae0f1acfa35f6672ba5/61e4fc5c/video/tos/useast5/tos-useast5-ve-0068c004-tx/76d2b8ec07e045ac97babd32e7849b66/?a=1233&br=856&bt=428&cd=0%7C0%7C0&ch=0&cr=3&cs=2&cv=1&dr=0&ds=3&er=&ft=c~.Zm4L-gXoInz7T&l=202201162319170101130060290A192CFD&lr=all&mime_type=video_mp4&net=0&pl=0&qs=14&rc=anY1dmk6Zmk2OTMzZzczNEApNTM7PDplZDs3N2k3NTQ0NGdtbl8ycjQwNTFgLS1kMS9zcy1iMTNhMjVgXzFhX2MvNWI6Yw%3D%3D&vl=&vr=
51,v09044g40000c3odp7bc77u6gocp9d6g,6662,1213038&1048223&705115,740022f102400168d22d23821a9090ca&432a50c13904f35dcbfd9e8bfcafae33&a8b2f8da91304390cc32e69e0e1c57cc&80ed259a8902bd3c60092e4de11d1055&9caf312f36e1b1e52d204990c740fff6&ceac34a90e6a0ef13c08e64c19e19bc1,https://v16m.tiktokcdn-us.com/740022f102400168d22d23821a9090ca/61e4fc5b/video/tos/useast2a/tos-useast2a-ve-0068c003/de59c410050643d6ae007381bedffa4e/?a=1233&br=2368&bt=1184&cd=0%7C0%7C0&ch=0&cr=3&cs=2&cv=1&dr=0&ds=6&er=&ft=c~.Zm4L-gXoInz7T&l=202201162319170101130060290A192CFD&lr=all&mime_type=video_mp4&net=0&pl=0&qs=11&rc=amdzcjk6ZjpnNjMzNzczM0ApOTQ2NzdlPDs1N2Q8ZWc4N2czNmBkcjRfbWxgLS1kMTZzc2MvNS8tMy8zYDItXzIvLWA6Yw%3D%3D&vl=&vr=
52,v09044g40000c4ogfhrc77u057cokt50,11283,1788582&1332930&1009342&674293,ba272ad9ead0b58dab6223253c7944e5&a7a696c288f52a7e2c6219bd23c470e1&ba75852480119a2f7bd29879d2941cd0&1f22105e4ce18882b9c0326a7c914ff2&74aa57aae6293773f3a6260a5080d56b&f6b01aebc98e4184c3c711133f50e7e4&a28f47f651deffe480c1c34abd7be6d9&27c729ab0647116d6a9bf6d9d68ef619,https://v16m.tiktokcdn-us.com/ba272ad9ead0b58dab6223253c7944e5/61e4fc60/video/tos/useast2a/tos-useast2a-ve-0068c004/37fdace7ea5e47a28e67f8ddd291d8cf/?a=1233&br=3492&bt=1746&cd=0%7C0%7C0&ch=0&cr=3&cs=2&cv=1&dr=0&ds=3&er=&ft=c~.Zm4L-gXoInz7T&l=202201162319170101130060290A192CFD&lr=all&mime_type=video_mp4&net=0&pl=0&qs=14&rc=M3dyOjM6ZmtqNzMzNzczM0ApNTQ1PGg2NTxmN2dkOzc6ZGcyaGAycjRvY2xgLS1kMTZzczA1Xy9gMC5gXzZjMC9eMl86Yw%3D%3D&vl=&vr=
53,v09044g40000c2gsjnial962u1po35p0,6430,770553&599707&407073,bdcdabba7a6bba3aa8da37f80b81d65c&8a8a66169dafa25175d73d933ce0fc53&ce30f3c45c0cd910f4737f8d89519e0f&563410684a1bcc84ba4c0bbff73af92d&082d9b291e9d215420ce1779b00498b0&67b67150465c9e1999606c6ba29fe279,https://v16m.tiktokcdn-us.com/bdcdabba7a6bba3aa8da37f80b81d65c/61e4fc5b/video/tos/useast2a/tos-useast2a-ve-0068c003/c87454664ebb4e1a9171e23979c58e98/?a=1233&br=1504&bt=752&cd=0%7C0%7C0&ch=0&cr=3&cs=2&cv=1&dr=0&ds=6&er=&ft=c~.Zm4L-gXoInz7T&l=202201162319170101130060290A192CFD&lr=all&mime_type=video_mp4&net=0&pl=0&qs=11&rc=MzhyNDU8ZHF2NTMzNzczM0ApZzg8Mzc7OjtmN2g4ZGdkOmdtMG1yM2lmZ2RgLS1kMTZzczAxMDY2LjI1Nl4zNS5iYDU6Yw%3D%3D&vl=&vr=
54,v09044310000bmoil77ho6foanv5jaj0,8267,1413832&978032&948578&551346,4fce812410d08df190190996f560d703&bf6a5eedfff3ed19ab37c1204b4d107f&39fff8e1de1ed5509f2831d3f92a760e&dddaa40c1f965eacb7d82754d277548f&6dfa537c3f1c8f9e28febcdd247e9709&1916ec3bb56df8f2f5be9daa7327c10b&39fbd14c1cee5af85fe1a8b46f90d2db&86110bceba1d70a92f6abeefbbcd5497,https://v16m.tiktokcdn-us.com/4fce812410d08df190190996f560d703/61e4fc5d/video/tos/useast2a/tos-useast2a-ve-0068/ddd5955b873440ed8f5b7bf11392250d/?a=1233&br=2760&bt=1380&cd=0%7C0%7C0&ch=0&cr=3&cs=2&cv=1&dr=0&ds=3&er=&ft=c~.Zm4L-gXoInz7T&l=202201162319170101130060290A192CFD&lr=all&mime_type=video_mp4&net=0&pl=0&qs=14&rc=M2Q4cXI5azpscDMzNDczM0ApaWVmNDQ3NztoNztlODY4OWdnZ3NeY2w0aWxfLS0wMTZzc19fMi00Nl8zMTVjYy0yY146Yw%3D%3D&vl=&vr=
55,v09044g40000c410g73c77uf1vhdufc0,8635,1640421&1292537&1074754&697653,52bf7b8a1b18834e19a7b380764557cb&b979e654990491e7bd10b2542f496907&cf5f5f91f5c9d24296792e25238c7e51&e058dcb6ba746a24ebb45949470b60dc&07447b91eea1ef4eff34e7884a050342&0980a0077c64dd947623632a3a6294f9&75a9b88d6ac5f7bfa34e40cfb51ea56f&ed1ac9342c21feeaae7fc155729b077e,https://v16m.tiktokcdn-us.com/52bf7b8a1b18834e19a7b380764557cb/61e4fc5d/video/tos/useast2a/tos-useast2a-pve-0068/186f2293eddc429e855872f618200d52/?a=1233&br=3202&bt=1601&cd=0%7C0%7C0&ch=0&cr=3&cs=2&cv=1&dr=0&ds=3&er=&ft=c~.Zm4L-gXoInz7T&l=202201162319170101130060290A192CFD&lr=all&mime_type=video_mp4&net=0&pl=0&qs=14&rc=M2lneWk6ZjozNzMzNzczM0ApaGc8OTNmNGU7NzUzODU8M2dgcmUucjQwZC5gLS1kMTZzczAyMS4zYjFgMC00M2AyLWA6Yw%3D%3D&vl=&vr=
56,v09044g40000c3ai05e0nro67dgk3fbg,9286,1284202&756360&437868&275058,6dc253a01edd8d1f8607332f19128239&89f871cb70ae1e78ecde1319f969a323&45ac15c66d8713cc991e45534ad00511&af600d616c101259bc8a33d7d4d80eb1&5bb39f2dd2d2787a41cf028adbc23fc4&d8d69f4bcadd8417c0123c3e0deeda08&064ebabdb74c9ea4d468729840b4bd4d&bb859f980936c0e615edf408cdab5330,https://v16m.tiktokcdn-us.com/6dc253a01edd8d1f8607332f19128239/61e4fc5e/video/tos/useast2a/tos-useast2a-pve-0068/e6e3a6962bc94b55b4ea6c5013954c7f/?a=1233&br=2508&bt=1254&cd=0%7C0%7C0&ch=0&cr=3&cs=2&cv=1&dr=0&ds=3&er=&ft=c~.Zm4L-gXoInz7T&l=202201162319170101130060290A192CFD&lr=all&mime_type=video_mp4&net=0&pl=0&qs=14&rc=amluZzl1MzhsNjMzNzczM0ApNGc3Zmk5Zjw2NzxlZ2RnPGdfMGQ0bGtiLV5gLS1kMTZzczJjNS8tYGIvLmI1Y180YS86Yw%3D%3D&vl=&vr=
57,v09044g40000c45clkjc77u4160srdj0,19781,594321&416882&283318&196864,3ca0b0f77ad87ed4dcb9c5983008a27d&c0e34f50d005b45134c9737c3cf397ad&1d2fb25627b7b3f6f909a1b3ff811afe&298485fd2c5728bf701c344b117137b4&df60138899968d8e273b78cd4408f234&ff4c2d3dc11aaba06dfa6099d1b1d22c&670a6b3a10a10b69a1d851821415b129&99c95b2dbffea7fe9f04600a08b8845a,https://v16m.tiktokcdn-us.com/3ca0b0f77ad87ed4dcb9c5983008a27d/61e4fc68/video/tos/useast2a/tos-useast2a-ve-0068c001/f9d901e8f28941f9bfce8994d038f273/?a=1233&br=1160&bt=580&cd=0%7C0%7C0&ch=0&cr=3&cs=2&cv=1&dr=0&ds=3&er=&ft=c~.Zm4L-gXoInz7T&l=202201162319170101130060290A192CFD&lr=all&mime_type=video_mp4&net=0&pl=0&qs=14&rc=M2d2OTc6Zm5mNzMzNzczM0ApZDw6PDg8OTw6NzpoOztmPGdnby0ucjRnaTJgLS1kMTZzc2ItYzZiMjQvXi8zYy4uNjA6Yw%3D%3D&vl=&vr=
58,v09044g40000c4aqt4bc77uek70jn260,14603,853714&490562&304377,e949beda0aea9a6e4e991214819bf445&a61951c35e5cd857852cb476f20cf7c9&b22af70dca1d04d2a46ccbf75f41e788&2d9a989131aed7944971ad7892ff1b3e&846d0be827fa81cd7b308bf2b6026322&9cd1a224192f01085a176b77d0f04efa,https://v16m.tiktokcdn-us.com/e949beda0aea9a6e4e991214819bf445/61e4fc63/video/tos/useast2a/tos-useast2a-ve-0068c003/f5ab0881c8614d2997fc3563a380cca5/?a=1233&br=1666&bt=833&cd=0%7C0%7C0&ch=0&cr=3&cs=2&cv=1&dr=0&ds=6&er=&ft=c~.Zm4L-gXoInz7T&l=202201162319170101130060290A192CFD&lr=all&mime_type=video_mp4&net=0&pl=0&qs=11&rc=MzVtOmg6Zjd0NzMzNzczM0ApZ2lnPGlkPDw8NzM6aGQ4aGczay1ocjRfcV5gLS1kMTZzcy0tX2JjX18yMzM2LmFhNTM6Yw%3D%3D&vl=&vr=
59,v09044g40000c3vdmejc77u7uoaiehrg,11330,566505&438577&226220&162988,434ca439366f3eabe687dd1d9137516f&2f61faaefb154893b17f167754cc2113&bf2a317dcfc6dae301f5726434d2dcd4&22b505043415266eea151a1b7d74860f&478342df52ee144e2498f75f19c65c92&266ba3b1aa0085eecb87493f17824094&e090a4a393b81dfe59c7a74996fe2e1c&38e59610f97b7edb2b6674f1aca4a049,https://v16m.tiktokcdn-us.com/434ca439366f3eabe687dd1d9137516f/61e4fc60/video/tos/useast2a/tos-useast2a-pve-0068/dd6af54476d34c538cb4008e341b415b/?a=1233&br=1106&bt=553&cd=0%7C0%7C0&ch=0&cr=3&cs=2&cv=1&dr=0&ds=3&er=&ft=c~.Zm4L-gXoInz7T&l=202201162319170101130060290A192CFD&lr=all&mime_type=video_mp4&net=0&pl=0&qs=14&rc=amtscjo6ZmhnNjMzNzczM0ApOzVmNDg0Ojs8N2g7OWk2ZmdvYl5ycjRnanNgLS1kMTZzc2A0YTQ2NDMtMjExNDQwLS06Yw%3D%3D&vl=&vr=
