video/mp4, bytesbytes 0-1133081/1133082, 1642374761.6664577, 1642374761.6675727, 1642374761.6786091, 1642374762.7553897, v19-us.tiktokcdn.com, 2a2dc9b96a470b13eb462d0b810c7754, /2a2dc9b96a470b13eb462d0b810c7754/61e4fad1/video/tos/useast2a/tos-useast2a-ve-0068c002/335e7d2f1c2046918988b2c6357a9bec/?a=1233&br=2166&bt=1083&cd=0%7C0%7C0&ch=0&cr=3&cs=2&cv=1&dr=0&ds=3&er=&ft=xo5uS4L-gXoInz7T&l=20220116231240010191053215209DA028&lr=all&mime_type=video_mp4&net=0&pl=0&qs=14&rc=M3Q2ZzM6ZmQ7OTMzNzczM0ApaDk6M2Q5ZTszNzxnPDQ4O2cxNl9mcjRvZmVgLS1kMTZzcy5eX2NjLy9hXy5iYjFjLjY6Yw%3D%3D&vl=&vr=
video/mp4, bytesbytes 0-645701/645702, 1642374767.7797763, 1642374767.7805505, 1642374767.8174443, 1642374768.3030827, v16m-us.tiktokcdn.com, d1c0ec6166548d5f9fc14eb8e56685da, /d1c0ec6166548d5f9fc14eb8e56685da/61e4fad7/video/tos/maliva/tos-maliva-ve-0068c799-us/853de7c52a3d43a38ec600613ea87759/?a=1233&br=1094&bt=547&cd=0%7C0%7C0&ch=0&cr=3&cs=2&cv=1&dr=0&ds=3&er=&ft=.NpOiIFh7KNWH6BhrwmiLo&l=20220116231245010191043161141BD231&lr=all&mime_type=video_mp4&net=0&pl=0&qs=14&rc=ajs3ZDo6ZjM1OjMzZzczNEApZDg0PDo5OmVnN2g5OWlmNGdpczRxcjRnamNgLS1kMS9zc2IuMDQ0YjQ1MC9iNDAtXjM6Yw%3D%3D&vl=&vr=
video/mp4, bytesbytes 0-569298/569299, 1642374772.3303137, 1642374772.3319247, 1642374772.3686574, 1642374775.156096, v16m-us.tiktokcdn.com, 5fe3254790b23b86694811e4c7689327, /5fe3254790b23b86694811e4c7689327/61e4fad6/video/tos/useast2a/tos-useast2a-ve-0068c002/937b39261e5343fdb79ff7b8ebc7261c/?a=1233&br=1018&bt=509&cd=0%7C0%7C0&ch=0&cr=3&cs=2&cv=1&dr=0&ds=6&er=&ft=.NpOiIFh7KNWH6BhrwmiLo&l=20220116231245010191043161141BD231&lr=all&mime_type=video_mp4&net=0&pl=0&qs=4&rc=amYzNDg6ZjxlOjMzNzgzM0ApZDc2NDM7NWVmNzhnN2VoZGdzNi9pcjQwYGRgLS1kLzZzcy8wMzMyMjEyNTE2NGE0Ly46Yw%3D%3D&vl=&vr=
video/mp4, bytes, 1642374809.1833994, 1642374809.1845074, 1642374809.1936872, 1642374809.570566, v19.tiktokcdn-us.com, 98263e8e1460b4635ff73a20613fe7d3, /98263e8e1460b4635ff73a20613fe7d3/61e4faee/video/tos/useast2a/tos-useast2a-ve-0068c004/c0f25d1b31ba4b86a90cb22cfe1b1294/?a=1233&br=1116&bt=558&cd=0%7C0%7C0&ch=0&cr=3&cs=2&cv=1&dr=0&ds=6&er=&ft=c~.Zm4L-gXoInz7T&l=202201162313110101131352330F12AC7B&lr=all&mime_type=video_mp4&net=0&pl=0&qs=4&rc=anRuNnZvNHNodzMzODczM0ApZjk8NWg5PGVoNzZlZGQ3OmdtYnJpNTJzXnJfLS1iMTZzczMuMF5hMmBhM2NfMi1gYTY6Yw%3D%3D&vl=&vr=
video/mp4, bytesbytes 0-1005419/1005420, 1642374809.8897622, 1642374809.8913355, 1642374809.9008281, 1642374810.5556378, v19.tiktokcdn-us.com, ec67b5b2b322950a08ecf540b5f7f7a5, /ec67b5b2b322950a08ecf540b5f7f7a5/61e4faf3/video/tos/useast5/tos-useast5-ve-0068c004-tx/7fb7755292e94b97ae2acf9bbfa03fe3/?a=1233&br=1250&bt=625&cd=0%7C0%7C0&ch=0&cr=3&cs=2&cv=1&dr=0&ds=6&er=&ft=c~.Zm4L-gXoInz7T&l=202201162313110101131352330F12AC7B&lr=all&mime_type=video_mp4&net=0&pl=0&qs=11&rc=M2RmZGQ6ZjNzOjMzZzczNEApMzY7PDVoNWVlNzQ5aTppN2drLWxocjRnc19gLS1kMS9zcy4vYF5hMDA0NjI2MzNhYC86Yw%3D%3D&vl=&vr=
video/mp4, bytesbytes 0-1024000/2209343, 1642374810.977181, 1642374810.9781036, 1642374810.986835, 1642374811.8018024, v19.tiktokcdn-us.com, 03fd471664daf551db2159dbea1c21f8, /03fd471664daf551db2159dbea1c21f8/61e4fafb/video/tos/useast2a/tos-useast2a-ve-0068c003/a3916a82751449e5bc996d3ea4c44e77/?a=1233&br=1710&bt=855&cd=0%7C0%7C0&ch=0&cr=3&cs=2&cv=1&dr=0&ds=6&er=&ft=c~.Zm4L-gXoInz7T&l=202201162313110101131352330F12AC7B&lr=all&mime_type=video_mp4&net=0&pl=0&qs=5&rc=ajx1NTU6ZmdqOTMzNzczM0ApZmk0NjlpOGQ4N2U4NTg8aGcwcTEucjQwbnJgLS1kMTZzc2EzYGBjLTYyNTNgYi1fNTY6Yw%3D%3D&vl=&vr=
video/mp4, bytesbytes 0-1024000/1434945, 1642374812.2643085, 1642374812.2655, 1642374812.2760775, 1642374813.1604748, v19.tiktokcdn-us.com, 5c322c8b08b5732122d6d734c7966235, /5c322c8b08b5732122d6d734c7966235/61e4faf8/video/tos/useast2a/tos-useast2a-ve-0068c003/50066f8f4d2b488ba152414c82b60e3c/?a=1233&br=1258&bt=629&cd=0%7C0%7C0&ch=0&cr=3&cs=2&cv=1&dr=0&ds=6&er=&ft=c~.Zm4L-gXoInz7T&l=202201162313110101131352330F12AC7B&lr=all&mime_type=video_mp4&net=0&pl=0&qs=11&rc=anZ3NmhraW1tNDMzNzczM0ApZjw7NmQ1OWQ8N2hoZjU2OGdubmg0Ml9oYGhgLS1kMTZzczZhNi8tMDJiMzRfMTRiNTY6Yw%3D%3D&vl=&vr=
video/mp4, bytesbytes 0-1024000/3199001, 1642374814.7276504, 1642374814.7292285, 1642374814.7406194, 1642374815.5181077, v19.tiktokcdn-us.com, b47517702e1ef7bfc52e66cb7f8f6029, /b47517702e1ef7bfc52e66cb7f8f6029/61e4fb14/video/tos/useast2a/tos-useast2a-pve-0068/d71c0e8d4bdd441cb28765ca3433472b/?a=1233&br=1084&bt=542&cd=0%7C0%7C0&ch=0&cr=3&cs=2&cv=1&dr=0&ds=3&er=&ft=c~.Zm4L-gXoInz7T&l=202201162313110101131352330F12AC7B&lr=all&mime_type=video_mp4&net=0&pl=0&qs=14&rc=M25oMzw6ZjhqNjMzNzczM0ApN2kzaWQ4NDtmN2c6ZTg8aWdrYjJlcjRfNmlgLS1kMTZzczA0YmNjY2AtYDI2MDBfNjY6Yw%3D%3D&vl=&vr=
video/mp4, bytesbytes 0-1024000/1181632, 1642374815.9891458, 1642374815.9901497, 1642374816.0024755, 1642374816.766727, v19.tiktokcdn-us.com, 73aa2cd154a33276306a306b02452b84, /73aa2cd154a33276306a306b02452b84/61e4faf7/video/tos/useast2a/tos-useast2a-pve-0068/353eea5c512a4e96bf4aed8f1a7c9fe9/?a=1233&br=1108&bt=554&cd=0%7C0%7C0&ch=0&cr=3&cs=2&cv=1&dr=0&ds=3&er=&ft=c~.Zm4L-gXoInz7T&l=202201162313110101131352330F12AC7B&lr=all&mime_type=video_mp4&net=0&pl=0&qs=14&rc=MzZ4bjQ6ZmtoNzMzNzczM0ApODc0NGk0NmVlN2Q7OjczM2c0MGRjcjQwci9gLS1kMTZzcy8tMWFiYS5fMzIyNTUxXy06Yw%3D%3D&vl=&vr=
video/mp4, bytesbytes 0-1024000/1492687, 1642374831.0048406, 1642374831.0069149, 1642374831.0211217, 1642374831.921019, v19.tiktokcdn-us.com, 7444897d54032ec924072b6c076d96dd, /7444897d54032ec924072b6c076d96dd/61e4fafe/video/tos/useast2a/tos-useast2a-ve-0068c004/02c11bae6e0c4bbaa3a6e4b386e22249/?a=1233&br=980&bt=490&cd=0%7C0%7C0&ch=0&cr=3&cs=2&cv=1&dr=0&ds=6&er=&ft=c~.Zm4L-gXoInz7T&l=202201162313110101131352330F12AC7B&lr=all&mime_type=video_mp4&net=0&pl=0&qs=4&rc=amQ1NTN2aDpmNjMzNzczM0ApNmg5OTw2ODtnNzhoO2RlNWc0LmVxZWpmNjBgLS1kMTZzczQyLy8wYjAyLl9jL2JjXjQ6Yw%3D%3D&vl=&vr=
video/mp4, bytesbytes 1024000-2209342/2209343, 1642374832.6819263, 1642374832.6839345, 1642374832.7178557, 1642374834.5380628, v19.tiktokcdn-us.com, 03fd471664daf551db2159dbea1c21f8, /03fd471664daf551db2159dbea1c21f8/61e4fafb/video/tos/useast2a/tos-useast2a-ve-0068c003/a3916a82751449e5bc996d3ea4c44e77/?a=1233&br=1710&bt=855&cd=0%7C0%7C0&ch=0&cr=3&cs=2&cv=1&dr=0&ds=6&er=&ft=c~.Zm4L-gXoInz7T&l=202201162313110101131352330F12AC7B&lr=all&mime_type=video_mp4&net=0&pl=0&qs=5&rc=ajx1NTU6ZmdqOTMzNzczM0ApZmk0NjlpOGQ4N2U4NTg8aGcwcTEucjQwbnJgLS1kMTZzc2EzYGBjLTYyNTNgYi1fNTY6Yw%3D%3D&vl=&vr=
video/mp4, bytesbytes 1024000-1434944/1434945, 1642374835.0287166, 1642374835.0409534, 1642374835.0833585, 1642374835.5068016, v19.tiktokcdn-us.com, 5c322c8b08b5732122d6d734c7966235, /5c322c8b08b5732122d6d734c7966235/61e4faf8/video/tos/useast2a/tos-useast2a-ve-0068c003/50066f8f4d2b488ba152414c82b60e3c/?a=1233&br=1258&bt=629&cd=0%7C0%7C0&ch=0&cr=3&cs=2&cv=1&dr=0&ds=6&er=&ft=c~.Zm4L-gXoInz7T&l=202201162313110101131352330F12AC7B&lr=all&mime_type=video_mp4&net=0&pl=0&qs=11&rc=anZ3NmhraW1tNDMzNzczM0ApZjw7NmQ1OWQ8N2hoZjU2OGdubmg0Ml9oYGhgLS1kMTZzczZhNi8tMDJiMzRfMTRiNTY6Yw%3D%3D&vl=&vr=
video/mp4, bytesbytes 1024000-3199000/3199001, 1642374837.9336374, 1642374837.9370859, 1642374837.985237, 1642374840.502421, v19.tiktokcdn-us.com, b47517702e1ef7bfc52e66cb7f8f6029, /b47517702e1ef7bfc52e66cb7f8f6029/61e4fb14/video/tos/useast2a/tos-useast2a-pve-0068/d71c0e8d4bdd441cb28765ca3433472b/?a=1233&br=1084&bt=542&cd=0%7C0%7C0&ch=0&cr=3&cs=2&cv=1&dr=0&ds=3&er=&ft=c~.Zm4L-gXoInz7T&l=202201162313110101131352330F12AC7B&lr=all&mime_type=video_mp4&net=0&pl=0&qs=14&rc=M25oMzw6ZjhqNjMzNzczM0ApN2kzaWQ4NDtmN2c6ZTg8aWdrYjJlcjRfNmlgLS1kMTZzczA0YmNjY2AtYDI2MDBfNjY6Yw%3D%3D&vl=&vr=
video/mp4, bytesbytes 0-1024000/3653700, 1642374841.3464103, 1642374841.3488955, 1642374841.3586004, 1642374842.364452, v19.tiktokcdn-us.com, 19c89d0012776a132b80bb4e58108545, /19c89d0012776a132b80bb4e58108545/61e4fb19/video/tos/useast2a/tos-useast2a-ve-0068c001/5bc95ee24c964e9b933f7770c02b2951/?a=1233&br=1136&bt=568&cd=0%7C0%7C0&ch=0&cr=3&cs=2&cv=1&dr=0&ds=6&er=&ft=c~.Zm4L-gXoInz7T&l=202201162313110101131352330F12AC7B&lr=all&mime_type=video_mp4&net=0&pl=0&qs=5&rc=M2plODQ6ZjllNjMzNzczM0ApNWUzOGQ7NTw4Nzg8ZWU8O2drLmJucjQwLnBgLS1kMTZzczBjNjQvMDZeYS8xNGEvMDA6Yw%3D%3D&vl=&vr=
video/mp4, bytesbytes 0-283561/283562, 1642374842.872088, 1642374842.8753676, 1642374842.9047122, 1642374843.275458, v19.tiktokcdn-us.com, af5b8f8635e9448b36736104c2479f59, /af5b8f8635e9448b36736104c2479f59/61e4faed/video/tos/useast2a/tos-useast2a-ve-0068c003/c82291f2f7744bbabb097f3a38918c6a/?a=1233&br=666&bt=333&cd=0%7C0%7C0&ch=0&cr=3&cs=2&cv=1&dr=0&ds=6&er=&ft=c~.Zm4L-gXoInz7T&l=202201162313110101131352330F12AC7B&lr=all&mime_type=video_mp4&net=0&pl=0&qs=4&rc=anVseHJvbmdtdTMzZjczM0ApZWc2M2g4PDs6N2g5ZDdkaWdwNDYwcnM0L3BfLS0yMTZzczE1MmBgYDNfYDYuMWM2YTE6Yw%3D%3D&vl=&vr=
video/mp4, bytesbytes 0-557503/557504, 1642374843.4409175, 1642374843.443496, 1642374843.4922795, 1642374843.9976668, v19.tiktokcdn-us.com, 272a8abfaaca0023bca3d0f21523e950, /272a8abfaaca0023bca3d0f21523e950/61e4faf1/video/tos/useast2a/tos-useast2a-ve-0068c002/3b04e783681a450b960ddb8446dd3c3b/?a=1233&br=814&bt=407&cd=0%7C0%7C0&ch=0&cr=3&cs=2&cv=1&dr=0&ds=6&er=&ft=c~.Zm4L-gXoInz7T&l=202201162313110101131352330F12AC7B&lr=all&mime_type=video_mp4&net=0&pl=0&qs=4&rc=am53bnBmZ2Z2NDMzNzczM0ApOzU6ZGhlOmQ0Nzk6NmU2ZWduZmtiZy5pNG5gLS1kMTZzc18wMl9fNTAuMF9eMmMvNC06Yw%3D%3D&vl=&vr=
video/mp4, bytesbytes 1024000-1181631/1181632, 1642374848.3059356, 1642374848.3085117, 1642374848.329493, 1642374848.524912, v19.tiktokcdn-us.com, 73aa2cd154a33276306a306b02452b84, /73aa2cd154a33276306a306b02452b84/61e4faf7/video/tos/useast2a/tos-useast2a-pve-0068/353eea5c512a4e96bf4aed8f1a7c9fe9/?a=1233&br=1108&bt=554&cd=0%7C0%7C0&ch=0&cr=3&cs=2&cv=1&dr=0&ds=3&er=&ft=c~.Zm4L-gXoInz7T&l=202201162313110101131352330F12AC7B&lr=all&mime_type=video_mp4&net=0&pl=0&qs=14&rc=MzZ4bjQ6ZmtoNzMzNzczM0ApODc0NGk0NmVlN2Q7OjczM2c0MGRjcjQwci9gLS1kMTZzcy8tMWFiYS5fMzIyNTUxXy06Yw%3D%3D&vl=&vr=
video/mp4, bytesbytes 1024000-1492686/1492687, 1642374851.994266, 1642374851.9980974, 1642374852.0479672, 1642374852.7676423, v19.tiktokcdn-us.com, 7444897d54032ec924072b6c076d96dd, /7444897d54032ec924072b6c076d96dd/61e4fafe/video/tos/useast2a/tos-useast2a-ve-0068c004/02c11bae6e0c4bbaa3a6e4b386e22249/?a=1233&br=980&bt=490&cd=0%7C0%7C0&ch=0&cr=3&cs=2&cv=1&dr=0&ds=6&er=&ft=c~.Zm4L-gXoInz7T&l=202201162313110101131352330F12AC7B&lr=all&mime_type=video_mp4&net=0&pl=0&qs=4&rc=amQ1NTN2aDpmNjMzNzczM0ApNmg5OTw2ODtnNzhoO2RlNWc0LmVxZWpmNjBgLS1kMTZzczQyLy8wYjAyLl9jL2JjXjQ6Yw%3D%3D&vl=&vr=
video/mp4, bytesbytes 1024000-3653699/3653700, 1642374858.6194174, 1642374858.621106, 1642374858.6737115, 1642374861.376998, v19.tiktokcdn-us.com, 19c89d0012776a132b80bb4e58108545, /19c89d0012776a132b80bb4e58108545/61e4fb19/video/tos/useast2a/tos-useast2a-ve-0068c001/5bc95ee24c964e9b933f7770c02b2951/?a=1233&br=1136&bt=568&cd=0%7C0%7C0&ch=0&cr=3&cs=2&cv=1&dr=0&ds=6&er=&ft=c~.Zm4L-gXoInz7T&l=202201162313110101131352330F12AC7B&lr=all&mime_type=video_mp4&net=0&pl=0&qs=5&rc=M2plODQ6ZjllNjMzNzczM0ApNWUzOGQ7NTw4Nzg8ZWU8O2drLmJucjQwLnBgLS1kMTZzczBjNjQvMDZeYS8xNGEvMDA6Yw%3D%3D&vl=&vr=
video/mp4, bytesbytes 0-1024000/1412515, 1642374862.9308167, 1642374862.932699, 1642374862.9684262, 1642374863.9553933, v39.tiktokcdn-us.com, e2ce0fb9cbaae412fab5b54b00c9ac4f, /e2ce0fb9cbaae412fab5b54b00c9ac4f/61e4fb3f/video/tos/useast2a/tos-useast2a-ve-0068c003/b2a74e92317c41a98ff396e61f505581/?a=1233&br=1092&bt=546&cd=0%7C0%7C0&ch=0&cr=3&cs=2&cv=1&dr=0&ds=6&er=&ft=c~.Zm4L-gXoInz7T&l=20220116231418010113006213171866A0&lr=all&mime_type=video_mp4&net=0&pl=0&qs=5&rc=MzhxNTo7OmluNTMzNzczM0ApaDNlODRpZzszNzc3NDk2NWdqYzQ1Z2RibzBgLS1kMTZzc2JjMmItYy5fLi9gY2EyM2A6Yw%3D%3D&vl=&vr=
video/mp4, bytesbytes 0-1024000/1093114, 1642374864.4691658, 1642374864.4705498, 1642374864.5030975, 1642374865.4050183, v39.tiktokcdn-us.com, dfb60fecb042936f403e5184c5719bdd, /dfb60fecb042936f403e5184c5719bdd/61e4fb3c/video/tos/useast2a/tos-useast2a-ve-0068c004/ebeda0edfad943b88c11b94bd99d0786/?a=1233&br=976&bt=488&cd=0%7C0%7C0&ch=0&cr=3&cs=2&cv=1&dr=0&ds=3&er=&ft=c~.Zm4L-gXoInz7T&l=20220116231418010113006213171866A0&lr=all&mime_type=video_mp4&net=0&pl=0&qs=14&rc=amo3a2g6ZnJoNzMzNzczM0ApNGhpNzppNmQ2NzRoNGk0OWcvb2IzcjRfZzBgLS1kMTZzczM1YzIvYWIzYC5iM2AvYDE6Yw%3D%3D&vl=&vr=
video/mp4, bytesbytes 0-1024000/1130687, 1642374866.1241775, 1642374866.1265123, 1642374866.1573026, 1642374868.175713, v39.tiktokcdn-us.com, fc50e31808c634e009b299514bea6b7c, /fc50e31808c634e009b299514bea6b7c/61e4fb3a/video/tos/useast2a/tos-useast2a-ve-0068c004/4dd3485cb1714c11939fbdd0790ecb0f/?a=1233&br=1160&bt=580&cd=0%7C0%7C0&ch=0&cr=3&cs=2&cv=1&dr=0&ds=6&er=&ft=c~.Zm4L-gXoInz7T&l=20220116231418010113006213171866A0&lr=all&mime_type=video_mp4&net=0&pl=0&qs=5&rc=MzlqN214NThwNTMzNzczM0ApNmQ5PGZnO2Q8N2VoN2ZkM2cubjNkcWZyam5gLS1kMTZzc2MyYTY2Yy4yLjYyXzMvMDA6Yw%3D%3D&vl=&vr=
video/mp4, bytesbytes 0-1024000/1040955, 1642374909.2383003, 1642374909.2410812, 1642374909.2962337, 1642374910.2669241, v39.tiktokcdn-us.com, 97fc901d4eff9d3bef178426a1693ca3, /97fc901d4eff9d3bef178426a1693ca3/61e4fb39/video/tos/useast5/tos-useast5-ve-0068c002-tx/81d5a7de49db427a8ee34e83ff2f209c/?a=1233&br=1078&bt=539&cd=0%7C0%7C0&ch=0&cr=3&cs=2&cv=1&dr=0&ds=6&er=&ft=c~.Zm4L-gXoInz7T&l=20220116231418010113006213171866A0&lr=all&mime_type=video_mp4&net=0&pl=0&qs=11&rc=amkzdjo6ZnY6OjMzZzczNEApPDU4OGk3M2VmN2U8OTQ3aGdoXnNtcjRnNTVgLS1kMS9zczU2NDU1MDZhMTEyYC9fM2I6Yw%3D%3D&vl=&vr=
video/mp4, bytesbytes 0-1024000/2492421, 1642374916.1126807, 1642374916.1146357, 1642374916.1417177, 1642374916.8866537, v39.tiktokcdn-us.com, 2bc07c8d001eb2d184c8bd7cd2bbd239, /2bc07c8d001eb2d184c8bd7cd2bbd239/61e4fb52/video/tos/useast2a/tos-useast2a-pve-0068/85f26dad7c324228908ebbb101ade411/?a=1233&br=978&bt=489&cd=0%7C0%7C0&ch=0&cr=3&cs=2&cv=1&dr=0&ds=6&er=&ft=c~.Zm4L-gXoInz7T&l=20220116231418010113006213171866A0&lr=all&mime_type=video_mp4&net=0&pl=0&qs=5&rc=am5zdDw6ZmhqNjMzNzczM0ApOWRnZ2k2NmU0NzRoaGg5O2dtNGtncjRnb2hgLS1kMTZzczQxYF81MjRgM18wNjAxYV86Yw%3D%3D&vl=&vr=
video/mp4, bytesbytes 1024000-1412514/1412515, 1642374919.7842455, 1642374919.785623, 1642374919.808701, 1642374920.2329035, v39.tiktokcdn-us.com, e2ce0fb9cbaae412fab5b54b00c9ac4f, /e2ce0fb9cbaae412fab5b54b00c9ac4f/61e4fb3f/video/tos/useast2a/tos-useast2a-ve-0068c003/b2a74e92317c41a98ff396e61f505581/?a=1233&br=1092&bt=546&cd=0%7C0%7C0&ch=0&cr=3&cs=2&cv=1&dr=0&ds=6&er=&ft=c~.Zm4L-gXoInz7T&l=20220116231418010113006213171866A0&lr=all&mime_type=video_mp4&net=0&pl=0&qs=5&rc=MzhxNTo7OmluNTMzNzczM0ApaDNlODRpZzszNzc3NDk2NWdqYzQ1Z2RibzBgLS1kMTZzc2JjMmItYy5fLi9gY2EyM2A6Yw%3D%3D&vl=&vr=
video/mp4, bytesbytes 0-1024000/2121440, 1642374920.429391, 1642374920.4309309, 1642374920.4531903, 1642374921.4682019, v39.tiktokcdn-us.com, f25d9e28cd2abff22fa7ef78c18b2353, /f25d9e28cd2abff22fa7ef78c18b2353/61e4fb40/video/tos/useast2a/tos-useast2a-pve-0068/bce660f83b4044319aeab83ae5a264f6/?a=1233&br=1562&bt=781&cd=0%7C0%7C0&ch=0&cr=3&cs=2&cv=1&dr=0&ds=6&er=&ft=c~.Zm4L-gXoInz7T&l=20220116231418010113006213171866A0&lr=all&mime_type=video_mp4&net=0&pl=0&qs=5&rc=ajtwaW9vZGt5NTMzNzczM0ApMzo0ZTNlNWQ4N2Y4Zjg5Z2djaTZlczNkM2dgLS1kMTZzc2A2MC4wYy9iYTQtMmBjNl46Yw%3D%3D&vl=&vr=
video/mp4, bytesbytes 1024000-1093113/1093114, 1642374929.6534133, 1642374929.6546485, 1642374929.6823413, 1642374929.7394269, v39.tiktokcdn-us.com, dfb60fecb042936f403e5184c5719bdd, /dfb60fecb042936f403e5184c5719bdd/61e4fb3c/video/tos/useast2a/tos-useast2a-ve-0068c004/ebeda0edfad943b88c11b94bd99d0786/?a=1233&br=976&bt=488&cd=0%7C0%7C0&ch=0&cr=3&cs=2&cv=1&dr=0&ds=3&er=&ft=c~.Zm4L-gXoInz7T&l=20220116231418010113006213171866A0&lr=all&mime_type=video_mp4&net=0&pl=0&qs=14&rc=amo3a2g6ZnJoNzMzNzczM0ApNGhpNzppNmQ2NzRoNGk0OWcvb2IzcjRfZzBgLS1kMTZzczM1YzIvYWIzYC5iM2AvYDE6Yw%3D%3D&vl=&vr=
video/mp4, bytesbytes 0-558138/558139, 1642374929.8397727, 1642374929.841539, 1642374929.8641005, 1642374930.447914, v39.tiktokcdn-us.com, cccbbd864e21b9e8bc2f1220353a99e1, /cccbbd864e21b9e8bc2f1220353a99e1/61e4fb33/video/tos/useast2a/tos-useast2a-pve-0068/060bd750fbeb462c8e674263b1a14cc8/?a=1233&br=1054&bt=527&cd=0%7C0%7C0&ch=0&cr=3&cs=2&cv=1&dr=0&ds=3&er=&ft=c~.Zm4L-gXoInz7T&l=20220116231418010113006213171866A0&lr=all&mime_type=video_mp4&net=0&pl=0&qs=14&rc=ajlncnh0bXY7NTMzNzczM0ApPDs8Nzk0ZmVmN2c3M2lkO2deNjU1MjFhZl5gLS1kMTZzcy8uXjMtYTJiX2BjMjIuNjQ6Yw%3D%3D&vl=&vr=
video/mp4, bytesbytes 1024000-1130686/1130687, 1642374942.0038612, 1642374942.005233, 1642374942.02925, 1642374942.195957, v39.tiktokcdn-us.com, fc50e31808c634e009b299514bea6b7c, /fc50e31808c634e009b299514bea6b7c/61e4fb3a/video/tos/useast2a/tos-useast2a-ve-0068c004/4dd3485cb1714c11939fbdd0790ecb0f/?a=1233&br=1160&bt=580&cd=0%7C0%7C0&ch=0&cr=3&cs=2&cv=1&dr=0&ds=6&er=&ft=c~.Zm4L-gXoInz7T&l=20220116231418010113006213171866A0&lr=all&mime_type=video_mp4&net=0&pl=0&qs=5&rc=MzlqN214NThwNTMzNzczM0ApNmQ5PGZnO2Q8N2VoN2ZkM2cubjNkcWZyam5gLS1kMTZzc2MyYTY2Yy4yLjYyXzMvMDA6Yw%3D%3D&vl=&vr=
video/mp4, bytesbytes 1024000-1040954/1040955, 1642374943.354664, 1642374943.369515, 1642374943.3956687, 1642374943.4145572, v39.tiktokcdn-us.com, 97fc901d4eff9d3bef178426a1693ca3, /97fc901d4eff9d3bef178426a1693ca3/61e4fb39/video/tos/useast5/tos-useast5-ve-0068c002-tx/81d5a7de49db427a8ee34e83ff2f209c/?a=1233&br=1078&bt=539&cd=0%7C0%7C0&ch=0&cr=3&cs=2&cv=1&dr=0&ds=6&er=&ft=c~.Zm4L-gXoInz7T&l=20220116231418010113006213171866A0&lr=all&mime_type=video_mp4&net=0&pl=0&qs=11&rc=amkzdjo6ZnY6OjMzZzczNEApPDU4OGk3M2VmN2U8OTQ3aGdoXnNtcjRnNTVgLS1kMS9zczU2NDU1MDZhMTEyYC9fM2I6Yw%3D%3D&vl=&vr=
video/mp4, bytesbytes 0-829414/829415, 1642374943.4929054, 1642374943.4962811, 1642374943.5147014, 1642374944.3656895, v39.tiktokcdn-us.com, 244b165a101c43dad07a0a74edc31466, /244b165a101c43dad07a0a74edc31466/61e4fb36/video/tos/useast5/tos-useast5-ve-0068c001-tx/a5750ac544c0489d9dc41c02107a19b2/?a=1233&br=1100&bt=550&cd=0%7C0%7C0&ch=0&cr=3&cs=2&cv=1&dr=0&ds=6&er=&ft=c~.Zm4L-gXoInz7T&l=20220116231418010113006213171866A0&lr=all&mime_type=video_mp4&net=0&pl=0&qs=11&rc=M29saWg6ZjczOjMzZzczNEApODk4NDs5O2VlNzY3aDszaGcyNGBocjRfX2FgLS1kMS9zczRgMTRhNDA1NC1jYzNiMy86Yw%3D%3D&vl=&vr=
video/mp4, bytesbytes 1024000-2492420/2492421, 1642374944.6992912, 1642374944.7017534, 1642374944.7188, 1642374946.1613507, v39.tiktokcdn-us.com, 2bc07c8d001eb2d184c8bd7cd2bbd239, /2bc07c8d001eb2d184c8bd7cd2bbd239/61e4fb52/video/tos/useast2a/tos-useast2a-pve-0068/85f26dad7c324228908ebbb101ade411/?a=1233&br=978&bt=489&cd=0%7C0%7C0&ch=0&cr=3&cs=2&cv=1&dr=0&ds=6&er=&ft=c~.Zm4L-gXoInz7T&l=20220116231418010113006213171866A0&lr=all&mime_type=video_mp4&net=0&pl=0&qs=5&rc=am5zdDw6ZmhqNjMzNzczM0ApOWRnZ2k2NmU0NzRoaGg5O2dtNGtncjRnb2hgLS1kMTZzczQxYF81MjRgM18wNjAxYV86Yw%3D%3D&vl=&vr=
video/mp4, bytesbytes 286720-829414/829415, 1642374946.8195164, 1642374946.8205764, 1642374946.8398683, 1642374947.1718235, v39.tiktokcdn-us.com, 244b165a101c43dad07a0a74edc31466, /244b165a101c43dad07a0a74edc31466/61e4fb36/video/tos/useast5/tos-useast5-ve-0068c001-tx/a5750ac544c0489d9dc41c02107a19b2/?a=1233&br=1100&bt=550&cd=0%7C0%7C0&ch=0&cr=3&cs=2&cv=1&dr=0&ds=6&er=&ft=c~.Zm4L-gXoInz7T&l=20220116231418010113006213171866A0&lr=all&mime_type=video_mp4&net=0&pl=0&qs=11&rc=M29saWg6ZjczOjMzZzczNEApODk4NDs5O2VlNzY3aDszaGcyNGBocjRfX2FgLS1kMS9zczRgMTRhNDA1NC1jYzNiMy86Yw%3D%3D&vl=&vr=
video/mp4, bytesbytes 0-1024000/1849898, 1642374947.435172, 1642374947.4368865, 1642374947.4522715, 1642374948.0822535, v39.tiktokcdn-us.com, fcaeb8836ebfb622c6c12e3ec712ab80, /fcaeb8836ebfb622c6c12e3ec712ab80/61e4fb44/video/tos/alisg/tos-alisg-pve-0037c001/0fcd2e46f8c24166a41b1a8f9f5a534e/?a=1233&br=1140&bt=570&cd=0%7C0%7C0&ch=0&cr=3&cs=2&cv=1&dr=0&ds=6&er=&ft=c~.Zm4L-gXoInz7T&l=20220116231418010113006213171866A0&lr=all&mime_type=video_mp4&net=0&pl=0&qs=11&rc=ajY3Njk6ZmU2OTMzODczNEApaDU1ODpnZzxmNzNmZGg4M2dsb25ucjRvM2BgLS1kMS1zczEuMDQxM2M0NS9jMWA0My46Yw%3D%3D&vl=&vr=
video/mp4, bytesbytes 1024000-2121439/2121440, 1642374948.3267395, 1642374948.3277094, 1642374948.3434205, 1642374949.0641596, v39.tiktokcdn-us.com, f25d9e28cd2abff22fa7ef78c18b2353, /f25d9e28cd2abff22fa7ef78c18b2353/61e4fb40/video/tos/useast2a/tos-useast2a-pve-0068/bce660f83b4044319aeab83ae5a264f6/?a=1233&br=1562&bt=781&cd=0%7C0%7C0&ch=0&cr=3&cs=2&cv=1&dr=0&ds=6&er=&ft=c~.Zm4L-gXoInz7T&l=20220116231418010113006213171866A0&lr=all&mime_type=video_mp4&net=0&pl=0&qs=5&rc=ajtwaW9vZGt5NTMzNzczM0ApMzo0ZTNlNWQ4N2Y4Zjg5Z2djaTZlczNkM2dgLS1kMTZzc2A2MC4wYy9iYTQtMmBjNl46Yw%3D%3D&vl=&vr=
video/mp4, bytesbytes 131072-1024000/1849898, 1642374949.5842044, 1642374949.585815, 1642374949.6145484, 1642374950.1801944, v39.tiktokcdn-us.com, fcaeb8836ebfb622c6c12e3ec712ab80, /fcaeb8836ebfb622c6c12e3ec712ab80/61e4fb44/video/tos/alisg/tos-alisg-pve-0037c001/0fcd2e46f8c24166a41b1a8f9f5a534e/?a=1233&br=1140&bt=570&cd=0%7C0%7C0&ch=0&cr=3&cs=2&cv=1&dr=0&ds=6&er=&ft=c~.Zm4L-gXoInz7T&l=20220116231418010113006213171866A0&lr=all&mime_type=video_mp4&net=0&pl=0&qs=11&rc=ajY3Njk6ZmU2OTMzODczNEApaDU1ODpnZzxmNzNmZGg4M2dsb25ucjRvM2BgLS1kMS1zczEuMDQxM2M0NS9jMWA0My46Yw%3D%3D&vl=&vr=
video/mp4, bytesbytes 0-572369/572370, 1642374950.6088612, 1642374950.6108766, 1642374950.6235774, 1642374950.9909406, v39.tiktokcdn-us.com, 9c7bb93e9a47fbcfcf5fe158d4c9d3fe, /9c7bb93e9a47fbcfcf5fe158d4c9d3fe/61e4fb32/video/tos/useast2a/tos-useast2a-ve-0068c002/9a2794aa230541308cc5eca4e5bafa23/?a=1233&br=1170&bt=585&cd=0%7C0%7C0&ch=0&cr=3&cs=2&cv=1&dr=0&ds=3&er=&ft=c~.Zm4L-gXoInz7T&l=20220116231418010113006213171866A0&lr=all&mime_type=video_mp4&net=0&pl=0&qs=14&rc=M3kzcms1NHd0NDMzOjczM0ApZGc7OjU6PGQ3Nzg4aTozZGc1a3NhbGowbDJgLS02MTZzcy82YjItMV9iLV8vYjEwNF86Yw%3D%3D&vl=&vr=
video/mp4, bytesbytes 1024000-1849897/1849898, 1642374988.5003786, 1642374988.5021317, 1642374988.5281005, 1642374991.4876173, v39.tiktokcdn-us.com, fcaeb8836ebfb622c6c12e3ec712ab80, /fcaeb8836ebfb622c6c12e3ec712ab80/61e4fb44/video/tos/alisg/tos-alisg-pve-0037c001/0fcd2e46f8c24166a41b1a8f9f5a534e/?a=1233&br=1140&bt=570&cd=0%7C0%7C0&ch=0&cr=3&cs=2&cv=1&dr=0&ds=6&er=&ft=c~.Zm4L-gXoInz7T&l=20220116231418010113006213171866A0&lr=all&mime_type=video_mp4&net=0&pl=0&qs=11&rc=ajY3Njk6ZmU2OTMzODczNEApaDU1ODpnZzxmNzNmZGg4M2dsb25ucjRvM2BgLS1kMS1zczEuMDQxM2M0NS9jMWA0My46Yw%3D%3D&vl=&vr=
video/mp4, bytesbytes 0-1024000/1418000, 1642374991.8784683, 1642374991.8805037, 1642374991.8932028, 1642374994.7717102, v19.tiktokcdn-us.com, d551f953369c063b56ba24064a97f627, /d551f953369c063b56ba24064a97f627/61e4fbaf/video/tos/useast2a/tos-useast2a-pve-0068/1a4eb2b04b464350bb484bfe194ad9cb/?a=1233&br=1436&bt=718&cd=0%7C0%7C0&ch=0&cr=3&cs=2&cv=1&dr=0&ds=3&er=&ft=c~.Zm4L-gXoInz7T&l=202201162316160101130060860517B239&lr=all&mime_type=video_mp4&net=0&pl=0&qs=14&rc=ajo6ZzZyOmt2dDMzNzczM0ApZGkzNmk6MzszNzs8NGRlOGdfbmYzbDAvYzBfLS1jMTZzczEyLy9fMDFjMWBiXmFjM2A6Yw%3D%3D&vl=&vr=
video/mp4, bytes, 1642374997.9512472, 1642374997.9529002, 1642374998.0361922, 1642375002.7785025, v19.tiktokcdn-us.com, e88929719e98f087363a96c4d2a1b54a, /e88929719e98f087363a96c4d2a1b54a/61e4fba7/video/tos/alisg/tos-alisg-pve-0037c001/202e295a089748c1b884ab25998a2b3a/?a=1233&br=1366&bt=683&cd=0%7C0%7C0&ch=0&cr=3&cs=2&cv=1&dr=0&ds=6&er=&ft=c~.Zm4L-gXoInz7T&l=202201162316160101130060860517B239&lr=all&mime_type=video_mp4&net=0&pl=0&qs=11&rc=MzQzPHNnNjg8NDMzNTczM0ApOTk5aGRlOjw6Nzg7NTxnZmdnYW5ibTJwcjZgLS0xMTRzczZfMTZjMGEyYDA0LmJfMWM6Yw%3D%3D&vl=&vr=
video/mp4, bytes, 1642374997.990181, 1642374997.9927695, 1642374998.1694012, 1642375005.5298936, v19.tiktokcdn-us.com, 2955c297b6d52e3da5b011d4384a1cd2, /2955c297b6d52e3da5b011d4384a1cd2/61e4fbae/video/tos/useast2a/tos-useast2a-ve-0068c004/634f17cf046d4f1ea70aa47fb2057d65/?a=1233&br=1274&bt=637&cd=0%7C0%7C0&ch=0&cr=3&cs=2&cv=1&dr=0&ds=6&er=&ft=c~.Zm4L-gXoInz7T&l=202201162316160101130060860517B239&lr=all&mime_type=video_mp4&net=0&pl=0&qs=4&rc=ajhkeTtyNjM1NDMzNzczM0ApMzk8aTU5NmQ4NzM5Njk2aWcvamRjNGE2LmtgLS1kMTZzczMwYC9jYWIuXy9iMGMzNS86Yw%3D%3D&vl=&vr=
video/mp4, bytes, 1642375003.4501104, 1642375003.4513206, 1642375003.5239022, 1642375011.2715194, v19.tiktokcdn-us.com, ef3687c3596e2a3ac9ea6192d6c0fb20, /ef3687c3596e2a3ac9ea6192d6c0fb20/61e4fbae/video/tos/useast2a/tos-useast2a-pve-0068/b637ca2b83ce47c2ac2e48d883388487/?a=1233&br=1258&bt=629&cd=0%7C0%7C0&ch=0&cr=3&cs=2&cv=1&dr=0&ds=6&er=&ft=c~.Zm4L-gXoInz7T&l=202201162316160101130060860517B239&lr=all&mime_type=video_mp4&net=0&pl=0&qs=11&rc=MzRoaGV1czhxMzMzZzczM0ApZjM0ZztmOmRnN2ZkOjw4PGcvZDQxcDU1ZW5gLS1eMTZzczRgYWE1MzNeLjYxXmFgMWA6Yw%3D%3D&vl=&vr=
video/mp4, bytes, 1642375008.2812958, 1642375008.2826836, 1642375008.5806766, 1642375011.3836908, v19.tiktokcdn-us.com, d465dc21dc2909c5c0a124ece397bbb6, /d465dc21dc2909c5c0a124ece397bbb6/61e4fba4/video/tos/useast2a/tos-useast2a-ve-0068c004/e99cb9d5a11d4ac7a496622b02f8a9ad/?a=1233&br=1476&bt=738&cd=0%7C0%7C0&ch=0&cr=3&cs=0&dr=0&ds=2&er=&ft=c~.Zm4L-gXoInz7T&l=202201162316160101130060860517B239&lr=all&mime_type=video_mp4&net=0&pl=0&qs=0&rc=MzN1NmdkcnU2NTMzNzczM0ApNjk0Z2c7Zzs4NzRmMzYzM2dwYmtrai5laXFgLS1kMTZzc2BiNV4zNTEyNjQ0XmEzMS86Yw%3D%3D&vl=&vr=
video/mp4, bytes, 1642375006.4410489, 1642375006.4428732, 1642375006.7517223, 1642375015.610614, v19.tiktokcdn-us.com, cf8c1c8a8748176bf8a1f6184febe8f2, /cf8c1c8a8748176bf8a1f6184febe8f2/61e4fba7/video/tos/useast2a/tos-useast2a-ve-0068c004/53037072e7ea46719f71503983e53896/?a=1233&br=1180&bt=590&cd=0%7C0%7C0&ch=0&cr=3&cs=2&cv=1&dr=0&ds=3&er=&ft=c~.Zm4L-gXoInz7T&l=202201162316160101130060860517B239&lr=all&mime_type=video_mp4&net=0&pl=0&qs=14&rc=M2dvcmg6ZmZtOTMzNzczM0ApNWg6aWY2aGU8NzdpOWc7OWdsaGEucjRvZV9gLS1kMTZzc15hLjIzXmIxNWNeYjUwYGA6Yw%3D%3D&vl=&vr=
video/mp4, bytes 540672-1417999/1418000, 1642375011.633544, 1642375011.6364532, 1642375011.7228346, 1642375015.6959443, v25.tiktokcdn-us.com, a5776886addabcf6cb1aa42d9e10ee7d, /a5776886addabcf6cb1aa42d9e10ee7d/61e4fbaf/video/tos/useast2a/tos-useast2a-pve-0068/1a4eb2b04b464350bb484bfe194ad9cb/?a=1233&br=1436&bt=718&cd=0%7C0%7C0&ch=0&cr=3&cs=2&cv=1&dr=0&ds=3&er=&ft=c~.Zm4L-gXoInz7T&l=202201162316160101130060860517B239&lr=all&mime_type=video_mp4&net=0&pl=0&qs=14&rc=ajo6ZzZyOmt2dDMzNzczM0ApZGkzNmk6MzszNzs8NGRlOGdfbmYzbDAvYzBfLS1jMTZzczEyLy9fMDFjMWBiXmFjM2A6Yw%3D%3D&vl=&vr=
video/mp4, bytes, 1642375016.8022025, 1642375016.8032632, 1642375016.8144052, 1642375022.4238498, v19.tiktokcdn-us.com, 49bc49c98d827c569b422c46bbe085d0, /49bc49c98d827c569b422c46bbe085d0/61e4fbb3/video/tos/useast2a/tos-useast2a-ve-0068c003/f348836467bc49eaa857075d7c4a121e/?a=1233&br=1382&bt=691&cd=0%7C0%7C0&ch=0&cr=3&cs=2&cv=1&dr=0&ds=6&er=&ft=c~.Zm4L-gXoInz7T&l=202201162316160101130060860517B239&lr=all&mime_type=video_mp4&net=0&pl=0&qs=5&rc=anhwMzw6ZnRqNzMzNzczM0ApZmRlNzpnaGQ0NzloO2k6OWctZ2sycjQwLWpgLS1kMTZzczZeMzE0YWAzLTMuXi8xYWM6Yw%3D%3D&vl=&vr=
video/mp4, bytesbytes 0-1024000/1417688, 1642375023.1789696, 1642375023.1801128, 1642375023.1905303, 1642375025.7678943, v19.tiktokcdn-us.com, d700ab1b837d96f2b71d07fa1eca6284, /d700ab1b837d96f2b71d07fa1eca6284/61e4fbb4/video/tos/useast2a/tos-useast2a-ve-0068c003/ea7de911776840ddb16332a908d46e62/?a=1233&br=1060&bt=530&cd=0%7C0%7C0&ch=0&cr=3&cs=2&cv=1&dr=0&ds=6&er=&ft=c~.Zm4L-gXoInz7T&l=202201162316160101130060860517B239&lr=all&mime_type=video_mp4&net=0&pl=0&qs=5&rc=anZ0aGhoNG0zNTMzNzczM0ApNDRoOmc0ZGVpNzdnM2QzOWcvbGZhM3BoLm5gLS1kMTZzcy1fYDBeNS00NF8yYjZgYWE6Yw%3D%3D&vl=&vr=
video/mp4, bytesbytes 1024000-1417687/1417688, 1642375026.7204485, 1642375026.7218413, 1642375026.7403893, 1642375028.1404707, v19.tiktokcdn-us.com, d700ab1b837d96f2b71d07fa1eca6284, /d700ab1b837d96f2b71d07fa1eca6284/61e4fbb4/video/tos/useast2a/tos-useast2a-ve-0068c003/ea7de911776840ddb16332a908d46e62/?a=1233&br=1060&bt=530&cd=0%7C0%7C0&ch=0&cr=3&cs=2&cv=1&dr=0&ds=6&er=&ft=c~.Zm4L-gXoInz7T&l=202201162316160101130060860517B239&lr=all&mime_type=video_mp4&net=0&pl=0&qs=5&rc=anZ0aGhoNG0zNTMzNzczM0ApNDRoOmc0ZGVpNzdnM2QzOWcvbGZhM3BoLm5gLS1kMTZzcy1fYDBeNS00NF8yYjZgYWE6Yw%3D%3D&vl=&vr=
video/mp4, bytesbytes 0-378397/378398, 1642375028.4096642, 1642375028.410507, 1642375028.4283018, 1642375029.3507233, v19.tiktokcdn-us.com, 2c0f89a02b8bebe49b138c1066042ba6, /2c0f89a02b8bebe49b138c1066042ba6/61e4fba9/video/tos/useast2a/tos-useast2a-ve-0068c002/da6204c267744dc49cc565b2ab43563d/?a=1233&br=618&bt=309&cd=0%7C0%7C0&ch=0&cr=3&cs=2&cv=1&dr=0&ds=6&er=&ft=c~.Zm4L-gXoInz7T&l=202201162316160101130060860517B239&lr=all&mime_type=video_mp4&net=0&pl=0&qs=5&rc=am52Zzs6ZndrNzMzNzczM0ApOzY0ZTtpNWU0NzdmNWc4ZWdnZGk1cjQwXmxgLS1kMTZzczRjYjI0YDRiLjNhNF8vYzU6Yw%3D%3D&vl=&vr=
video/mp4, bytesbytes 0-1024000/1115179, 1642375029.6115508, 1642375029.61371, 1642375029.629926, 1642375032.207399, v19.tiktokcdn-us.com, 1fc2676efd9a1f757ee66ab45b20125c, /1fc2676efd9a1f757ee66ab45b20125c/61e4fbb0/video/tos/useast2a/tos-useast2a-pve-0068/b7bce4a37804449f9d2183c5933ac52d/?a=1233&br=1022&bt=511&cd=0%7C0%7C0&ch=0&cr=3&cs=2&cv=1&dr=0&ds=6&er=&ft=c~.Zm4L-gXoInz7T&l=202201162316160101130060860517B239&lr=all&mime_type=video_mp4&net=0&pl=0&qs=5&rc=M2k6OHV0cm5yNjMzNzczM0ApOTU1N2lpNjtmNzo2NTc4aWdtcC01azE1bzZgLS1kMTZzc2I0LTI0YjI1LmA0Ni4xYS86Yw%3D%3D&vl=&vr=
video/mp4, bytesbytes 0-850417/850418, 1642375032.6331418, 1642375032.6349113, 1642375032.6656215, 1642375034.3358064, v39.tiktokcdn-us.com, ba0fe0dd0fecdf14755d6524fe459408, /ba0fe0dd0fecdf14755d6524fe459408/61e4fbe1/video/tos/useast2a/tos-useast2a-pve-0068/33def16ebd18444989dc7993a37978dd/?a=1233&br=854&bt=427&cd=0%7C0%7C0&ch=0&cr=3&cs=2&cv=1&dr=0&ds=6&er=&ft=c~.Zm4L-gXoInz7T&l=20220116231706010113006021111587D7&lr=all&mime_type=video_mp4&net=0&pl=0&qs=5&rc=ajVyZzt5dGlreDMzZTczM0ApZzM0NDNmO2RnNzM5MzVlM2cuZWYxL3BuaDRfLS0wMTZzczQtNjBeMzIwMi4tYDI1L186Yw%3D%3D&vl=&vr=
video/mp4, bytesbytes 0-920621/920622, 1642375034.7300408, 1642375034.7321346, 1642375034.7608109, 1642375036.4711936, v39.tiktokcdn-us.com, 0b2f77599c9ac393791f47a368c6e3b5, /0b2f77599c9ac393791f47a368c6e3b5/61e4fbe5/video/tos/useast2a/tos-useast2a-ve-0068c004/79b1b3f341fd40b0b1ece1a7d0931fa7/?a=1233&br=744&bt=372&cd=0%7C0%7C0&ch=0&cr=3&cs=2&cv=1&dr=0&ds=6&er=&ft=c~.Zm4L-gXoInz7T&l=20220116231706010113006021111587D7&lr=all&mime_type=video_mp4&net=0&pl=0&qs=5&rc=ampneXc6ZTR3NTMzNzczM0ApNzU8OjhlaWRoN2g3ZWkzM2dzLWgwNmMtNGNgLS1kMTZzc19fNmEtYzYzYS4vLTE0LzI6Yw%3D%3D&vl=&vr=
video/mp4, bytesbytes 0-758420/758421, 1642375036.8685179, 1642375036.8697085, 1642375036.8855064, 1642375038.737728, v39.tiktokcdn-us.com, 1e025bb1246bebb91c569758d8d50387, /1e025bb1246bebb91c569758d8d50387/61e4fbe2/video/tos/useast2a/tos-useast2a-pve-0068/aeef7600a288471fae3bb636b1330a2c/?a=1233&br=712&bt=356&cd=0%7C0%7C0&ch=0&cr=3&cs=2&cv=1&dr=0&ds=6&er=&ft=c~.Zm4L-gXoInz7T&l=20220116231706010113006021111587D7&lr=all&mime_type=video_mp4&net=0&pl=0&qs=5&rc=anA2NDg6Zmt2NzMzNzczM0ApZ2c8ZzlnPDtoN2Y6aTg2PGdhMXI2cjRfZy9gLS1kMTZzcy4zYmE1NmNiMTAuMDAtXmM6Yw%3D%3D&vl=&vr=
video/mp4, bytesbytes 0-769252/769253, 1642375039.1846828, 1642375039.1863708, 1642375039.295462, 1642375041.1486282, v39.tiktokcdn-us.com, 8355c8029e2b35e8bc3ecf75e3932d70, /8355c8029e2b35e8bc3ecf75e3932d70/61e4fbe1/video/tos/useast2a/tos-useast2a-ve-0068c004/efbfd78c2abf4559a766c6d6de5511bc/?a=1233&br=786&bt=393&cd=0%7C0%7C0&ch=0&cr=3&cs=2&cv=1&dr=0&ds=6&er=&ft=c~.Zm4L-gXoInz7T&l=20220116231706010113006021111587D7&lr=all&mime_type=video_mp4&net=0&pl=0&qs=5&rc=ajZ5OTtzbGo5NDMzNzczM0ApMzc7PDo3OzxpNzQ8ZTc4NmdqXjFga3NvY2tgLS1kMTZzc2MuY180MzUuYjExLzI2LTE6Yw%3D%3D&vl=&vr=
video/mp4, bytesbytes 1024000-1115178/1115179, 1642375041.6426644, 1642375041.6445692, 1642375041.6605196, 1642375042.0188718, v19.tiktokcdn-us.com, 1fc2676efd9a1f757ee66ab45b20125c, /1fc2676efd9a1f757ee66ab45b20125c/61e4fbb0/video/tos/useast2a/tos-useast2a-pve-0068/b7bce4a37804449f9d2183c5933ac52d/?a=1233&br=1022&bt=511&cd=0%7C0%7C0&ch=0&cr=3&cs=2&cv=1&dr=0&ds=6&er=&ft=c~.Zm4L-gXoInz7T&l=202201162316160101130060860517B239&lr=all&mime_type=video_mp4&net=0&pl=0&qs=5&rc=M2k6OHV0cm5yNjMzNzczM0ApOTU1N2lpNjtmNzo2NTc4aWdtcC01azE1bzZgLS1kMTZzc2I0LTI0YjI1LmA0Ni4xYS86Yw%3D%3D&vl=&vr=
video/mp4, bytesbytes 0-1024000/1741406, 1642375042.1657007, 1642375042.168839, 1642375042.1982465, 1642375045.0088406, v39.tiktokcdn-us.com, 2ff6910cdecfc24892e609fb616add7c, /2ff6910cdecfc24892e609fb616add7c/61e4fbfa/video/tos/useast5/tos-useast5-pve-0068-tx/279c8bd1ac134019914bb4a75c00f1df/?a=1233&br=666&bt=333&cd=0%7C0%7C0&ch=0&cr=3&cs=2&cv=1&dr=0&ds=6&er=&ft=c~.Zm4L-gXoInz7T&l=20220116231706010113006021111587D7&lr=all&mime_type=video_mp4&net=0&pl=0&qs=5&rc=M3JsZGQ6Zjg5OjMzZzczNEApOGk3ZTlmOjs5NzkzNjVnPGdxY3BocjRfZTBgLS1kMS9zc2MtNWMxNDNjY2I2MTAuNGA6Yw%3D%3D&vl=&vr=
video/mp4, bytesbytes 0-265347/265348, 1642375058.9491737, 1642375058.9525104, 1642375058.9843063, 1642375059.7862847, v39.tiktokcdn-us.com, 560a1525a0a95a0e064a962a43cea9c6, /560a1525a0a95a0e064a962a43cea9c6/61e4fbda/video/tos/alisg/tos-alisg-pve-0037c001/88d0a2f0d8fd40f699e281a9c3b021f0/?a=1233&br=482&bt=241&cd=0%7C0%7C0&ch=0&cr=3&cs=2&cv=1&dr=0&ds=6&er=&ft=c~.Zm4L-gXoInz7T&l=20220116231706010113006021111587D7&lr=all&mime_type=video_mp4&net=0&pl=0&qs=11&rc=ajdzOXE6bDNyMzMzODczM0ApNTk1aTU8OGRoNzdoM2Y5aWdgMzExMm9rcDRgLS0yMTRzcy0zMTEyXmAvYi81MzAxLWI6Yw%3D%3D&vl=&vr=
video/mp4, bytesbytes 0-517792/517793, 1642375059.9664116, 1642375059.9682477, 1642375060.0128524, 1642375061.4014943, v39.tiktokcdn-us.com, fd097e24b51d110ecd52db0590104811, /fd097e24b51d110ecd52db0590104811/61e4fbda/video/tos/useast2a/tos-useast2a-ve-0068c004/61ddc728cfd74da9806df42f9f1aa3a3/?a=1233&br=926&bt=463&cd=0%7C0%7C0&ch=0&cr=3&cs=2&cv=1&dr=0&ds=6&er=&ft=c~.Zm4L-gXoInz7T&l=20220116231706010113006021111587D7&lr=all&mime_type=video_mp4&net=0&pl=0&qs=5&rc=amRzOzp5aHRneDMzPDczM0ApNzVmaTk2N2RoNzc7ZDQ3aWdyaGs0YWpnLWRfLS0zMTZzczJjNDMwXy1hYzVjYmA1Nl46Yw%3D%3D&vl=&vr=
video/mp4, bytesbytes 0-980941/980942, 1642375071.3410888, 1642375071.3419774, 1642375071.382328, 1642375075.784239, v39.tiktokcdn-us.com, 619597bfd81132f89382f845780910a9, /619597bfd81132f89382f845780910a9/61e4fbe4/video/tos/useast2a/tos-useast2a-ve-0068c003/e03dc43dab0a4436b4e65c3f1e1c5f17/?a=1233&br=814&bt=407&cd=0%7C0%7C0&ch=0&cr=3&cs=2&cv=1&dr=0&ds=6&er=&ft=c~.Zm4L-gXoInz7T&l=20220116231706010113006021111587D7&lr=all&mime_type=video_mp4&net=0&pl=0&qs=5&rc=amxzNWg6Zm1pNzMzNzczM0ApMzs1aWZlOTw4NzM4OzdkNWc0M2YzcjQwaWxgLS1kMTZzcy1eNDFfNV41NDJeMi1eYjI6Yw%3D%3D&vl=&vr=
video/mp4, bytesbytes 0-693192/693193, 1642375076.5444338, 1642375076.5457103, 1642375076.6522305, 1642375079.2816474, v39.tiktokcdn-us.com, b70e1feb0efb75d8c2fd0654893be4eb, /b70e1feb0efb75d8c2fd0654893be4eb/61e4fbda/video/tos/useast2a/tos-useast2a-ve-0068c004/a9eb81410a7f48f794f98e82aae77edb/?a=1233&br=1254&bt=627&cd=0%7C0%7C0&ch=0&cr=3&cs=2&cv=1&dr=0&ds=6&er=&ft=c~.Zm4L-gXoInz7T&l=20220116231706010113006021111587D7&lr=all&mime_type=video_mp4&net=0&pl=0&qs=5&rc=M3V0ZDxmOjtuNDMzMzczM0ApOmdmZGg3OGQ3N2VnZzQ5NWduZGVtNmVzMWRgLS02MTZzc2EyLi4xYmEuMzU1YzFeNWI6Yw%3D%3D&vl=&vr=
video/mp4, bytesbytes 1024000-1741405/1741406, 1642375087.8280528, 1642375087.829234, 1642375087.8602011, 1642375090.5670931, v39.tiktokcdn-us.com, 2ff6910cdecfc24892e609fb616add7c, /2ff6910cdecfc24892e609fb616add7c/61e4fbfa/video/tos/useast5/tos-useast5-pve-0068-tx/279c8bd1ac134019914bb4a75c00f1df/?a=1233&br=666&bt=333&cd=0%7C0%7C0&ch=0&cr=3&cs=2&cv=1&dr=0&ds=6&er=&ft=c~.Zm4L-gXoInz7T&l=20220116231706010113006021111587D7&lr=all&mime_type=video_mp4&net=0&pl=0&qs=5&rc=M3JsZGQ6Zjg5OjMzZzczNEApOGk3ZTlmOjs5NzkzNjVnPGdxY3BocjRfZTBgLS1kMS9zc2MtNWMxNDNjY2I2MTAuNGA6Yw%3D%3D&vl=&vr=
video/mp4, bytesbytes 0-798486/798487, 1642375090.9011714, 1642375090.9025056, 1642375090.9292848, 1642375093.1336656, v39.tiktokcdn-us.com, 801a45c3eb839a15db1c4f2675057015, /801a45c3eb839a15db1c4f2675057015/61e4fbe5/video/tos/useast2a/tos-useast2a-ve-0068c001/93def875131f4cfdac3da9c8d5663b46/?a=1233&br=638&bt=319&cd=0%7C0%7C0&ch=0&cr=3&cs=2&cv=1&dr=0&ds=6&er=&ft=c~.Zm4L-gXoInz7T&l=20220116231706010113006021111587D7&lr=all&mime_type=video_mp4&net=0&pl=0&qs=5&rc=anU4aW94PDRpeDMzZzczM0ApaTY8O2hlODwzNzU7PDo5ZWcyZmYtY2Znc2VfLS1jMTZzczQ0MWM1Mi8zMDEuXmItMGA6Yw%3D%3D&vl=&vr=
video/mp4, bytesbytes 0-633979/633980, 1642375109.9960835, 1642375109.9980197, 1642375110.0247626, 1642375111.7613897, v39.tiktokcdn-us.com, 71f5b39daee3e9b758219b8a9e70032c, /71f5b39daee3e9b758219b8a9e70032c/61e4fc33/video/tos/useast5/tos-useast5-pve-0068-tx/f62e02f024c540c89a00998f535a6845/?a=1233&br=582&bt=291&cd=0%7C0%7C0&ch=0&cr=3&cs=2&cv=1&dr=0&ds=3&er=&ft=c~.Zm4L-gXoInz7T&l=202201162318270101130062070B16366A&lr=all&mime_type=video_mp4&net=0&pl=0&qs=14&rc=anhtOmY6Zmo6OjMzZzczNEApOjM6NDc4aWRkNzVlODRpOWdybmZucjRfbTZgLS1kMS9zcy4vYmFhMV5jMzZeNjY1XjY6Yw%3D%3D&vl=&vr=
video/mp4, bytesbytes 0-1024000/1468106, 1642375112.0144548, 1642375112.016224, 1642375112.039292, 1642375114.703125, v39.tiktokcdn-us.com, 5cc3c0ebd57ac5cd5b59b3d5a26ee6c3, /5cc3c0ebd57ac5cd5b59b3d5a26ee6c3/61e4fc31/video/tos/useast2a/tos-useast2a-ve-0068c001/b21486bb7d81477baabd50d3c947dcf1/?a=1233&br=1530&bt=765&cd=0%7C0%7C0&ch=0&cr=3&cs=2&cv=1&dr=0&ds=6&er=&ft=c~.Zm4L-gXoInz7T&l=202201162318270101130062070B16366A&lr=all&mime_type=video_mp4&net=0&pl=0&qs=5&rc=ajRwZTw7bGR2NjMzNzczM0ApaWhnOWZlO2U7N2ZoZDg5M2dvNmFvMXBvYGRgLS1kMTZzcy8xNmJfXzItNC42Yy5gXzQ6Yw%3D%3D&vl=&vr=
video/mp4, bytesbytes 0-288001/288002, 1642375115.0993328, 1642375115.1012704, 1642375115.127791, 1642375115.8680348, v39.tiktokcdn-us.com, 08c313565a8f9f2fab4770746929603f, /08c313565a8f9f2fab4770746929603f/61e4fc29/video/tos/useast2a/tos-useast2a-ve-0068c001/5952da63183a46f283d3a1be28cbc9cb/?a=1233&br=628&bt=314&cd=0%7C0%7C0&ch=0&cr=3&cs=2&cv=1&dr=0&ds=6&er=&ft=c~.Zm4L-gXoInz7T&l=202201162318270101130062070B16366A&lr=all&mime_type=video_mp4&net=0&pl=0&qs=5&rc=ajc1ZWQ6Zml1NjMzNzczM0ApOjk5NjVoNDw7Nzg3MzVlaGdnai1lcjRfcWpgLS1kMTZzc2IxXi0wLzI1YGFgY18wNDY6Yw%3D%3D&vl=&vr=
video/mp4, bytesbytes 0-425400/425401, 1642375116.0248353, 1642375116.0271108, 1642375116.0547078, 1642375117.1949685, v39.tiktokcdn-us.com, 8089201392e2153b61e565950e4936b4, /8089201392e2153b61e565950e4936b4/61e4fc2d/video/tos/useast2a/tos-useast2a-ve-0068c002/c5ad9170dbb141c483b5fbdfd8828886/?a=1233&br=616&bt=308&cd=0%7C0%7C0&ch=0&cr=3&cs=2&cv=1&dr=0&ds=6&er=&ft=c~.Zm4L-gXoInz7T&l=202201162318270101130062070B16366A&lr=all&mime_type=video_mp4&net=0&pl=0&qs=5&rc=M3Fxczs6Zmc1NzMzNzczM0ApaDtoMzY8Mzw2N2Y7OGY4NWdvNV4vcjRncjFgLS1kMTZzcy4tMS8vLTVhYDFjNjQvNTU6Yw%3D%3D&vl=&vr=
video/mp4, bytesbytes 0-315404/315405, 1642375117.4492257, 1642375117.4526722, 1642375117.4911919, 1642375120.536029, v39.tiktokcdn-us.com, 7ce694cd9bf51c7b4c2c6a3f0a040019, /7ce694cd9bf51c7b4c2c6a3f0a040019/61e4fc2e/video/tos/useast2a/tos-useast2a-pve-0068/ce758054d06e4e5fb05db956a85159fc/?a=1233&br=422&bt=211&cd=0%7C0%7C0&ch=0&cr=3&cs=2&cv=1&dr=0&ds=6&er=&ft=c~.Zm4L-gXoInz7T&l=202201162318270101130062070B16366A&lr=all&mime_type=video_mp4&net=0&pl=0&qs=4&rc=M204cjw6Zm1zODMzNzgzM0ApNjw5aTo6NTs3Nzc7NTc7OmdecmtrcjQwZXFgLS1kLzZzc2AvYjViMjM2YV42Y2AuMDE6Yw%3D%3D&vl=&vr=
video/mp4, bytesbytes 0-434444/434445, 1642375121.2082334, 1642375121.2099473, 1642375121.6350186, 1642375123.103645, v39.tiktokcdn-us.com, 83f93438d4f8de28f21d42a70c9613e7, /83f93438d4f8de28f21d42a70c9613e7/61e4fc2e/video/tos/useast2a/tos-useast2a-ve-0068c001/bf28981904014137853b7b34d02bb149/?a=1233&br=580&bt=290&cd=0%7C0%7C0&ch=0&cr=3&cs=2&cv=1&dr=0&ds=6&er=&ft=c~.Zm4L-gXoInz7T&l=202201162318270101130062070B16366A&lr=all&mime_type=video_mp4&net=0&pl=0&qs=5&rc=ampkM21rdWVrNjMzNzczM0ApOztpNTllO2U4N2c2ZTc5OWdqM2luaWliMS5gLS1kMTZzczFjYTBeNS9eXmAtMy5iMWA6Yw%3D%3D&vl=&vr=
video/mp4, bytesbytes 1024000-1468105/1468106, 1642375134.6245382, 1642375134.6256218, 1642375134.654532, 1642375135.9343572, v39.tiktokcdn-us.com, 5cc3c0ebd57ac5cd5b59b3d5a26ee6c3, /5cc3c0ebd57ac5cd5b59b3d5a26ee6c3/61e4fc31/video/tos/useast2a/tos-useast2a-ve-0068c001/b21486bb7d81477baabd50d3c947dcf1/?a=1233&br=1530&bt=765&cd=0%7C0%7C0&ch=0&cr=3&cs=2&cv=1&dr=0&ds=6&er=&ft=c~.Zm4L-gXoInz7T&l=202201162318270101130062070B16366A&lr=all&mime_type=video_mp4&net=0&pl=0&qs=5&rc=ajRwZTw7bGR2NjMzNzczM0ApaWhnOWZlO2U7N2ZoZDg5M2dvNmFvMXBvYGRgLS1kMTZzcy8xNmJfXzItNC42Yy5gXzQ6Yw%3D%3D&vl=&vr=
video/mp4, bytesbytes 0-1024000/1589872, 1642375136.1626043, 1642375136.1635401, 1642375136.191925, 1642375139.0652578, v39.tiktokcdn-us.com, d3212e1f255c3063dd9c2dd4f55e9cea, /d3212e1f255c3063dd9c2dd4f55e9cea/61e4fc2f/video/tos/useast2a/tos-useast2a-ve-0068c003/91c724bf933b40f5903e337d94f8f6a7/?a=1233&br=1944&bt=972&cd=0%7C0%7C0&ch=0&cr=3&cs=2&cv=1&dr=0&ds=6&er=&ft=c~.Zm4L-gXoInz7T&l=202201162318270101130062070B16366A&lr=all&mime_type=video_mp4&net=0&pl=0&qs=5&rc=M2VqbzM6ZmQ7NjMzNzczM0ApZGU1aGc7ZGU2NzhoZTNoZ2dkZGFncjRfaG9gLS1kMTZzcy4zYmA1MmE0NmEzLV8tYjQ6Yw%3D%3D&vl=&vr=
video/mp4, bytesbytes 0-671216/671217, 1642375139.5405269, 1642375139.5417738, 1642375139.6133132, 1642375141.6620393, v39.tiktokcdn-us.com, 0c679ad43b25089fe9d2f52459e068bf, /0c679ad43b25089fe9d2f52459e068bf/61e4fc37/video/tos/useast2a/tos-useast2a-pve-0068/1cf87e26fafc4d01acd6b935b03fa0c1/?a=1233&br=506&bt=253&cd=0%7C0%7C0&ch=0&cr=3&cs=2&cv=1&dr=0&ds=6&er=&ft=c~.Zm4L-gXoInz7T&l=202201162318270101130062070B16366A&lr=all&mime_type=video_mp4&net=0&pl=0&qs=5&rc=MzY0NTY6ZjhrNzMzNzczM0ApaGVkZ2k2OztkNzM6aWQ5ZWdjYnFmcjQwLmhgLS1kMTZzczI2MmAyYmEtNF4uYS1iNF86Yw%3D%3D&vl=&vr=
video/mp4, bytesbytes 0-888812/888813, 1642375141.9971964, 1642375141.9984686, 1642375142.3222525, 1642375145.041366, v39.tiktokcdn-us.com, 2944843849c5973ff066b6a8810c96d0, /2944843849c5973ff066b6a8810c96d0/61e4fc32/video/tos/alisg/tos-alisg-pve-0037c001/528ecdee582c401d94082a44d9ece479/?a=1233&br=898&bt=449&cd=0%7C0%7C0&ch=0&cr=3&cs=2&cv=1&dr=0&ds=6&er=&ft=c~.Zm4L-gXoInz7T&l=202201162318270101130062070B16366A&lr=all&mime_type=video_mp4&net=0&pl=0&qs=5&rc=M3E3eTY6ZjNsNzMzODczNEApOjRnNjNpO2U2NzxkMzU6OWdncGlwcjRfZDNgLS1kMS1zczUuNGEwLzEzXzAyYC00LjQ6Yw%3D%3D&vl=&vr=
video/mp4, bytesbytes 0-301887/301888, 1642375149.7162359, 1642375149.7178059, 1642375149.8102524, 1642375151.207648, v39.tiktokcdn-us.com, f36f4dff94eb20eef509aa70c4909dd1, /f36f4dff94eb20eef509aa70c4909dd1/61e4fc2a/video/tos/useast2a/tos-useast2a-pve-0068/6f7f256df4ac448b841cb880cb1c8805/?a=1233&br=638&bt=319&cd=0%7C0%7C0&ch=0&cr=3&cs=2&cv=1&dr=0&ds=6&er=&ft=c~.Zm4L-gXoInz7T&l=202201162318270101130062070B16366A&lr=all&mime_type=video_mp4&net=0&pl=0&qs=5&rc=M3hxczRra3FwNjMzNzczM0ApMzxlODM3OmU6NzU4OmZpaWctaGdqMTVxcTFgLS1kMTZzc2I0MGExMDQxMy9jMjUtNl86Yw%3D%3D&vl=&vr=
video/mp4, bytesbytes 1024000-1589871/1589872, 1642375154.821548, 1642375154.8232622, 1642375154.8471324, 1642375158.3074594, v39.tiktokcdn-us.com, d3212e1f255c3063dd9c2dd4f55e9cea, /d3212e1f255c3063dd9c2dd4f55e9cea/61e4fc2f/video/tos/useast2a/tos-useast2a-ve-0068c003/91c724bf933b40f5903e337d94f8f6a7/?a=1233&br=1944&bt=972&cd=0%7C0%7C0&ch=0&cr=3&cs=2&cv=1&dr=0&ds=6&er=&ft=c~.Zm4L-gXoInz7T&l=202201162318270101130062070B16366A&lr=all&mime_type=video_mp4&net=0&pl=0&qs=5&rc=M2VqbzM6ZmQ7NjMzNzczM0ApZGU1aGc7ZGU2NzhoZTNoZ2dkZGFncjRfaG9gLS1kMTZzcy4zYmA1MmE0NmEzLV8tYjQ6Yw%3D%3D&vl=&vr=
video/mp4, bytesbytes 0-294588/294589, 1642375158.5006468, 1642375158.5017905, 1642375158.544798, 1642375159.5144804, v16m.tiktokcdn-us.com, 6e23720fd349d14774298bed434ca549, /6e23720fd349d14774298bed434ca549/61e4fc5c/video/tos/useast5/tos-useast5-ve-0068c004-tx/175802b59ea74d358f8e89a61a22fffb/?a=1233&br=602&bt=301&cd=0%7C0%7C0&ch=0&cr=3&cs=2&cv=1&dr=0&ds=6&er=&ft=c~.Zm4L-gXoInz7T&l=202201162319170101130060290A192CFD&lr=all&mime_type=video_mp4&net=0&pl=0&qs=11&rc=anY1dmk6Zmk2OTMzZzczNEApZzw8OTdnZTs8NzM7ZDVmZWdtbl8ycjQwNTFgLS1kMS9zczUxYzIuYzI0Xi4yMWAzNS86Yw%3D%3D&vl=&vr=
video/mp4, bytesbytes 0-587184/587185, 1642375159.6589258, 1642375159.6611094, 1642375159.6812863, 1642375161.8548684, v16m.tiktokcdn-us.com, 9caf312f36e1b1e52d204990c740fff6, /9caf312f36e1b1e52d204990c740fff6/61e4fc5b/video/tos/useast2a/tos-useast2a-ve-0068c001/0c2f08bc79c247508bee147852570e44/?a=1233&br=1376&bt=688&cd=0%7C0%7C0&ch=0&cr=3&cs=2&cv=1&dr=0&ds=6&er=&ft=c~.Zm4L-gXoInz7T&l=202201162319170101130060290A192CFD&lr=all&mime_type=video_mp4&net=0&pl=0&qs=5&rc=amdzcjk6ZjpnNjMzNzczM0ApNDdoMzwzNjtkNztnNjc5ZWczNmBkcjRfbWxgLS1kMTZzc2IvYF41M2AtLS4wXl9iLzM6Yw%3D%3D&vl=&vr=
