0,v09044e50000btueapv15l8sl3ukeqpg,8077,1038069&571816&372444,165a6b0a759f4a1958133e55d5466325&2d43b5a2b1550c2f4c19b5aa52d5224b&091bbcf4b214adf567f749a0f92dcb63&d0f05119954fdb0afd2f79f5cbe272d5&69a85f9b50e5bdab8909709742b16702&326fec84f74164f2b974e5a27ee307d9,https://v16m.tiktokcdn-us.com/165a6b0a759f4a1958133e55d5466325/61e52f1c/video/tos/useast2a/tos-useast2a-ve-0068c004/13370ab11f50451d9ac6b44b0fed7e9d/?a=1233&br=2026&bt=1013&cd=0%7C0%7C0&ch=0&cr=3&cs=2&cv=1&dr=0&ds=6&er=&ft=c~.Zm4L-gXoInz7T&l=202201170255490101130060100D478B0B&lr=all&mime_type=video_mp4&net=0&pl=0&qs=11&rc=anRuNnZvNHNodzMzODczM0ApOGQ1aDlnM2U6N2k4ZjRmZ2dtYnJpNTJzXnJfLS1iMTZzcy0zMzQvYy81MmM1LS8uYzQ6Yw%3D%3D&vl=&vr=
1,v12044gd0000c7bpv0jc77uakaoc0an0,12560,640394&488219&247339&213602,82167a1a763ee6b498ed1b53141b95b3&de352c399baf8d39f00ab34e97303e96&203ce6c922f2baac87d00856f0108789&472da1c49df23060917db3614d3235a0&34970bebba60daa139c732ce85c584a4&a3caa6f42b4686ce7056d04cb14588e4&4946772a2e7aed48592c9cebdd8d4294&633079173b6061e54e84b5d90a5b41e1,https://v16m.tiktokcdn-us.com/82167a1a763ee6b498ed1b53141b95b3/61e52f21/video/tos/useast5/tos-useast5-ve-0068c004-tx/7fb7755292e94b97ae2acf9bbfa03fe3/?a=1233&br=1250&bt=625&cd=0%7C0%7C0&ch=0&cr=3&cs=2&cv=1&dr=0&ds=6&er=&ft=c~.Zm4L-gXoInz7T&l=202201170255490101130060100D478B0B&lr=all&mime_type=video_mp4&net=0&pl=0&qs=11&rc=M2RmZGQ6ZjNzOjMzZzczNEApMzY7PDVoNWVlNzQ5aTppN2drLWxocjRnc19gLS1kMS9zcy4vYF5hMDA0NjI2MzNhYC86Yw%3D%3D&vl=&vr=
2,v09044g40000c6ugqd3c77u2124rt93g,20176,2319302&1902672&1030452&876028,45579ee6543c29236ec6aaee968dc43c&fd3d8423c897d79bc35862af9d1a10b7&97b521dcaa1ad2c7f5db7ea94d2552c2&b6fa483865d76301a7dfb34339794133&038eaa4f9b3ee6065c6a25b018cdcdf4&d245bb1725a51c6d90b6a1b670713cdb&c69d234a068700a1eaf8c0a956a21301&3ccdda21843ef887f24da63f4991d4be,https://v16m.tiktokcdn-us.com/45579ee6543c29236ec6aaee968dc43c/61e52f29/video/tos/useast2a/tos-useast2a-pve-0068/9cf3926d23504f68ba3b97edcdc97826/?a=1233&br=4528&bt=2264&cd=0%7C0%7C0&ch=0&cr=3&cs=2&cv=1&dr=0&ds=3&er=&ft=c~.Zm4L-gXoInz7T&l=202201170255490101130060100D478B0B&lr=all&mime_type=video_mp4&net=0&pl=0&qs=14&rc=ajx1NTU6ZmdqOTMzNzczM0ApNGkzaWQ1Nzs2NzU3NTQ6OmcwcTEucjQwbnJgLS1kMTZzczM2YjVgLy01YC0tXl40LWM6Yw%3D%3D&vl=&vr=
3,v09044g40000c1kjcjkfbh5e73ktqsqg,17807,788255&644665&394736&273289,a4c35e19805de2b951a36a092e3edd9a&40fddd96d92da565c94b40f043e1e1ab&41fdac3cdfef160c98bc32a3de2be7ea&97d7ed3d76b92db70adbdea8e9aa899c&f81194ee35ad956b08c934fae9a59fed&f67a748b8bf98cc3359b6eb1b4c22888&9ba68c29eca9cc90773334d5a0f45c8b&da43b6bb403b09b73f4efd733ebdf376,https://v16m.tiktokcdn-us.com/a4c35e19805de2b951a36a092e3edd9a/61e52f26/video/tos/useast2a/tos-useast2a-pve-0068/28e9383b8a8843d19cdf71afb36ba310/?a=1233&br=1538&bt=769&cd=0%7C0%7C0&ch=0&cr=3&cs=2&cv=1&dr=0&ds=3&er=&ft=c~.Zm4L-gXoInz7T&l=202201170255490101130060100D478B0B&lr=all&mime_type=video_mp4&net=0&pl=0&qs=14&rc=anZ3NmhraW1tNDMzNzczM0ApZGQ8ZzZkNDxkN2QzNzg7ZWdubmg0Ml9oYGhgLS1kMTZzczYyYV8zNS0vMC9hX2M1Y2E6Yw%3D%3D&vl=&vr=
4,v09044g40000c3lg95bc77u9h05eekn0,46089,555273&414793&370651&261713,d7bbcb614c8fcd6d9fb07d9668fa9343&589da64d869fcc375f20cfe7fa179088&b70c921113f5621e90538bd52a67a80e&34d1e2c959465ca1fb617c436741945f&a09d9ae313caf70b786cd0b69c0bb56e&a806d632e805af85a7267a491c86529f&e09d56466bc817168259f5d79be772f5&b597a8bfa5acface47653bfca511120c,https://v16m.tiktokcdn-us.com/d7bbcb614c8fcd6d9fb07d9668fa9343/61e52f42/video/tos/useast2a/tos-useast2a-pve-0068/d71c0e8d4bdd441cb28765ca3433472b/?a=1233&br=1084&bt=542&cd=0%7C0%7C0&ch=0&cr=3&cs=2&cv=1&dr=0&ds=3&er=&ft=c~.Zm4L-gXoInz7T&l=202201170255490101130060100D478B0B&lr=all&mime_type=video_mp4&net=0&pl=0&qs=14&rc=M25oMzw6ZjhqNjMzNzczM0ApN2kzaWQ4NDtmN2c6ZTg8aWdrYjJlcjRfNmlgLS1kMTZzczA0YmNjY2AtYDI2MDBfNjY6Yw%3D%3D&vl=&vr=
5,v09044g40000c42euh3c77u1fkgu3370,16646,567887&444282&223592&160019,a085f1324ed9740875421f7bb4671141&a9268a56d67a1c4e0948ad74781e6769&f2dbdec0c302698c591797c0598cdab5&c33a0d002b5313397f08495fdc51e470&6b37149cabf12b7e39c69d983ea9852d&37e85d829f96b18659d2fe7ad02b450b&f470fbd234b57fc98ddb9faa6cded2cb&53d2e98a732fe9cdbfc04a51fe35808f,https://v16m.tiktokcdn-us.com/a085f1324ed9740875421f7bb4671141/61e52f25/video/tos/useast2a/tos-useast2a-pve-0068/353eea5c512a4e96bf4aed8f1a7c9fe9/?a=1233&br=1108&bt=554&cd=0%7C0%7C0&ch=0&cr=3&cs=2&cv=1&dr=0&ds=3&er=&ft=c~.Zm4L-gXoInz7T&l=202201170255490101130060100D478B0B&lr=all&mime_type=video_mp4&net=0&pl=0&qs=14&rc=MzZ4bjQ6ZmtoNzMzNzczM0ApODc0NGk0NmVlN2Q7OjczM2c0MGRjcjQwci9gLS1kMTZzcy8tMWFiYS5fMzIyNTUxXy06Yw%3D%3D&vl=&vr=
6,v09044g40000c33c97iemsh0t2h21a7g,23752,1481860&967805&502757&322580&298757,03e7dd2cf1194ea1de06cd39d158e15e&351eac10aed414788cdfd9f071113015&4bd0929e9830c08392843caba75da27c&e16568dcc340a964546437aeb0c99dee&52a300ac8ececb991e35351583b4f559&f3f12a2303429b9b4c128187e6c0c5cc&be4d6d386a7a4be203970be1cfb5d8a4&c5bc392a657d0dc538fe3402898094e8&454662c05dbc8886c827bdab7102403c&75dbbd8df2c29922346162a2ab4917c6,https://v16m.tiktokcdn-us.com/03e7dd2cf1194ea1de06cd39d158e15e/61e52f2c/video/tos/useast2a/tos-useast2a-pve-0068/6db60453f1e54ed6a6763c05f1e88f44/?a=1233&br=2894&bt=1447&cd=0%7C0%7C0&ch=0&cr=3&cs=2&cv=1&dr=0&ds=3&er=&ft=c~.Zm4L-gXoInz7T&l=202201170255490101130060100D478B0B&lr=all&mime_type=video_mp4&net=0&pl=0&qs=14&rc=amQ1NTN2aDpmNjMzNzczM0ApZjRkZzc6NzxkN2U4Ozg4O2c0LmVxZWpmNjBgLS1kMTZzczEvYWE1NDVhMjUvMTMyMzY6Yw%3D%3D&vl=&vr=
7,v09044g40000c3sb163c77u1q5eb1gn0,50199,2384648&1679789&1035368&582274,31ca9067d7991aa862a06f42fc99e4cf&9c4a4c5575cd07088807554fa7193121&03a3b94737ac13ec4ee99b1db87cf21b&4c05e26710a281ee61f02df225afdd99&364528d796e1bcb7b2c783590b1b53a0&031ec4ecc3cc72c3b09f1bb487d280f0&6243ed18b061b75e4fc5b6cadbabeb41&57595b922c6a35081c0aca80f8406d69,https://v16m.tiktokcdn-us.com/31ca9067d7991aa862a06f42fc99e4cf/61e52f47/video/tos/useast2a/tos-useast2a-pve-0068/f8286e158fda4ed7bdaec686e27037e0/?a=1233&br=4656&bt=2328&cd=0%7C0%7C0&ch=0&cr=3&cs=2&cv=1&dr=0&ds=3&er=&ft=c~.Zm4L-gXoInz7T&l=202201170255490101130060100D478B0B&lr=all&mime_type=video_mp4&net=0&pl=0&qs=14&rc=M2plODQ6ZjllNjMzNzczM0ApZTtmM2Y4ZmU4Nzg0ZTxlOGdrLmJucjQwLnBgLS1kMTZzc2AwYWAzNjBfNDEzXy8uLjU6Yw%3D%3D&vl=&vr=
8,v090445c0000brsj2d7kvluo3u9i7rsg,6639,1025429&793373&341692&224755,20a26eec97da2e217f5f827687254729&47b711905a1c8cf9ec6203be89fc0a8a&96e38dfd4401144f80ca9e0c45826f24&8bc6e84359c6a44c42a2db8fcaada274&c64d4d0c8e869c5e466dfd81204a30b8&37a7c08274a805593a9b7b9f48b68d93&4fa135edc0dd421eb83258e47b78071a&b840ccbb277b69fea9341190fc36ecf8,https://v16m.tiktokcdn-us.com/20a26eec97da2e217f5f827687254729/61e52f1b/video/tos/useast2a/tos-useast2a-ve-0068c003/a61a2fdecc7f4812a7e9dcb661f65801/?a=1233&br=2002&bt=1001&cd=0%7C0%7C0&ch=0&cr=3&cs=2&cv=1&dr=0&ds=3&er=&ft=c~.Zm4L-gXoInz7T&l=202201170255490101130060100D478B0B&lr=all&mime_type=video_mp4&net=0&pl=0&qs=14&rc=anVseHJvbmdtdTMzZjczM0ApaDZpNzQ0ZTw1N2YzOGk7OmdwNDYwcnM0L3BfLS0yMTZzc2IvYzAvMC8yNDJgNWBhYF86Yw%3D%3D&vl=&vr=
9,v09044g40000c23krfe7g8j7827nf5m0,20176,1391827&955897&832763&560077,724fb64d71c0f03a644dad5c86bb7d9b&2d3a6aee758df129f5511886e7caf0cb&9bff8227d487b8a5175fd9edfdcafc61&f3c8c3e3f7b0d6a2402e743d75fb8237&865b86cee78d703619a096095c118279&233d1a10886cbb14052c10d568ff829e&31f38b894900a96cf103dc848dc2ee00&af1d5f8099738e7fa6cde67fd699543b,https://v16m.tiktokcdn-us.com/724fb64d71c0f03a644dad5c86bb7d9b/61e52f29/video/tos/useast2a/tos-useast2a-ve-0068c003/0ed2412d233a49eba49e4af52e6d8eb1/?a=1233&br=2718&bt=1359&cd=0%7C0%7C0&ch=0&cr=3&cs=2&cv=1&dr=0&ds=3&er=&ft=c~.Zm4L-gXoInz7T&l=202201170255490101130060100D478B0B&lr=all&mime_type=video_mp4&net=0&pl=0&qs=14&rc=MzhxNTo7OmluNTMzNzczM0ApZGY3OjgzaTw0NzU7Z2k7OWdqYzQ1Z2RibzBgLS1kMTZzczNjYl4xXmNiXmEvMl9hMWE6Yw%3D%3D&vl=&vr=
10,v09044g40000c43ejobc77ue6he4rg2g,17482,500223&416016&227615&166397,e8313afb8ed7bfc7d668133d4c55f774&66897337f2d4f56ef73a58518311dc83&5ca6f5860667dc10ada0aa63078e8403&39583d05b991be09f26f3b7106955062&94cdbadd9530bc4e97838ae2d4996453&d807a391b764e308477166e942e16e06&1328268c66ecb85032106625a107717e&5b9b182c4d9a65004ae05c2b55018d19,https://v19.tiktokcdn-us.com/e8313afb8ed7bfc7d668133d4c55f774/61e52f69/video/tos/useast2a/tos-useast2a-ve-0068c004/ebeda0edfad943b88c11b94bd99d0786/?a=1233&br=976&bt=488&cd=0%7C0%7C0&ch=0&cr=3&cs=2&cv=1&dr=0&ds=3&er=&ft=c~.Zm4L-gXoInz7T&l=202201170256560101131352501E4680F2&lr=all&mime_type=video_mp4&net=0&pl=0&qs=14&rc=amo3a2g6ZnJoNzMzNzczM0ApNGhpNzppNmQ2NzRoNGk0OWcvb2IzcjRfZzBgLS1kMTZzczM1YzIvYWIzYC5iM2AvYDE6Yw%3D%3D&vl=&vr=
11,v09044g40000c3kgrejc77u9jqnp7kpg,39820,1450795&1047947&813997&500737,d011e3c8189b55d0799d8bb1faa52805&edb4eec75f9b0699c733bd1047e0ca4d&582d4e7aaebc0c60a44dac57a392f5ee&f33c65df2bd1b8d804e16a768e4540f6&e42fe38676df1714ed94bd42793b8286&5f1bb1f2d41a7be4d28301768d74bff8&0bc7552545bc01a1fc23c3209256ab0b&8ecead1f501cc2febf08df94177c3607,https://v19.tiktokcdn-us.com/d011e3c8189b55d0799d8bb1faa52805/61e52f7f/video/tos/useast2a/tos-useast2a-ve-0068c001/99d27d54a7b143af86fa5f55f0b033eb/?a=1233&br=2832&bt=1416&cd=0%7C0%7C0&ch=0&cr=3&cs=2&cv=1&dr=0&ds=3&er=&ft=c~.Zm4L-gXoInz7T&l=202201170256560101131352501E4680F2&lr=all&mime_type=video_mp4&net=0&pl=0&qs=14&rc=am5zdDw6ZmhqNjMzNzczM0ApNGk2aTVmZWU7N2U7Zzk7O2dtNGtncjRnb2hgLS1kMTZzc2I2LS8vNDUwX2A0My8xLjU6Yw%3D%3D&vl=&vr=
12,v09044g40000c2qmm5u2iutjg46gq610,15230,1793520&1235045&889186&593926,fc5e9aa71895e44b4409543be4913ca7&5d887a1328bcbf0f0eb509be757130ce&f74a210128ef17691572bf52edb665e5&d12eab41b25bc1e1f3af038e7d4d4b06&37552578851dafb0ea36707879d6e3ba&da29d74d2871483f057c6ffb57e64217&c190dd49699d928bb5b1b56ddeba9b41&a6977b49f88214b1ca647714fd3a99ec,https://v19.tiktokcdn-us.com/fc5e9aa71895e44b4409543be4913ca7/61e52f67/video/tos/useast2a/tos-useast2a-ve-0068c004/8c2392560472467faadd751cb7757143/?a=1233&br=3502&bt=1751&cd=0%7C0%7C0&ch=0&cr=3&cs=2&cv=1&dr=0&ds=3&er=&ft=c~.Zm4L-gXoInz7T&l=202201170256560101131352501E4680F2&lr=all&mime_type=video_mp4&net=0&pl=0&qs=14&rc=MzlqN214NThwNTMzNzczM0ApZGdlO2c7O2VpNzRnZWYzNGcubjNkcWZyam5gLS1kMTZzc14yXzNgLS1gYzI2NjY2YzY6Yw%3D%3D&vl=&vr=
13,v12044gd0000c7878sjc77u7psv0afkg,15067,661557&552707&464615&385418,5f3a5b7beabb081e3d7c7f04d65b3f0b&ff00163d2ff4dae1e5e901693cbaa592&990e51ff7172f6792d2ea490c4834070&48da835302621452cad72c8f2d732ac0&5053a941df858ece3b12e291e5e72ccb&df12e9ff0e7393540ae6bf5ba350e1c7&e28fee075d4aea7b32dc4a3d6633e21b&6f61113dabf996b79ebc8639d2cd20ce,https://v19.tiktokcdn-us.com/5f3a5b7beabb081e3d7c7f04d65b3f0b/61e52f66/video/tos/useast5/tos-useast5-ve-0068c004-tx/288c2e7eff49415ba3911a0c11c53285/?a=1233&br=1292&bt=646&cd=0%7C0%7C0&ch=0&cr=3&cs=2&cv=1&dr=0&ds=3&er=&ft=c~.Zm4L-gXoInz7T&l=202201170256560101131352501E4680F2&lr=all&mime_type=video_mp4&net=0&pl=0&qs=14&rc=amkzdjo6ZnY6OjMzZzczNEApODloODVnOmU6N2k8NzQ6OGdoXnNtcjRnNTVgLS1kMS9zc2NeMzYvYl8tXy4tM19gXjY6Yw%3D%3D&vl=&vr=
14,v10044g50000c6c36brc77u6q3q4r3og,25354,583702&337395&211799,4809a066308cbaa2912b055b13e9bb78&de87d39209dc4cfa4242e55e427a3690&248a4f54e6a7697817dfed6e7326eb86&d00996e828e8e90c9be57fd346953bff&6b6da8e79e992886f80cc1dd63215de4&936800f1c88c0ca99e4ca22215364e5c,https://v19.tiktokcdn-us.com/4809a066308cbaa2912b055b13e9bb78/61e52f71/video/tos/alisg/tos-alisg-pve-0037c001/0fcd2e46f8c24166a41b1a8f9f5a534e/?a=1233&br=1140&bt=570&cd=0%7C0%7C0&ch=0&cr=3&cs=2&cv=1&dr=0&ds=6&er=&ft=c~.Zm4L-gXoInz7T&l=202201170256560101131352501E4680F2&lr=all&mime_type=video_mp4&net=0&pl=0&qs=11&rc=ajY3Njk6ZmU2OTMzODczNEApaDU1ODpnZzxmNzNmZGg4M2dsb25ucjRvM2BgLS1kMS1zczEuMDQxM2M0NS9jMWA0My46Yw%3D%3D&vl=&vr=
15,v09044g40000c1qs7cld1cjmekntikqg,10679,864376&417645&264892,9a0bfeb7781172e343e462562987d428&cf662f476a6eee394437c313d1305772&91b1a15b9690e58a110dd18d6ca6087a&d822213752a7824dd7156ef1dc0b98d8&07564152e9bd9378291026cd1b465aaa&21818b059ac1b985850275e10f916f23,https://v19.tiktokcdn-us.com/9a0bfeb7781172e343e462562987d428/61e52f62/video/tos/useast2a/tos-useast2a-pve-0068/250df16a02a94b9187bfb0c9e76bfd7c/?a=1233&br=1688&bt=844&cd=0%7C0%7C0&ch=0&cr=3&cs=2&cv=1&dr=0&ds=6&er=&ft=c~.Zm4L-gXoInz7T&l=202201170256560101131352501E4680F2&lr=all&mime_type=video_mp4&net=0&pl=0&qs=11&rc=am53bnBmZ2Z2NDMzNzczM0ApNTY0Z2ZoNWVoN2U8NWhoNGduZmtiZy5pNG5gLS1kMTZzczUzMF5jNTYxNl8tLTIuNl86Yw%3D%3D&vl=&vr=
16,v12044gd0000c7d0b4bc77uekfci7l50,11770,680590&563748&390091&298756,7666b5aa25e6ce2ede3ce90325e2a4ad&16fe1f8e0ef4f07b25329c6f1279821a&afb53d73117c9265740474acbd2f6945&5692295a22651badbeed97e02c9c8def&524e64e9bdbb98394693fbce134482e6&b0068c2a90a96eb2bbc1038c74d81f9f&1b38d9939d496112c784b7bc4ac3e0bc&1645b73b69c3fc69a5a58e0741c71049,https://v19.tiktokcdn-us.com/7666b5aa25e6ce2ede3ce90325e2a4ad/61e52f63/video/tos/useast5/tos-useast5-ve-0068c003-tx/724514e92b8043a6947f02201f7c50ab/?a=1233&br=1328&bt=664&cd=0%7C0%7C0&ch=0&cr=3&cs=2&cv=1&dr=0&ds=3&er=&ft=c~.Zm4L-gXoInz7T&l=202201170256560101131352501E4680F2&lr=all&mime_type=video_mp4&net=0&pl=0&qs=14&rc=M29saWg6ZjczOjMzZzczNEApZ2hkaDY8NmQ7N2hnNjplaGcyNGBocjRfX2FgLS1kMS9zc2I2YzFeNTYyMTAyL2ItMmA6Yw%3D%3D&vl=&vr=
17,v09044g40000c2jv6hga6lvlhf9ml8fg,21221,1844886&1518566&799751,9fb985e96ddff7dd8b5ddfb2f3637547&cc0e593cde67cdc35b323ec2b56fa0f5&c57171b47aea73bbad4584cf9e921510&ed0a8960ffe5a1ea9a494894984feb37&b29044af26d32684f8606be1daf6aeed&1192624c08722c9e806582491d22dc19,https://v19.tiktokcdn-us.com/9fb985e96ddff7dd8b5ddfb2f3637547/61e52f6d/video/tos/useast2a/tos-useast2a-ve-0068c001/5b760373d72949838db6ae7478a36a43/?a=1233&br=3602&bt=1801&cd=0%7C0%7C0&ch=0&cr=3&cs=2&cv=1&dr=0&ds=6&er=&ft=c~.Zm4L-gXoInz7T&l=202201170256560101131352501E4680F2&lr=all&mime_type=video_mp4&net=0&pl=0&qs=11&rc=ajtwaW9vZGt5NTMzNzczM0ApNGZmZmg1aGU3Nzk2PDo8ZWdjaTZlczNkM2dgLS1kMTZzczY2YGAyMzAwMjIzMWBjYDY6Yw%3D%3D&vl=&vr=
18,v09044f40000bq3sfh273oo36di7q7bg,15416,735858&566761&327403,1be8ce67f9cd8f3997846e86a1c67b64&ec8978fe1af0d2e3eb514e4125a6b023&4c78b3c50cb1b727c4f5f85d882a7fa3&a3a418c49324620eea665df76a3ad925&5f40ecbd9292feec9e3ecdbe655c1f9b&f33806351bf484050cd651d98f27db35,https://v19.tiktokcdn-us.com/1be8ce67f9cd8f3997846e86a1c67b64/61e52f67/video/tos/useast2a/tos-useast2a-pve-0068/1a4eb2b04b464350bb484bfe194ad9cb/?a=1233&br=1436&bt=718&cd=0%7C0%7C0&ch=0&cr=3&cs=2&cv=1&dr=0&ds=3&er=&ft=c~.Zm4L-gXoInz7T&l=202201170256560101131352501E4680F2&lr=all&mime_type=video_mp4&net=0&pl=0&qs=14&rc=ajo6ZzZyOmt2dDMzNzczM0ApZGkzNmk6MzszNzs8NGRlOGdfbmYzbDAvYzBfLS1jMTZzczEyLy9fMDFjMWBiXmFjM2A6Yw%3D%3D&vl=&vr=
19,v09044g40000c2a8isdj4q5u8o8d96ag,8264,540308&478499&311419&223721,a8d0f95c2226ac3bc9c47b0aac4f8183&c801701a28625b45bffb67828b50ad72&3dd0457a43b51b2a8aa148053e419d0d&522c6de0b3431a96d3bef8c0e84324a6&22bc2b2c3cf4cfd50e41e3af2894fe27&20a7c825da6a1021efc337b95207a331&425e1a047ba1ff6884c319a59fd1f337&2e583e1924f2823bcc37524c24ef55e9,https://v19.tiktokcdn-us.com/a8d0f95c2226ac3bc9c47b0aac4f8183/61e52f60/video/tos/useast2a/tos-useast2a-pve-0068/060bd750fbeb462c8e674263b1a14cc8/?a=1233&br=1054&bt=527&cd=0%7C0%7C0&ch=0&cr=3&cs=2&cv=1&dr=0&ds=3&er=&ft=c~.Zm4L-gXoInz7T&l=202201170256560101131352501E4680F2&lr=all&mime_type=video_mp4&net=0&pl=0&qs=14&rc=ajlncnh0bXY7NTMzNzczM0ApPDs8Nzk0ZmVmN2c3M2lkO2deNjU1MjFhZl5gLS1kMTZzcy8uXjMtYTJiX2BjMjIuNjQ6Yw%3D%3D&vl=&vr=
20,v09044970000c15qot31m2ohdov0nv80,7637,599575&441121&262117&179080,fde178ce84f2ad072d398ddcfb211646&83a86a867679766c424eecaa682f7c3c&6b7e9d6d2cfc0855e6d15e3fe10aaf5f&bf7555285ea6e6e654030f0115cc6642&4d98f017ded52725f0bf1ed1e9db8cd5&814015ddf7341d612f66d9518d47949e&51d25f166cd089fabdf7a2885fc27cc0&1b05743ea72fa62c00240a1a8a8ea803,https://v39.tiktokcdn-us.com/fde178ce84f2ad072d398ddcfb211646/61e52fdf/video/tos/useast2a/tos-useast2a-ve-0068c002/9a2794aa230541308cc5eca4e5bafa23/?a=1233&br=1170&bt=585&cd=0%7C0%7C0&ch=0&cr=3&cs=2&cv=1&dr=0&ds=3&er=&ft=c~.Zm4L-gXoInz7T&l=202201170259040101131351890E47378D&lr=all&mime_type=video_mp4&net=0&pl=0&qs=14&rc=M3kzcms1NHd0NDMzOjczM0ApZGc7OjU6PGQ3Nzg4aTozZGc1a3NhbGowbDJgLS02MTZzcy82YjItMV9iLV8vYjEwNF86Yw%3D%3D&vl=&vr=
21,v09044g40000c39ork8o4qnr8507sfp0,17019,2400024&1680624&812197&524204,7994a898aedd6f516fac48253689a175&fa71db192480a38ce0282006f057e777&c525f7cf23a3bd5d5bb2f7ca4b7832fc&2ab085f46079ef919747c28ec03a01c8&1fe9fbc46d6b1f865a66549ab7012bb2&41d09ec9339d87868a8b72e3b988a7e3&361c54bdc8dc78537418bc34709a3148&98b27a2d27d8c0e6aaea1135331aab51,https://v39.tiktokcdn-us.com/7994a898aedd6f516fac48253689a175/61e52fe8/video/tos/useast2a/tos-useast2a-ve-0068c003/b2f1a5a1d3f0448f9fb4b5a037c92027/?a=1233&br=4686&bt=2343&cd=0%7C0%7C0&ch=0&cr=3&cs=2&cv=1&dr=0&ds=3&er=&ft=c~.Zm4L-gXoInz7T&l=202201170259040101131351890E47378D&lr=all&mime_type=video_mp4&net=0&pl=0&qs=14&rc=M2k6OHV0cm5yNjMzNzczM0ApZWg8aDs6N2Q1NzYzOzk5NmdtcC01azE1bzZgLS1kMTZzcy82LzUtNjIxLWJiY141Ly46Yw%3D%3D&vl=&vr=
22,v09044g40000c1n21093do78fvgam52g,14928,1985159&1630658&653285&420754,2111eeb05c8157ba9d9946f98ad978ac&264c051db6535735f8285a1823f718b9&f4acb46475a58a9a303c9dde1d0d06fe&1d3bbb50be165e9f9e18016d89b8e3c3&fb5d1af1bfd6f124b9383e3d8a75a787&bb793161cc4cc4b8bce402b902249b35&a476298241223cf8e593a95e85bddd1b&c8836526622f0c655cae3af2161a6a6f,https://v39.tiktokcdn-us.com/2111eeb05c8157ba9d9946f98ad978ac/61e52fe6/video/tos/useast2a/tos-useast2a-pve-0068/21c531d693a240fbb4c2d8a41a8caa19/?a=1233&br=3876&bt=1938&cd=0%7C0%7C0&ch=0&cr=3&cs=2&cv=1&dr=0&ds=3&er=&ft=c~.Zm4L-gXoInz7T&l=202201170259040101131351890E47378D&lr=all&mime_type=video_mp4&net=0&pl=0&qs=14&rc=ajhkeTtyNjM1NDMzNzczM0ApZjY7NmdpO2U3N2c0ZWlnZWcvamRjNGE2LmtgLS1kMTZzc18xMmMuLzMuLy4xMGMwYWI6Yw%3D%3D&vl=&vr=
23,v07044420000c199u5s35dppe9q0d1j0,8032,700067&442899&309569,a3d4b5ac8db1d248fdea01a43e4c228b&9d922401e202fe3a6dab2f92ee395360&b1af563e96e612ceda4c8a46dce66f0e&df7e17e7bc966f1a2b89b7bf10d1dd5a&6589c6e13d8f75f2a620a64934bce7c3&9dd038623aa17168345d9fa7a61d3e38,https://v39.tiktokcdn-us.com/a3d4b5ac8db1d248fdea01a43e4c228b/61e52fdf/video/tos/alisg/tos-alisg-pve-0037c001/202e295a089748c1b884ab25998a2b3a/?a=1233&br=1366&bt=683&cd=0%7C0%7C0&ch=0&cr=3&cs=2&cv=1&dr=0&ds=6&er=&ft=c~.Zm4L-gXoInz7T&l=202201170259040101131351890E47378D&lr=all&mime_type=video_mp4&net=0&pl=0&qs=11&rc=MzQzPHNnNjg8NDMzNTczM0ApOTk5aGRlOjw6Nzg7NTxnZmdnYW5ibTJwcjZgLS0xMTRzczZfMTZjMGEyYDA0LmJfMWM6Yw%3D%3D&vl=&vr=
24,v09044g40000c2q01jk1se6edeiqos2g,20896,1262211&1035288&794761&542759,9f3fb9e2785ae5e7deff3dd0d80cadb6&3e7ce690d0aed90dbda707699b3642a0&c312e05859f1a003c534ae773acc469d&290e0363f410de21539d29ed83b5e2f0&5c9729b59c7e7c8de38d311695f20e07&71d82f9a495026e480dba658423a4de1&d111f9fe716a23a31d5afd7bc9651288&823805fb69e1699164193686097a6c64,https://v39.tiktokcdn-us.com/9f3fb9e2785ae5e7deff3dd0d80cadb6/61e52fec/video/tos/useast2a/tos-useast2a-ve-0068c001/032f2f8815304c9394dd37c63db334a2/?a=1233&br=2464&bt=1232&cd=0%7C0%7C0&ch=0&cr=3&cs=2&cv=1&dr=0&ds=3&er=&ft=c~.Zm4L-gXoInz7T&l=202201170259040101131351890E47378D&lr=all&mime_type=video_mp4&net=0&pl=0&qs=14&rc=anZ0aGhoNG0zNTMzNzczM0ApOWRpPDxnOGVoN2Y3OTVmO2cvbGZhM3BoLm5gLS1kMTZzczFhYjU2NWAzXjAuLS8uLi46Yw%3D%3D&vl=&vr=
25,v09044ad0000c0qnh58p8rsb4e7eg120,14208,881638&644122&349950&209351,7c56d58494c187a50bd9e82b67267d7c&56ac4b3b89089b7a0fc7caaf314a4af7&f81d19a1db492eae647352304e5896af&36c085364f0b956964b32be4daef3fb5&01efa7c483f12fdc969033426d4ea071&bdfc42701f8fc9572561efa2473cd99d&79d7a4fd71ce2e47c3976ab3affc90a0&811218d869f2586e92a3e16b9b44992a,https://v39.tiktokcdn-us.com/7c56d58494c187a50bd9e82b67267d7c/61e52fe6/video/tos/useast2a/tos-useast2a-ve-0068c002/78aa8b14fb054a35b79487b137b29b3c/?a=1233&br=1720&bt=860&cd=0%7C0%7C0&ch=0&cr=3&cs=2&cv=1&dr=0&ds=3&er=&ft=c~.Zm4L-gXoInz7T&l=202201170259040101131351890E47378D&lr=all&mime_type=video_mp4&net=0&pl=0&qs=14&rc=MzRoaGV1czhxMzMzZzczM0ApO2Y3aDtkPDxpNzQ5ZmQ3OGcvZDQxcDU1ZW5gLS1eMTZzcy5gMS4wXzJiLWM0MDAvMTI6Yw%3D%3D&vl=&vr=
26,v09044g40000c6bjhcrc77ue1odlkdo0,7940,604161&439135&296553&183383,af72dbb53c0cdba0a4c8e7075dda0749&bab5d8382c93632deca41e3668513d7b&2b2447125b14fe8d570b483c3bcb5027&40d6458db1915409882804d75edfb2d2&e1e26c6db3900f3889c8952489abb8e9&0a987cfa5d59455edbe4743b39d69b1e&4990dc93366b4e4d2e6d20985278c0aa&e51065d906bed7005ef4898559f34cba,https://v39.tiktokcdn-us.com/af72dbb53c0cdba0a4c8e7075dda0749/61e52fdf/video/tos/useast2a/tos-useast2a-ve-0068c004/53037072e7ea46719f71503983e53896/?a=1233&br=1180&bt=590&cd=0%7C0%7C0&ch=0&cr=3&cs=2&cv=1&dr=0&ds=3&er=&ft=c~.Zm4L-gXoInz7T&l=202201170259040101131351890E47378D&lr=all&mime_type=video_mp4&net=0&pl=0&qs=14&rc=M2dvcmg6ZmZtOTMzNzczM0ApNWg6aWY2aGU8NzdpOWc7OWdsaGEucjRvZV9gLS1kMTZzc15hLjIzXmIxNWNeYjUwYGA6Yw%3D%3D&vl=&vr=
27,v09044g40000c2t3lrho1amdn3nre0s0,5013,756227,6a47204d534f5f819d00a1dd58b8737b&213c7eec8ffb90107e7bbf6b0bfff306,https://v39.tiktokcdn-us.com/6a47204d534f5f819d00a1dd58b8737b/61e52fdc/video/tos/useast2a/tos-useast2a-ve-0068c004/e99cb9d5a11d4ac7a496622b02f8a9ad/?a=1233&br=1476&bt=738&cd=0%7C0%7C0&ch=0&cr=3&cs=0&dr=0&ds=2&er=&ft=c~.Zm4L-gXoInz7T&l=202201170259040101131351890E47378D&lr=all&mime_type=video_mp4&net=0&pl=0&qs=0&rc=MzN1NmdkcnU2NTMzNzczM0ApNjk0Z2c7Zzs4NzRmMzYzM2dwYmtrai5laXFgLS1kMTZzc2BiNV4zNTEyNjQ0XmEzMS86Yw%3D%3D&vl=&vr=
28,v09044g40000c2ft710bf79t3vkd0gvg,19293,1718431&1264133&618854&381743,06e29b9e047d78dedde6215c497bb3b0&92b31dfc26c6730d889f342f4ac7b8fe&72b5779c61390ec5d60728471cc42bdc&152c9b2f8e8c57dce07a192a5e652537&3087bd04fc1f8a3921041c3a8ae69508&d1772ae74462100365e9051c37645a89&8717a390f5419ec908862b910eaa5aaf&dae5b8d34241d8723de56d5b1d886b22,https://v39.tiktokcdn-us.com/06e29b9e047d78dedde6215c497bb3b0/61e52feb/video/tos/useast2a/tos-useast2a-pve-0068/4b429b6507504a9cba99f12e0d4afe8a/?a=1233&br=3356&bt=1678&cd=0%7C0%7C0&ch=0&cr=3&cs=2&cv=1&dr=0&ds=3&er=&ft=c~.Zm4L-gXoInz7T&l=202201170259040101131351890E47378D&lr=all&mime_type=video_mp4&net=0&pl=0&qs=14&rc=ampneXc6ZTR3NTMzNzczM0ApN2ZlPDdlaGUzNzM2OmU6PGdzLWgwNmMtNGNgLS1kMTZzcy8uMDEtLTJiMWAyM181LTU6Yw%3D%3D&vl=&vr=
29,v12044gd0000c797pgbc77ucq7ijquug,16995,298431&235242&154197&125184,83702ecb49c344281df14462213f4ecc&ba6198972d470782d00c859590eb3f86&a63e4e26521f15850419bf7d39d98671&e955ac84d11f56c2d81f539f897342aa&2151d7a2bd6c26696bf1e3c5c5411c28&44ef08d0f570c2e450f4f66bb7dd627e&0533660eb87d197086a4094198c5d742&27a1b32464f66f6ededb15eaf265fe33,https://v39.tiktokcdn-us.com/83702ecb49c344281df14462213f4ecc/61e52fe8/video/tos/useast5/tos-useast5-pve-0068-tx/f62e02f024c540c89a00998f535a6845/?a=1233&br=582&bt=291&cd=0%7C0%7C0&ch=0&cr=3&cs=2&cv=1&dr=0&ds=3&er=&ft=c~.Zm4L-gXoInz7T&l=202201170259040101131351890E47378D&lr=all&mime_type=video_mp4&net=0&pl=0&qs=14&rc=anhtOmY6Zmo6OjMzZzczNEApOjM6NDc4aWRkNzVlODRpOWdybmZucjRfbTZgLS1kMS9zcy4vYmFhMV5jMzZeNjY1XjY6Yw%3D%3D&vl=&vr=
30,v09044g40000c4mg0q3c77u950nmju0g,19177,3191109&1932525&1342438&707823,6837804cd32a0c8653175125e46095fa&5ac382d07f9ed9e4d3ad09f469051649&fdd51f28548996f2a13c3dab18131849&7335e996df4d4292aaf746445725fcef&f9684d7ebb6663017f893913a1f02e58&28d8fd89b240da0d1b169aa2650ccbcf&5a02805c84bf5a694e894da06201eb1c&14e7120e6b9a2559f2cb7733f7342c79,https://v19.tiktokcdn-us.com/6837804cd32a0c8653175125e46095fa/61e5301a/video/tos/useast2a/tos-useast2a-ve-0068c003/1578429937b3407ab574c8a84355dafb/?a=1233&br=6232&bt=3116&cd=0%7C0%7C0&ch=0&cr=3&cs=2&cv=1&dr=0&ds=3&er=&ft=c~.Zm4L-gXoInz7T&l=202201170259510101131350242445F5FE&lr=all&mime_type=video_mp4&net=0&pl=0&qs=14&rc=anhwMzw6ZnRqNzMzNzczM0ApOTxoaWhlOjs6NzM3OzQzO2ctZ2sycjQwLWpgLS1kMTZzcy1hXy9jXmIyMjFjXzIyMS06Yw%3D%3D&vl=&vr=
31,v09044g40000c42sjhbc77u591u34mdg,16600,1143137&860555&523772&365504,9e5f611126cbfe4e7a6dec99c1fae81e&9852a6e1655915b3d09c75dc1a44a80a&c99a3ad7dc0f7b9659ec6a01dba0a89e&bce6653a5de1f9e4dddd75e572223b81&7ca4126d52b8f3efd5d10754e2d68ecf&0f4495fe82ca945e6f84efaeaf1685ea&f1bc6b5749886b1a6ca99c89ee444213&1d977ee2f74561fb59f29191f03b8a32,https://v19.tiktokcdn-us.com/9e5f611126cbfe4e7a6dec99c1fae81e/61e53017/video/tos/useast2a/tos-useast2a-ve-0068c002/7da2afaad80f404fb164f84d77c8ba4d/?a=1233&br=2232&bt=1116&cd=0%7C0%7C0&ch=0&cr=3&cs=2&cv=1&dr=0&ds=3&er=&ft=c~.Zm4L-gXoInz7T&l=202201170259510101131350242445F5FE&lr=all&mime_type=video_mp4&net=0&pl=0&qs=14&rc=anA2NDg6Zmt2NzMzNzczM0ApOzs7ZGQ5ZzxkNztlNTlnaGdhMXI2cjRfZy9gLS1kMTZzczUuLjJjMTFeNTIyMC0vYy46Yw%3D%3D&vl=&vr=
32,v07044550000c07os0nir75n464p64cg,8589,247151&169174&126295,20969dc9071613f967d84c039b688d22&0eebea88bcb0959a07af2e0472010fd2&ba32bf13a116a6497ff2e744f476f185&471f68a0bea4800084b487a7c0c5e79c&008b78b4de95be614272fe28acd27cd3&c3007374ac717213df230e87cb9c3c93,https://v19.tiktokcdn-us.com/20969dc9071613f967d84c039b688d22/61e5300f/video/tos/alisg/tos-alisg-pve-0037c001/88d0a2f0d8fd40f699e281a9c3b021f0/?a=1233&br=482&bt=241&cd=0%7C0%7C0&ch=0&cr=3&cs=2&cv=1&dr=0&ds=6&er=&ft=c~.Zm4L-gXoInz7T&l=202201170259510101131350242445F5FE&lr=all&mime_type=video_mp4&net=0&pl=0&qs=11&rc=ajdzOXE6bDNyMzMzODczM0ApNTk1aTU8OGRoNzdoM2Y5aWdgMzExMm9rcDRgLS0yMTRzcy0zMTEyXmAvYi81MzAxLWI6Yw%3D%3D&vl=&vr=
33,v09044690000bugd0qjemvd778npkaug,8728,1625869&1015423&736932&474604,27abc7dd2610920e06edbf38dd1333a4&dd2b227a7bce1ef0bd89513bcd36b8e7&9c50c318f7211f786269b7ba89aa8095&8931f5e2026775bf7a7a674d58559890&a4ca281692297df62e81fc71de518624&9fee49efa41c3eb702bd460c6d06ffb4&c159a77a22f6febe4354f4caa1f6bc99&cc98c3e34ed0af6c1767228be3c448d6,https://v19.tiktokcdn-us.com/27abc7dd2610920e06edbf38dd1333a4/61e5300f/video/tos/useast2a/tos-useast2a-ve-0068c003/577f7868462848419672cfb56e32c139/?a=1233&br=3174&bt=1587&cd=0%7C0%7C0&ch=0&cr=3&cs=2&cv=1&dr=0&ds=3&er=&ft=c~.Zm4L-gXoInz7T&l=202201170259510101131350242445F5FE&lr=all&mime_type=video_mp4&net=0&pl=0&qs=14&rc=amRzOzp5aHRneDMzPDczM0ApZGc2NmRoZDxpN2hlOTw1NWdyaGs0YWpnLWRfLS0zMTZzc2IzYV8xMmBiLTAuMC4wNC86Yw%3D%3D&vl=&vr=
34,v12044gd0000c736h5bc77uakasifot0,40843,832150&688079&457089&341092,8523602a607acda8870ac9609ec65963&3eab527cdcc0313dfe0e1300052ac222&8db5d81b21d61b4437abd42ab60833ec&6db0b977d7b38d7e67b3a540ce741ad1&3ca120282b79fdedc8b8a97ebabfca81&b49bf584a6528d426602d7c9dc2e9b18&75ed2d3a2d53dbd89a25e59fe157963a&9fd21b42fb278f4a8ff37ad24a9cb62e,https://v19.tiktokcdn-us.com/8523602a607acda8870ac9609ec65963/61e5302f/video/tos/useast5/tos-useast5-pve-0068-tx/967c907d787f47d1ba726183ac03a2a0/?a=1233&br=1624&bt=812&cd=0%7C0%7C0&ch=0&cr=3&cs=2&cv=1&dr=0&ds=3&er=&ft=c~.Zm4L-gXoInz7T&l=202201170259510101131350242445F5FE&lr=all&mime_type=video_mp4&net=0&pl=0&qs=14&rc=M3JsZGQ6Zjg5OjMzZzczNEApNDlkOjo5ZjxmNzc8NjVpOGdxY3BocjRfZTBgLS1kMS9zczY2NjAyXjBfYi8xLzIuY2A6Yw%3D%3D&vl=&vr=
35,v09044g40000c1n6fgrivpn8c64va3mg,15276,1055778&904129&638191&402855,169da0acee7b530962f9b32fa1456152&85d6577bd788970e64d9d0a252304677&7399d58b08a8c8a5ef6dde56c93117a6&c4130afe130eead011dd99ae362353d6&d715476ce8c16adc44c1a7413b06fd48&26185d247b7ee2214800abe7ca3d08d7&b737b5c35e5ee1e7e7e2a01ba0a6b28a&4ee0f590997cc07153a221d50a1fb70a,https://v19.tiktokcdn-us.com/169da0acee7b530962f9b32fa1456152/61e53016/video/tos/useast2a/tos-useast2a-pve-0068/0d6b12d875944f93abce543a86449ffc/?a=1233&br=2062&bt=1031&cd=0%7C0%7C0&ch=0&cr=3&cs=2&cv=1&dr=0&ds=3&er=&ft=c~.Zm4L-gXoInz7T&l=202201170259510101131350242445F5FE&lr=all&mime_type=video_mp4&net=0&pl=0&qs=14&rc=ajZ5OTtzbGo5NDMzNzczM0ApPDc3ZTw6OzszN2UzO2Q1ZWdqXjFga3NvY2tgLS1kMTZzcy8wNTQwLy41L2BiYjEzMzI6Yw%3D%3D&vl=&vr=
36,v09044g40000c4ohat3c77u88dlsgkjg,9542,942322&447409&317248,6d4853705e417f5e1bc19c27c326d379&fb315880dfcc3fe14490ac486dfc5a0a&b5365b3c30e61ee47cd1aef51b17d8a3&f4bafc5f98bfc618f9708ef865ea45b9&14ffb78415d70057afa724e408ea3ecf&e2e54968ca0e36389b8651cf106100c5,https://v19.tiktokcdn-us.com/6d4853705e417f5e1bc19c27c326d379/61e53010/video/tos/useast2a/tos-useast2a-ve-0068c004/c54e4db20e74481fa121eb15af5f85e5/?a=1233&br=1840&bt=920&cd=0%7C0%7C0&ch=0&cr=3&cs=2&cv=1&dr=0&ds=6&er=&ft=c~.Zm4L-gXoInz7T&l=202201170259510101131350242445F5FE&lr=all&mime_type=video_mp4&net=0&pl=0&qs=11&rc=am52Zzs6ZndrNzMzNzczM0ApaTU3PGc5N2U1NzM1Nzk1OmdnZGk1cjQwXmxgLS1kMTZzc2AtXjAxXy8yMGIwNS5jXzA6Yw%3D%3D&vl=&vr=
37,v090443b0000bu7hkfqqsv284dioh21g,15555,689791&625195&437373,f681fc564573d9904a829b12d9cff3fd&f1aec7e9a292070d3c866964382895a4&be0d78ea0a494681dd7f600ac48e8b2c&0fab78c610bb0ed02cd3fbf1c103b4bc&ee1e9087dd022dfc2dc2416fcf47d2f9&d3afadfd2e6d5342ae7e5a2983747569,https://v19.tiktokcdn-us.com/f681fc564573d9904a829b12d9cff3fd/61e53016/video/tos/useast2a/tos-useast2a-ve-0068c002/9e8ed43555484c4b83d5257edb9435d0/?a=1233&br=1346&bt=673&cd=0%7C0%7C0&ch=0&cr=3&cs=2&cv=1&dr=0&ds=6&er=&ft=c~.Zm4L-gXoInz7T&l=202201170259510101131350242445F5FE&lr=all&mime_type=video_mp4&net=0&pl=0&qs=11&rc=ajVyZzt5dGlreDMzZTczM0ApZzw0Ozk2OmQ0NzVoOWRnZmcuZWYxL3BuaDRfLS0wMTZzc2IyMC1jNF40XjY2LTAwLzQ6Yw%3D%3D&vl=&vr=
38,v09044g40000c3gscaris849rbdm91rg,14975,1649189&1352918&1157202&784297,0647c093ec6d3af15c2bec099bf57b78&77c3eaeffbd91ab87cd7a5284236ab7f&94d894b23b803d80e458f81bdf6e8008&80403630ce919d7fbfb3af3e59603ea8&513e0e78af97e1387946bdf458dbcf66&a6c620ee93d0001e024bb4f367658efc&77dad2449573bae1d91d546f2eb1788a&b4c905cc74e252bcaad607c36ef06734,https://v19.tiktokcdn-us.com/0647c093ec6d3af15c2bec099bf57b78/61e53015/video/tos/useast2a/tos-useast2a-pve-0068/9d511f5263d34272a97a3e7ab284c1ce/?a=1233&br=3220&bt=1610&cd=0%7C0%7C0&ch=0&cr=3&cs=2&cv=1&dr=0&ds=3&er=&ft=c~.Zm4L-gXoInz7T&l=202201170259510101131350242445F5FE&lr=all&mime_type=video_mp4&net=0&pl=0&qs=14&rc=ajRwZTw7bGR2NjMzNzczM0ApNGg7ODYzNTxpNzw8aTllNGdvNmFvMXBvYGRgLS1kMTZzczIxXi1hNmJeNS02YS1gXjU6Yw%3D%3D&vl=&vr=
39,v09044900000c1gk48v7hc99pahqgrq0,8637,2052471&1561356&980982&642068,76b4e57ddbbe8ed51472a07d55f1e94f&bc56414cb63582b0bf449ce1932f32f8&2bad7d35e19adc7f31f3912761a97371&5f1e27ddbb467690470b15d5a3044ed8&75e594b1dac1291e4bc109acc2df5bb2&ff789a2fd92b82a8b699347d4c0b6f1b&9e874056a977a9fa995144548702aa9a&1b1b662a9764cf34df3eb12873563899,https://v19.tiktokcdn-us.com/76b4e57ddbbe8ed51472a07d55f1e94f/61e5300f/video/tos/useast2a/tos-useast2a-ve-0068c002/7eeeb48d29a048fb8a43c2e4f44e7786/?a=1233&br=4008&bt=2004&cd=0%7C0%7C0&ch=0&cr=3&cs=2&cv=1&dr=0&ds=3&er=&ft=c~.Zm4L-gXoInz7T&l=202201170259510101131350242445F5FE&lr=all&mime_type=video_mp4&net=0&pl=0&qs=14&rc=M3V0ZDxmOjtuNDMzMzczM0ApOmUzOjc6aGQ5N2k2O2c2ZmduZGVtNmVzMWRgLS02MTZzc2FeM2MtMTEvMy8uNDA2NmI6Yw%3D%3D&vl=&vr=
40,v09044g40000c4oflj3c77ue62ip6i7g,18829,1005587&678099&416779,c05fc725a1beb90a37d53c43d78aa4ea&fc890969a97e297b0ebd4acf48a16462&97291add9625b80e1beca0f1d37fcc17&c69e557697a2481e116a15233d02f397&27aac93d71476b0775619ecf99689c92&cc380dbe144e137e4db1ff05f88418fd,https://v39.tiktokcdn-us.com/c05fc725a1beb90a37d53c43d78aa4ea/61e5306a/video/tos/useast2a/tos-useast2a-ve-0068c004/ba81bb2590184a42916525640ac6a34f/?a=1233&br=1964&bt=982&cd=0%7C0%7C0&ch=0&cr=3&cs=2&cv=1&dr=0&ds=6&er=&ft=c~.Zm4L-gXoInz7T&l=2022011703011201011300624406487172&lr=all&mime_type=video_mp4&net=0&pl=0&qs=11&rc=amxzNWg6Zm1pNzMzNzczM0ApOTpnNDZkZ2U3Nzc7Zzg4OWc0M2YzcjQwaWxgLS1kMTZzc2AyNmA1MTRgNS40LjViM186Yw%3D%3D&vl=&vr=
41,v09044fd0000buhfv1j9iufl0fi5ir5g,19502,568440&460718&327550,d9bdae4e5956f687928597591f34ed4f&16f6099d6e915e9beab52d99fc2571b1&ff4d66c8ca816faaca9637694929e59e&71ff3afd32322c994c330c5c025dd47d&11062fbfe5bdbb5996d73954e1dc11f3&dc151e221136434f2ea44927767ec8f7,https://v39.tiktokcdn-us.com/d9bdae4e5956f687928597591f34ed4f/61e5306b/video/tos/useast2a/tos-useast2a-pve-0068/a27f7933c7584a20ab3fd6eb8b24a7cc/?a=1233&br=1110&bt=555&cd=0%7C0%7C0&ch=0&cr=3&cs=2&cv=1&dr=0&ds=6&er=&ft=c~.Zm4L-gXoInz7T&l=2022011703011201011300624406487172&lr=all&mime_type=video_mp4&net=0&pl=0&qs=11&rc=anU4aW94PDRpeDMzZzczM0ApZ2U2ZTU7ZDw5NzNoZDg5NGcyZmYtY2Znc2VfLS1jMTZzc2MxMmJeL2BeMzM2XmIvMTQ6Yw%3D%3D&vl=&vr=
42,v09044g40000c3mrtfbc77uahb02m4jg,7149,1009186&814846&469416&322285,9dbafbccbc065f40c63b60a900d14daf&ca1f1e961c74d88e3711d3cffbc72320&0590a0bc946410b5b83056efcf3c9ee0&701e0b30bd045f7fd9b8e5f05e15b003&a4713874c59f0f656dff881abe470440&de36267acb39bf6f5922e3f3c8a82375&812fda554368180967b597c66798acd2&fa4d84decf35a611143d9b0ed02537c0,https://v39.tiktokcdn-us.com/9dbafbccbc065f40c63b60a900d14daf/61e5305e/video/tos/useast2a/tos-useast2a-pve-0068/3ebc7ee2989f443883330b31dfab49f4/?a=1233&br=1970&bt=985&cd=0%7C0%7C0&ch=0&cr=3&cs=2&cv=1&dr=0&ds=3&er=&ft=c~.Zm4L-gXoInz7T&l=2022011703011201011300624406487172&lr=all&mime_type=video_mp4&net=0&pl=0&qs=14&rc=ajc1ZWQ6Zml1NjMzNzczM0ApOWg2NjxmNDw2NzY8OTg4Z2dnai1lcjRfcWpgLS1kMTZzczA1LWJgYy9jYi9eMGIvXjY6Yw%3D%3D&vl=&vr=
43,v09044g40000c442udjc77u82pan8nr0,10773,532271&468564&315901,ffabc460312995591d8746082425e378&7dbdf82cfb719b9f58906a0bfc73bb72&62beabded035249f289594385c4f8851&f2f591c7225dba7ad59e8cb1307c7041&f195ba606e187445bdccad1db3d26f18&2ab7a76146a9b3202a3e69c4fd819166,https://v39.tiktokcdn-us.com/ffabc460312995591d8746082425e378/61e53062/video/tos/useast2a/tos-useast2a-ve-0068c004/8ef5572352a949ec98150aec8025dd70/?a=1233&br=1038&bt=519&cd=0%7C0%7C0&ch=0&cr=3&cs=2&cv=1&dr=0&ds=6&er=&ft=c~.Zm4L-gXoInz7T&l=2022011703011201011300624406487172&lr=all&mime_type=video_mp4&net=0&pl=0&qs=11&rc=M3Fxczs6Zmc1NzMzNzczM0ApOWdkPDllaDtlNzs0aDdmNmdvNV4vcjRncjFgLS1kMTZzczFiXzQzNjU0NV9fLWBfXl86Yw%3D%3D&vl=&vr=
44,v09044g40000c3r8kabc77u0jldggbg0,12769,2330361&1704943&1469448&996082,2e66a0a28c09a53bfeb9a2fff979d565&1b02cc596699229569624ae6422b5208&86fd137f0ed0612b92575469f77d3fda&a6dac8194038bbea5d755f658fd3442b&5214ff2d2d027beaa24d21336fbe6610&d50f5fac856341812c0262c7e0ffda52&2140e9703de73e4c9ad9d3da1b751fab&dbd2c7f5bd76853ce74fcd2ece980db7,https://v39.tiktokcdn-us.com/2e66a0a28c09a53bfeb9a2fff979d565/61e53064/video/tos/useast2a/tos-useast2a-pve-0068/8cab7da36e664048988304d7ef7a47b7/?a=1233&br=4550&bt=2275&cd=0%7C0%7C0&ch=0&cr=3&cs=2&cv=1&dr=0&ds=3&er=&ft=c~.Zm4L-gXoInz7T&l=2022011703011201011300624406487172&lr=all&mime_type=video_mp4&net=0&pl=0&qs=14&rc=M2VqbzM6ZmQ7NjMzNzczM0ApaDY2PGk8aTs8NzhpPDg8OmdkZGFncjRfaG9gLS1kMTZzcy1jY2BgMF5iMjQwLS8wYGA6Yw%3D%3D&vl=&vr=
45,v09025g40000c5tphj3c77u9non5uja0,11632,391326&216922&156694,c90ebfeefbce1bc47bf5b2c56072aa52&6e33b5ffa37ea736c5ca74e8a56c2e59&b94bda18caa539985c7eeb6e2edec8b9&069ed111e5fc75473a574375a444fa25&155da5052f44813111357c406ebbeeb9&29ce4dde2821f8fba1e8e811640609c0,https://v39.tiktokcdn-us.com/c90ebfeefbce1bc47bf5b2c56072aa52/61e53063/video/tos/useast2a/tos-useast2a-pve-0068/0db5a52be4814ca482755ba7b47a0966/?a=1233&br=764&bt=382&cd=0%7C0%7C0&ch=0&cr=3&cs=2&cv=1&dr=0&ds=6&er=&ft=c~.Zm4L-gXoInz7T&l=2022011703011201011300624406487172&lr=all&mime_type=video_mp4&net=0&pl=0&qs=11&rc=M204cjw6Zm1zODMzNzgzM0ApZmZkOGdkaTs0NztmODk3aGdecmtrcjQwZXFgLS1kLzZzc2BjMWAwLTRfMC8wYmAuNGI6Yw%3D%3D&vl=&vr=
46,v09044g40000c4kh153c77u3i2t1e3f0,20710,790267&584037&389756&259282,d507ca7c0989904e0028344f6ba37ea0&6696519ed25d9df3a86a70a4d8c38209&1348214f042a036f6a3caf01dc0376a5&de8aff26bfee74d0fcdbc02dbc232478&2647f3140532def49979dc6a12293d00&ffe3f425d3d96e26dbff7744305c4c9f&e658eb4784ce468dfffb71dfaa354c04&08356988bea2755c7d0ec7811bbea277,https://v39.tiktokcdn-us.com/d507ca7c0989904e0028344f6ba37ea0/61e5306c/video/tos/useast2a/tos-useast2a-ve-0068c004/fc7e9f17e2344ce89e8aa991b7d0e895/?a=1233&br=1542&bt=771&cd=0%7C0%7C0&ch=0&cr=3&cs=2&cv=1&dr=0&ds=3&er=&ft=c~.Zm4L-gXoInz7T&l=2022011703011201011300624406487172&lr=all&mime_type=video_mp4&net=0&pl=0&qs=14&rc=MzY0NTY6ZjhrNzMzNzczM0ApOGY1OzNoNjs2NzZlM2UzOWdjYnFmcjQwLmhgLS1kMTZzc2IzLy1iNjNeYC4uMTIuLTA6Yw%3D%3D&vl=&vr=
47,v12044gd0000c6438f3c77uf5sb2qspg,7637,438273&308591&211521&145661,2c03793bf0a704bc0ae7ce474e380d6f&8056dbeed43ee648c5b2992fb859553e&398e6288aec9544b56226012bb9de820&d14c1052766fa52a5b4f2bef8dcedf79&1a85bc9e29cc023468c06cc64fd45cdc&7fd8b910f531c1106281294be5caef55&68f30ec0d6709cebe058e36fe4dfb2b7&d8faf4383e1dd00487b41d18a7c5e882,https://v39.tiktokcdn-us.com/2c03793bf0a704bc0ae7ce474e380d6f/61e5305f/video/tos/maliva/tos-maliva-ve-0068c799-us/76d2b8ec07e045ac97babd32e7849b66/?a=1233&br=856&bt=428&cd=0%7C0%7C0&ch=0&cr=3&cs=2&cv=1&dr=0&ds=3&er=&ft=c~.Zm4L-gXoInz7T&l=2022011703011201011300624406487172&lr=all&mime_type=video_mp4&net=0&pl=0&qs=14&rc=anY1dmk6Zmk2OTMzZzczNEApNTM7PDplZDs3N2k3NTQ0NGdtbl8ycjQwNTFgLS1kMS9zcy1iMTNhMjVgXzFhX2MvNWI6Yw%3D%3D&vl=&vr=
48,v09044g40000c34mtnth8h41mpjnku00,7382,1175019&925927&534792&327161,0466a30db09d1f1def6fb8c22a3b4e50&ec76bb6ea2d54fe611af8779334d6c19&a843d2cd0dab2fe0aa2d1c322fa02fe1&663046f6911e3202e7bac8cd7901aef3&c816a42c23f065af2314a8c082635883&46c24ca69f09d22981f635b398ade2f7&257020cd6b1ceae8427efcd83ce16500&c92366e4a3453a47151d03598472aae9,https://v39.tiktokcdn-us.com/0466a30db09d1f1def6fb8c22a3b4e50/61e5305f/video/tos/useast2a/tos-useast2a-ve-0068c002/18dc538910c34b97b0ba2334398c0c1c/?a=1233&br=2294&bt=1147&cd=0%7C0%7C0&ch=0&cr=3&cs=2&cv=1&dr=0&ds=3&er=&ft=c~.Zm4L-gXoInz7T&l=2022011703011201011300624406487172&lr=all&mime_type=video_mp4&net=0&pl=0&qs=14&rc=M3hxczRra3FwNjMzNzczM0ApOmVnZTNmPGVkNzg5OjMzZmctaGdqMTVxcTFgLS1kMTZzczBeYDMyMS1iXjE2L2BgYjU6Yw%3D%3D&vl=&vr=
49,v09044g40000c31h4berlhljq0la6gmg,11702,1276937&955175&436320&297005,df9b7605b1e7aa89d79851118db7d270&70b03d0029494f8de4f7507e13aa15c7&3c2704e2009c9fe3710cacf09949cccd&a7b37c9b02572ac77dd70c98044b494b&ca0508366fa04a70bda08d3806048736&7ef802aa49ceb2ecf6686a19e349b112&2e84a935d5f49bdc0ef027523116c3bf&bee880090c647a76b261959d88535075,https://v39.tiktokcdn-us.com/df9b7605b1e7aa89d79851118db7d270/61e53063/video/tos/useast2a/tos-useast2a-ve-0068c001/c3efc14c6e3045bb9d9a7123d0c5447d/?a=1233&br=2494&bt=1247&cd=0%7C0%7C0&ch=0&cr=3&cs=2&cv=1&dr=0&ds=3&er=&ft=c~.Zm4L-gXoInz7T&l=2022011703011201011300624406487172&lr=all&mime_type=video_mp4&net=0&pl=0&qs=14&rc=ampkM21rdWVrNjMzNzczM0ApZ2g5Njs0PGVoNzNkNzdoPGdqM2luaWliMS5gLS1kMTZzczBjYGMyLjQ2My4uLTYyMjE6Yw%3D%3D&vl=&vr=
50,v10044g50000c46ig0bc77u3svl4snj0,15439,1003742&711074&460554,f1d6e02cb74f076661222aeb06b4f53f&d213b7fa54ed20350b9eefaa4a3ec09e&23f24bb1320651dfbf1b74fd286ec465&b926216ba04265af9f47e6682e69ac1f&2b39e6e6a6d28ada1ea53172ea1a4816&739088ba5737565be37a1a4f30610fb7,https://v16m.tiktokcdn-us.com/f1d6e02cb74f076661222aeb06b4f53f/61e5309e/video/tos/alisg/tos-alisg-pve-0037c001/e423ff66fd7745cca108a9f2edb90248/?a=1233&br=1960&bt=980&cd=0%7C0%7C0&ch=0&cr=3&cs=2&cv=1&dr=0&ds=6&er=&ft=c~.Zm4L-gXoInz7T&l=20220117030206010113006221094935EF&lr=all&mime_type=video_mp4&net=0&pl=0&qs=11&rc=M3E3eTY6ZjNsNzMzODczNEApOzk4M2Q2OTtoNzxpOWhoZGdncGlwcjRfZDNgLS1kMS1zczItY19iMzNhYzJfYTExYTI6Yw%3D%3D&vl=&vr=
51,v09044g40000c3odp7bc77u6gocp9d6g,6662,1213038&1048223&705115,baa340a9fa9d5dd7d129c49964463cc4&0e4a748542448b433be2bf264d1471b7&20731f7f6b93b202f67b6f6e58aac1df&9a7490d0cbf6315c12bd16102e92d81a&9d52bbf2eca5000bcf5940a8bc2ef0ab&9fe124945cba0a7c473c2463456bc2be,https://v16m.tiktokcdn-us.com/baa340a9fa9d5dd7d129c49964463cc4/61e53095/video/tos/useast2a/tos-useast2a-ve-0068c003/de59c410050643d6ae007381bedffa4e/?a=1233&br=2368&bt=1184&cd=0%7C0%7C0&ch=0&cr=3&cs=2&cv=1&dr=0&ds=6&er=&ft=c~.Zm4L-gXoInz7T&l=20220117030206010113006221094935EF&lr=all&mime_type=video_mp4&net=0&pl=0&qs=11&rc=amdzcjk6ZjpnNjMzNzczM0ApOTQ2NzdlPDs1N2Q8ZWc4N2czNmBkcjRfbWxgLS1kMTZzc2MvNS8tMy8zYDItXzIvLWA6Yw%3D%3D&vl=&vr=
52,v09044g40000c4ogfhrc77u057cokt50,11283,1788582&1332930&1009342&674293,abca733f44a27c897712f55e7b973fff&f2d803b6c9882d9f1e5c57bc7acb5ba5&ed94590f48dacd521dcde08874a1d717&fd0c797fc503686728cfaa84ee76dbbf&26a49c334df3a4d53e3581a59468c17a&c55bbc90d5fe8644b52cee5d8a03ef70&0a801b8c498a556b51ecf8104e6cb54e&fd1749113305e0ed8fc88eb71771d140,https://v16m.tiktokcdn-us.com/abca733f44a27c897712f55e7b973fff/61e5309a/video/tos/useast2a/tos-useast2a-ve-0068c004/37fdace7ea5e47a28e67f8ddd291d8cf/?a=1233&br=3492&bt=1746&cd=0%7C0%7C0&ch=0&cr=3&cs=2&cv=1&dr=0&ds=3&er=&ft=c~.Zm4L-gXoInz7T&l=20220117030206010113006221094935EF&lr=all&mime_type=video_mp4&net=0&pl=0&qs=14&rc=M3dyOjM6ZmtqNzMzNzczM0ApNTQ1PGg2NTxmN2dkOzc6ZGcyaGAycjRvY2xgLS1kMTZzczA1Xy9gMC5gXzZjMC9eMl86Yw%3D%3D&vl=&vr=
53,v09044310000bmoil77ho6foanv5jaj0,8267,1413832&978032&948578&551346,8be4b7ef8ffd53dae694d6765efab7ee&56a8a56b87748e93ff64c01eb52298fb&d09a5136682789e308e0f1fc9b73bf76&8f14d5b8d3e3a3712d8f40a88541fa39&6cdce01af02effc3c14affce631bc82d&ba0ccf5b2fdcfcc181ff72c97f1e6700&56b3e67b2eb286536ff2ff552733a411&c0847473713b2c674d2fa77789b63a9e,https://v16m.tiktokcdn-us.com/8be4b7ef8ffd53dae694d6765efab7ee/61e53097/video/tos/useast2a/tos-useast2a-ve-0068/ddd5955b873440ed8f5b7bf11392250d/?a=1233&br=2760&bt=1380&cd=0%7C0%7C0&ch=0&cr=3&cs=2&cv=1&dr=0&ds=3&er=&ft=c~.Zm4L-gXoInz7T&l=20220117030206010113006221094935EF&lr=all&mime_type=video_mp4&net=0&pl=0&qs=14&rc=M2Q4cXI5azpscDMzNDczM0ApaWVmNDQ3NztoNztlODY4OWdnZ3NeY2w0aWxfLS0wMTZzc19fMi00Nl8zMTVjYy0yY146Yw%3D%3D&vl=&vr=
54,v09044g40000c2gsjnial962u1po35p0,6430,770553&599707&407073,652b0ebaf62a09eab5cc449394774e7e&5433adaf78702d073a730206701d051c&b7ecd04d027d4d823b78db17b471c09c&99fde770d37eb8a6accb7c912e1431f2&06a3221394b191132ddd1bd2f05d758d&f9b962beb761fb41bbacaf1aa6c50e77,https://v16m.tiktokcdn-us.com/652b0ebaf62a09eab5cc449394774e7e/61e53095/video/tos/useast2a/tos-useast2a-ve-0068c003/c87454664ebb4e1a9171e23979c58e98/?a=1233&br=1504&bt=752&cd=0%7C0%7C0&ch=0&cr=3&cs=2&cv=1&dr=0&ds=6&er=&ft=c~.Zm4L-gXoInz7T&l=20220117030206010113006221094935EF&lr=all&mime_type=video_mp4&net=0&pl=0&qs=11&rc=MzhyNDU8ZHF2NTMzNzczM0ApZzg8Mzc7OjtmN2g4ZGdkOmdtMG1yM2lmZ2RgLS1kMTZzczAxMDY2LjI1Nl4zNS5iYDU6Yw%3D%3D&vl=&vr=
55,v09044g40000c3ai05e0nro67dgk3fbg,9286,1284202&756360&437868&275058,8e7c40caeb77c8313aecae32a4c5b4a5&45f56158465e90407f8c3128d00cad5a&13443056e622084e27bbd23945ca6ab5&1d1c9caa0607f623ce1fbb853e42e4c3&a01440ec46c25c1cbb4a2336028a59f9&d26a3426da9fca5cdbc60150278675b1&e06d709fbfcdf1f58d982cd5ecd5bd31&e1453b22b72dec7359707d013b608cec,https://v16m.tiktokcdn-us.com/8e7c40caeb77c8313aecae32a4c5b4a5/61e53098/video/tos/useast2a/tos-useast2a-pve-0068/e6e3a6962bc94b55b4ea6c5013954c7f/?a=1233&br=2508&bt=1254&cd=0%7C0%7C0&ch=0&cr=3&cs=2&cv=1&dr=0&ds=3&er=&ft=c~.Zm4L-gXoInz7T&l=20220117030206010113006221094935EF&lr=all&mime_type=video_mp4&net=0&pl=0&qs=14&rc=amluZzl1MzhsNjMzNzczM0ApNGc3Zmk5Zjw2NzxlZ2RnPGdfMGQ0bGtiLV5gLS1kMTZzczJjNS8tYGIvLmI1Y180YS86Yw%3D%3D&vl=&vr=
56,v09044g40000c410g73c77uf1vhdufc0,8635,1640421&1292537&1074754&697653,3af5cfdd54c3299b5ce1f4ba1585a504&d7d0866c3f0e4e6bce84d05759da43c0&4c2fb0c3a82909865ff04f35c600e1af&bb1063f8255188eba8585d650925d444&dffd58b1d35489f986136906187fc95b&2017b3a5bd8aed4204d9da8e0e0064f8&0e5c76a7e680328638bb2214b7db9c27&0574d721af4b566549571ffa6d55b2c1,https://v16m.tiktokcdn-us.com/3af5cfdd54c3299b5ce1f4ba1585a504/61e53097/video/tos/useast2a/tos-useast2a-pve-0068/186f2293eddc429e855872f618200d52/?a=1233&br=3202&bt=1601&cd=0%7C0%7C0&ch=0&cr=3&cs=2&cv=1&dr=0&ds=3&er=&ft=c~.Zm4L-gXoInz7T&l=20220117030206010113006221094935EF&lr=all&mime_type=video_mp4&net=0&pl=0&qs=14&rc=M2lneWk6ZjozNzMzNzczM0ApaGc8OTNmNGU7NzUzODU8M2dgcmUucjQwZC5gLS1kMTZzczAyMS4zYjFgMC00M2AyLWA6Yw%3D%3D&vl=&vr=
57,v09044g40000c45clkjc77u4160srdj0,19781,594321&416882&283318&196864,d9cd9b5b7aed7ccd149ce3895910f750&0a325719e9c19ff88166d432769ed990&1857732e1b6ece6c39eb2dbe258850b9&a9d534902636b637a54bded1dda1c421&843bc908875d4cdebbdeb322a1b62bd7&d31884e2868ffc894484918dd873de54&3b62c9f8e22e5a7ebb6bed4609e2e587&51dc5b725743a000007c7289d6fc0ef8,https://v16m.tiktokcdn-us.com/d9cd9b5b7aed7ccd149ce3895910f750/61e530a2/video/tos/useast2a/tos-useast2a-ve-0068c001/f9d901e8f28941f9bfce8994d038f273/?a=1233&br=1160&bt=580&cd=0%7C0%7C0&ch=0&cr=3&cs=2&cv=1&dr=0&ds=3&er=&ft=c~.Zm4L-gXoInz7T&l=20220117030206010113006221094935EF&lr=all&mime_type=video_mp4&net=0&pl=0&qs=14&rc=M2d2OTc6Zm5mNzMzNzczM0ApZDw6PDg8OTw6NzpoOztmPGdnby0ucjRnaTJgLS1kMTZzc2ItYzZiMjQvXi8zYy4uNjA6Yw%3D%3D&vl=&vr=
58,v09044g40000c4aqt4bc77uek70jn260,14603,853714&490562&304377,f3dfd8cc4ff1d5b310dac0e30a285174&c7923781b0930ad621669e2ea516a7d2&1fd95d5e3b1c9ba8395f81cff78ad36d&78a39cbc3f460bdff34b7002ec5bfdc2&5441ec7222b1987e5d8a996b002be008&032c72bf06604eed517e157b55a76905,https://v16m.tiktokcdn-us.com/f3dfd8cc4ff1d5b310dac0e30a285174/61e5309d/video/tos/useast2a/tos-useast2a-ve-0068c003/f5ab0881c8614d2997fc3563a380cca5/?a=1233&br=1666&bt=833&cd=0%7C0%7C0&ch=0&cr=3&cs=2&cv=1&dr=0&ds=6&er=&ft=c~.Zm4L-gXoInz7T&l=20220117030206010113006221094935EF&lr=all&mime_type=video_mp4&net=0&pl=0&qs=11&rc=MzVtOmg6Zjd0NzMzNzczM0ApZ2lnPGlkPDw8NzM6aGQ4aGczay1ocjRfcV5gLS1kMTZzcy0tX2JjX18yMzM2LmFhNTM6Yw%3D%3D&vl=&vr=
59,v09044g40000c3vdmejc77u7uoaiehrg,11330,566505&438577&226220&162988,67afb3f1ad79727f400f155603fc9059&46ad7f4a494e10c8b83d71418be805d5&c12d8b7bed6848c06aeaaa60a1a2b15b&8a595bb8992913f0673d9f238450ab4e&c222dc8697e2e35616ac72e95b31fee1&ddabf298c20eac3234332257ca75a6e7&678ea73ec3d58b07be5b700873644047&8dedba7b8d135ee95396861e9200cd8b,https://v16m.tiktokcdn-us.com/67afb3f1ad79727f400f155603fc9059/61e5309a/video/tos/useast2a/tos-useast2a-pve-0068/dd6af54476d34c538cb4008e341b415b/?a=1233&br=1106&bt=553&cd=0%7C0%7C0&ch=0&cr=3&cs=2&cv=1&dr=0&ds=3&er=&ft=c~.Zm4L-gXoInz7T&l=20220117030206010113006221094935EF&lr=all&mime_type=video_mp4&net=0&pl=0&qs=14&rc=amtscjo6ZmhnNjMzNzczM0ApOzVmNDg0Ojs8N2g7OWk2ZmdvYl5ycjRnanNgLS1kMTZzc2A0YTQ2NDMtMjExNDQwLS06Yw%3D%3D&vl=&vr=
