video/mp4, bytesbytes 0-1219774/1219775, 1642391170.9112833, 1642391170.9120421, 1642391170.9260242, 1642391171.9902985, v19-us.tiktokcdn.com, 42295cf8c0f8c645836e70ea7e6df07d, /42295cf8c0f8c645836e70ea7e6df07d/61e5387e/video/tos/maliva/tos-maliva-ve-0068c799-us/52f2713f4fcf41d7b5d4f3cd6fc79e78/?a=1233&br=1256&bt=628&cd=0%7C0%7C0&ch=0&cr=3&cs=2&cv=1&dr=6&ds=6&er=&ft=wZ~ROFGgkag3-I&l=02164239054336500000000000000000000ffff0ac09de92aabe9&lr=all&mime_type=video_mp4&net=0&pl=0&qs=11&rc=M3Y5Nzk6ZjM7OjMzZzczNEApOjZpMzVoOWRlN2Y4aDhpPGdvamgvcjRfaGJgLS1kMS9zczI2Xl5eLmM1NTZeMy40MS06Yw%3D%3D&vl=&vr=
video/mp4, bytesbytes 0-723071/723072, 1642391176.7760623, 1642391176.7783744, 1642391176.7933927, 1642391177.4472067, v39-us.tiktokcdn.com, da7cec0435446251fc20acdb23c250c4, /da7cec0435446251fc20acdb23c250c4/61e53880/video/tos/maliva/tos-maliva-ve-0068c799-us/7828d8ab2bfb4f30a6f268e80632e3ff/?a=1233&br=1210&bt=605&cd=0%7C0%7C0&ch=0&cr=3&cs=2&cv=1&dr=6&ds=6&er=&ft=wZ~ROFGgkag3-I&l=02164239055110500000000000000000000ffff0ac09de9f3dfc0&lr=all&mime_type=video_mp4&net=0&pl=0&qs=11&rc=M2Q3ZDs6Zm94OjMzZzczNEApNGY1Nmc2ZWQzN2g4OGQ5ZWduXmxgcjRnZWBgLS1kMS9zczJgXzEvYi4uMTE0YmJfMy06Yw%3D%3D&vl=&vr=
video/mp4, bytes 0-313300/313301, 1642391181.4884226, 1642391181.489262, 1642391181.5447738, 1642391181.842313, v25-us.tiktokcdn.com, dcb438de7d0bf597e6257c67a66eda3a, /dcb438de7d0bf597e6257c67a66eda3a/61e53aec/video/tos/maliva/tos-maliva-ve-0068c799-us/e0730bdec41949ee86a36e333c507abd/?a=1233&br=804&bt=402&cd=0%7C0%7C0&ch=0&cr=3&cs=2&cv=1&dr=0&ds=6&er=&ft=xo5uS4L-gXoInz7T&l=202201170346140101910431611433A9CA&lr=all&mime_type=video_mp4&net=0&pl=0&qs=4&rc=M3duOmY6Znc7OjMzZzczNEApZDY7NzplOzs2N2c6aTU1NmcyXmtucjRfNWZgLS1kMS9zc2JhNTZjMS81MDAtNjQzLzI6Yw%3D%3D&vl=&vr=
video/mp4, bytes, 1642391218.1937249, 1642391218.1944525, 1642391218.204068, 1642391218.6439662, v19.tiktokcdn-us.com, cc23ce9bb8d5c8ff5d55d56f8bc40ead, /cc23ce9bb8d5c8ff5d55d56f8bc40ead/61e53b07/video/tos/useast2a/tos-useast2a-ve-0068c004/c0f25d1b31ba4b86a90cb22cfe1b1294/?a=1233&br=1116&bt=558&cd=0%7C0%7C0&ch=0&cr=3&cs=2&cv=1&dr=0&ds=6&er=&ft=c~.Zm4L-gXoInz7T&l=202201170346400101130061940157FFA9&lr=all&mime_type=video_mp4&net=0&pl=0&qs=4&rc=anRuNnZvNHNodzMzODczM0ApZjk8NWg5PGVoNzZlZGQ3OmdtYnJpNTJzXnJfLS1iMTZzczMuMF5hMmBhM2NfMi1gYTY6Yw%3D%3D&vl=&vr=
video/mp4, bytesbytes 0-766503/766504, 1642391218.9623094, 1642391218.9631948, 1642391218.9746158, 1642391219.5562198, v19.tiktokcdn-us.com, f9174064ba2d19db2ba09e45f7ab07c0, /f9174064ba2d19db2ba09e45f7ab07c0/61e53b0c/video/tos/useast5/tos-useast5-ve-0068c001-tx/e0b5935a00244a96a26e97757fa0313d/?a=1233&br=952&bt=476&cd=0%7C0%7C0&ch=0&cr=3&cs=2&cv=1&dr=0&ds=3&er=&ft=c~.Zm4L-gXoInz7T&l=202201170346400101130061940157FFA9&lr=all&mime_type=video_mp4&net=0&pl=0&qs=14&rc=M2RmZGQ6ZjNzOjMzZzczNEApOTtoZWk4ZTxpN2UzNzpnOWdrLWxocjRnc19gLS1kMS9zczRhMmNhYDE2YTQyMS5gMS86Yw%3D%3D&vl=&vr=
video/mp4, bytesbytes 0-1024000/2209343, 1642391219.8710663, 1642391219.8727255, 1642391219.97489, 1642391220.8443406, v19.tiktokcdn-us.com, 55766a3ce0384da4fc28054013284160, /55766a3ce0384da4fc28054013284160/61e53b14/video/tos/useast2a/tos-useast2a-ve-0068c003/a3916a82751449e5bc996d3ea4c44e77/?a=1233&br=1710&bt=855&cd=0%7C0%7C0&ch=0&cr=3&cs=2&cv=1&dr=0&ds=6&er=&ft=c~.Zm4L-gXoInz7T&l=202201170346400101130061940157FFA9&lr=all&mime_type=video_mp4&net=0&pl=0&qs=5&rc=ajx1NTU6ZmdqOTMzNzczM0ApZmk0NjlpOGQ4N2U4NTg8aGcwcTEucjQwbnJgLS1kMTZzc2EzYGBjLTYyNTNgYi1fNTY6Yw%3D%3D&vl=&vr=
video/mp4, bytesbytes 0-1024000/3199001, 1642391221.2826812, 1642391221.2843552, 1642391221.2935123, 1642391222.1147985, v19.tiktokcdn-us.com, 3d0051fdf735408de249fc2fb642480d, /3d0051fdf735408de249fc2fb642480d/61e53b2d/video/tos/useast2a/tos-useast2a-pve-0068/d71c0e8d4bdd441cb28765ca3433472b/?a=1233&br=1084&bt=542&cd=0%7C0%7C0&ch=0&cr=3&cs=2&cv=1&dr=0&ds=3&er=&ft=c~.Zm4L-gXoInz7T&l=202201170346400101130061940157FFA9&lr=all&mime_type=video_mp4&net=0&pl=0&qs=14&rc=M25oMzw6ZjhqNjMzNzczM0ApN2kzaWQ4NDtmN2c6ZTg8aWdrYjJlcjRfNmlgLS1kMTZzczA0YmNjY2AtYDI2MDBfNjY6Yw%3D%3D&vl=&vr=
video/mp4, bytesbytes 0-1024000/1434945, 1642391222.854754, 1642391222.8555582, 1642391222.8695552, 1642391223.856217, v19.tiktokcdn-us.com, 06244769322ad64ad98283e88742d37c, /06244769322ad64ad98283e88742d37c/61e53b11/video/tos/useast2a/tos-useast2a-ve-0068c003/50066f8f4d2b488ba152414c82b60e3c/?a=1233&br=1258&bt=629&cd=0%7C0%7C0&ch=0&cr=3&cs=2&cv=1&dr=0&ds=6&er=&ft=c~.Zm4L-gXoInz7T&l=202201170346400101130061940157FFA9&lr=all&mime_type=video_mp4&net=0&pl=0&qs=11&rc=anZ3NmhraW1tNDMzNzczM0ApZjw7NmQ1OWQ8N2hoZjU2OGdubmg0Ml9oYGhgLS1kMTZzczZhNi8tMDJiMzRfMTRiNTY6Yw%3D%3D&vl=&vr=
video/mp4, bytesbytes 0-1024000/1181632, 1642391224.2068303, 1642391224.2083638, 1642391224.2193263, 1642391225.1797328, v19.tiktokcdn-us.com, cba80a8950bea517357ff12bf925f9d6, /cba80a8950bea517357ff12bf925f9d6/61e53b10/video/tos/useast2a/tos-useast2a-pve-0068/353eea5c512a4e96bf4aed8f1a7c9fe9/?a=1233&br=1108&bt=554&cd=0%7C0%7C0&ch=0&cr=3&cs=2&cv=1&dr=0&ds=3&er=&ft=c~.Zm4L-gXoInz7T&l=202201170346400101130061940157FFA9&lr=all&mime_type=video_mp4&net=0&pl=0&qs=14&rc=MzZ4bjQ6ZmtoNzMzNzczM0ApODc0NGk0NmVlN2Q7OjczM2c0MGRjcjQwci9gLS1kMTZzcy8tMWFiYS5fMzIyNTUxXy06Yw%3D%3D&vl=&vr=
video/mp4, bytesbytes 0-1024000/3653700, 1642391240.0587173, 1642391240.0639052, 1642391240.0750299, 1642391241.2286994, v19.tiktokcdn-us.com, 320dc1d7dab529b9bcb24291c53cf193, /320dc1d7dab529b9bcb24291c53cf193/61e53b32/video/tos/useast2a/tos-useast2a-ve-0068c001/5bc95ee24c964e9b933f7770c02b2951/?a=1233&br=1136&bt=568&cd=0%7C0%7C0&ch=0&cr=3&cs=2&cv=1&dr=0&ds=6&er=&ft=c~.Zm4L-gXoInz7T&l=202201170346400101130061940157FFA9&lr=all&mime_type=video_mp4&net=0&pl=0&qs=5&rc=M2plODQ6ZjllNjMzNzczM0ApNWUzOGQ7NTw4Nzg8ZWU8O2drLmJucjQwLnBgLS1kMTZzczBjNjQvMDZeYS8xNGEvMDA6Yw%3D%3D&vl=&vr=
video/mp4, bytesbytes 1024000-2209342/2209343, 1642391242.716756, 1642391242.7189498, 1642391242.756908, 1642391245.0457628, v19.tiktokcdn-us.com, 55766a3ce0384da4fc28054013284160, /55766a3ce0384da4fc28054013284160/61e53b14/video/tos/useast2a/tos-useast2a-ve-0068c003/a3916a82751449e5bc996d3ea4c44e77/?a=1233&br=1710&bt=855&cd=0%7C0%7C0&ch=0&cr=3&cs=2&cv=1&dr=0&ds=6&er=&ft=c~.Zm4L-gXoInz7T&l=202201170346400101130061940157FFA9&lr=all&mime_type=video_mp4&net=0&pl=0&qs=5&rc=ajx1NTU6ZmdqOTMzNzczM0ApZmk0NjlpOGQ4N2U4NTg8aGcwcTEucjQwbnJgLS1kMTZzc2EzYGBjLTYyNTNgYi1fNTY6Yw%3D%3D&vl=&vr=
video/mp4, bytesbytes 1024000-3199000/3199001, 1642391246.2827132, 1642391246.295529, 1642391246.3175938, 1642391249.065957, v19.tiktokcdn-us.com, 3d0051fdf735408de249fc2fb642480d, /3d0051fdf735408de249fc2fb642480d/61e53b2d/video/tos/useast2a/tos-useast2a-pve-0068/d71c0e8d4bdd441cb28765ca3433472b/?a=1233&br=1084&bt=542&cd=0%7C0%7C0&ch=0&cr=3&cs=2&cv=1&dr=0&ds=3&er=&ft=c~.Zm4L-gXoInz7T&l=202201170346400101130061940157FFA9&lr=all&mime_type=video_mp4&net=0&pl=0&qs=14&rc=M25oMzw6ZjhqNjMzNzczM0ApN2kzaWQ4NDtmN2c6ZTg8aWdrYjJlcjRfNmlgLS1kMTZzczA0YmNjY2AtYDI2MDBfNjY6Yw%3D%3D&vl=&vr=
video/mp4, bytesbytes 0-1024000/1492687, 1642391250.0664282, 1642391250.068424, 1642391250.078578, 1642391251.7148125, v19.tiktokcdn-us.com, cb168ca034bbe4f708b13a37b29907d9, /cb168ca034bbe4f708b13a37b29907d9/61e53b17/video/tos/useast2a/tos-useast2a-ve-0068c004/02c11bae6e0c4bbaa3a6e4b386e22249/?a=1233&br=980&bt=490&cd=0%7C0%7C0&ch=0&cr=3&cs=2&cv=1&dr=0&ds=6&er=&ft=c~.Zm4L-gXoInz7T&l=202201170346400101130061940157FFA9&lr=all&mime_type=video_mp4&net=0&pl=0&qs=4&rc=amQ1NTN2aDpmNjMzNzczM0ApNmg5OTw2ODtnNzhoO2RlNWc0LmVxZWpmNjBgLS1kMTZzczQyLy8wYjAyLl9jL2JjXjQ6Yw%3D%3D&vl=&vr=
video/mp4, bytesbytes 0-283561/283562, 1642391252.143423, 1642391252.146298, 1642391252.1827748, 1642391252.4952037, v19.tiktokcdn-us.com, 335ce78a7667a670a0f9b2006e3e7f06, /335ce78a7667a670a0f9b2006e3e7f06/61e53b06/video/tos/useast2a/tos-useast2a-ve-0068c003/c82291f2f7744bbabb097f3a38918c6a/?a=1233&br=666&bt=333&cd=0%7C0%7C0&ch=0&cr=3&cs=2&cv=1&dr=0&ds=6&er=&ft=c~.Zm4L-gXoInz7T&l=202201170346400101130061940157FFA9&lr=all&mime_type=video_mp4&net=0&pl=0&qs=4&rc=anVseHJvbmdtdTMzZjczM0ApZWc2M2g4PDs6N2g5ZDdkaWdwNDYwcnM0L3BfLS0yMTZzczE1MmBgYDNfYDYuMWM2YTE6Yw%3D%3D&vl=&vr=
video/mp4, bytesbytes 1024000-1434944/1434945, 1642391257.3017654, 1642391257.3039455, 1642391257.3355772, 1642391257.9035296, v19.tiktokcdn-us.com, 06244769322ad64ad98283e88742d37c, /06244769322ad64ad98283e88742d37c/61e53b11/video/tos/useast2a/tos-useast2a-ve-0068c003/50066f8f4d2b488ba152414c82b60e3c/?a=1233&br=1258&bt=629&cd=0%7C0%7C0&ch=0&cr=3&cs=2&cv=1&dr=0&ds=6&er=&ft=c~.Zm4L-gXoInz7T&l=202201170346400101130061940157FFA9&lr=all&mime_type=video_mp4&net=0&pl=0&qs=11&rc=anZ3NmhraW1tNDMzNzczM0ApZjw7NmQ1OWQ8N2hoZjU2OGdubmg0Ml9oYGhgLS1kMTZzczZhNi8tMDJiMzRfMTRiNTY6Yw%3D%3D&vl=&vr=
video/mp4, bytesbytes 0-1024000/1412515, 1642391258.1261728, 1642391258.1283753, 1642391258.1561873, 1642391259.6897697, v19.tiktokcdn-us.com, bede0af332994adeeb383045325fcd88, /bede0af332994adeeb383045325fcd88/61e53b14/video/tos/useast2a/tos-useast2a-ve-0068c003/b2a74e92317c41a98ff396e61f505581/?a=1233&br=1092&bt=546&cd=0%7C0%7C0&ch=0&cr=3&cs=2&cv=1&dr=0&ds=6&er=&ft=c~.Zm4L-gXoInz7T&l=202201170346400101130061940157FFA9&lr=all&mime_type=video_mp4&net=0&pl=0&qs=5&rc=MzhxNTo7OmluNTMzNzczM0ApaDNlODRpZzszNzc3NDk2NWdqYzQ1Z2RibzBgLS1kMTZzc2JjMmItYy5fLi9gY2EyM2A6Yw%3D%3D&vl=&vr=
video/mp4, bytesbytes 1024000-1181631/1181632, 1642391264.3012824, 1642391264.3037934, 1642391264.3338947, 1642391264.6033075, v19.tiktokcdn-us.com, cba80a8950bea517357ff12bf925f9d6, /cba80a8950bea517357ff12bf925f9d6/61e53b10/video/tos/useast2a/tos-useast2a-pve-0068/353eea5c512a4e96bf4aed8f1a7c9fe9/?a=1233&br=1108&bt=554&cd=0%7C0%7C0&ch=0&cr=3&cs=2&cv=1&dr=0&ds=3&er=&ft=c~.Zm4L-gXoInz7T&l=202201170346400101130061940157FFA9&lr=all&mime_type=video_mp4&net=0&pl=0&qs=14&rc=MzZ4bjQ6ZmtoNzMzNzczM0ApODc0NGk0NmVlN2Q7OjczM2c0MGRjcjQwci9gLS1kMTZzcy8tMWFiYS5fMzIyNTUxXy06Yw%3D%3D&vl=&vr=
video/mp4, bytesbytes 1024000-3653699/3653700, 1642391270.1845691, 1642391270.186642, 1642391270.2177022, 1642391274.2006888, v19.tiktokcdn-us.com, 320dc1d7dab529b9bcb24291c53cf193, /320dc1d7dab529b9bcb24291c53cf193/61e53b32/video/tos/useast2a/tos-useast2a-ve-0068c001/5bc95ee24c964e9b933f7770c02b2951/?a=1233&br=1136&bt=568&cd=0%7C0%7C0&ch=0&cr=3&cs=2&cv=1&dr=0&ds=6&er=&ft=c~.Zm4L-gXoInz7T&l=202201170346400101130061940157FFA9&lr=all&mime_type=video_mp4&net=0&pl=0&qs=5&rc=M2plODQ6ZjllNjMzNzczM0ApNWUzOGQ7NTw4Nzg8ZWU8O2drLmJucjQwLnBgLS1kMTZzczBjNjQvMDZeYS8xNGEvMDA6Yw%3D%3D&vl=&vr=
video/mp4, bytesbytes 1024000-1492686/1492687, 1642391292.9986129, 1642391292.999923, 1642391293.0351894, 1642391293.8108714, v19.tiktokcdn-us.com, cb168ca034bbe4f708b13a37b29907d9, /cb168ca034bbe4f708b13a37b29907d9/61e53b17/video/tos/useast2a/tos-useast2a-ve-0068c004/02c11bae6e0c4bbaa3a6e4b386e22249/?a=1233&br=980&bt=490&cd=0%7C0%7C0&ch=0&cr=3&cs=2&cv=1&dr=0&ds=6&er=&ft=c~.Zm4L-gXoInz7T&l=202201170346400101130061940157FFA9&lr=all&mime_type=video_mp4&net=0&pl=0&qs=4&rc=amQ1NTN2aDpmNjMzNzczM0ApNmg5OTw2ODtnNzhoO2RlNWc0LmVxZWpmNjBgLS1kMTZzczQyLy8wYjAyLl9jL2JjXjQ6Yw%3D%3D&vl=&vr=
video/mp4, bytesbytes 0-1024000/1093114, 1642391317.3491974, 1642391317.3537004, 1642391317.4234233, 1642391318.464354, v39.tiktokcdn-us.com, 7527ab977cdc72f403f80363de7b1c03, /7527ab977cdc72f403f80363de7b1c03/61e53b6e/video/tos/useast2a/tos-useast2a-ve-0068c004/ebeda0edfad943b88c11b94bd99d0786/?a=1233&br=976&bt=488&cd=0%7C0%7C0&ch=0&cr=3&cs=2&cv=1&dr=0&ds=3&er=&ft=c~.Zm4L-gXoInz7T&l=202201170348130101130060381D4B6C1F&lr=all&mime_type=video_mp4&net=0&pl=0&qs=14&rc=amo3a2g6ZnJoNzMzNzczM0ApNGhpNzppNmQ2NzRoNGk0OWcvb2IzcjRfZzBgLS1kMTZzczM1YzIvYWIzYC5iM2AvYDE6Yw%3D%3D&vl=&vr=
video/mp4, bytesbytes 0-1024000/2492421, 1642391318.9056876, 1642391318.907024, 1642391318.9366586, 1642391319.9899318, v39.tiktokcdn-us.com, e92f77dbf60b90c7c0eaf7638517c3d3, /e92f77dbf60b90c7c0eaf7638517c3d3/61e53b84/video/tos/useast2a/tos-useast2a-pve-0068/85f26dad7c324228908ebbb101ade411/?a=1233&br=978&bt=489&cd=0%7C0%7C0&ch=0&cr=3&cs=2&cv=1&dr=0&ds=6&er=&ft=c~.Zm4L-gXoInz7T&l=202201170348130101130060381D4B6C1F&lr=all&mime_type=video_mp4&net=0&pl=0&qs=5&rc=am5zdDw6ZmhqNjMzNzczM0ApOWRnZ2k2NmU0NzRoaGg5O2dtNGtncjRnb2hgLS1kMTZzczQxYF81MjRgM18wNjAxYV86Yw%3D%3D&vl=&vr=
video/mp4, bytesbytes 0-1024000/1130687, 1642391320.4452136, 1642391320.4475455, 1642391320.4722357, 1642391321.4647903, v39.tiktokcdn-us.com, 742dc5fc9a329d49e95cfbbc87092d27, /742dc5fc9a329d49e95cfbbc87092d27/61e53b6c/video/tos/useast2a/tos-useast2a-ve-0068c004/4dd3485cb1714c11939fbdd0790ecb0f/?a=1233&br=1160&bt=580&cd=0%7C0%7C0&ch=0&cr=3&cs=2&cv=1&dr=0&ds=6&er=&ft=c~.Zm4L-gXoInz7T&l=202201170348130101130060381D4B6C1F&lr=all&mime_type=video_mp4&net=0&pl=0&qs=5&rc=MzlqN214NThwNTMzNzczM0ApNmQ5PGZnO2Q8N2VoN2ZkM2cubjNkcWZyam5gLS1kMTZzc2MyYTY2Yy4yLjYyXzMvMDA6Yw%3D%3D&vl=&vr=
video/mp4, bytesbytes 0-557503/557504, 1642391321.9776497, 1642391321.9790912, 1642391322.000577, 1642391322.4993608, v39.tiktokcdn-us.com, 2e5bbe1a5bee5e555b2e34b7786010fe, /2e5bbe1a5bee5e555b2e34b7786010fe/61e53b67/video/tos/useast2a/tos-useast2a-ve-0068c002/3b04e783681a450b960ddb8446dd3c3b/?a=1233&br=814&bt=407&cd=0%7C0%7C0&ch=0&cr=3&cs=2&cv=1&dr=0&ds=6&er=&ft=c~.Zm4L-gXoInz7T&l=202201170348130101130060381D4B6C1F&lr=all&mime_type=video_mp4&net=0&pl=0&qs=4&rc=am53bnBmZ2Z2NDMzNzczM0ApOzU6ZGhlOmQ0Nzk6NmU2ZWduZmtiZy5pNG5gLS1kMTZzc18wMl9fNTAuMF9eMmMvNC06Yw%3D%3D&vl=&vr=
video/mp4, bytesbytes 1024000-1412514/1412515, 1642391323.948986, 1642391323.9501426, 1642391323.9617128, 1642391324.4376056, v19.tiktokcdn-us.com, bede0af332994adeeb383045325fcd88, /bede0af332994adeeb383045325fcd88/61e53b14/video/tos/useast2a/tos-useast2a-ve-0068c003/b2a74e92317c41a98ff396e61f505581/?a=1233&br=1092&bt=546&cd=0%7C0%7C0&ch=0&cr=3&cs=2&cv=1&dr=0&ds=6&er=&ft=c~.Zm4L-gXoInz7T&l=202201170346400101130061940157FFA9&lr=all&mime_type=video_mp4&net=0&pl=0&qs=5&rc=MzhxNTo7OmluNTMzNzczM0ApaDNlODRpZzszNzc3NDk2NWdqYzQ1Z2RibzBgLS1kMTZzc2JjMmItYy5fLi9gY2EyM2A6Yw%3D%3D&vl=&vr=
video/mp4, bytesbytes 0-1024000/2121440, 1642391324.6227176, 1642391324.6239114, 1642391324.7314186, 1642391325.7005265, v39.tiktokcdn-us.com, 0df981824fe75901a76ce47c3671ff11, /0df981824fe75901a76ce47c3671ff11/61e53b72/video/tos/useast2a/tos-useast2a-pve-0068/bce660f83b4044319aeab83ae5a264f6/?a=1233&br=1562&bt=781&cd=0%7C0%7C0&ch=0&cr=3&cs=2&cv=1&dr=0&ds=6&er=&ft=c~.Zm4L-gXoInz7T&l=202201170348130101130060381D4B6C1F&lr=all&mime_type=video_mp4&net=0&pl=0&qs=5&rc=ajtwaW9vZGt5NTMzNzczM0ApMzo0ZTNlNWQ4N2Y4Zjg5Z2djaTZlczNkM2dgLS1kMTZzc2A2MC4wYy9iYTQtMmBjNl46Yw%3D%3D&vl=&vr=
video/mp4, bytesbytes 1024000-1093113/1093114, 1642391335.1875312, 1642391335.188884, 1642391335.219204, 1642391335.292403, v39.tiktokcdn-us.com, 7527ab977cdc72f403f80363de7b1c03, /7527ab977cdc72f403f80363de7b1c03/61e53b6e/video/tos/useast2a/tos-useast2a-ve-0068c004/ebeda0edfad943b88c11b94bd99d0786/?a=1233&br=976&bt=488&cd=0%7C0%7C0&ch=0&cr=3&cs=2&cv=1&dr=0&ds=3&er=&ft=c~.Zm4L-gXoInz7T&l=202201170348130101130060381D4B6C1F&lr=all&mime_type=video_mp4&net=0&pl=0&qs=14&rc=amo3a2g6ZnJoNzMzNzczM0ApNGhpNzppNmQ2NzRoNGk0OWcvb2IzcjRfZzBgLS1kMTZzczM1YzIvYWIzYC5iM2AvYDE6Yw%3D%3D&vl=&vr=
video/mp4, bytesbytes 0-829414/829415, 1642391335.4082825, 1642391335.4109972, 1642391335.5903406, 1642391336.8656654, v39.tiktokcdn-us.com, e9d1adfffa71b99512c23bf5e3b1e929, /e9d1adfffa71b99512c23bf5e3b1e929/61e53b68/video/tos/useast5/tos-useast5-ve-0068c001-tx/a5750ac544c0489d9dc41c02107a19b2/?a=1233&br=1100&bt=550&cd=0%7C0%7C0&ch=0&cr=3&cs=2&cv=1&dr=0&ds=6&er=&ft=c~.Zm4L-gXoInz7T&l=202201170348130101130060381D4B6C1F&lr=all&mime_type=video_mp4&net=0&pl=0&qs=11&rc=M29saWg6ZjczOjMzZzczNEApODk4NDs5O2VlNzY3aDszaGcyNGBocjRfX2FgLS1kMS9zczRgMTRhNDA1NC1jYzNiMy86Yw%3D%3D&vl=&vr=
video/mp4, bytesbytes 1024000-2492420/2492421, 1642391349.2098837, 1642391349.2114992, 1642391349.2338777, 1642391350.597865, v39.tiktokcdn-us.com, e92f77dbf60b90c7c0eaf7638517c3d3, /e92f77dbf60b90c7c0eaf7638517c3d3/61e53b84/video/tos/useast2a/tos-useast2a-pve-0068/85f26dad7c324228908ebbb101ade411/?a=1233&br=978&bt=489&cd=0%7C0%7C0&ch=0&cr=3&cs=2&cv=1&dr=0&ds=6&er=&ft=c~.Zm4L-gXoInz7T&l=202201170348130101130060381D4B6C1F&lr=all&mime_type=video_mp4&net=0&pl=0&qs=5&rc=am5zdDw6ZmhqNjMzNzczM0ApOWRnZ2k2NmU0NzRoaGg5O2dtNGtncjRnb2hgLS1kMTZzczQxYF81MjRgM18wNjAxYV86Yw%3D%3D&vl=&vr=
video/mp4, bytesbytes 0-1024000/1849898, 1642391351.198052, 1642391351.1995409, 1642391351.21997, 1642391352.184446, v39.tiktokcdn-us.com, dac449dc6babfd51c87fac46878d6f40, /dac449dc6babfd51c87fac46878d6f40/61e53b76/video/tos/alisg/tos-alisg-pve-0037c001/0fcd2e46f8c24166a41b1a8f9f5a534e/?a=1233&br=1140&bt=570&cd=0%7C0%7C0&ch=0&cr=3&cs=2&cv=1&dr=0&ds=6&er=&ft=c~.Zm4L-gXoInz7T&l=202201170348130101130060381D4B6C1F&lr=all&mime_type=video_mp4&net=0&pl=0&qs=11&rc=ajY3Njk6ZmU2OTMzODczNEApaDU1ODpnZzxmNzNmZGg4M2dsb25ucjRvM2BgLS1kMS1zczEuMDQxM2M0NS9jMWA0My46Yw%3D%3D&vl=&vr=
video/mp4, bytesbytes 1024000-1130686/1130687, 1642391389.347533, 1642391389.349533, 1642391389.3888917, 1642391389.50552, v39.tiktokcdn-us.com, 742dc5fc9a329d49e95cfbbc87092d27, /742dc5fc9a329d49e95cfbbc87092d27/61e53b6c/video/tos/useast2a/tos-useast2a-ve-0068c004/4dd3485cb1714c11939fbdd0790ecb0f/?a=1233&br=1160&bt=580&cd=0%7C0%7C0&ch=0&cr=3&cs=2&cv=1&dr=0&ds=6&er=&ft=c~.Zm4L-gXoInz7T&l=202201170348130101130060381D4B6C1F&lr=all&mime_type=video_mp4&net=0&pl=0&qs=5&rc=MzlqN214NThwNTMzNzczM0ApNmQ5PGZnO2Q8N2VoN2ZkM2cubjNkcWZyam5gLS1kMTZzc2MyYTY2Yy4yLjYyXzMvMDA6Yw%3D%3D&vl=&vr=
video/mp4, bytesbytes 0-1024000/1245961, 1642391389.6331298, 1642391389.6443927, 1642391389.6704526, 1642391390.6494021, v39.tiktokcdn-us.com, 090ddcaef80802bc76d64f325b9aaf04, /090ddcaef80802bc76d64f325b9aaf04/61e53b6b/video/tos/useast5/tos-useast5-ve-0068c004-tx/288c2e7eff49415ba3911a0c11c53285/?a=1233&br=1292&bt=646&cd=0%7C0%7C0&ch=0&cr=3&cs=2&cv=1&dr=0&ds=3&er=&ft=c~.Zm4L-gXoInz7T&l=202201170348130101130060381D4B6C1F&lr=all&mime_type=video_mp4&net=0&pl=0&qs=14&rc=amkzdjo6ZnY6OjMzZzczNEApODloODVnOmU6N2k8NzQ6OGdoXnNtcjRnNTVgLS1kMS9zc2NeMzYvYl8tXy4tM19gXjY6Yw%3D%3D&vl=&vr=
video/mp4, bytesbytes 0-1024000/1092150, 1642391391.1131978, 1642391391.1144834, 1642391391.1358006, 1642391392.112195, v39.tiktokcdn-us.com, dfd00f270c2d202fee12eff2337588ab, /dfd00f270c2d202fee12eff2337588ab/61e53b6c/video/tos/useast2a/tos-useast2a-ve-0068c003/611da05dff2541bba24506d504120187/?a=1233&br=1106&bt=553&cd=0%7C0%7C0&ch=0&cr=3&cs=2&cv=1&dr=0&ds=6&er=&ft=c~.Zm4L-gXoInz7T&l=202201170348130101130060381D4B6C1F&lr=all&mime_type=video_mp4&net=0&pl=0&qs=11&rc=ajo6ZzZyOmt2dDMzNzczM0ApaGc0OzY6N2VlNzM1OTw3aWdfbmYzbDAvYzBfLS1jMTZzc2NjNmA1NS0zLTE0MF80MGI6Yw%3D%3D&vl=&vr=
video/mp4, bytesbytes 1024000-2121439/2121440, 1642391392.7372065, 1642391392.7385187, 1642391392.7711344, 1642391393.8155506, v39.tiktokcdn-us.com, 0df981824fe75901a76ce47c3671ff11, /0df981824fe75901a76ce47c3671ff11/61e53b72/video/tos/useast2a/tos-useast2a-pve-0068/bce660f83b4044319aeab83ae5a264f6/?a=1233&br=1562&bt=781&cd=0%7C0%7C0&ch=0&cr=3&cs=2&cv=1&dr=0&ds=6&er=&ft=c~.Zm4L-gXoInz7T&l=202201170348130101130060381D4B6C1F&lr=all&mime_type=video_mp4&net=0&pl=0&qs=5&rc=ajtwaW9vZGt5NTMzNzczM0ApMzo0ZTNlNWQ4N2Y4Zjg5Z2djaTZlczNkM2dgLS1kMTZzc2A2MC4wYy9iYTQtMmBjNl46Yw%3D%3D&vl=&vr=
video/mp4, bytesbytes 0-558138/558139, 1642391394.2964263, 1642391394.2982278, 1642391394.3211865, 1642391394.7988431, v39.tiktokcdn-us.com, 3e6438a255335265d4f78a7c0a39e95e, /3e6438a255335265d4f78a7c0a39e95e/61e53b65/video/tos/useast2a/tos-useast2a-pve-0068/060bd750fbeb462c8e674263b1a14cc8/?a=1233&br=1054&bt=527&cd=0%7C0%7C0&ch=0&cr=3&cs=2&cv=1&dr=0&ds=3&er=&ft=c~.Zm4L-gXoInz7T&l=202201170348130101130060381D4B6C1F&lr=all&mime_type=video_mp4&net=0&pl=0&qs=14&rc=ajlncnh0bXY7NTMzNzczM0ApPDs8Nzk0ZmVmN2c3M2lkO2deNjU1MjFhZl5gLS1kMTZzcy8uXjMtYTJiX2BjMjIuNjQ6Yw%3D%3D&vl=&vr=
video/mp4, bytesbytes 1024000-1849897/1849898, 1642391407.9804323, 1642391407.9819872, 1642391408.0043335, 1642391408.8716774, v39.tiktokcdn-us.com, dac449dc6babfd51c87fac46878d6f40, /dac449dc6babfd51c87fac46878d6f40/61e53b76/video/tos/alisg/tos-alisg-pve-0037c001/0fcd2e46f8c24166a41b1a8f9f5a534e/?a=1233&br=1140&bt=570&cd=0%7C0%7C0&ch=0&cr=3&cs=2&cv=1&dr=0&ds=6&er=&ft=c~.Zm4L-gXoInz7T&l=202201170348130101130060381D4B6C1F&lr=all&mime_type=video_mp4&net=0&pl=0&qs=11&rc=ajY3Njk6ZmU2OTMzODczNEApaDU1ODpnZzxmNzNmZGg4M2dsb25ucjRvM2BgLS1kMS1zczEuMDQxM2M0NS9jMWA0My46Yw%3D%3D&vl=&vr=
video/mp4, bytesbytes 1024000-1245960/1245961, 1642391433.6966605, 1642391433.6977718, 1642391433.7187717, 1642391433.9455092, v39.tiktokcdn-us.com, 090ddcaef80802bc76d64f325b9aaf04, /090ddcaef80802bc76d64f325b9aaf04/61e53b6b/video/tos/useast5/tos-useast5-ve-0068c004-tx/288c2e7eff49415ba3911a0c11c53285/?a=1233&br=1292&bt=646&cd=0%7C0%7C0&ch=0&cr=3&cs=2&cv=1&dr=0&ds=3&er=&ft=c~.Zm4L-gXoInz7T&l=202201170348130101130060381D4B6C1F&lr=all&mime_type=video_mp4&net=0&pl=0&qs=14&rc=amkzdjo6ZnY6OjMzZzczNEApODloODVnOmU6N2k8NzQ6OGdoXnNtcjRnNTVgLS1kMS9zc2NeMzYvYl8tXy4tM19gXjY6Yw%3D%3D&vl=&vr=
video/mp4, bytesbytes 1024000-1092149/1092150, 1642391449.0573514, 1642391449.0586934, 1642391449.0994804, 1642391449.1627693, v39.tiktokcdn-us.com, dfd00f270c2d202fee12eff2337588ab, /dfd00f270c2d202fee12eff2337588ab/61e53b6c/video/tos/useast2a/tos-useast2a-ve-0068c003/611da05dff2541bba24506d504120187/?a=1233&br=1106&bt=553&cd=0%7C0%7C0&ch=0&cr=3&cs=2&cv=1&dr=0&ds=6&er=&ft=c~.Zm4L-gXoInz7T&l=202201170348130101130060381D4B6C1F&lr=all&mime_type=video_mp4&net=0&pl=0&qs=11&rc=ajo6ZzZyOmt2dDMzNzczM0ApaGc0OzY6N2VlNzM1OTw3aWdfbmYzbDAvYzBfLS1jMTZzc2NjNmA1NS0zLTE0MF80MGI6Yw%3D%3D&vl=&vr=
video/mp4, bytesbytes 0-572369/572370, 1642391449.2336402, 1642391449.235121, 1642391449.2476997, 1642391449.9352875, v19.tiktokcdn-us.com, fa3228ca803d690392336a22c0f80bdd, /fa3228ca803d690392336a22c0f80bdd/61e53bf0/video/tos/useast2a/tos-useast2a-ve-0068c002/9a2794aa230541308cc5eca4e5bafa23/?a=1233&br=1170&bt=585&cd=0%7C0%7C0&ch=0&cr=3&cs=2&cv=1&dr=0&ds=3&er=&ft=c~.Zm4L-gXoInz7T&l=202201170350330101131351920150488C&lr=all&mime_type=video_mp4&net=0&pl=0&qs=14&rc=M3kzcms1NHd0NDMzOjczM0ApZGc7OjU6PGQ3Nzg4aTozZGc1a3NhbGowbDJgLS02MTZzcy82YjItMV9iLV8vYjEwNF86Yw%3D%3D&vl=&vr=
video/mp4, bytesbytes 0-1024000/1219030, 1642391450.2098827, 1642391450.2115781, 1642391450.2265472, 1642391451.1449227, v19.tiktokcdn-us.com, df73f91727e3913efd5f0df7207f7b15, /df73f91727e3913efd5f0df7207f7b15/61e53bf7/video/tos/useast2a/tos-useast2a-ve-0068c004/634f17cf046d4f1ea70aa47fb2057d65/?a=1233&br=1274&bt=637&cd=0%7C0%7C0&ch=0&cr=3&cs=2&cv=1&dr=0&ds=6&er=&ft=c~.Zm4L-gXoInz7T&l=202201170350330101131351920150488C&lr=all&mime_type=video_mp4&net=0&pl=0&qs=4&rc=ajhkeTtyNjM1NDMzNzczM0ApMzk8aTU5NmQ4NzM5Njk2aWcvamRjNGE2LmtgLS1kMTZzczMwYC9jYWIuXy9iMGMzNS86Yw%3D%3D&vl=&vr=
video/mp4, bytesbytes 0-1024000/1417688, 1642391451.587061, 1642391451.5896184, 1642391451.602176, 1642391452.5267699, v19.tiktokcdn-us.com, a8ee552811efb707e74d841e713224f8, /a8ee552811efb707e74d841e713224f8/61e53bfd/video/tos/useast2a/tos-useast2a-ve-0068c003/ea7de911776840ddb16332a908d46e62/?a=1233&br=1060&bt=530&cd=0%7C0%7C0&ch=0&cr=3&cs=2&cv=1&dr=0&ds=6&er=&ft=c~.Zm4L-gXoInz7T&l=202201170350330101131351920150488C&lr=all&mime_type=video_mp4&net=0&pl=0&qs=5&rc=anZ0aGhoNG0zNTMzNzczM0ApNDRoOmc0ZGVpNzdnM2QzOWcvbGZhM3BoLm5gLS1kMTZzcy1fYDBeNS00NF8yYjZgYWE6Yw%3D%3D&vl=&vr=
video/mp4, bytesbytes 0-702867/702868, 1642391452.9485795, 1642391452.9519706, 1642391452.9658883, 1642391453.5802042, v19.tiktokcdn-us.com, cea9b53790773b34a31e8f0da480535e, /cea9b53790773b34a31e8f0da480535e/61e53bf0/video/tos/alisg/tos-alisg-pve-0037c001/202e295a089748c1b884ab25998a2b3a/?a=1233&br=1366&bt=683&cd=0%7C0%7C0&ch=0&cr=3&cs=2&cv=1&dr=0&ds=6&er=&ft=c~.Zm4L-gXoInz7T&l=202201170350330101131351920150488C&lr=all&mime_type=video_mp4&net=0&pl=0&qs=11&rc=MzQzPHNnNjg8NDMzNTczM0ApOTk5aGRlOjw6Nzg7NTxnZmdnYW5ibTJwcjZgLS0xMTRzczZfMTZjMGEyYDA0LmJfMWM6Yw%3D%3D&vl=&vr=
video/mp4, bytesbytes 0-1024000/1143962, 1642391454.2799048, 1642391454.2877629, 1642391454.3000586, 1642391455.2518184, v19.tiktokcdn-us.com, f4734c467fc350d809e5fdbc0639789c, /f4734c467fc350d809e5fdbc0639789c/61e53bf7/video/tos/useast2a/tos-useast2a-pve-0068/b637ca2b83ce47c2ac2e48d883388487/?a=1233&br=1258&bt=629&cd=0%7C0%7C0&ch=0&cr=3&cs=2&cv=1&dr=0&ds=6&er=&ft=c~.Zm4L-gXoInz7T&l=202201170350330101131351920150488C&lr=all&mime_type=video_mp4&net=0&pl=0&qs=11&rc=MzRoaGV1czhxMzMzZzczM0ApZjM0ZztmOmRnN2ZkOjw4PGcvZDQxcDU1ZW5gLS1eMTZzczRgYWE1MzNeLjYxXmFgMWA6Yw%3D%3D&vl=&vr=
video/mp4, bytesbytes 1024000-1219029/1219030, 1642391457.4483654, 1642391457.4559846, 1642391457.4762018, 1642391457.6634073, v19.tiktokcdn-us.com, df73f91727e3913efd5f0df7207f7b15, /df73f91727e3913efd5f0df7207f7b15/61e53bf7/video/tos/useast2a/tos-useast2a-ve-0068c004/634f17cf046d4f1ea70aa47fb2057d65/?a=1233&br=1274&bt=637&cd=0%7C0%7C0&ch=0&cr=3&cs=2&cv=1&dr=0&ds=6&er=&ft=c~.Zm4L-gXoInz7T&l=202201170350330101131351920150488C&lr=all&mime_type=video_mp4&net=0&pl=0&qs=4&rc=ajhkeTtyNjM1NDMzNzczM0ApMzk8aTU5NmQ4NzM5Njk2aWcvamRjNGE2LmtgLS1kMTZzczMwYC9jYWIuXy9iMGMzNS86Yw%3D%3D&vl=&vr=
video/mp4, bytesbytes 1024000-1417687/1417688, 1642391458.1318614, 1642391458.1334147, 1642391458.1518672, 1642391458.595307, v19.tiktokcdn-us.com, a8ee552811efb707e74d841e713224f8, /a8ee552811efb707e74d841e713224f8/61e53bfd/video/tos/useast2a/tos-useast2a-ve-0068c003/ea7de911776840ddb16332a908d46e62/?a=1233&br=1060&bt=530&cd=0%7C0%7C0&ch=0&cr=3&cs=2&cv=1&dr=0&ds=6&er=&ft=c~.Zm4L-gXoInz7T&l=202201170350330101131351920150488C&lr=all&mime_type=video_mp4&net=0&pl=0&qs=5&rc=anZ0aGhoNG0zNTMzNzczM0ApNDRoOmc0ZGVpNzdnM2QzOWcvbGZhM3BoLm5gLS1kMTZzcy1fYDBeNS00NF8yYjZgYWE6Yw%3D%3D&vl=&vr=
video/mp4, bytesbytes 0-599629/599630, 1642391458.780693, 1642391458.7830813, 1642391458.7948818, 1642391459.3641882, v19.tiktokcdn-us.com, 08dac21bf4c52f13241bce9c8b31a5ca, /08dac21bf4c52f13241bce9c8b31a5ca/61e53bf0/video/tos/useast2a/tos-useast2a-ve-0068c004/53037072e7ea46719f71503983e53896/?a=1233&br=1180&bt=590&cd=0%7C0%7C0&ch=0&cr=3&cs=2&cv=1&dr=0&ds=3&er=&ft=c~.Zm4L-gXoInz7T&l=202201170350330101131351920150488C&lr=all&mime_type=video_mp4&net=0&pl=0&qs=14&rc=M2dvcmg6ZmZtOTMzNzczM0ApNWg6aWY2aGU8NzdpOWc7OWdsaGEucjRvZV9gLS1kMTZzc15hLjIzXmIxNWNeYjUwYGA6Yw%3D%3D&vl=&vr=
video/mp4, bytesbytes 0-473870/473871, 1642391459.6408384, 1642391459.6422052, 1642391459.6535501, 1642391460.1010065, v19.tiktokcdn-us.com, 9fea3196dace4bb3189a11a3f3e10286, /9fea3196dace4bb3189a11a3f3e10286/61e53bed/video/tos/useast2a/tos-useast2a-ve-0068c004/e99cb9d5a11d4ac7a496622b02f8a9ad/?a=1233&br=1476&bt=738&cd=0%7C0%7C0&ch=0&cr=3&cs=0&dr=0&ds=2&er=&ft=c~.Zm4L-gXoInz7T&l=202201170350330101131351920150488C&lr=all&mime_type=video_mp4&net=0&pl=0&qs=0&rc=MzN1NmdkcnU2NTMzNzczM0ApNjk0Z2c7Zzs4NzRmMzYzM2dwYmtrai5laXFgLS1kMTZzc2BiNV4zNTEyNjQ0XmEzMS86Yw%3D%3D&vl=&vr=
video/mp4, bytesbytes 0-1024000/1115179, 1642391460.3798358, 1642391460.3809621, 1642391460.391628, 1642391461.3481336, v19.tiktokcdn-us.com, 340a98210f5c950fa3215307209b9d94, /340a98210f5c950fa3215307209b9d94/61e53bf9/video/tos/useast2a/tos-useast2a-pve-0068/b7bce4a37804449f9d2183c5933ac52d/?a=1233&br=1022&bt=511&cd=0%7C0%7C0&ch=0&cr=3&cs=2&cv=1&dr=0&ds=6&er=&ft=c~.Zm4L-gXoInz7T&l=202201170350330101131351920150488C&lr=all&mime_type=video_mp4&net=0&pl=0&qs=5&rc=M2k6OHV0cm5yNjMzNzczM0ApOTU1N2lpNjtmNzo2NTc4aWdtcC01azE1bzZgLS1kMTZzc2I0LTI0YjI1LmA0Ni4xYS86Yw%3D%3D&vl=&vr=
video/mp4, bytesbytes 0-533647/533648, 1642391470.2671018, 1642391470.268325, 1642391470.2827985, 1642391470.9129817, v19.tiktokcdn-us.com, 06c6c978228c84ab3423ebe60837ddb7, /06c6c978228c84ab3423ebe60837ddb7/61e53bf2/video/tos/useast2a/tos-useast2a-ve-0068c002/3de104e8920c42b783312742acf07bdb/?a=1233&br=872&bt=436&cd=0%7C0%7C0&ch=0&cr=3&cs=2&cv=1&dr=0&ds=6&er=&ft=c~.Zm4L-gXoInz7T&l=202201170350330101131351920150488C&lr=all&mime_type=video_mp4&net=0&pl=0&qs=4&rc=am52Zzs6ZndrNzMzNzczM0ApOGk2ZWU4Zzs1N2RoOmVpZ2dnZGk1cjQwXmxgLS1kMTZzczRgMWAyYmBeY2BhMWIxLl46Yw%3D%3D&vl=&vr=
video/mp4, bytesbytes 1024000-1143961/1143962, 1642391473.8916898, 1642391473.8925672, 1642391473.9257822, 1642391474.0333946, v19.tiktokcdn-us.com, f4734c467fc350d809e5fdbc0639789c, /f4734c467fc350d809e5fdbc0639789c/61e53bf7/video/tos/useast2a/tos-useast2a-pve-0068/b637ca2b83ce47c2ac2e48d883388487/?a=1233&br=1258&bt=629&cd=0%7C0%7C0&ch=0&cr=3&cs=2&cv=1&dr=0&ds=6&er=&ft=c~.Zm4L-gXoInz7T&l=202201170350330101131351920150488C&lr=all&mime_type=video_mp4&net=0&pl=0&qs=11&rc=MzRoaGV1czhxMzMzZzczM0ApZjM0ZztmOmRnN2ZkOjw4PGcvZDQxcDU1ZW5gLS1eMTZzczRgYWE1MzNeLjYxXmFgMWA6Yw%3D%3D&vl=&vr=
video/mp4, bytesbytes 0-1024000/1492445, 1642391474.2521343, 1642391474.259522, 1642391474.270476, 1642391475.1139095, v19.tiktokcdn-us.com, 6a391d77f5155adedd62aa3f53200c7a, /6a391d77f5155adedd62aa3f53200c7a/61e53bfc/video/tos/useast2a/tos-useast2a-ve-0068c001/c5de9ff6392249969411ec47d9e78136/?a=1233&br=1208&bt=604&cd=0%7C0%7C0&ch=0&cr=3&cs=2&cv=1&dr=0&ds=6&er=&ft=c~.Zm4L-gXoInz7T&l=202201170350330101131351920150488C&lr=all&mime_type=video_mp4&net=0&pl=0&qs=4&rc=ampneXc6ZTR3NTMzNzczM0ApPDo7OjtpZzs6N2Y8ZWdmZGdzLWgwNmMtNGNgLS1kMTZzc2M0NTU2MDUyYDExXmE2Y146Yw%3D%3D&vl=&vr=
video/mp4, bytesbytes 1024000-1115178/1115179, 1642391482.437136, 1642391482.4392138, 1642391482.4529593, 1642391482.6687634, v19.tiktokcdn-us.com, 340a98210f5c950fa3215307209b9d94, /340a98210f5c950fa3215307209b9d94/61e53bf9/video/tos/useast2a/tos-useast2a-pve-0068/b7bce4a37804449f9d2183c5933ac52d/?a=1233&br=1022&bt=511&cd=0%7C0%7C0&ch=0&cr=3&cs=2&cv=1&dr=0&ds=6&er=&ft=c~.Zm4L-gXoInz7T&l=202201170350330101131351920150488C&lr=all&mime_type=video_mp4&net=0&pl=0&qs=5&rc=M2k6OHV0cm5yNjMzNzczM0ApOTU1N2lpNjtmNzo2NTc4aWdtcC01azE1bzZgLS1kMTZzc2I0LTI0YjI1LmA0Ni4xYS86Yw%3D%3D&vl=&vr=
video/mp4, bytes 0-265347/265348, 1642391489.669124, 1642391489.687231, 1642391489.723539, 1642391489.9646606, v25.tiktokcdn-us.com, ac4217dbfaadff72031b2fb5bddabc61, /ac4217dbfaadff72031b2fb5bddabc61/61e53c22/video/tos/alisg/tos-alisg-pve-0037c001/88d0a2f0d8fd40f699e281a9c3b021f0/?a=1233&br=482&bt=241&cd=0%7C0%7C0&ch=0&cr=3&cs=2&cv=1&dr=0&ds=6&er=&ft=c~.Zm4L-gXoInz7T&l=20220117035122010113006021004F62CF&lr=all&mime_type=video_mp4&net=0&pl=0&qs=11&rc=ajdzOXE6bDNyMzMzODczM0ApNTk1aTU8OGRoNzdoM2Y5aWdgMzExMm9rcDRgLS0yMTRzcy0zMTEyXmAvYi81MzAxLWI6Yw%3D%3D&vl=&vr=
video/mp4, bytes 0-1024000/1696741, 1642391490.1149101, 1642391490.11779, 1642391490.1492617, 1642391491.1469817, v25.tiktokcdn-us.com, cc5a7ac32db5bf8b5f24b12e2b0a9dc9, /cc5a7ac32db5bf8b5f24b12e2b0a9dc9/61e53c2d/video/tos/useast2a/tos-useast2a-ve-0068c003/f348836467bc49eaa857075d7c4a121e/?a=1233&br=1382&bt=691&cd=0%7C0%7C0&ch=0&cr=3&cs=2&cv=1&dr=0&ds=6&er=&ft=c~.Zm4L-gXoInz7T&l=20220117035122010113006021004F62CF&lr=all&mime_type=video_mp4&net=0&pl=0&qs=5&rc=anhwMzw6ZnRqNzMzNzczM0ApZmRlNzpnaGQ0NzloO2k6OWctZ2sycjQwLWpgLS1kMTZzczZeMzE0YWAzLTMuXi8xYWM6Yw%3D%3D&vl=&vr=
video/mp4, bytes 0-1024000/3512906, 1642391491.6629891, 1642391491.6639278, 1642391491.703708, 1642391492.6836987, v25.tiktokcdn-us.com, e80359cf361b2ff617232eb7a345b4aa, /e80359cf361b2ff617232eb7a345b4aa/61e53c42/video/tos/useast5/tos-useast5-ve-0068c001-tx/38bf562383a74abdb674e88e1fafda47/?a=1233&br=1342&bt=671&cd=0%7C0%7C0&ch=0&cr=3&cs=2&cv=1&dr=0&ds=6&er=&ft=c~.Zm4L-gXoInz7T&l=20220117035122010113006021004F62CF&lr=all&mime_type=video_mp4&net=0&pl=0&qs=11&rc=M3JsZGQ6Zjg5OjMzZzczNEApaDpoNTRlNzszNzU4OGg0OGdxY3BocjRfZTBgLS1kMS9zc18xMjItMTMtNjRgXzMwX2I6Yw%3D%3D&vl=&vr=
video/mp4, bytes 0-633979/633980, 1642391493.1911116, 1642391493.1923504, 1642391493.2200284, 1642391493.7631376, v25.tiktokcdn-us.com, c963344e1e2920611665fb9aabc6c2b4, /c963344e1e2920611665fb9aabc6c2b4/61e53c2a/video/tos/useast5/tos-useast5-pve-0068-tx/f62e02f024c540c89a00998f535a6845/?a=1233&br=582&bt=291&cd=0%7C0%7C0&ch=0&cr=3&cs=2&cv=1&dr=0&ds=3&er=&ft=c~.Zm4L-gXoInz7T&l=20220117035122010113006021004F62CF&lr=all&mime_type=video_mp4&net=0&pl=0&qs=14&rc=anhtOmY6Zmo6OjMzZzczNEApOjM6NDc4aWRkNzVlODRpOWdybmZucjRfbTZgLS1kMS9zcy4vYmFhMV5jMzZeNjY1XjY6Yw%3D%3D&vl=&vr=
video/mp4, bytesbytes 1024000-1492444/1492445, 1642391499.3365085, 1642391499.338931, 1642391499.34912, 1642391500.01268, v19.tiktokcdn-us.com, 6a391d77f5155adedd62aa3f53200c7a, /6a391d77f5155adedd62aa3f53200c7a/61e53bfc/video/tos/useast2a/tos-useast2a-ve-0068c001/c5de9ff6392249969411ec47d9e78136/?a=1233&br=1208&bt=604&cd=0%7C0%7C0&ch=0&cr=3&cs=2&cv=1&dr=0&ds=6&er=&ft=c~.Zm4L-gXoInz7T&l=202201170350330101131351920150488C&lr=all&mime_type=video_mp4&net=0&pl=0&qs=4&rc=ampneXc6ZTR3NTMzNzczM0ApPDo7OjtpZzs6N2Y8ZWdmZGdzLWgwNmMtNGNgLS1kMTZzc2M0NTU2MDUyYDExXmE2Y146Yw%3D%3D&vl=&vr=
video/mp4, bytes 0-1024000/1086827, 1642391500.2600434, 1642391500.263137, 1642391500.2919667, 1642391501.2462308, v25.tiktokcdn-us.com, 90646a10543fae0f16d1be1ff8066292, /90646a10543fae0f16d1be1ff8066292/61e53c2a/video/tos/useast2a/tos-useast2a-ve-0068c001/295b332c110d4d928a200669b9671d6c/?a=1233&br=1022&bt=511&cd=0%7C0%7C0&ch=0&cr=3&cs=2&cv=1&dr=0&ds=6&er=&ft=c~.Zm4L-gXoInz7T&l=20220117035122010113006021004F62CF&lr=all&mime_type=video_mp4&net=0&pl=0&qs=4&rc=anA2NDg6Zmt2NzMzNzczM0ApPGc1Omg2ZWU3N2hmMzc4OWdhMXI2cjRfZy9gLS1kMTZzcy1eX14zLTUzYGNeYi9fNjE6Yw%3D%3D&vl=&vr=
video/mp4, bytes 1024000-1696740/1696741, 1642391519.640953, 1642391519.6425908, 1642391519.6695814, 1642391520.33258, v25.tiktokcdn-us.com, cc5a7ac32db5bf8b5f24b12e2b0a9dc9, /cc5a7ac32db5bf8b5f24b12e2b0a9dc9/61e53c2d/video/tos/useast2a/tos-useast2a-ve-0068c003/f348836467bc49eaa857075d7c4a121e/?a=1233&br=1382&bt=691&cd=0%7C0%7C0&ch=0&cr=3&cs=2&cv=1&dr=0&ds=6&er=&ft=c~.Zm4L-gXoInz7T&l=20220117035122010113006021004F62CF&lr=all&mime_type=video_mp4&net=0&pl=0&qs=5&rc=anhwMzw6ZnRqNzMzNzczM0ApZmRlNzpnaGQ0NzloO2k6OWctZ2sycjQwLWpgLS1kMTZzczZeMzE0YWAzLTMuXi8xYWM6Yw%3D%3D&vl=&vr=
video/mp4, bytes 0-517792/517793, 1642391520.688426, 1642391520.6903865, 1642391520.730905, 1642391521.2142332, v25.tiktokcdn-us.com, e5c08468fbe4c66b64ea9322c0ab1674, /e5c08468fbe4c66b64ea9322c0ab1674/61e53c22/video/tos/useast2a/tos-useast2a-ve-0068c004/61ddc728cfd74da9806df42f9f1aa3a3/?a=1233&br=926&bt=463&cd=0%7C0%7C0&ch=0&cr=3&cs=2&cv=1&dr=0&ds=6&er=&ft=c~.Zm4L-gXoInz7T&l=20220117035122010113006021004F62CF&lr=all&mime_type=video_mp4&net=0&pl=0&qs=5&rc=amRzOzp5aHRneDMzPDczM0ApNzVmaTk2N2RoNzc7ZDQ3aWdyaGs0YWpnLWRfLS0zMTZzczJjNDMwXy1hYzVjYmA1Nl46Yw%3D%3D&vl=&vr=
video/mp4, bytes 0-1024000/1218626, 1642391521.4543753, 1642391521.4563725, 1642391521.6235049, 1642391522.5805316, v25.tiktokcdn-us.com, 920b6cb674cc319866ded88d62575b30, /920b6cb674cc319866ded88d62575b30/61e53c29/video/tos/useast2a/tos-useast2a-ve-0068c003/747444f35516410996c8d053f099c6cf/?a=1233&br=1246&bt=623&cd=0%7C0%7C0&ch=0&cr=3&cs=2&cv=1&dr=0&ds=6&er=&ft=c~.Zm4L-gXoInz7T&l=20220117035122010113006021004F62CF&lr=all&mime_type=video_mp4&net=0&pl=0&qs=4&rc=ajZ5OTtzbGo5NDMzNzczM0ApOmRmNzc0ZDs4NzszZ2RpZ2dqXjFga3NvY2tgLS1kMTZzczQzLTZjMV8uYS4wLmFgXjA6Yw%3D%3D&vl=&vr=
video/mp4, bytes 1024000-3512905/3512906, 1642391538.7598867, 1642391538.7661688, 1642391538.7966352, 1642391541.0710368, v25.tiktokcdn-us.com, e80359cf361b2ff617232eb7a345b4aa, /e80359cf361b2ff617232eb7a345b4aa/61e53c42/video/tos/useast5/tos-useast5-ve-0068c001-tx/38bf562383a74abdb674e88e1fafda47/?a=1233&br=1342&bt=671&cd=0%7C0%7C0&ch=0&cr=3&cs=2&cv=1&dr=0&ds=6&er=&ft=c~.Zm4L-gXoInz7T&l=20220117035122010113006021004F62CF&lr=all&mime_type=video_mp4&net=0&pl=0&qs=11&rc=M3JsZGQ6Zjg5OjMzZzczNEApaDpoNTRlNzszNzU4OGg0OGdxY3BocjRfZTBgLS1kMS9zc18xMjItMTMtNjRgXzMwX2I6Yw%3D%3D&vl=&vr=
video/mp4, bytes 0-693192/693193, 1642391541.9419508, 1642391541.9428442, 1642391541.9750748, 1642391543.0823834, v25.tiktokcdn-us.com, a3dd627d88866af947b6f1bb0cfc97e1, /a3dd627d88866af947b6f1bb0cfc97e1/61e53c22/video/tos/useast2a/tos-useast2a-ve-0068c004/a9eb81410a7f48f794f98e82aae77edb/?a=1233&br=1254&bt=627&cd=0%7C0%7C0&ch=0&cr=3&cs=2&cv=1&dr=0&ds=6&er=&ft=c~.Zm4L-gXoInz7T&l=20220117035122010113006021004F62CF&lr=all&mime_type=video_mp4&net=0&pl=0&qs=5&rc=M3V0ZDxmOjtuNDMzMzczM0ApOmdmZGg3OGQ3N2VnZzQ5NWduZGVtNmVzMWRgLS02MTZzc2EyLi4xYmEuMzU1YzFeNWI6Yw%3D%3D&vl=&vr=
video/mp4, bytes 0-1024000/1341214, 1642391543.3513613, 1642391543.3528397, 1642391543.4526646, 1642391544.3131242, v25.tiktokcdn-us.com, 58ba83a72b880eb852bac71718ffb51a, /58ba83a72b880eb852bac71718ffb51a/61e53c29/video/tos/useast2a/tos-useast2a-ve-0068c002/9e8ed43555484c4b83d5257edb9435d0/?a=1233&br=1346&bt=673&cd=0%7C0%7C0&ch=0&cr=3&cs=2&cv=1&dr=0&ds=6&er=&ft=c~.Zm4L-gXoInz7T&l=20220117035122010113006021004F62CF&lr=all&mime_type=video_mp4&net=0&pl=0&qs=11&rc=ajVyZzt5dGlreDMzZTczM0ApZzw0Ozk2OmQ0NzVoOWRnZmcuZWYxL3BuaDRfLS0wMTZzc2IyMC1jNF40XjY2LTAwLzQ6Yw%3D%3D&vl=&vr=
video/mp4, bytes 1024000-1086826/1086827, 1642391559.2413034, 1642391559.2422295, 1642391559.2742844, 1642391559.3327456, v25.tiktokcdn-us.com, 90646a10543fae0f16d1be1ff8066292, /90646a10543fae0f16d1be1ff8066292/61e53c2a/video/tos/useast2a/tos-useast2a-ve-0068c001/295b332c110d4d928a200669b9671d6c/?a=1233&br=1022&bt=511&cd=0%7C0%7C0&ch=0&cr=3&cs=2&cv=1&dr=0&ds=6&er=&ft=c~.Zm4L-gXoInz7T&l=20220117035122010113006021004F62CF&lr=all&mime_type=video_mp4&net=0&pl=0&qs=4&rc=anA2NDg6Zmt2NzMzNzczM0ApPGc1Omg2ZWU3N2hmMzc4OWdhMXI2cjRfZy9gLS1kMTZzcy1eX14zLTUzYGNeYi9fNjE6Yw%3D%3D&vl=&vr=
video/mp4, bytes 0-1024000/1468106, 1642391559.4599848, 1642391559.463649, 1642391559.502593, 1642391560.5544434, v25.tiktokcdn-us.com, f71492e4c5ec99ff52e2603c7d6236ef, /f71492e4c5ec99ff52e2603c7d6236ef/61e53c28/video/tos/useast2a/tos-useast2a-ve-0068c001/b21486bb7d81477baabd50d3c947dcf1/?a=1233&br=1530&bt=765&cd=0%7C0%7C0&ch=0&cr=3&cs=2&cv=1&dr=0&ds=6&er=&ft=c~.Zm4L-gXoInz7T&l=20220117035122010113006021004F62CF&lr=all&mime_type=video_mp4&net=0&pl=0&qs=5&rc=ajRwZTw7bGR2NjMzNzczM0ApaWhnOWZlO2U7N2ZoZDg5M2dvNmFvMXBvYGRgLS1kMTZzcy8xNmJfXzItNC42Yy5gXzQ6Yw%3D%3D&vl=&vr=
video/mp4, bytes 1024000-1218625/1218626, 1642391569.1728637, 1642391569.1745698, 1642391569.2506835, 1642391569.6719525, v25.tiktokcdn-us.com, 920b6cb674cc319866ded88d62575b30, /920b6cb674cc319866ded88d62575b30/61e53c29/video/tos/useast2a/tos-useast2a-ve-0068c003/747444f35516410996c8d053f099c6cf/?a=1233&br=1246&bt=623&cd=0%7C0%7C0&ch=0&cr=3&cs=2&cv=1&dr=0&ds=6&er=&ft=c~.Zm4L-gXoInz7T&l=20220117035122010113006021004F62CF&lr=all&mime_type=video_mp4&net=0&pl=0&qs=4&rc=ajZ5OTtzbGo5NDMzNzczM0ApOmRmNzc0ZDs4NzszZ2RpZ2dqXjFga3NvY2tgLS1kMTZzczQzLTZjMV8uYS4wLmFgXjA6Yw%3D%3D&vl=&vr=
video/mp4, bytes 1024000-1341213/1341214, 1642391586.853092, 1642391586.8548248, 1642391587.0723968, 1642391588.1080897, v25.tiktokcdn-us.com, 58ba83a72b880eb852bac71718ffb51a, /58ba83a72b880eb852bac71718ffb51a/61e53c29/video/tos/useast2a/tos-useast2a-ve-0068c002/9e8ed43555484c4b83d5257edb9435d0/?a=1233&br=1346&bt=673&cd=0%7C0%7C0&ch=0&cr=3&cs=2&cv=1&dr=0&ds=6&er=&ft=c~.Zm4L-gXoInz7T&l=20220117035122010113006021004F62CF&lr=all&mime_type=video_mp4&net=0&pl=0&qs=11&rc=ajVyZzt5dGlreDMzZTczM0ApZzw0Ozk2OmQ0NzVoOWRnZmcuZWYxL3BuaDRfLS0wMTZzc2IyMC1jNF40XjY2LTAwLzQ6Yw%3D%3D&vl=&vr=
video/mp4, bytesbytes 0-1024000/1385717, 1642391588.9662418, 1642391588.9695542, 1642391589.0014918, 1642391589.9524715, v16m.tiktokcdn-us.com, e30756b813428fe10fa0ea194298c3b2, /e30756b813428fe10fa0ea194298c3b2/61e53c94/video/tos/useast2a/tos-useast2a-pve-0068/a27f7933c7584a20ab3fd6eb8b24a7cc/?a=1233&br=1110&bt=555&cd=0%7C0%7C0&ch=0&cr=3&cs=2&cv=1&dr=0&ds=6&er=&ft=c~.Zm4L-gXoInz7T&l=202201170353050101131350430654A16D&lr=all&mime_type=video_mp4&net=0&pl=0&qs=11&rc=anU4aW94PDRpeDMzZzczM0ApZ2U2ZTU7ZDw5NzNoZDg5NGcyZmYtY2Znc2VfLS1jMTZzc2MxMmJeL2BeMzM2XmIvMTQ6Yw%3D%3D&vl=&vr=
video/mp4, bytesbytes 0-1024000/1595991, 1642391590.3712957, 1642391590.3730934, 1642391590.5785873, 1642391591.8501487, v16m.tiktokcdn-us.com, 3e92992337307d3643100fb60a114e38, /3e92992337307d3643100fb60a114e38/61e53c93/video/tos/useast2a/tos-useast2a-pve-0068/59f74a14d5854557a633d10b19cb8dd1/?a=1233&br=1324&bt=662&cd=0%7C0%7C0&ch=0&cr=3&cs=2&cv=1&dr=0&ds=6&er=&ft=c~.Zm4L-gXoInz7T&l=202201170353050101131350430654A16D&lr=all&mime_type=video_mp4&net=0&pl=0&qs=4&rc=amxzNWg6Zm1pNzMzNzczM0ApZDo8MzxmZWVnN2g2MzQ0O2c0M2YzcjQwaWxgLS1kMTZzczQ2NWAzXzJiNDUvNjIuNjE6Yw%3D%3D&vl=&vr=
video/mp4, bytesbytes 0-419481/419482, 1642391592.3174098, 1642391592.3197432, 1642391592.339102, 1642391592.7742014, v16m.tiktokcdn-us.com, 335338f8624dd265cf744e6fae692f18, /335338f8624dd265cf744e6fae692f18/61e53c87/video/tos/useast2a/tos-useast2a-pve-0068/46543e7d809d430f8c7b431197bb09bf/?a=1233&br=916&bt=458&cd=0%7C0%7C0&ch=0&cr=3&cs=2&cv=1&dr=0&ds=6&er=&ft=c~.Zm4L-gXoInz7T&l=202201170353050101131350430654A16D&lr=all&mime_type=video_mp4&net=0&pl=0&qs=4&rc=ajc1ZWQ6Zml1NjMzNzczM0ApNDs7OWhnaDtoNzlkOTk4aWdnai1lcjRfcWpgLS1kMTZzc2M0YGBiYF8tYmA2Y2EuL2M6Yw%3D%3D&vl=&vr=
video/mp4, bytesbytes 0-716769/716770, 1642391593.0293646, 1642391593.0332992, 1642391593.0578723, 1642391593.7366447, v16m.tiktokcdn-us.com, c9365bdb476075ddd5adc0274ddc3fe6, /c9365bdb476075ddd5adc0274ddc3fe6/61e53c8b/video/tos/useast2a/tos-useast2a-ve-0068c004/8ef5572352a949ec98150aec8025dd70/?a=1233&br=1038&bt=519&cd=0%7C0%7C0&ch=0&cr=3&cs=2&cv=1&dr=0&ds=6&er=&ft=c~.Zm4L-gXoInz7T&l=202201170353050101131350430654A16D&lr=all&mime_type=video_mp4&net=0&pl=0&qs=11&rc=M3Fxczs6Zmc1NzMzNzczM0ApOWdkPDllaDtlNzs0aDdmNmdvNV4vcjRncjFgLS1kMTZzczFiXzQzNjU0NV9fLWBfXl86Yw%3D%3D&vl=&vr=
video/mp4, bytes 1024000-1468105/1468106, 1642391597.5408506, 1642391597.5535417, 1642391597.5868826, 1642391598.0061097, v25.tiktokcdn-us.com, f71492e4c5ec99ff52e2603c7d6236ef, /f71492e4c5ec99ff52e2603c7d6236ef/61e53c28/video/tos/useast2a/tos-useast2a-ve-0068c001/b21486bb7d81477baabd50d3c947dcf1/?a=1233&br=1530&bt=765&cd=0%7C0%7C0&ch=0&cr=3&cs=2&cv=1&dr=0&ds=6&er=&ft=c~.Zm4L-gXoInz7T&l=20220117035122010113006021004F62CF&lr=all&mime_type=video_mp4&net=0&pl=0&qs=5&rc=ajRwZTw7bGR2NjMzNzczM0ApaWhnOWZlO2U7N2ZoZDg5M2dvNmFvMXBvYGRgLS1kMTZzcy8xNmJfXzItNC42Yy5gXzQ6Yw%3D%3D&vl=&vr=
video/mp4, bytesbytes 0-418386/418387, 1642391598.1834247, 1642391598.184509, 1642391598.2018406, 1642391598.574316, v16m.tiktokcdn-us.com, 36432ed7126f6637467faf5fda9f3f87, /36432ed7126f6637467faf5fda9f3f87/61e53c88/video/tos/useast5/tos-useast5-ve-0068c004-tx/76d2b8ec07e045ac97babd32e7849b66/?a=1233&br=856&bt=428&cd=0%7C0%7C0&ch=0&cr=3&cs=2&cv=1&dr=0&ds=3&er=&ft=c~.Zm4L-gXoInz7T&l=202201170353050101131350430654A16D&lr=all&mime_type=video_mp4&net=0&pl=0&qs=14&rc=anY1dmk6Zmk2OTMzZzczNEApNTM7PDplZDs3N2k3NTQ0NGdtbl8ycjQwNTFgLS1kMS9zcy1iMTNhMjVgXzFhX2MvNWI6Yw%3D%3D&vl=&vr=
video/mp4, bytesbytes 1024000-1385716/1385717, 1642391602.0437727, 1642391602.045043, 1642391602.0634885, 1642391602.4481392, v16m.tiktokcdn-us.com, e30756b813428fe10fa0ea194298c3b2, /e30756b813428fe10fa0ea194298c3b2/61e53c94/video/tos/useast2a/tos-useast2a-pve-0068/a27f7933c7584a20ab3fd6eb8b24a7cc/?a=1233&br=1110&bt=555&cd=0%7C0%7C0&ch=0&cr=3&cs=2&cv=1&dr=0&ds=6&er=&ft=c~.Zm4L-gXoInz7T&l=202201170353050101131350430654A16D&lr=all&mime_type=video_mp4&net=0&pl=0&qs=11&rc=anU4aW94PDRpeDMzZzczM0ApZ2U2ZTU7ZDw5NzNoZDg5NGcyZmYtY2Znc2VfLS1jMTZzc2MxMmJeL2BeMzM2XmIvMTQ6Yw%3D%3D&vl=&vr=
video/mp4, bytesbytes 0-1024000/1589872, 1642391602.6408541, 1642391602.642193, 1642391602.6677055, 1642391603.5848305, v16m.tiktokcdn-us.com, 1b4bec6d1547a88a7c5e5c317df96a78, /1b4bec6d1547a88a7c5e5c317df96a78/61e53c8d/video/tos/useast2a/tos-useast2a-ve-0068c003/91c724bf933b40f5903e337d94f8f6a7/?a=1233&br=1944&bt=972&cd=0%7C0%7C0&ch=0&cr=3&cs=2&cv=1&dr=0&ds=6&er=&ft=c~.Zm4L-gXoInz7T&l=202201170353050101131350430654A16D&lr=all&mime_type=video_mp4&net=0&pl=0&qs=5&rc=M2VqbzM6ZmQ7NjMzNzczM0ApZGU1aGc7ZGU2NzhoZTNoZ2dkZGFncjRfaG9gLS1kMTZzcy4zYmA1MmE0NmEzLV8tYjQ6Yw%3D%3D&vl=&vr=
video/mp4, bytesbytes 1024000-1595990/1595991, 1642391621.807701, 1642391621.8093147, 1642391621.8343167, 1642391622.365035, v16m.tiktokcdn-us.com, 3e92992337307d3643100fb60a114e38, /3e92992337307d3643100fb60a114e38/61e53c93/video/tos/useast2a/tos-useast2a-pve-0068/59f74a14d5854557a633d10b19cb8dd1/?a=1233&br=1324&bt=662&cd=0%7C0%7C0&ch=0&cr=3&cs=2&cv=1&dr=0&ds=6&er=&ft=c~.Zm4L-gXoInz7T&l=202201170353050101131350430654A16D&lr=all&mime_type=video_mp4&net=0&pl=0&qs=4&rc=amxzNWg6Zm1pNzMzNzczM0ApZDo8MzxmZWVnN2g2MzQ0O2c0M2YzcjQwaWxgLS1kMTZzczQ2NWAzXzJiNDUvNjIuNjE6Yw%3D%3D&vl=&vr=
video/mp4, bytesbytes 0-568988/568989, 1642391622.6498067, 1642391622.6514096, 1642391622.7050278, 1642391623.264345, v16m.tiktokcdn-us.com, f731b49a0cb7205ddabb5844dfb19803, /f731b49a0cb7205ddabb5844dfb19803/61e53c8c/video/tos/useast2a/tos-useast2a-pve-0068/0db5a52be4814ca482755ba7b47a0966/?a=1233&br=764&bt=382&cd=0%7C0%7C0&ch=0&cr=3&cs=2&cv=1&dr=0&ds=6&er=&ft=c~.Zm4L-gXoInz7T&l=202201170353050101131350430654A16D&lr=all&mime_type=video_mp4&net=0&pl=0&qs=11&rc=M204cjw6Zm1zODMzNzgzM0ApZmZkOGdkaTs0NztmODk3aGdecmtrcjQwZXFgLS1kLzZzc2BjMWAwLTRfMC8wYmAuNGI6Yw%3D%3D&vl=&vr=
video/mp4, bytesbytes 0-1024000/1511927, 1642391628.8741596, 1642391628.8783727, 1642391628.9191227, 1642391629.9044979, v16m.tiktokcdn-us.com, 761219b9f7d77902b7b0f7484771d51c, /761219b9f7d77902b7b0f7484771d51c/61e53c95/video/tos/useast2a/tos-useast2a-pve-0068/fcb55ec68264411daa7a8140759786fd/?a=1233&br=1140&bt=570&cd=0%7C0%7C0&ch=0&cr=3&cs=2&cv=1&dr=0&ds=6&er=&ft=c~.Zm4L-gXoInz7T&l=202201170353050101131350430654A16D&lr=all&mime_type=video_mp4&net=0&pl=0&qs=11&rc=MzY0NTY6ZjhrNzMzNzczM0ApaWQzOTZlNzw2NzQ6aWloaWdjYnFmcjQwLmhgLS1kMTZzcy1jX2FfYDFhNGEtX2E1LS46Yw%3D%3D&vl=&vr=
video/mp4, bytesbytes 0-638227/638228, 1642391630.3064456, 1642391630.3084402, 1642391630.3272312, 1642391630.8753927, v16m.tiktokcdn-us.com, 09bbb824c79a63f9a394c2c7012ebe78, /09bbb824c79a63f9a394c2c7012ebe78/61e53c8c/video/tos/useast2a/tos-useast2a-pve-0068/757a2f8b19044ed39ac6674811366bc1/?a=1233&br=852&bt=426&cd=0%7C0%7C0&ch=0&cr=3&cs=2&cv=1&dr=0&ds=6&er=&ft=c~.Zm4L-gXoInz7T&l=202201170353050101131350430654A16D&lr=all&mime_type=video_mp4&net=0&pl=0&qs=4&rc=ampkM21rdWVrNjMzNzczM0ApOztlZjVkZWQ1N2UzaTRnNWdqM2luaWliMS5gLS1kMTZzczEzYzQ0NS4uLjUvYDQxLjU6Yw%3D%3D&vl=&vr=
video/mp4, bytesbytes 0-587184/587185, 1642391640.5479, 1642391640.5503466, 1642391640.5705063, 1642391641.193952, v16m.tiktokcdn-us.com, a0176b6180b4912f41bd5a620b7abe1e, /a0176b6180b4912f41bd5a620b7abe1e/61e53c87/video/tos/useast2a/tos-useast2a-ve-0068c001/0c2f08bc79c247508bee147852570e44/?a=1233&br=1376&bt=688&cd=0%7C0%7C0&ch=0&cr=3&cs=2&cv=1&dr=0&ds=6&er=&ft=c~.Zm4L-gXoInz7T&l=202201170353050101131350430654A16D&lr=all&mime_type=video_mp4&net=0&pl=0&qs=5&rc=amdzcjk6ZjpnNjMzNzczM0ApNDdoMzwzNjtkNztnNjc5ZWczNmBkcjRfbWxgLS1kMTZzc2IvYF41M2AtLS4wXl9iLzM6Yw%3D%3D&vl=&vr=
video/mp4, bytesbytes 1024000-1589871/1589872, 1642391645.461636, 1642391645.4626544, 1642391645.5012429, 1642391646.2851036, v16m.tiktokcdn-us.com, 1b4bec6d1547a88a7c5e5c317df96a78, /1b4bec6d1547a88a7c5e5c317df96a78/61e53c8d/video/tos/useast2a/tos-useast2a-ve-0068c003/91c724bf933b40f5903e337d94f8f6a7/?a=1233&br=1944&bt=972&cd=0%7C0%7C0&ch=0&cr=3&cs=2&cv=1&dr=0&ds=6&er=&ft=c~.Zm4L-gXoInz7T&l=202201170353050101131350430654A16D&lr=all&mime_type=video_mp4&net=0&pl=0&qs=5&rc=M2VqbzM6ZmQ7NjMzNzczM0ApZGU1aGc7ZGU2NzhoZTNoZ2dkZGFncjRfaG9gLS1kMTZzcy4zYmA1MmE0NmEzLV8tYjQ6Yw%3D%3D&vl=&vr=
video/mp4, bytesbytes 1024000-1511926/1511927, 1642391649.3568356, 1642391649.3629212, 1642391649.3814323, 1642391649.859774, v16m.tiktokcdn-us.com, 761219b9f7d77902b7b0f7484771d51c, /761219b9f7d77902b7b0f7484771d51c/61e53c95/video/tos/useast2a/tos-useast2a-pve-0068/fcb55ec68264411daa7a8140759786fd/?a=1233&br=1140&bt=570&cd=0%7C0%7C0&ch=0&cr=3&cs=2&cv=1&dr=0&ds=6&er=&ft=c~.Zm4L-gXoInz7T&l=202201170353050101131350430654A16D&lr=all&mime_type=video_mp4&net=0&pl=0&qs=11&rc=MzY0NTY6ZjhrNzMzNzczM0ApaWQzOTZlNzw2NzQ6aWloaWdjYnFmcjQwLmhgLS1kMTZzcy1jX2FfYDFhNGEtX2E1LS46Yw%3D%3D&vl=&vr=
video/mp4, bytes 0-888812/888813, 1642391650.093782, 1642391650.0948806, 1642391650.129153, 1642391650.9772315, v25.tiktokcdn-us.com, c7c93f768b222e493887d1c2a3a1a1b0, /c7c93f768b222e493887d1c2a3a1a1b0/61e53cd0/video/tos/alisg/tos-alisg-pve-0037c001/528ecdee582c401d94082a44d9ece479/?a=1233&br=898&bt=449&cd=0%7C0%7C0&ch=0&cr=3&cs=2&cv=1&dr=0&ds=6&er=&ft=c~.Zm4L-gXoInz7T&l=2022011703540901011313514927559C97&lr=all&mime_type=video_mp4&net=0&pl=0&qs=5&rc=M3E3eTY6ZjNsNzMzODczNEApOjRnNjNpO2U2NzxkMzU6OWdncGlwcjRfZDNgLS1kMS1zczUuNGEwLzEzXzAyYC00LjQ6Yw%3D%3D&vl=&vr=
video/mp4, bytes 0-493479/493480, 1642391651.3552456, 1642391651.3569856, 1642391651.403404, 1642391651.86791, v25.tiktokcdn-us.com, c0816941aa40ba03304a5f24f39fd553, /c0816941aa40ba03304a5f24f39fd553/61e53cc8/video/tos/useast2a/tos-useast2a-ve-0068c001/2e99d8cb79244ae99f25ae3ac8163fed/?a=1233&br=1044&bt=522&cd=0%7C0%7C0&ch=0&cr=3&cs=2&cv=1&dr=0&ds=6&er=&ft=c~.Zm4L-gXoInz7T&l=2022011703540901011313514927559C97&lr=all&mime_type=video_mp4&net=0&pl=0&qs=4&rc=M3hxczRra3FwNjMzNzczM0ApZWVkM2lnaWVmNzk0OjVoZmctaGdqMTVxcTFgLS1kMTZzcy1eMDQ0YTVgNl8yLTMvMGE6Yw%3D%3D&vl=&vr=
video/mp4, bytes 0-951005/951006, 1642391652.100887, 1642391652.10252, 1642391652.1353636, 1642391652.9583037, v25.tiktokcdn-us.com, ea1cb29c3e078aa84d3f9f8078c580c3, /ea1cb29c3e078aa84d3f9f8078c580c3/61e53ccc/video/tos/useast2a/tos-useast2a-ve-0068c001/5f3422e45d71461f903cd1d7b939af71/?a=1233&br=1316&bt=658&cd=0%7C0%7C0&ch=0&cr=3&cs=2&cv=1&dr=0&ds=6&er=&ft=c~.Zm4L-gXoInz7T&l=2022011703540901011313514927559C97&lr=all&mime_type=video_mp4&net=0&pl=0&qs=5&rc=M3dyOjM6ZmtqNzMzNzczM0ApODszNGY3PDw4N2Y0O2g4ZGcyaGAycjRvY2xgLS1kMTZzc2JjXy8wX14xYWEyYjAxXy86Yw%3D%3D&vl=&vr=
video/mp4, bytes 0-569747/569748, 1642391653.450837, 1642391653.4560544, 1642391653.5635183, 1642391654.0181768, v25.tiktokcdn-us.com, 2673556a270684026e4b169c3135aff8, /2673556a270684026e4b169c3135aff8/61e53cc9/video/tos/useast2a/tos-useast2a-ve-0068/ca60c61655f549038fb6212a2048fcff/?a=1233&br=1076&bt=538&cd=0%7C0%7C0&ch=0&cr=3&cs=2&cv=1&dr=0&ds=6&er=&ft=c~.Zm4L-gXoInz7T&l=2022011703540901011313514927559C97&lr=all&mime_type=video_mp4&net=0&pl=0&qs=4&rc=M2Q4cXI5azpscDMzNDczM0ApPDRkNjtnNTtmN2dpaTk4O2dnZ3NeY2w0aWxfLS0wMTZzc18yYzQyLTRhX14tNDNgMjA6Yw%3D%3D&vl=&vr=
video/mp4, bytes 0-482014/482015, 1642391654.2902844, 1642391654.2923737, 1642391654.3597128, 1642391654.7648616, v25.tiktokcdn-us.com, c97f1e989dac7990ad406eb2606c0256, /c97f1e989dac7990ad406eb2606c0256/61e53cc7/video/tos/useast2a/tos-useast2a-pve-0068/df18bace2f3c4085b8e5d7ca2f3d31ab/?a=1233&br=1170&bt=585&cd=0%7C0%7C0&ch=0&cr=3&cs=2&cv=1&dr=0&ds=6&er=&ft=c~.Zm4L-gXoInz7T&l=2022011703540901011313514927559C97&lr=all&mime_type=video_mp4&net=0&pl=0&qs=4&rc=MzhyNDU8ZHF2NTMzNzczM0ApaDY7OGVkNTw7Nzk1NTg0N2dtMG1yM2lmZ2RgLS1kMTZzc2NgMF8vYzAxMTI0YjVeLmA6Yw%3D%3D&vl=&vr=
video/mp4, bytes 0-753029/753030, 1642391654.9805825, 1642391654.9817107, 1642391655.07988, 1642391655.74184, v25.tiktokcdn-us.com, a23f14b2a8a7016c64503a0642dd69b7, /a23f14b2a8a7016c64503a0642dd69b7/61e53cc9/video/tos/useast2a/tos-useast2a-pve-0068/631008cbb021410e9a05d0ff85d95e96/?a=1233&br=1362&bt=681&cd=0%7C0%7C0&ch=0&cr=3&cs=2&cv=1&dr=0&ds=6&er=&ft=c~.Zm4L-gXoInz7T&l=2022011703540901011313514927559C97&lr=all&mime_type=video_mp4&net=0&pl=0&qs=5&rc=M2lneWk6ZjozNzMzNzczM0ApZmlkPGQ4aDw8NzQ2ZzY7aWdgcmUucjQwZC5gLS1kMTZzczQvMmAzY14wYTU2MTI0YDM6Yw%3D%3D&vl=&vr=
