0,v09044e50000btueapv15l8sl3ukeqpg,8077,1038069&571816&372444,3f9f7e710b4fdc6a84979edb45801d91&8580d74e6212b1287009277006a25f1f&cc23ce9bb8d5c8ff5d55d56f8bc40ead&a65f3a5044354f97ca6bbae88d750c5f&be12e9c876583e82a34ca7de13357d58&fe16a7d10c05f9bed7812e6128a69cce,https://v19.tiktokcdn-us.com/3f9f7e710b4fdc6a84979edb45801d91/61e53b07/video/tos/useast2a/tos-useast2a-ve-0068c004/13370ab11f50451d9ac6b44b0fed7e9d/?a=1233&br=2026&bt=1013&cd=0%7C0%7C0&ch=0&cr=3&cs=2&cv=1&dr=0&ds=6&er=&ft=c~.Zm4L-gXoInz7T&l=202201170346400101130061940157FFA9&lr=all&mime_type=video_mp4&net=0&pl=0&qs=11&rc=anRuNnZvNHNodzMzODczM0ApOGQ1aDlnM2U6N2k4ZjRmZ2dtYnJpNTJzXnJfLS1iMTZzcy0zMzQvYy81MmM1LS8uYzQ6Yw%3D%3D&vl=&vr=
1,v12044gd0000c7bpv0jc77uakaoc0an0,12560,640394&488219&247339&213602,6d325803100ba6189b2cfbd751ddb26b&cb1fa741cd82b15b37f1ffb316d5a0bc&f9174064ba2d19db2ba09e45f7ab07c0&ae144c1f19da4d1e2f5fd7f0d0ce11ee&91f4fdfb052e48b25428dfff718acb02&15a822908199d523290dc014c20ef044&89e168200c18dfa43f6f74a9c28e481c&9edc4f07bed6740bbc946cf740a4d2a6,https://v19.tiktokcdn-us.com/6d325803100ba6189b2cfbd751ddb26b/61e53b0c/video/tos/useast5/tos-useast5-ve-0068c004-tx/7fb7755292e94b97ae2acf9bbfa03fe3/?a=1233&br=1250&bt=625&cd=0%7C0%7C0&ch=0&cr=3&cs=2&cv=1&dr=0&ds=6&er=&ft=c~.Zm4L-gXoInz7T&l=202201170346400101130061940157FFA9&lr=all&mime_type=video_mp4&net=0&pl=0&qs=11&rc=M2RmZGQ6ZjNzOjMzZzczNEApMzY7PDVoNWVlNzQ5aTppN2drLWxocjRnc19gLS1kMS9zcy4vYF5hMDA0NjI2MzNhYC86Yw%3D%3D&vl=&vr=
2,v09044g40000c6ugqd3c77u2124rt93g,20176,2319302&1902672&1030452&876028,7d1f25613fc7028ec21a70d0b4ad0914&0c3e642880c94257685bd1337e3402ba&fec4594c3e28f9791b942dc260c7fc57&62436df61f0a6255c0f70f47b185607d&ca0d675521e6d90443e162637a1dd58b&5e2f2f9a7bdfd11cd77aeea5d1342229&55766a3ce0384da4fc28054013284160&8296add30d8420a6872859c86afd924f,https://v19.tiktokcdn-us.com/7d1f25613fc7028ec21a70d0b4ad0914/61e53b14/video/tos/useast2a/tos-useast2a-pve-0068/9cf3926d23504f68ba3b97edcdc97826/?a=1233&br=4528&bt=2264&cd=0%7C0%7C0&ch=0&cr=3&cs=2&cv=1&dr=0&ds=3&er=&ft=c~.Zm4L-gXoInz7T&l=202201170346400101130061940157FFA9&lr=all&mime_type=video_mp4&net=0&pl=0&qs=14&rc=ajx1NTU6ZmdqOTMzNzczM0ApNGkzaWQ1Nzs2NzU3NTQ6OmcwcTEucjQwbnJgLS1kMTZzczM2YjVgLy01YC0tXl40LWM6Yw%3D%3D&vl=&vr=
3,v09044g40000c3lg95bc77u9h05eekn0,46089,555273&414793&370651&261713,3d0051fdf735408de249fc2fb642480d&cf7eaae9b8d7228de00c185edbdeb313&1468975faf1a5736bea806284278e2f2&89bce4e0b5b1a75c036ad36f17c51b1c&ae0d175399631e519f8f64ec129a121d&9a008c7e21b1088095459090e7def6e2&0ff711aab87e62ad3d624cec3a6fa347&d3895ceff4ea1b28e5ee36247c81facd,https://v19.tiktokcdn-us.com/3d0051fdf735408de249fc2fb642480d/61e53b2d/video/tos/useast2a/tos-useast2a-pve-0068/d71c0e8d4bdd441cb28765ca3433472b/?a=1233&br=1084&bt=542&cd=0%7C0%7C0&ch=0&cr=3&cs=2&cv=1&dr=0&ds=3&er=&ft=c~.Zm4L-gXoInz7T&l=202201170346400101130061940157FFA9&lr=all&mime_type=video_mp4&net=0&pl=0&qs=14&rc=M25oMzw6ZjhqNjMzNzczM0ApN2kzaWQ4NDtmN2c6ZTg8aWdrYjJlcjRfNmlgLS1kMTZzczA0YmNjY2AtYDI2MDBfNjY6Yw%3D%3D&vl=&vr=
4,v09044g40000c1kjcjkfbh5e73ktqsqg,17807,788255&644665&394736&273289,584218a43f07d0657a6dbe741e722d1d&40e94d4490643ffc8185b96e81c2ffd8&06244769322ad64ad98283e88742d37c&bcca82c6c3520661b7373e1ece44acfa&6600d69d611d5ef59b1e4b52d5892d4d&b940100144f7b427867608a635d18cc8&de864a90d72f2adf685d971a316af036&4d7bd36c32a37d199fcff0f0cc769a6e,https://v19.tiktokcdn-us.com/584218a43f07d0657a6dbe741e722d1d/61e53b11/video/tos/useast2a/tos-useast2a-pve-0068/28e9383b8a8843d19cdf71afb36ba310/?a=1233&br=1538&bt=769&cd=0%7C0%7C0&ch=0&cr=3&cs=2&cv=1&dr=0&ds=3&er=&ft=c~.Zm4L-gXoInz7T&l=202201170346400101130061940157FFA9&lr=all&mime_type=video_mp4&net=0&pl=0&qs=14&rc=anZ3NmhraW1tNDMzNzczM0ApZGQ8ZzZkNDxkN2QzNzg7ZWdubmg0Ml9oYGhgLS1kMTZzczYyYV8zNS0vMC9hX2M1Y2E6Yw%3D%3D&vl=&vr=
5,v09044g40000c42euh3c77u1fkgu3370,16646,567887&444282&223592&160019,cba80a8950bea517357ff12bf925f9d6&414d883154075e35a29a01609e7a4e21&2285b02d97559f1a246ff81b63982e4f&908b29d9bf55f8beb49744f8255b3275&bdd4e3375ccd600257990c385cc727cf&8289ebeb5cf9921914a9b8a0c2bb27e5&74834d0cdf940a43948b11a3d3969c50&b9e16c7b1e9ea97526c45575c284b987,https://v19.tiktokcdn-us.com/cba80a8950bea517357ff12bf925f9d6/61e53b10/video/tos/useast2a/tos-useast2a-pve-0068/353eea5c512a4e96bf4aed8f1a7c9fe9/?a=1233&br=1108&bt=554&cd=0%7C0%7C0&ch=0&cr=3&cs=2&cv=1&dr=0&ds=3&er=&ft=c~.Zm4L-gXoInz7T&l=202201170346400101130061940157FFA9&lr=all&mime_type=video_mp4&net=0&pl=0&qs=14&rc=MzZ4bjQ6ZmtoNzMzNzczM0ApODc0NGk0NmVlN2Q7OjczM2c0MGRjcjQwci9gLS1kMTZzcy8tMWFiYS5fMzIyNTUxXy06Yw%3D%3D&vl=&vr=
6,v09044g40000c3sb163c77u1q5eb1gn0,50199,2384648&1679789&1035368&582274,3f59e87148823e0a6b2e905c441215c0&bca50a594885f6187468c793a303139c&3a227cb15693ff4a4a00d53b3d5115c6&8de4e050fd0dcced71ae6054a39e38ac&9a11b6d2a7b4e26746c2d7a83cb2c3be&7299bfd9c513c4a8e45f82e3758f35c2&320dc1d7dab529b9bcb24291c53cf193&570269308cbb7f175b8cc5ca90edf39b,https://v19.tiktokcdn-us.com/3f59e87148823e0a6b2e905c441215c0/61e53b32/video/tos/useast2a/tos-useast2a-pve-0068/f8286e158fda4ed7bdaec686e27037e0/?a=1233&br=4656&bt=2328&cd=0%7C0%7C0&ch=0&cr=3&cs=2&cv=1&dr=0&ds=3&er=&ft=c~.Zm4L-gXoInz7T&l=202201170346400101130061940157FFA9&lr=all&mime_type=video_mp4&net=0&pl=0&qs=14&rc=M2plODQ6ZjllNjMzNzczM0ApZTtmM2Y4ZmU4Nzg0ZTxlOGdrLmJucjQwLnBgLS1kMTZzc2AwYWAzNjBfNDEzXy8uLjU6Yw%3D%3D&vl=&vr=
7,v09044g40000c33c97iemsh0t2h21a7g,23752,1481860&967805&502757&322580&298757,e79cf1dbacacb3634d6a755555f71961&523f772c636b1c1f7b847e7a48cc6a2a&01871749da51ef59a06f81dd24c561cf&24a37565025c499b5751aa6635bcba88&cb168ca034bbe4f708b13a37b29907d9&591da7f0ce6b65eed685ff5379caeeff&bfdded9247866c4a52c20aff45d60744&ad27ffe8e76a074d862a59d56485fb78&8823bfc33623016bb44bc25bf0a522d8&cc64f3a7a41a94a028c043b31f8247af,https://v19.tiktokcdn-us.com/e79cf1dbacacb3634d6a755555f71961/61e53b17/video/tos/useast2a/tos-useast2a-pve-0068/6db60453f1e54ed6a6763c05f1e88f44/?a=1233&br=2894&bt=1447&cd=0%7C0%7C0&ch=0&cr=3&cs=2&cv=1&dr=0&ds=3&er=&ft=c~.Zm4L-gXoInz7T&l=202201170346400101130061940157FFA9&lr=all&mime_type=video_mp4&net=0&pl=0&qs=14&rc=amQ1NTN2aDpmNjMzNzczM0ApZjRkZzc6NzxkN2U4Ozg4O2c0LmVxZWpmNjBgLS1kMTZzczEvYWE1NDVhMjUvMTMyMzY6Yw%3D%3D&vl=&vr=
8,v090445c0000brsj2d7kvluo3u9i7rsg,6639,1025429&793373&341692&224755,6e5f86c1390b4e4f7acbb7e5080ff55e&dcf18f419d155544e892ff5a0029a456&01fab29f95958c6ef1950b04fcb827fb&ed14c307e350bde963db158efe7e5771&335ce78a7667a670a0f9b2006e3e7f06&663eb885f1e88e19d69135bfed64b8c6&7869102f5adc34c8e820ef697a8b5a50&d418c7f857109ebe58e24222ae372d06,https://v19.tiktokcdn-us.com/6e5f86c1390b4e4f7acbb7e5080ff55e/61e53b06/video/tos/useast2a/tos-useast2a-ve-0068c003/a61a2fdecc7f4812a7e9dcb661f65801/?a=1233&br=2002&bt=1001&cd=0%7C0%7C0&ch=0&cr=3&cs=2&cv=1&dr=0&ds=3&er=&ft=c~.Zm4L-gXoInz7T&l=202201170346400101130061940157FFA9&lr=all&mime_type=video_mp4&net=0&pl=0&qs=14&rc=anVseHJvbmdtdTMzZjczM0ApaDZpNzQ0ZTw1N2YzOGk7OmdwNDYwcnM0L3BfLS0yMTZzc2IvYzAvMC8yNDJgNWBhYF86Yw%3D%3D&vl=&vr=
9,v09044g40000c23krfe7g8j7827nf5m0,20176,1391827&955897&832763&560077,c811a2a9ca32ce74c0a169270c60610d&c6293ec3cc1bbef1795b7efbbd40016f&a5ce36f5b5f389eb52677a6476a77023&12655b9b8ae162cba6bc8cdaa0e782a0&73b859e9185fca3748a0a94a5d4999e3&468db38029f9868b0914e3ee93ce037b&bede0af332994adeeb383045325fcd88&b57c293a49957e680a79b078858b2fbd,https://v19.tiktokcdn-us.com/c811a2a9ca32ce74c0a169270c60610d/61e53b14/video/tos/useast2a/tos-useast2a-ve-0068c003/0ed2412d233a49eba49e4af52e6d8eb1/?a=1233&br=2718&bt=1359&cd=0%7C0%7C0&ch=0&cr=3&cs=2&cv=1&dr=0&ds=3&er=&ft=c~.Zm4L-gXoInz7T&l=202201170346400101130061940157FFA9&lr=all&mime_type=video_mp4&net=0&pl=0&qs=14&rc=MzhxNTo7OmluNTMzNzczM0ApZGY3OjgzaTw0NzU7Z2k7OWdqYzQ1Z2RibzBgLS1kMTZzczNjYl4xXmNiXmEvMl9hMWE6Yw%3D%3D&vl=&vr=
10,v09044g40000c43ejobc77ue6he4rg2g,17482,500223&416016&227615&166397,7527ab977cdc72f403f80363de7b1c03&5797da1ce19ce2062c4cee13b566d723&e10ef483e69a51fbbdd2e84607eee45f&5018c7c7f0e8e81fa6bbd054ce012eae&aedb812554fc03b0f32cd722afa041be&14c13f4f9c3d7779df7fa164cf8ecffd&381917eab45e9fc614a50dd5d76a5118&562ddda6da02155eca3d953ff40105c6,https://v39.tiktokcdn-us.com/7527ab977cdc72f403f80363de7b1c03/61e53b6e/video/tos/useast2a/tos-useast2a-ve-0068c004/ebeda0edfad943b88c11b94bd99d0786/?a=1233&br=976&bt=488&cd=0%7C0%7C0&ch=0&cr=3&cs=2&cv=1&dr=0&ds=3&er=&ft=c~.Zm4L-gXoInz7T&l=202201170348130101130060381D4B6C1F&lr=all&mime_type=video_mp4&net=0&pl=0&qs=14&rc=amo3a2g6ZnJoNzMzNzczM0ApNGhpNzppNmQ2NzRoNGk0OWcvb2IzcjRfZzBgLS1kMTZzczM1YzIvYWIzYC5iM2AvYDE6Yw%3D%3D&vl=&vr=
11,v09044g40000c3kgrejc77u9jqnp7kpg,39820,1450795&1047947&813997&500737,88332383e20fd36217572f566ee45241&45b01459a133c0d9d00f612baafa7d03&7fe58fd7ae128204a9014b3b5b444d28&8e152139690ce6abf92800f0e6094720&437cc43bba5b2ac4c954d9c594ea008f&a6725ffb73ef5e68f299e2b463ca22f5&e92f77dbf60b90c7c0eaf7638517c3d3&b10c7ba11f608f72530cdc44f56632b9,https://v39.tiktokcdn-us.com/88332383e20fd36217572f566ee45241/61e53b84/video/tos/useast2a/tos-useast2a-ve-0068c001/99d27d54a7b143af86fa5f55f0b033eb/?a=1233&br=2832&bt=1416&cd=0%7C0%7C0&ch=0&cr=3&cs=2&cv=1&dr=0&ds=3&er=&ft=c~.Zm4L-gXoInz7T&l=202201170348130101130060381D4B6C1F&lr=all&mime_type=video_mp4&net=0&pl=0&qs=14&rc=am5zdDw6ZmhqNjMzNzczM0ApNGk2aTVmZWU7N2U7Zzk7O2dtNGtncjRnb2hgLS1kMTZzc2I2LS8vNDUwX2A0My8xLjU6Yw%3D%3D&vl=&vr=
12,v09044g40000c2qmm5u2iutjg46gq610,15230,1793520&1235045&889186&593926,163231e11bdea51ea35841c36a4ba156&b315e26a1b4aa35c4bbb6b01b34c3697&597d1e93ad997b681c767001ce258110&f2de2feac0edaa64afc60faddc972317&d940a210b52d5aa81d68add9982e8ab7&ef21f4467a3ea48e154d695b863b184a&742dc5fc9a329d49e95cfbbc87092d27&ef5eb300271e5ddd39f7a49a16cf2fa5,https://v39.tiktokcdn-us.com/163231e11bdea51ea35841c36a4ba156/61e53b6c/video/tos/useast2a/tos-useast2a-ve-0068c004/8c2392560472467faadd751cb7757143/?a=1233&br=3502&bt=1751&cd=0%7C0%7C0&ch=0&cr=3&cs=2&cv=1&dr=0&ds=3&er=&ft=c~.Zm4L-gXoInz7T&l=202201170348130101130060381D4B6C1F&lr=all&mime_type=video_mp4&net=0&pl=0&qs=14&rc=MzlqN214NThwNTMzNzczM0ApZGdlO2c7O2VpNzRnZWYzNGcubjNkcWZyam5gLS1kMTZzc14yXzNgLS1gYzI2NjY2YzY6Yw%3D%3D&vl=&vr=
13,v09044g40000c1qs7cld1cjmekntikqg,10679,864376&417645&264892,fcdd5800870b517e425da8d52ba90e3f&7ac5e42690b3feba9d31903fd0ba3e23&2e5bbe1a5bee5e555b2e34b7786010fe&5d0a35a87e11cd5e5d286350b90978e8&01d1fe67190d2c29e3f0afd63c33304a&389cee55148cc273b20fede0b4a2067b,https://v39.tiktokcdn-us.com/fcdd5800870b517e425da8d52ba90e3f/61e53b67/video/tos/useast2a/tos-useast2a-pve-0068/250df16a02a94b9187bfb0c9e76bfd7c/?a=1233&br=1688&bt=844&cd=0%7C0%7C0&ch=0&cr=3&cs=2&cv=1&dr=0&ds=6&er=&ft=c~.Zm4L-gXoInz7T&l=202201170348130101130060381D4B6C1F&lr=all&mime_type=video_mp4&net=0&pl=0&qs=11&rc=am53bnBmZ2Z2NDMzNzczM0ApNTY0Z2ZoNWVoN2U8NWhoNGduZmtiZy5pNG5gLS1kMTZzczUzMF5jNTYxNl8tLTIuNl86Yw%3D%3D&vl=&vr=
14,v09044g40000c2jv6hga6lvlhf9ml8fg,21221,1844886&1518566&799751,6feb953e3b87f7d04cf4b77ad40b9c07&6b770ec44691a310c31a7e9827098a4f&e58a7ebb233a3dbab52f6fa8085f6879&5edf33286c578cb42e55c2e0677ce437&0df981824fe75901a76ce47c3671ff11&137d20c40c4528ef2a9dc9bc367c6ced,https://v39.tiktokcdn-us.com/6feb953e3b87f7d04cf4b77ad40b9c07/61e53b72/video/tos/useast2a/tos-useast2a-ve-0068c001/5b760373d72949838db6ae7478a36a43/?a=1233&br=3602&bt=1801&cd=0%7C0%7C0&ch=0&cr=3&cs=2&cv=1&dr=0&ds=6&er=&ft=c~.Zm4L-gXoInz7T&l=202201170348130101130060381D4B6C1F&lr=all&mime_type=video_mp4&net=0&pl=0&qs=11&rc=ajtwaW9vZGt5NTMzNzczM0ApNGZmZmg1aGU3Nzk2PDo8ZWdjaTZlczNkM2dgLS1kMTZzczY2YGAyMzAwMjIzMWBjYDY6Yw%3D%3D&vl=&vr=
15,v12044gd0000c7d0b4bc77uekfci7l50,11770,680590&563748&390091&298756,db2d0d4e100d442695db069761ca9b2b&6739280e78413ac189e00f53ebe4dbc8&e9d1adfffa71b99512c23bf5e3b1e929&fc182a8abd78f5358275612e5ff06fc6&b47809a4891fb7e543effbef55a70534&36cf139494abca202f73b315534c2759&9fdedfa384c7995f2635a15e2ec6fd47&157e680866bb910d2b0161c232bd76c2,https://v39.tiktokcdn-us.com/db2d0d4e100d442695db069761ca9b2b/61e53b68/video/tos/useast5/tos-useast5-ve-0068c003-tx/724514e92b8043a6947f02201f7c50ab/?a=1233&br=1328&bt=664&cd=0%7C0%7C0&ch=0&cr=3&cs=2&cv=1&dr=0&ds=3&er=&ft=c~.Zm4L-gXoInz7T&l=202201170348130101130060381D4B6C1F&lr=all&mime_type=video_mp4&net=0&pl=0&qs=14&rc=M29saWg6ZjczOjMzZzczNEApZ2hkaDY8NmQ7N2hnNjplaGcyNGBocjRfX2FgLS1kMS9zc2I2YzFeNTYyMTAyL2ItMmA6Yw%3D%3D&vl=&vr=
16,v10044g50000c6c36brc77u6q3q4r3og,25354,583702&337395&211799,dac449dc6babfd51c87fac46878d6f40&6a753d08e60fc979fef5b95aceb9a34a&505d146be85236f5638c78792aa5f613&5037985cfb4550d2c4e4f61fb0f33a2a&59ebe769edbb3a9d83c19bab53efce7c&fe8338adf2c99cb32f608458388a6941,https://v39.tiktokcdn-us.com/dac449dc6babfd51c87fac46878d6f40/61e53b76/video/tos/alisg/tos-alisg-pve-0037c001/0fcd2e46f8c24166a41b1a8f9f5a534e/?a=1233&br=1140&bt=570&cd=0%7C0%7C0&ch=0&cr=3&cs=2&cv=1&dr=0&ds=6&er=&ft=c~.Zm4L-gXoInz7T&l=202201170348130101130060381D4B6C1F&lr=all&mime_type=video_mp4&net=0&pl=0&qs=11&rc=ajY3Njk6ZmU2OTMzODczNEApaDU1ODpnZzxmNzNmZGg4M2dsb25ucjRvM2BgLS1kMS1zczEuMDQxM2M0NS9jMWA0My46Yw%3D%3D&vl=&vr=
17,v12044gd0000c7878sjc77u7psv0afkg,15067,661557&552707&464615&385418,090ddcaef80802bc76d64f325b9aaf04&d2d0a7513cb55426ab4eb560bd46067c&d79dc8fa67bddbe07bd734261e32f8b2&c241791238b802dbdaa979c3cdaed8bd&0c06439172f8ea686fc8332804b3fc88&d09fdc5c30860efdb5e6ba760987eb92&c02a08b7650771e7bd1434ae10fce3f2&3d72b0aa9e226a91633c028722787ff1,https://v39.tiktokcdn-us.com/090ddcaef80802bc76d64f325b9aaf04/61e53b6b/video/tos/useast5/tos-useast5-ve-0068c004-tx/288c2e7eff49415ba3911a0c11c53285/?a=1233&br=1292&bt=646&cd=0%7C0%7C0&ch=0&cr=3&cs=2&cv=1&dr=0&ds=3&er=&ft=c~.Zm4L-gXoInz7T&l=202201170348130101130060381D4B6C1F&lr=all&mime_type=video_mp4&net=0&pl=0&qs=14&rc=amkzdjo6ZnY6OjMzZzczNEApODloODVnOmU6N2k8NzQ6OGdoXnNtcjRnNTVgLS1kMS9zc2NeMzYvYl8tXy4tM19gXjY6Yw%3D%3D&vl=&vr=
18,v09044f40000bq3sfh273oo36di7q7bg,15416,735858&566761&327403,ae295032bb9fd54884c1563291e13047&2f03615419d21f1f2d2c87be11637844&dfd00f270c2d202fee12eff2337588ab&a509d66fa6c1f4cdaf9bf79ff7a7f63a&97c56ab0eb192cf7e9024d65589d5948&11ffeeb80ec4a8346c6e6b80a85ccba9,https://v39.tiktokcdn-us.com/ae295032bb9fd54884c1563291e13047/61e53b6c/video/tos/useast2a/tos-useast2a-pve-0068/1a4eb2b04b464350bb484bfe194ad9cb/?a=1233&br=1436&bt=718&cd=0%7C0%7C0&ch=0&cr=3&cs=2&cv=1&dr=0&ds=3&er=&ft=c~.Zm4L-gXoInz7T&l=202201170348130101130060381D4B6C1F&lr=all&mime_type=video_mp4&net=0&pl=0&qs=14&rc=ajo6ZzZyOmt2dDMzNzczM0ApZGkzNmk6MzszNzs8NGRlOGdfbmYzbDAvYzBfLS1jMTZzczEyLy9fMDFjMWBiXmFjM2A6Yw%3D%3D&vl=&vr=
19,v09044g40000c2a8isdj4q5u8o8d96ag,8264,540308&478499&311419&223721,3e6438a255335265d4f78a7c0a39e95e&1095743fa7d2615cf80fff877698bce5&2dc71bd1a69d62c31fe11f15d5681c6f&1862425ca5839d2e024379b7cb826694&889934b9786485e35ac14ecc57af6000&36353e896a596dda3f7be1add4cfc381&cc11ca913ad828f14135b91e2a12e684&39b5b6fb31acce4f918231ef45c00dc1,https://v39.tiktokcdn-us.com/3e6438a255335265d4f78a7c0a39e95e/61e53b65/video/tos/useast2a/tos-useast2a-pve-0068/060bd750fbeb462c8e674263b1a14cc8/?a=1233&br=1054&bt=527&cd=0%7C0%7C0&ch=0&cr=3&cs=2&cv=1&dr=0&ds=3&er=&ft=c~.Zm4L-gXoInz7T&l=202201170348130101130060381D4B6C1F&lr=all&mime_type=video_mp4&net=0&pl=0&qs=14&rc=ajlncnh0bXY7NTMzNzczM0ApPDs8Nzk0ZmVmN2c3M2lkO2deNjU1MjFhZl5gLS1kMTZzcy8uXjMtYTJiX2BjMjIuNjQ6Yw%3D%3D&vl=&vr=
20,v09044970000c15qot31m2ohdov0nv80,7637,599575&441121&262117&179080,fa3228ca803d690392336a22c0f80bdd&531558763b5670991f2ef8b6f804a119&5c66800de0e4a7a1b770370cae15af6d&1429d6f175e12c00c820a01385682b45&2d8bd736a4ec6159ed44be88b698391c&8e7291ff82a3b7a6c13a44dbd7e05ddc&b7bb07287b990437302f9499dad117d5&33e0f7dce4e51bb2c1d6a1ce5ebedc66,https://v19.tiktokcdn-us.com/fa3228ca803d690392336a22c0f80bdd/61e53bf0/video/tos/useast2a/tos-useast2a-ve-0068c002/9a2794aa230541308cc5eca4e5bafa23/?a=1233&br=1170&bt=585&cd=0%7C0%7C0&ch=0&cr=3&cs=2&cv=1&dr=0&ds=3&er=&ft=c~.Zm4L-gXoInz7T&l=202201170350330101131351920150488C&lr=all&mime_type=video_mp4&net=0&pl=0&qs=14&rc=M3kzcms1NHd0NDMzOjczM0ApZGc7OjU6PGQ3Nzg4aTozZGc1a3NhbGowbDJgLS02MTZzcy82YjItMV9iLV8vYjEwNF86Yw%3D%3D&vl=&vr=
21,v09044g40000c1n21093do78fvgam52g,14928,1985159&1630658&653285&420754,9af6b153122b46c121ac80a27f8e9fbe&ee4bb1f73ff8ba47bbebf38431202ebd&e2a598da86d927c9d2e2df65efde4531&a1901a0bcc2d34f3bf00676cba3a97e0&df73f91727e3913efd5f0df7207f7b15&77150adb338bb5e39d5375f3ef260398&e818ef9833330fb4ff9acf5c60016ece&55c70e05bad2df181de52c737cf8744e,https://v19.tiktokcdn-us.com/9af6b153122b46c121ac80a27f8e9fbe/61e53bf7/video/tos/useast2a/tos-useast2a-pve-0068/21c531d693a240fbb4c2d8a41a8caa19/?a=1233&br=3876&bt=1938&cd=0%7C0%7C0&ch=0&cr=3&cs=2&cv=1&dr=0&ds=3&er=&ft=c~.Zm4L-gXoInz7T&l=202201170350330101131351920150488C&lr=all&mime_type=video_mp4&net=0&pl=0&qs=14&rc=ajhkeTtyNjM1NDMzNzczM0ApZjY7NmdpO2U3N2c0ZWlnZWcvamRjNGE2LmtgLS1kMTZzc18xMmMuLzMuLy4xMGMwYWI6Yw%3D%3D&vl=&vr=
22,v09044g40000c2q01jk1se6edeiqos2g,20896,1262211&1035288&794761&542759,7aa40e476bd43751a1023bfef3781351&2e8544c666efbc4122bff0012844fb73&5add3d6c10ba255d8f79bb56502f9104&03850ece00e9a7e16a105dfb87edd45a&d86b8cede173e53a81d7c812429fe8db&84c66054c5ba309ed873c3e8fc7d6863&a8ee552811efb707e74d841e713224f8&4360b2dbb369dfc6865e98851d471bd3,https://v19.tiktokcdn-us.com/7aa40e476bd43751a1023bfef3781351/61e53bfd/video/tos/useast2a/tos-useast2a-ve-0068c001/032f2f8815304c9394dd37c63db334a2/?a=1233&br=2464&bt=1232&cd=0%7C0%7C0&ch=0&cr=3&cs=2&cv=1&dr=0&ds=3&er=&ft=c~.Zm4L-gXoInz7T&l=202201170350330101131351920150488C&lr=all&mime_type=video_mp4&net=0&pl=0&qs=14&rc=anZ0aGhoNG0zNTMzNzczM0ApOWRpPDxnOGVoN2Y3OTVmO2cvbGZhM3BoLm5gLS1kMTZzczFhYjU2NWAzXjAuLS8uLi46Yw%3D%3D&vl=&vr=
23,v07044420000c199u5s35dppe9q0d1j0,8032,700067&442899&309569,cea9b53790773b34a31e8f0da480535e&d928ec9d01960c4e04833945adfe3923&a069ff244202e09f88b1b45e830916f1&580306fb9f91e67ccb7b9e925b980b29&d482ba3e7eb6b9b0e937d828b1e8601c&44519ff80320ee0c3767a84a8a02b635,https://v19.tiktokcdn-us.com/cea9b53790773b34a31e8f0da480535e/61e53bf0/video/tos/alisg/tos-alisg-pve-0037c001/202e295a089748c1b884ab25998a2b3a/?a=1233&br=1366&bt=683&cd=0%7C0%7C0&ch=0&cr=3&cs=2&cv=1&dr=0&ds=6&er=&ft=c~.Zm4L-gXoInz7T&l=202201170350330101131351920150488C&lr=all&mime_type=video_mp4&net=0&pl=0&qs=11&rc=MzQzPHNnNjg8NDMzNTczM0ApOTk5aGRlOjw6Nzg7NTxnZmdnYW5ibTJwcjZgLS0xMTRzczZfMTZjMGEyYDA0LmJfMWM6Yw%3D%3D&vl=&vr=
24,v09044ad0000c0qnh58p8rsb4e7eg120,14208,881638&644122&349950&209351,b5bb7ece46f241aad5ce02b169ce3c42&40e0706b2b6130868046c23b1398015e&f4734c467fc350d809e5fdbc0639789c&56424fff23a5a2cd40938981cf2cae10&196b6a21ae6352ab5b93623b03fee4eb&5149a46659296375f75ec23554ebee65&2b96f6a52057c4833b91c08f0de88205&d5f70d666cf9bfbb4ffb9070327866c9,https://v19.tiktokcdn-us.com/b5bb7ece46f241aad5ce02b169ce3c42/61e53bf7/video/tos/useast2a/tos-useast2a-ve-0068c002/78aa8b14fb054a35b79487b137b29b3c/?a=1233&br=1720&bt=860&cd=0%7C0%7C0&ch=0&cr=3&cs=2&cv=1&dr=0&ds=3&er=&ft=c~.Zm4L-gXoInz7T&l=202201170350330101131351920150488C&lr=all&mime_type=video_mp4&net=0&pl=0&qs=14&rc=MzRoaGV1czhxMzMzZzczM0ApO2Y3aDtkPDxpNzQ5ZmQ3OGcvZDQxcDU1ZW5gLS1eMTZzcy5gMS4wXzJiLWM0MDAvMTI6Yw%3D%3D&vl=&vr=
25,v09044g40000c6bjhcrc77ue1odlkdo0,7940,604161&439135&296553&183383,08dac21bf4c52f13241bce9c8b31a5ca&fab409f4540e2be1072f96db1fdfebae&57f74e2de068f1ddeee5b03ab60514ec&b4c7294467e91d62af4c0aa13708951a&d92432630c8ad11e91847a52106d3c25&69a436c3e854ad6286dfa548a9547602&e99accd9f225cf7ad9bddfdae3981d08&42310ccf940cc340f935f57cbcb7885d,https://v19.tiktokcdn-us.com/08dac21bf4c52f13241bce9c8b31a5ca/61e53bf0/video/tos/useast2a/tos-useast2a-ve-0068c004/53037072e7ea46719f71503983e53896/?a=1233&br=1180&bt=590&cd=0%7C0%7C0&ch=0&cr=3&cs=2&cv=1&dr=0&ds=3&er=&ft=c~.Zm4L-gXoInz7T&l=202201170350330101131351920150488C&lr=all&mime_type=video_mp4&net=0&pl=0&qs=14&rc=M2dvcmg6ZmZtOTMzNzczM0ApNWg6aWY2aGU8NzdpOWc7OWdsaGEucjRvZV9gLS1kMTZzc15hLjIzXmIxNWNeYjUwYGA6Yw%3D%3D&vl=&vr=
26,v09044g40000c2t3lrho1amdn3nre0s0,5013,756227,9fea3196dace4bb3189a11a3f3e10286&831048d2ef5348f59175b757fbdf533f,https://v19.tiktokcdn-us.com/9fea3196dace4bb3189a11a3f3e10286/61e53bed/video/tos/useast2a/tos-useast2a-ve-0068c004/e99cb9d5a11d4ac7a496622b02f8a9ad/?a=1233&br=1476&bt=738&cd=0%7C0%7C0&ch=0&cr=3&cs=0&dr=0&ds=2&er=&ft=c~.Zm4L-gXoInz7T&l=202201170350330101131351920150488C&lr=all&mime_type=video_mp4&net=0&pl=0&qs=0&rc=MzN1NmdkcnU2NTMzNzczM0ApNjk0Z2c7Zzs4NzRmMzYzM2dwYmtrai5laXFgLS1kMTZzc2BiNV4zNTEyNjQ0XmEzMS86Yw%3D%3D&vl=&vr=
27,v09044g40000c39ork8o4qnr8507sfp0,17019,2400024&1680624&812197&524204,fefd30e59d6b7c9d07bc112054442a75&35f3a606f2a64893f7dfde17bbb46529&c0269a5bad5dcd201cfdb1a72808f15c&ec7c06fcc3c7f79c9c6898e5ab9be474&28e94630bc226a6ffb6a45e2984accb3&eb0f0b034606f6e35dfa0f836e7bdbea&340a98210f5c950fa3215307209b9d94&050e729cbdb00304e490c7e182597d84,https://v19.tiktokcdn-us.com/fefd30e59d6b7c9d07bc112054442a75/61e53bf9/video/tos/useast2a/tos-useast2a-ve-0068c003/b2f1a5a1d3f0448f9fb4b5a037c92027/?a=1233&br=4686&bt=2343&cd=0%7C0%7C0&ch=0&cr=3&cs=2&cv=1&dr=0&ds=3&er=&ft=c~.Zm4L-gXoInz7T&l=202201170350330101131351920150488C&lr=all&mime_type=video_mp4&net=0&pl=0&qs=14&rc=M2k6OHV0cm5yNjMzNzczM0ApZWg8aDs6N2Q1NzYzOzk5NmdtcC01azE1bzZgLS1kMTZzcy82LzUtNjIxLWJiY141Ly46Yw%3D%3D&vl=&vr=
28,v09044g40000c4ohat3c77u88dlsgkjg,9542,942322&447409&317248,21fd03ddb3fc235c168655d259b5914e&1955e62c17fc6a4ffd81434ae645eae1&06c6c978228c84ab3423ebe60837ddb7&f4fc4c59de6964dd2de2315fd43dcd79&34876b30be564cc4cc298044d2df0085&f2e2b7a809b512fb8976d8474efdc2d8,https://v19.tiktokcdn-us.com/21fd03ddb3fc235c168655d259b5914e/61e53bf2/video/tos/useast2a/tos-useast2a-ve-0068c004/c54e4db20e74481fa121eb15af5f85e5/?a=1233&br=1840&bt=920&cd=0%7C0%7C0&ch=0&cr=3&cs=2&cv=1&dr=0&ds=6&er=&ft=c~.Zm4L-gXoInz7T&l=202201170350330101131351920150488C&lr=all&mime_type=video_mp4&net=0&pl=0&qs=11&rc=am52Zzs6ZndrNzMzNzczM0ApaTU3PGc5N2U1NzM1Nzk1OmdnZGk1cjQwXmxgLS1kMTZzc2AtXjAxXy8yMGIwNS5jXzA6Yw%3D%3D&vl=&vr=
29,v09044g40000c2ft710bf79t3vkd0gvg,19293,1718431&1264133&618854&381743,9530d1317c7715f4d38006551b1fb954&a7f82366eba06e9d7ef2eaf79bc579c3&118713123c1b23a5718377e04b711463&2fc413b380f0538237f38b21de77d12f&6a391d77f5155adedd62aa3f53200c7a&e26cb8cfb095ae4cbbe35be0d0c7ecd4&4b30950f6dcbda367a09e3c65ff17d36&3578ec050ffaa099fb7a08773863196e,https://v19.tiktokcdn-us.com/9530d1317c7715f4d38006551b1fb954/61e53bfc/video/tos/useast2a/tos-useast2a-pve-0068/4b429b6507504a9cba99f12e0d4afe8a/?a=1233&br=3356&bt=1678&cd=0%7C0%7C0&ch=0&cr=3&cs=2&cv=1&dr=0&ds=3&er=&ft=c~.Zm4L-gXoInz7T&l=202201170350330101131351920150488C&lr=all&mime_type=video_mp4&net=0&pl=0&qs=14&rc=ampneXc6ZTR3NTMzNzczM0ApN2ZlPDdlaGUzNzM2OmU6PGdzLWgwNmMtNGNgLS1kMTZzcy8uMDEtLTJiMWAyM181LTU6Yw%3D%3D&vl=&vr=
30,v07044550000c07os0nir75n464p64cg,8589,247151&169174&126295,ac4217dbfaadff72031b2fb5bddabc61&d7caff92e1dc95242ed605b481e9a9db&e9ebe8e5b693a08717471a305a4babad&b489051f86a95c6830cde9833ac5e2d7&f0c3974ccd7b03f89da9c020ff43a3bd&4ba9be7bed87ae7e29d0114f775eeddf,https://v25.tiktokcdn-us.com/ac4217dbfaadff72031b2fb5bddabc61/61e53c22/video/tos/alisg/tos-alisg-pve-0037c001/88d0a2f0d8fd40f699e281a9c3b021f0/?a=1233&br=482&bt=241&cd=0%7C0%7C0&ch=0&cr=3&cs=2&cv=1&dr=0&ds=6&er=&ft=c~.Zm4L-gXoInz7T&l=20220117035122010113006021004F62CF&lr=all&mime_type=video_mp4&net=0&pl=0&qs=11&rc=ajdzOXE6bDNyMzMzODczM0ApNTk1aTU8OGRoNzdoM2Y5aWdgMzExMm9rcDRgLS0yMTRzcy0zMTEyXmAvYi81MzAxLWI6Yw%3D%3D&vl=&vr=
31,v09044g40000c4mg0q3c77u950nmju0g,19177,3191109&1932525&1342438&707823,b14e918a2afabb696e3ed5c85e8d7b27&0094c1e0ebb4633620f0a240ab614e78&638af1600da705448b05573a1bd70e4e&d2a7e2447c055e54a9e05d83e81ee746&5056dab671beed0cf8530396dfd6ad1d&87e97f1b1f5c43c9c1b35095413b7369&cc5a7ac32db5bf8b5f24b12e2b0a9dc9&55ff5fe24131524567146396c48cb168,https://v25.tiktokcdn-us.com/b14e918a2afabb696e3ed5c85e8d7b27/61e53c2d/video/tos/useast2a/tos-useast2a-ve-0068c003/1578429937b3407ab574c8a84355dafb/?a=1233&br=6232&bt=3116&cd=0%7C0%7C0&ch=0&cr=3&cs=2&cv=1&dr=0&ds=3&er=&ft=c~.Zm4L-gXoInz7T&l=20220117035122010113006021004F62CF&lr=all&mime_type=video_mp4&net=0&pl=0&qs=14&rc=anhwMzw6ZnRqNzMzNzczM0ApOTxoaWhlOjs6NzM3OzQzO2ctZ2sycjQwLWpgLS1kMTZzcy1hXy9jXmIyMjFjXzIyMS06Yw%3D%3D&vl=&vr=
32,v12044gd0000c736h5bc77uakasifot0,40843,832150&688079&457089&341092,88a1e8953b39fc40ed12314e7feaa89d&b0b999c626221ab119183433bc85a746&e80359cf361b2ff617232eb7a345b4aa&03ea97b81bf190e0858ac8450081f507&25c9fd0174c489090ae7b47fc8e1e263&a3a8b4b8bdbb518cd2771dab6e513a3a&8f92659e25bc0736df88eb483469c6a5&abac94cf325e8edca5e3e405ae144080,https://v25.tiktokcdn-us.com/88a1e8953b39fc40ed12314e7feaa89d/61e53c42/video/tos/useast5/tos-useast5-pve-0068-tx/967c907d787f47d1ba726183ac03a2a0/?a=1233&br=1624&bt=812&cd=0%7C0%7C0&ch=0&cr=3&cs=2&cv=1&dr=0&ds=3&er=&ft=c~.Zm4L-gXoInz7T&l=20220117035122010113006021004F62CF&lr=all&mime_type=video_mp4&net=0&pl=0&qs=14&rc=M3JsZGQ6Zjg5OjMzZzczNEApNDlkOjo5ZjxmNzc8NjVpOGdxY3BocjRfZTBgLS1kMS9zczY2NjAyXjBfYi8xLzIuY2A6Yw%3D%3D&vl=&vr=
33,v12044gd0000c797pgbc77ucq7ijquug,16995,298431&235242&154197&125184,c963344e1e2920611665fb9aabc6c2b4&4d0f52faa4223a6241befa24e6d85d50&20c2450e80ed347d917b52b491ed39d9&eab7f8ff9e3b94333d4707a5127bb2cb&0a05f5a9318ae198cb2aaeb00bb2a58f&72eac90fd69179007bbc344b2e0d6e2e&b2373ccbd27f10b0e53dc152f3d91b78&d8edd7004129727da8f9866a90a900fd,https://v25.tiktokcdn-us.com/c963344e1e2920611665fb9aabc6c2b4/61e53c2a/video/tos/useast5/tos-useast5-pve-0068-tx/f62e02f024c540c89a00998f535a6845/?a=1233&br=582&bt=291&cd=0%7C0%7C0&ch=0&cr=3&cs=2&cv=1&dr=0&ds=3&er=&ft=c~.Zm4L-gXoInz7T&l=20220117035122010113006021004F62CF&lr=all&mime_type=video_mp4&net=0&pl=0&qs=14&rc=anhtOmY6Zmo6OjMzZzczNEApOjM6NDc4aWRkNzVlODRpOWdybmZucjRfbTZgLS1kMS9zcy4vYmFhMV5jMzZeNjY1XjY6Yw%3D%3D&vl=&vr=
34,v09044g40000c42sjhbc77u591u34mdg,16600,1143137&860555&523772&365504,3e1c061de3d908c1f0fc8baaae94779f&853eecca311919dcbf0e9ad575f622b8&26af158ae0c2395b5393d6cacbbacd14&5ef428eb54544dbeb18004d49060892e&90646a10543fae0f16d1be1ff8066292&5798db06a930cc4e5ae6fb7dedd97472&870b5625a4711c64b5185aaaed06bed6&8dd1a1c26e1bc9f65f7256ec98263a33,https://v25.tiktokcdn-us.com/3e1c061de3d908c1f0fc8baaae94779f/61e53c2a/video/tos/useast2a/tos-useast2a-ve-0068c002/7da2afaad80f404fb164f84d77c8ba4d/?a=1233&br=2232&bt=1116&cd=0%7C0%7C0&ch=0&cr=3&cs=2&cv=1&dr=0&ds=3&er=&ft=c~.Zm4L-gXoInz7T&l=20220117035122010113006021004F62CF&lr=all&mime_type=video_mp4&net=0&pl=0&qs=14&rc=anA2NDg6Zmt2NzMzNzczM0ApOzs7ZGQ5ZzxkNztlNTlnaGdhMXI2cjRfZy9gLS1kMTZzczUuLjJjMTFeNTIyMC0vYy46Yw%3D%3D&vl=&vr=
35,v09044690000bugd0qjemvd778npkaug,8728,1625869&1015423&736932&474604,7bd5afcf16a882a4d71d7bcd48c87801&76609c2039144f915fac5a9ea1c857c3&47642729ac8ccdf9b813cea745a36d86&212f47566f8c14ffd5a2789683a75f16&f2c5878147311a6fd9dbdaf031911665&36bb42f671d62466fb6588c04ab5989a&e5c08468fbe4c66b64ea9322c0ab1674&1271eb26c095871d6e87ec822e04490c,https://v25.tiktokcdn-us.com/7bd5afcf16a882a4d71d7bcd48c87801/61e53c22/video/tos/useast2a/tos-useast2a-ve-0068c003/577f7868462848419672cfb56e32c139/?a=1233&br=3174&bt=1587&cd=0%7C0%7C0&ch=0&cr=3&cs=2&cv=1&dr=0&ds=3&er=&ft=c~.Zm4L-gXoInz7T&l=20220117035122010113006021004F62CF&lr=all&mime_type=video_mp4&net=0&pl=0&qs=14&rc=amRzOzp5aHRneDMzPDczM0ApZGc2NmRoZDxpN2hlOTw1NWdyaGs0YWpnLWRfLS0zMTZzc2IzYV8xMmBiLTAuMC4wNC86Yw%3D%3D&vl=&vr=
36,v09044g40000c1n6fgrivpn8c64va3mg,15276,1055778&904129&638191&402855,3abe5f3c41c37eec28b9d68f960de3c4&cd41f28ff00865129b644f131e5d66f7&a20536eb869827d64cd0638c758fe1f9&6beac8a2ad3a1442396515e5201c844b&920b6cb674cc319866ded88d62575b30&23cacf26bae41072ddbfdbadaacf29e2&20db3af245ae46f0df676a97d2aa1bcb&2bd7ea529ec762f0707145aa3d49a294,https://v25.tiktokcdn-us.com/3abe5f3c41c37eec28b9d68f960de3c4/61e53c29/video/tos/useast2a/tos-useast2a-pve-0068/0d6b12d875944f93abce543a86449ffc/?a=1233&br=2062&bt=1031&cd=0%7C0%7C0&ch=0&cr=3&cs=2&cv=1&dr=0&ds=3&er=&ft=c~.Zm4L-gXoInz7T&l=20220117035122010113006021004F62CF&lr=all&mime_type=video_mp4&net=0&pl=0&qs=14&rc=ajZ5OTtzbGo5NDMzNzczM0ApPDc3ZTw6OzszN2UzO2Q1ZWdqXjFga3NvY2tgLS1kMTZzcy8wNTQwLy41L2BiYjEzMzI6Yw%3D%3D&vl=&vr=
37,v09044900000c1gk48v7hc99pahqgrq0,8637,2052471&1561356&980982&642068,6313f3aea0c19948fceed4b677fb5aed&90c3a97ceca4c5f9d8c182080200b6e4&b132b38208cb235da77039b61d0afd2c&aa2153390a1f70102d104fde3b71afc9&d24774d6d38e9ef929017525277f4208&260996bd093dce649be4b285e3f9aded&a3dd627d88866af947b6f1bb0cfc97e1&5523870ca8e2ab9a4d7965044d92cd04,https://v25.tiktokcdn-us.com/6313f3aea0c19948fceed4b677fb5aed/61e53c22/video/tos/useast2a/tos-useast2a-ve-0068c002/7eeeb48d29a048fb8a43c2e4f44e7786/?a=1233&br=4008&bt=2004&cd=0%7C0%7C0&ch=0&cr=3&cs=2&cv=1&dr=0&ds=3&er=&ft=c~.Zm4L-gXoInz7T&l=20220117035122010113006021004F62CF&lr=all&mime_type=video_mp4&net=0&pl=0&qs=14&rc=M3V0ZDxmOjtuNDMzMzczM0ApOmUzOjc6aGQ5N2k2O2c2ZmduZGVtNmVzMWRgLS02MTZzc2FeM2MtMTEvMy8uNDA2NmI6Yw%3D%3D&vl=&vr=
38,v090443b0000bu7hkfqqsv284dioh21g,15555,689791&625195&437373,58ba83a72b880eb852bac71718ffb51a&a2382bfa5d19d5933e580580194d8036&45deb0754b4e3a11e25eb10f922ecf1f&3c827d20e57aba0cc1173a5fc020b4ae&2f10119a2a6519af8d6209aff971c01d&103d98fa82dde0ac014a5fbfc3142862,https://v25.tiktokcdn-us.com/58ba83a72b880eb852bac71718ffb51a/61e53c29/video/tos/useast2a/tos-useast2a-ve-0068c002/9e8ed43555484c4b83d5257edb9435d0/?a=1233&br=1346&bt=673&cd=0%7C0%7C0&ch=0&cr=3&cs=2&cv=1&dr=0&ds=6&er=&ft=c~.Zm4L-gXoInz7T&l=20220117035122010113006021004F62CF&lr=all&mime_type=video_mp4&net=0&pl=0&qs=11&rc=ajVyZzt5dGlreDMzZTczM0ApZzw0Ozk2OmQ0NzVoOWRnZmcuZWYxL3BuaDRfLS0wMTZzc2IyMC1jNF40XjY2LTAwLzQ6Yw%3D%3D&vl=&vr=
39,v09044g40000c3gscaris849rbdm91rg,14975,1649189&1352918&1157202&784297,9a2421ff7f05b38e804c22b1da7a04d0&613ea8fa3dbadefd6778f281b4af43d2&ef01c5ff29b77a9ce624b2898c8b9402&346253ba17e0c9cf6e90a1191e08e38d&ac1d6caaa8b0fc529448edffd8edba74&b6c2089a2953b9067afa173ffb895b6d&f71492e4c5ec99ff52e2603c7d6236ef&f71bd0227c43d75eba7e91239ab56e2d,https://v25.tiktokcdn-us.com/9a2421ff7f05b38e804c22b1da7a04d0/61e53c28/video/tos/useast2a/tos-useast2a-pve-0068/9d511f5263d34272a97a3e7ab284c1ce/?a=1233&br=3220&bt=1610&cd=0%7C0%7C0&ch=0&cr=3&cs=2&cv=1&dr=0&ds=3&er=&ft=c~.Zm4L-gXoInz7T&l=20220117035122010113006021004F62CF&lr=all&mime_type=video_mp4&net=0&pl=0&qs=14&rc=ajRwZTw7bGR2NjMzNzczM0ApNGg7ODYzNTxpNzw8aTllNGdvNmFvMXBvYGRgLS1kMTZzczIxXi1hNmJeNS02YS1gXjU6Yw%3D%3D&vl=&vr=
40,v09044fd0000buhfv1j9iufl0fi5ir5g,19502,568440&460718&327550,e30756b813428fe10fa0ea194298c3b2&00290d222e83a9106e0d9246f581016e&1cb1c02bb6c83296d2ba7e93c83b1a5a&fc18527b1a87d190d9056a91a1563bf9&0877b5db7bec893b05982e95aa0c10dd&3e89f69c560550419db421bb754ce07b,https://v16m.tiktokcdn-us.com/e30756b813428fe10fa0ea194298c3b2/61e53c94/video/tos/useast2a/tos-useast2a-pve-0068/a27f7933c7584a20ab3fd6eb8b24a7cc/?a=1233&br=1110&bt=555&cd=0%7C0%7C0&ch=0&cr=3&cs=2&cv=1&dr=0&ds=6&er=&ft=c~.Zm4L-gXoInz7T&l=202201170353050101131350430654A16D&lr=all&mime_type=video_mp4&net=0&pl=0&qs=11&rc=anU4aW94PDRpeDMzZzczM0ApZ2U2ZTU7ZDw5NzNoZDg5NGcyZmYtY2Znc2VfLS1jMTZzc2MxMmJeL2BeMzM2XmIvMTQ6Yw%3D%3D&vl=&vr=
41,v09044g40000c4oflj3c77ue62ip6i7g,18829,1005587&678099&416779,8d99179a1f6d15c7b67796f0a2f0af60&8fa3dc306ac88072eb43a495652425e9&3e92992337307d3643100fb60a114e38&90c5be1fc7c8e74ff717bd6e79d268f8&02f554c87d5bf7f352ffff3e92e817c5&1d76bcdd3d2b2af75dc9094cb8349ba3,https://v16m.tiktokcdn-us.com/8d99179a1f6d15c7b67796f0a2f0af60/61e53c93/video/tos/useast2a/tos-useast2a-ve-0068c004/ba81bb2590184a42916525640ac6a34f/?a=1233&br=1964&bt=982&cd=0%7C0%7C0&ch=0&cr=3&cs=2&cv=1&dr=0&ds=6&er=&ft=c~.Zm4L-gXoInz7T&l=202201170353050101131350430654A16D&lr=all&mime_type=video_mp4&net=0&pl=0&qs=11&rc=amxzNWg6Zm1pNzMzNzczM0ApOTpnNDZkZ2U3Nzc7Zzg4OWc0M2YzcjQwaWxgLS1kMTZzc2AyNmA1MTRgNS40LjViM186Yw%3D%3D&vl=&vr=
42,v09044g40000c3mrtfbc77uahb02m4jg,7149,1009186&814846&469416&322285,73e909a3266aee44d0ac840589a0dc63&0a19bf7ca49fce706dc1d12841ef19de&e97d64d761984fbe190cecfd7773ebd8&4f82c55215f9de7cb56c6867d5ff9989&335338f8624dd265cf744e6fae692f18&8c9942ca53f764283f1462109bdad623&1e1a1519b47a67391749a213be9bd1f6&bdee936ed6b6e974c08941fddeccb0a6,https://v16m.tiktokcdn-us.com/73e909a3266aee44d0ac840589a0dc63/61e53c87/video/tos/useast2a/tos-useast2a-pve-0068/3ebc7ee2989f443883330b31dfab49f4/?a=1233&br=1970&bt=985&cd=0%7C0%7C0&ch=0&cr=3&cs=2&cv=1&dr=0&ds=3&er=&ft=c~.Zm4L-gXoInz7T&l=202201170353050101131350430654A16D&lr=all&mime_type=video_mp4&net=0&pl=0&qs=14&rc=ajc1ZWQ6Zml1NjMzNzczM0ApOWg2NjxmNDw2NzY8OTg4Z2dnai1lcjRfcWpgLS1kMTZzczA1LWJgYy9jYi9eMGIvXjY6Yw%3D%3D&vl=&vr=
43,v09044g40000c442udjc77u82pan8nr0,10773,532271&468564&315901,c9365bdb476075ddd5adc0274ddc3fe6&4a6daa2a5467741abcca60a751d91e35&41dd8c8e0e6b9254977abbc869b9b450&f2cbabbc7b92a6fe9c9c239dd236ac24&fd0baf362834961cd1482993cbbef7c9&ee1ae42619957af39a8409680a7132bc,https://v16m.tiktokcdn-us.com/c9365bdb476075ddd5adc0274ddc3fe6/61e53c8b/video/tos/useast2a/tos-useast2a-ve-0068c004/8ef5572352a949ec98150aec8025dd70/?a=1233&br=1038&bt=519&cd=0%7C0%7C0&ch=0&cr=3&cs=2&cv=1&dr=0&ds=6&er=&ft=c~.Zm4L-gXoInz7T&l=202201170353050101131350430654A16D&lr=all&mime_type=video_mp4&net=0&pl=0&qs=11&rc=M3Fxczs6Zmc1NzMzNzczM0ApOWdkPDllaDtlNzs0aDdmNmdvNV4vcjRncjFgLS1kMTZzczFiXzQzNjU0NV9fLWBfXl86Yw%3D%3D&vl=&vr=
44,v12044gd0000c6438f3c77uf5sb2qspg,7637,438273&308591&211521&145661,36432ed7126f6637467faf5fda9f3f87&b3d1c85900a0b5fc75722556fd3d36d8&f7acb72e1f5f8e7272dada7e8f644b1c&416c84b09d7d9345339078fa45890623&2d978043b0e561c3f9d9945dce0600ba&217accaad37caa53cc8e657d53ba216c&69df916073c780aea95f22ccbba333fa&607d37b9b0ac26f277a7ab60c3637689,https://v16m.tiktokcdn-us.com/36432ed7126f6637467faf5fda9f3f87/61e53c88/video/tos/useast5/tos-useast5-ve-0068c004-tx/76d2b8ec07e045ac97babd32e7849b66/?a=1233&br=856&bt=428&cd=0%7C0%7C0&ch=0&cr=3&cs=2&cv=1&dr=0&ds=3&er=&ft=c~.Zm4L-gXoInz7T&l=202201170353050101131350430654A16D&lr=all&mime_type=video_mp4&net=0&pl=0&qs=14&rc=anY1dmk6Zmk2OTMzZzczNEApNTM7PDplZDs3N2k3NTQ0NGdtbl8ycjQwNTFgLS1kMS9zcy1iMTNhMjVgXzFhX2MvNWI6Yw%3D%3D&vl=&vr=
45,v09044g40000c3r8kabc77u0jldggbg0,12769,2330361&1704943&1469448&996082,98b59e0cb56bdbdea87ec5b9348fff14&6e77404eb19f6e737c17c3d4519d88f7&4e1d1ff615aa9b18998a50d361b21e6f&c7648bc69680cead819e5226be8d291a&70a5dc7145f48f8e46d6c3bc4f7992f5&a302bb23eb8f1a8a2739eca91cdcad5e&1b4bec6d1547a88a7c5e5c317df96a78&86684d95442629938702277f24b88d11,https://v16m.tiktokcdn-us.com/98b59e0cb56bdbdea87ec5b9348fff14/61e53c8d/video/tos/useast2a/tos-useast2a-pve-0068/8cab7da36e664048988304d7ef7a47b7/?a=1233&br=4550&bt=2275&cd=0%7C0%7C0&ch=0&cr=3&cs=2&cv=1&dr=0&ds=3&er=&ft=c~.Zm4L-gXoInz7T&l=202201170353050101131350430654A16D&lr=all&mime_type=video_mp4&net=0&pl=0&qs=14&rc=M2VqbzM6ZmQ7NjMzNzczM0ApaDY2PGk8aTs8NzhpPDg8OmdkZGFncjRfaG9gLS1kMTZzcy1jY2BgMF5iMjQwLS8wYGA6Yw%3D%3D&vl=&vr=
46,v09025g40000c5tphj3c77u9non5uja0,11632,391326&216922&156694,f731b49a0cb7205ddabb5844dfb19803&a9565d082c7a528ffa74bcaf3793542b&43e3ea5a69d2496b89581f5964da92e1&a8366c25e2b8344a42959ca31b113887&f2a2fd313bd17abe56a592329d32fba3&100f8cd0a5e8831f4378fc23ba125c8e,https://v16m.tiktokcdn-us.com/f731b49a0cb7205ddabb5844dfb19803/61e53c8c/video/tos/useast2a/tos-useast2a-pve-0068/0db5a52be4814ca482755ba7b47a0966/?a=1233&br=764&bt=382&cd=0%7C0%7C0&ch=0&cr=3&cs=2&cv=1&dr=0&ds=6&er=&ft=c~.Zm4L-gXoInz7T&l=202201170353050101131350430654A16D&lr=all&mime_type=video_mp4&net=0&pl=0&qs=11&rc=M204cjw6Zm1zODMzNzgzM0ApZmZkOGdkaTs0NztmODk3aGdecmtrcjQwZXFgLS1kLzZzc2BjMWAwLTRfMC8wYmAuNGI6Yw%3D%3D&vl=&vr=
47,v09044g40000c4kh153c77u3i2t1e3f0,20710,790267&584037&389756&259282,05db1dc721ba7dc8fe48ba91850a698c&4df63cdfc11b9157ac0d68ef6f1cb6e5&761219b9f7d77902b7b0f7484771d51c&55eab9a68fb1e6e08001f1c3a83505eb&942d73a6e8d20b5df66719bb40bd615f&8f1b9928a3c360289fce92573d934874&859e72cc484eed8257693801517150e9&82b5aa6ee62b1c40d570b13039f19d6f,https://v16m.tiktokcdn-us.com/05db1dc721ba7dc8fe48ba91850a698c/61e53c95/video/tos/useast2a/tos-useast2a-ve-0068c004/fc7e9f17e2344ce89e8aa991b7d0e895/?a=1233&br=1542&bt=771&cd=0%7C0%7C0&ch=0&cr=3&cs=2&cv=1&dr=0&ds=3&er=&ft=c~.Zm4L-gXoInz7T&l=202201170353050101131350430654A16D&lr=all&mime_type=video_mp4&net=0&pl=0&qs=14&rc=MzY0NTY6ZjhrNzMzNzczM0ApOGY1OzNoNjs2NzZlM2UzOWdjYnFmcjQwLmhgLS1kMTZzc2IzLy1iNjNeYC4uMTIuLTA6Yw%3D%3D&vl=&vr=
48,v09044g40000c31h4berlhljq0la6gmg,11702,1276937&955175&436320&297005,2b30c7fe435602ec1550290525af0e89&4a91b9eef297f5a0436e4f5c554c5341&f492c52e23486183f3777c667858eeb1&b2e0fabaf8fee80e63d578eeaedcc8a4&09bbb824c79a63f9a394c2c7012ebe78&2f12a7cf708f9f3b368ade2b931c3a26&56256be4b2b599aaf96249292381d4ba&dddafda7e52c2ee974d5a15b5a8f0e10,https://v16m.tiktokcdn-us.com/2b30c7fe435602ec1550290525af0e89/61e53c8c/video/tos/useast2a/tos-useast2a-ve-0068c001/c3efc14c6e3045bb9d9a7123d0c5447d/?a=1233&br=2494&bt=1247&cd=0%7C0%7C0&ch=0&cr=3&cs=2&cv=1&dr=0&ds=3&er=&ft=c~.Zm4L-gXoInz7T&l=202201170353050101131350430654A16D&lr=all&mime_type=video_mp4&net=0&pl=0&qs=14&rc=ampkM21rdWVrNjMzNzczM0ApZ2g5Njs0PGVoNzNkNzdoPGdqM2luaWliMS5gLS1kMTZzczBjYGMyLjQ2My4uLTYyMjE6Yw%3D%3D&vl=&vr=
49,v09044g40000c3odp7bc77u6gocp9d6g,6662,1213038&1048223&705115,565d1ed082a4b4a88cdb6f77f2121404&dd9dbc283ab9ab59f841d97d58026ac6&7c626d16be9e592a62c3f81fcbe9c45b&6c0be31e78019da4caa8c283fb214460&a0176b6180b4912f41bd5a620b7abe1e&f968bd97439d4b8c90b77a149059b9fe,https://v16m.tiktokcdn-us.com/565d1ed082a4b4a88cdb6f77f2121404/61e53c87/video/tos/useast2a/tos-useast2a-ve-0068c003/de59c410050643d6ae007381bedffa4e/?a=1233&br=2368&bt=1184&cd=0%7C0%7C0&ch=0&cr=3&cs=2&cv=1&dr=0&ds=6&er=&ft=c~.Zm4L-gXoInz7T&l=202201170353050101131350430654A16D&lr=all&mime_type=video_mp4&net=0&pl=0&qs=11&rc=amdzcjk6ZjpnNjMzNzczM0ApOTQ2NzdlPDs1N2Q8ZWc4N2czNmBkcjRfbWxgLS1kMTZzc2MvNS8tMy8zYDItXzIvLWA6Yw%3D%3D&vl=&vr=
50,v10044g50000c46ig0bc77u3svl4snj0,15439,1003742&711074&460554,bba103e8607f5a0bbb498ac0e36d5ee7&3d629cc9ac35412bcbcf00619e846f5c&963c618520e3c39b6bf8f1990147fa7b&8450fb1726afefc4cae78705ff1b1d3c&c7c93f768b222e493887d1c2a3a1a1b0&1c6c0172379e523d595660da081d4f7b,https://v25.tiktokcdn-us.com/bba103e8607f5a0bbb498ac0e36d5ee7/61e53cd0/video/tos/alisg/tos-alisg-pve-0037c001/e423ff66fd7745cca108a9f2edb90248/?a=1233&br=1960&bt=980&cd=0%7C0%7C0&ch=0&cr=3&cs=2&cv=1&dr=0&ds=6&er=&ft=c~.Zm4L-gXoInz7T&l=2022011703540901011313514927559C97&lr=all&mime_type=video_mp4&net=0&pl=0&qs=11&rc=M3E3eTY6ZjNsNzMzODczNEApOzk4M2Q2OTtoNzxpOWhoZGdncGlwcjRfZDNgLS1kMS1zczItY19iMzNhYzJfYTExYTI6Yw%3D%3D&vl=&vr=
51,v09044g40000c34mtnth8h41mpjnku00,7382,1175019&925927&534792&327161,8f3aacef90bcd68f53e0c8faa27de432&25f5185d2e006c8a111c61d80fae3ebe&c0890c02f25dd1313dd1066dc6b9e402&991ef470affc00a91f560e52b9434674&c0816941aa40ba03304a5f24f39fd553&90ee3fc1ab9ca7f797b8f0c59b8e4437&3fbbfd69eccb1450b3672d34a484b507&ea9cc4fdbf35d397d14d8150d67af5ca,https://v25.tiktokcdn-us.com/8f3aacef90bcd68f53e0c8faa27de432/61e53cc8/video/tos/useast2a/tos-useast2a-ve-0068c002/18dc538910c34b97b0ba2334398c0c1c/?a=1233&br=2294&bt=1147&cd=0%7C0%7C0&ch=0&cr=3&cs=2&cv=1&dr=0&ds=3&er=&ft=c~.Zm4L-gXoInz7T&l=2022011703540901011313514927559C97&lr=all&mime_type=video_mp4&net=0&pl=0&qs=14&rc=M3hxczRra3FwNjMzNzczM0ApOmVnZTNmPGVkNzg5OjMzZmctaGdqMTVxcTFgLS1kMTZzczBeYDMyMS1iXjE2L2BgYjU6Yw%3D%3D&vl=&vr=
52,v09044g40000c4ogfhrc77u057cokt50,11283,1788582&1332930&1009342&674293,889ed2083dbbd87490ededcb98fb5639&8406d8dee374fc1be32247916c0154e3&a38e2d2afe15ac50bb99ac6c922c5d75&673b657c979c1bfdc8cd9a5945a694dd&c21c21a3299d846a0e87d005bdec91bb&b46ad1bae8d8c942df1f241c63cb9eff&ea1cb29c3e078aa84d3f9f8078c580c3&a7730297255e113af13a243e3f4c10ba,https://v25.tiktokcdn-us.com/889ed2083dbbd87490ededcb98fb5639/61e53ccc/video/tos/useast2a/tos-useast2a-ve-0068c004/37fdace7ea5e47a28e67f8ddd291d8cf/?a=1233&br=3492&bt=1746&cd=0%7C0%7C0&ch=0&cr=3&cs=2&cv=1&dr=0&ds=3&er=&ft=c~.Zm4L-gXoInz7T&l=2022011703540901011313514927559C97&lr=all&mime_type=video_mp4&net=0&pl=0&qs=14&rc=M3dyOjM6ZmtqNzMzNzczM0ApNTQ1PGg2NTxmN2dkOzc6ZGcyaGAycjRvY2xgLS1kMTZzczA1Xy9gMC5gXzZjMC9eMl86Yw%3D%3D&vl=&vr=
53,v09044310000bmoil77ho6foanv5jaj0,8267,1413832&978032&948578&551346,deef72ecd1f5ea13c10c56e236dbd262&5da923bb68a663c84b294c0cc8c94649&41e44c458677750db296de3d06cb2f06&21d80f092c73a5ddd3dc55fc0e981410&da4cf991dd4c163b02a2d2695f6f9fb2&ff3bb0667d87349c01c0781dcb06615d&2673556a270684026e4b169c3135aff8&7a0e390559304d241be4d3d220615eda,https://v25.tiktokcdn-us.com/deef72ecd1f5ea13c10c56e236dbd262/61e53cc9/video/tos/useast2a/tos-useast2a-ve-0068/ddd5955b873440ed8f5b7bf11392250d/?a=1233&br=2760&bt=1380&cd=0%7C0%7C0&ch=0&cr=3&cs=2&cv=1&dr=0&ds=3&er=&ft=c~.Zm4L-gXoInz7T&l=2022011703540901011313514927559C97&lr=all&mime_type=video_mp4&net=0&pl=0&qs=14&rc=M2Q4cXI5azpscDMzNDczM0ApaWVmNDQ3NztoNztlODY4OWdnZ3NeY2w0aWxfLS0wMTZzc19fMi00Nl8zMTVjYy0yY146Yw%3D%3D&vl=&vr=
54,v09044g40000c2gsjnial962u1po35p0,6430,770553&599707&407073,db1c4ce5d7bf67b0ecb9dc60f38b9a7e&2cfd6c79bcbd8f3eb414078935d6b978&c97f1e989dac7990ad406eb2606c0256&836c8ec41defed273b7b1ee2cbe666e4&2a03556a67749e4d600e9480d0847e83&4d5f8826cdffcec2b3e8224532dbf003,https://v25.tiktokcdn-us.com/db1c4ce5d7bf67b0ecb9dc60f38b9a7e/61e53cc7/video/tos/useast2a/tos-useast2a-ve-0068c003/c87454664ebb4e1a9171e23979c58e98/?a=1233&br=1504&bt=752&cd=0%7C0%7C0&ch=0&cr=3&cs=2&cv=1&dr=0&ds=6&er=&ft=c~.Zm4L-gXoInz7T&l=2022011703540901011313514927559C97&lr=all&mime_type=video_mp4&net=0&pl=0&qs=11&rc=MzhyNDU8ZHF2NTMzNzczM0ApZzg8Mzc7OjtmN2g4ZGdkOmdtMG1yM2lmZ2RgLS1kMTZzczAxMDY2LjI1Nl4zNS5iYDU6Yw%3D%3D&vl=&vr=
55,v09044g40000c410g73c77uf1vhdufc0,8635,1640421&1292537&1074754&697653,d1f4af6b1695b9b548b673975c44deaf&1afdf3b8283eb5e8beda0531496cafea&6605794cc6237eb394954d32937e4e65&e9d058f24739e9fec91efb8c0c822f05&42958c401a9598dc18d374dc5b1a0b08&ec0623e3e1caef599e3cb3a2092950da&a23f14b2a8a7016c64503a0642dd69b7&8a85d9ca370b46c06c9b9e0f153550f3,https://v25.tiktokcdn-us.com/d1f4af6b1695b9b548b673975c44deaf/61e53cc9/video/tos/useast2a/tos-useast2a-pve-0068/186f2293eddc429e855872f618200d52/?a=1233&br=3202&bt=1601&cd=0%7C0%7C0&ch=0&cr=3&cs=2&cv=1&dr=0&ds=3&er=&ft=c~.Zm4L-gXoInz7T&l=2022011703540901011313514927559C97&lr=all&mime_type=video_mp4&net=0&pl=0&qs=14&rc=M2lneWk6ZjozNzMzNzczM0ApaGc8OTNmNGU7NzUzODU8M2dgcmUucjQwZC5gLS1kMTZzczAyMS4zYjFgMC00M2AyLWA6Yw%3D%3D&vl=&vr=
56,v09044g40000c3ai05e0nro67dgk3fbg,9286,1284202&756360&437868&275058,94571695f6b0e345ed79b63abed6d2f9&db49e2a8e6f0facb3f6666acce50a6db&c5bc0cb76112877146b3b23bcf529cb6&dad4ee9d30a5fc955577982c5b311d43&b458d1b618eb8f1174ee42e1cd66879f&d44d39942d3a2f75d710a8129e506590&be5da2850edccbeb3ea254714f246270&64c71885a788a022fd4d960a1ced715c,https://v25.tiktokcdn-us.com/94571695f6b0e345ed79b63abed6d2f9/61e53cca/video/tos/useast2a/tos-useast2a-pve-0068/e6e3a6962bc94b55b4ea6c5013954c7f/?a=1233&br=2508&bt=1254&cd=0%7C0%7C0&ch=0&cr=3&cs=2&cv=1&dr=0&ds=3&er=&ft=c~.Zm4L-gXoInz7T&l=2022011703540901011313514927559C97&lr=all&mime_type=video_mp4&net=0&pl=0&qs=14&rc=amluZzl1MzhsNjMzNzczM0ApNGc3Zmk5Zjw2NzxlZ2RnPGdfMGQ0bGtiLV5gLS1kMTZzczJjNS8tYGIvLmI1Y180YS86Yw%3D%3D&vl=&vr=
57,v09044g40000c45clkjc77u4160srdj0,19781,594321&416882&283318&196864,f287420a3f36eba52f0772b3b75616d5&5f0092c160de3d17f9013680d57970b6&ddbe344ff59728ee7d2ea22c804f2629&555ca6a0b494f12a016b75a915059d92&c5382cc90088dd89f8597b8b66cd5b9b&cd052c0206faa4e9a651fd58c155615c&7963edc652ff0d7deb9bb207e0c4cf04&36e1e785ff9366f803415394bc323b58,https://v25.tiktokcdn-us.com/f287420a3f36eba52f0772b3b75616d5/61e53cd4/video/tos/useast2a/tos-useast2a-ve-0068c001/f9d901e8f28941f9bfce8994d038f273/?a=1233&br=1160&bt=580&cd=0%7C0%7C0&ch=0&cr=3&cs=2&cv=1&dr=0&ds=3&er=&ft=c~.Zm4L-gXoInz7T&l=2022011703540901011313514927559C97&lr=all&mime_type=video_mp4&net=0&pl=0&qs=14&rc=M2d2OTc6Zm5mNzMzNzczM0ApZDw6PDg8OTw6NzpoOztmPGdnby0ucjRnaTJgLS1kMTZzc2ItYzZiMjQvXi8zYy4uNjA6Yw%3D%3D&vl=&vr=
58,v09044g40000c4aqt4bc77uek70jn260,14603,853714&490562&304377,74180e4e9ee6e26ad8c6a87ef47c0bab&e6733a9aec2c32cd88db2bea785ba6e3&a4c64ff125bd24cd840992facdcfaf57&d4c853269861e7a6cf2da85734b3e672&73bb1b138508b21ed7d6ef20c860c62b&f42b4dc518ccd0b1b1550a55928a3efe,https://v25.tiktokcdn-us.com/74180e4e9ee6e26ad8c6a87ef47c0bab/61e53ccf/video/tos/useast2a/tos-useast2a-ve-0068c003/f5ab0881c8614d2997fc3563a380cca5/?a=1233&br=1666&bt=833&cd=0%7C0%7C0&ch=0&cr=3&cs=2&cv=1&dr=0&ds=6&er=&ft=c~.Zm4L-gXoInz7T&l=2022011703540901011313514927559C97&lr=all&mime_type=video_mp4&net=0&pl=0&qs=11&rc=MzVtOmg6Zjd0NzMzNzczM0ApZ2lnPGlkPDw8NzM6aGQ4aGczay1ocjRfcV5gLS1kMTZzcy0tX2JjX18yMzM2LmFhNTM6Yw%3D%3D&vl=&vr=
59,v09044g40000c3vdmejc77u7uoaiehrg,11330,566505&438577&226220&162988,342c778791b21ec5b1301ae2a6477b2f&9cd526e4f8bf2db77c79ecd76101a492&f125b33fe99bf6715469c3493f3a4130&3f9614db7c78d57e53758b55e9349238&36bfe17fb842f926ea77477eca11c852&ddedaad0013c941ab09f643fb4ef0583&8e675e3fcb883ed98e0dfc5ddfb06dfe&7479618762d3fa42613f27ffc0313fd1,https://v25.tiktokcdn-us.com/342c778791b21ec5b1301ae2a6477b2f/61e53ccc/video/tos/useast2a/tos-useast2a-pve-0068/dd6af54476d34c538cb4008e341b415b/?a=1233&br=1106&bt=553&cd=0%7C0%7C0&ch=0&cr=3&cs=2&cv=1&dr=0&ds=3&er=&ft=c~.Zm4L-gXoInz7T&l=2022011703540901011313514927559C97&lr=all&mime_type=video_mp4&net=0&pl=0&qs=14&rc=amtscjo6ZmhnNjMzNzczM0ApOzVmNDg0Ojs8N2g7OWk2ZmdvYl5ycjRnanNgLS1kMTZzc2A0YTQ2NDMtMjExNDQwLS06Yw%3D%3D&vl=&vr=
