0,v09044e50000btueapv15l8sl3ukeqpg,8077,1038069&571816&372444,6b14c214ff4d592418ff7a8237862c8d&dd43acce17355ba2d39d1d91e699de44&68019648c3b34a5fc0b0c0f19aaf127c&6408eb0388b6b3eb209f8f22a9e23400&d58ac4f21fdc9f194b1255d922bb0c17&168a77331ef7f68aba58a5b9bc0f14f6,https://v16m.tiktokcdn-us.com/6b14c214ff4d592418ff7a8237862c8d/61e54687/video/tos/useast2a/tos-useast2a-ve-0068c004/13370ab11f50451d9ac6b44b0fed7e9d/?a=1233&br=2026&bt=1013&cd=0%7C0%7C0&ch=0&cr=3&cs=2&cv=1&dr=0&ds=6&er=&ft=c~.Zm4L-gXoInz7T&l=20220117043544010113006043175DA03D&lr=all&mime_type=video_mp4&net=0&pl=0&qs=11&rc=anRuNnZvNHNodzMzODczM0ApOGQ1aDlnM2U6N2k4ZjRmZ2dtYnJpNTJzXnJfLS1iMTZzcy0zMzQvYy81MmM1LS8uYzQ6Yw%3D%3D&vl=&vr=
1,v12044gd0000c7bpv0jc77uakaoc0an0,12560,640394&488219&247339&213602,28f5c2338cc947d54d2e468f46f917a3&efa1ae8a097ab280b9b6d2038cdbe2f5&0bc848e77297a89e1346b972d4058b2b&02a88b17774faf7432f57cb2a12c8951&e33a5ebaaefcd20df7782cb0835fb2c4&a86bb53b7729b51cc031220cbf7503e1&d02df3cec13dc3c7c6e7d3a64e0d6f9b&2b69d3d2dabbd17237de1b9801e24e18,https://v16m.tiktokcdn-us.com/28f5c2338cc947d54d2e468f46f917a3/61e5468c/video/tos/useast5/tos-useast5-ve-0068c004-tx/7fb7755292e94b97ae2acf9bbfa03fe3/?a=1233&br=1250&bt=625&cd=0%7C0%7C0&ch=0&cr=3&cs=2&cv=1&dr=0&ds=6&er=&ft=c~.Zm4L-gXoInz7T&l=20220117043544010113006043175DA03D&lr=all&mime_type=video_mp4&net=0&pl=0&qs=11&rc=M2RmZGQ6ZjNzOjMzZzczNEApMzY7PDVoNWVlNzQ5aTppN2drLWxocjRnc19gLS1kMS9zcy4vYF5hMDA0NjI2MzNhYC86Yw%3D%3D&vl=&vr=
2,v09044g40000c6ugqd3c77u2124rt93g,20176,2319302&1902672&1030452&876028,842087b3a5a0aa326b0ec33607e9bd2c&9f850841d49c140bcd2719ac1b0ccf58&c1d5f85dbfa361d859b5a47531f2744b&11bc570cea8250352cd44873294e59a8&4da24311ab0d4f25bbb1b08cb3a94d17&baf7d5b704ff47e8c8d1749c04762357&800fc0f01d34e3c5fa148ad3037d695d&2ec76130642cb4b911fdb1e1395f8cb3,https://v16m.tiktokcdn-us.com/842087b3a5a0aa326b0ec33607e9bd2c/61e54694/video/tos/useast2a/tos-useast2a-pve-0068/9cf3926d23504f68ba3b97edcdc97826/?a=1233&br=4528&bt=2264&cd=0%7C0%7C0&ch=0&cr=3&cs=2&cv=1&dr=0&ds=3&er=&ft=c~.Zm4L-gXoInz7T&l=20220117043544010113006043175DA03D&lr=all&mime_type=video_mp4&net=0&pl=0&qs=14&rc=ajx1NTU6ZmdqOTMzNzczM0ApNGkzaWQ1Nzs2NzU3NTQ6OmcwcTEucjQwbnJgLS1kMTZzczM2YjVgLy01YC0tXl40LWM6Yw%3D%3D&vl=&vr=
3,v09044g40000c3lg95bc77u9h05eekn0,46089,555273&414793&370651&261713,6454430d8cc6f8f427dbc9cd5b712291&76bfbfae03c845ad81885be1e6540039&289b50b93db0d76c5622b589401a2b52&ce112969111c8fa18c721b68ef5ab460&c32b19a8d9c0cc06bc9fe10c938ede0c&ad9c0a7f6fb9490d9a2c44f86db6fdd5&aeb44d40d9eb7261236d05f87d3db7ff&6d2a6749668c1166268ccd093002f00c,https://v16m.tiktokcdn-us.com/6454430d8cc6f8f427dbc9cd5b712291/61e546ad/video/tos/useast2a/tos-useast2a-pve-0068/d71c0e8d4bdd441cb28765ca3433472b/?a=1233&br=1084&bt=542&cd=0%7C0%7C0&ch=0&cr=3&cs=2&cv=1&dr=0&ds=3&er=&ft=c~.Zm4L-gXoInz7T&l=20220117043544010113006043175DA03D&lr=all&mime_type=video_mp4&net=0&pl=0&qs=14&rc=M25oMzw6ZjhqNjMzNzczM0ApN2kzaWQ4NDtmN2c6ZTg8aWdrYjJlcjRfNmlgLS1kMTZzczA0YmNjY2AtYDI2MDBfNjY6Yw%3D%3D&vl=&vr=
4,v09044g40000c1kjcjkfbh5e73ktqsqg,17807,788255&644665&394736&273289,5ae4b7d67ebb14f90fee4c6544dc98e8&7f4347035c54c4223c014caa7925f7c2&9818e632f467ad3573a21a7c18b52375&adb23440a89debec0d7f45ef8493d1ec&70a3aa15a9d5128e1f92bc23bb79b95f&c32d1edd255756792f594ae3cf5e9420&53dc20a66e6665d1911451452ab670ea&8473bfc0a5d1a554ccdfa66ab37f9b1a,https://v16m.tiktokcdn-us.com/5ae4b7d67ebb14f90fee4c6544dc98e8/61e54691/video/tos/useast2a/tos-useast2a-pve-0068/28e9383b8a8843d19cdf71afb36ba310/?a=1233&br=1538&bt=769&cd=0%7C0%7C0&ch=0&cr=3&cs=2&cv=1&dr=0&ds=3&er=&ft=c~.Zm4L-gXoInz7T&l=20220117043544010113006043175DA03D&lr=all&mime_type=video_mp4&net=0&pl=0&qs=14&rc=anZ3NmhraW1tNDMzNzczM0ApZGQ8ZzZkNDxkN2QzNzg7ZWdubmg0Ml9oYGhgLS1kMTZzczYyYV8zNS0vMC9hX2M1Y2E6Yw%3D%3D&vl=&vr=
5,v09044g40000c42euh3c77u1fkgu3370,16646,567887&444282&223592&160019,24afd28d067bd6da6f5e87233503be3d&bd192bfe3ab2afc80a43c22de385cdfa&4503a4fb00759211dd03abcb481fdd5c&6fd5d3d486137626e29831068171bcb1&56db680f68fb62b3b3044aaa51e08881&9aacb92ed91f7b9957c0d79ee8c8e395&706789129c0f76b5253257eca51832e7&33566f6a42c61352ae440b1eb44901d8,https://v16m.tiktokcdn-us.com/24afd28d067bd6da6f5e87233503be3d/61e54690/video/tos/useast2a/tos-useast2a-pve-0068/353eea5c512a4e96bf4aed8f1a7c9fe9/?a=1233&br=1108&bt=554&cd=0%7C0%7C0&ch=0&cr=3&cs=2&cv=1&dr=0&ds=3&er=&ft=c~.Zm4L-gXoInz7T&l=20220117043544010113006043175DA03D&lr=all&mime_type=video_mp4&net=0&pl=0&qs=14&rc=MzZ4bjQ6ZmtoNzMzNzczM0ApODc0NGk0NmVlN2Q7OjczM2c0MGRjcjQwci9gLS1kMTZzcy8tMWFiYS5fMzIyNTUxXy06Yw%3D%3D&vl=&vr=
6,v09044g40000c3sb163c77u1q5eb1gn0,50199,2384648&1679789&1035368&582274,055f3105e95853ad898b1973dcd158a8&3e6c24f5c9117eeb8149dd8012ddb38c&86240a67f70be088d0014159e53dd042&daf9fc2ae2786baee3cba9395d04bdf5&dddc5f7221f76182afe9ac5181ae8b5f&611d165c7cc19b8eb837e033b640c09f&9ca6e85bf347318ebb36c4c676d88e74&c0474956279bea01ceb55c0eff5e70f3,https://v16m.tiktokcdn-us.com/055f3105e95853ad898b1973dcd158a8/61e546b2/video/tos/useast2a/tos-useast2a-pve-0068/f8286e158fda4ed7bdaec686e27037e0/?a=1233&br=4656&bt=2328&cd=0%7C0%7C0&ch=0&cr=3&cs=2&cv=1&dr=0&ds=3&er=&ft=c~.Zm4L-gXoInz7T&l=20220117043544010113006043175DA03D&lr=all&mime_type=video_mp4&net=0&pl=0&qs=14&rc=M2plODQ6ZjllNjMzNzczM0ApZTtmM2Y4ZmU4Nzg0ZTxlOGdrLmJucjQwLnBgLS1kMTZzc2AwYWAzNjBfNDEzXy8uLjU6Yw%3D%3D&vl=&vr=
7,v09044g40000c33c97iemsh0t2h21a7g,23752,1481860&967805&502757&322580&298757,24f5b3238d7fc93672c28946aa4e856d&23e9128e817306d5eefed692350aa4ec&610636594eef831f5d963fc261edf91b&794f76716e6d8db3402bf8b6b919659a&87d23b4a9ca6bbb819d2e85e51ca0026&1586c0d1412af4a87aefd10e76511689&64b4e63f10eb3af597e6a9c467cd0274&aef2b7dec978eecf79932f667486476f&b3ca853881c1a8378164e1d609d6edd2&6fedb984f2130574a35823e177e95679,https://v16m.tiktokcdn-us.com/24f5b3238d7fc93672c28946aa4e856d/61e54697/video/tos/useast2a/tos-useast2a-pve-0068/6db60453f1e54ed6a6763c05f1e88f44/?a=1233&br=2894&bt=1447&cd=0%7C0%7C0&ch=0&cr=3&cs=2&cv=1&dr=0&ds=3&er=&ft=c~.Zm4L-gXoInz7T&l=20220117043544010113006043175DA03D&lr=all&mime_type=video_mp4&net=0&pl=0&qs=14&rc=amQ1NTN2aDpmNjMzNzczM0ApZjRkZzc6NzxkN2U4Ozg4O2c0LmVxZWpmNjBgLS1kMTZzczEvYWE1NDVhMjUvMTMyMzY6Yw%3D%3D&vl=&vr=
8,v090445c0000brsj2d7kvluo3u9i7rsg,6639,1025429&793373&341692&224755,a1f5222c9fc16d204fdb5adbeff1ff4b&b4688e428e682f3db7b5891819d58150&4dea3311a6e2e553ebfcc5f8e82b33e2&dbbadbccc853280dd1b13aa5c8a0b084&6700c81ddda2423fcf9fcf55c43a0a1f&f19522283daa847bed884fd3d65faf9f&da9539d63e29249e96ce9287c62386d0&8483f8f2ff03884b94377f85c12bbcb2,https://v16m.tiktokcdn-us.com/a1f5222c9fc16d204fdb5adbeff1ff4b/61e54686/video/tos/useast2a/tos-useast2a-ve-0068c003/a61a2fdecc7f4812a7e9dcb661f65801/?a=1233&br=2002&bt=1001&cd=0%7C0%7C0&ch=0&cr=3&cs=2&cv=1&dr=0&ds=3&er=&ft=c~.Zm4L-gXoInz7T&l=20220117043544010113006043175DA03D&lr=all&mime_type=video_mp4&net=0&pl=0&qs=14&rc=anVseHJvbmdtdTMzZjczM0ApaDZpNzQ0ZTw1N2YzOGk7OmdwNDYwcnM0L3BfLS0yMTZzc2IvYzAvMC8yNDJgNWBhYF86Yw%3D%3D&vl=&vr=
9,v09044g40000c23krfe7g8j7827nf5m0,20176,1391827&955897&832763&560077,2d42ff535c1be6721f07f9150c3ab19c&51033823fd312a9e448f043300de3594&581b6d9a2af4e3bbcdbe65d468145314&fc05acb944fa903b5286bb117a6729fc&8d4528ea29ad6869757f54f797066427&dbd7469341883beffd8d37d76d2cf586&3be870356290db3be4e175131c4522ea&6c12516976927e4d89b3c4590fca7392,https://v16m.tiktokcdn-us.com/2d42ff535c1be6721f07f9150c3ab19c/61e54694/video/tos/useast2a/tos-useast2a-ve-0068c003/0ed2412d233a49eba49e4af52e6d8eb1/?a=1233&br=2718&bt=1359&cd=0%7C0%7C0&ch=0&cr=3&cs=2&cv=1&dr=0&ds=3&er=&ft=c~.Zm4L-gXoInz7T&l=20220117043544010113006043175DA03D&lr=all&mime_type=video_mp4&net=0&pl=0&qs=14&rc=MzhxNTo7OmluNTMzNzczM0ApZGY3OjgzaTw0NzU7Z2k7OWdqYzQ1Z2RibzBgLS1kMTZzczNjYl4xXmNiXmEvMl9hMWE6Yw%3D%3D&vl=&vr=
10,v09044g40000c43ejobc77ue6he4rg2g,17482,500223&416016&227615&166397,d1fb1cb3b9f0b0ecd8b63d4960708762&031c58b86aa131780fe1492030b98ec9&a1b5cc8759c71958f954244474b0a0fe&734cf422ba06243a65dddc483359f1de&71aa4adb1d616f1e8ce032659c5bb6ca&8e968e6650bff5d8a445f6970a10c730&d72e8d22279408fac15425128c061493&ce68af9962d565581834a5dbe7d71bf7,https://v19.tiktokcdn-us.com/d1fb1cb3b9f0b0ecd8b63d4960708762/61e546da/video/tos/useast2a/tos-useast2a-ve-0068c004/ebeda0edfad943b88c11b94bd99d0786/?a=1233&br=976&bt=488&cd=0%7C0%7C0&ch=0&cr=3&cs=2&cv=1&dr=0&ds=3&er=&ft=c~.Zm4L-gXoInz7T&l=202201170436560101131351760E67E7E1&lr=all&mime_type=video_mp4&net=0&pl=0&qs=14&rc=amo3a2g6ZnJoNzMzNzczM0ApNGhpNzppNmQ2NzRoNGk0OWcvb2IzcjRfZzBgLS1kMTZzczM1YzIvYWIzYC5iM2AvYDE6Yw%3D%3D&vl=&vr=
11,v09044g40000c3kgrejc77u9jqnp7kpg,39820,1450795&1047947&813997&500737,265f4741832c699b03a981bc9cabbdea&6131a56d8e5c66e2507d24e853aaf5aa&7247f010fe5840c991e084b9729b0d80&b38ac3482c718beabeac39b0385449ac&b42a67ccb0381540c78f79f700b14501&47d44e97962cfb0560cca77c8cc98251&4a47cd55dffbd69b01ecb79e7369eb28&db4ad24d65e01db86e99ebfd28d2eb52,https://v19.tiktokcdn-us.com/265f4741832c699b03a981bc9cabbdea/61e546f0/video/tos/useast2a/tos-useast2a-ve-0068c001/99d27d54a7b143af86fa5f55f0b033eb/?a=1233&br=2832&bt=1416&cd=0%7C0%7C0&ch=0&cr=3&cs=2&cv=1&dr=0&ds=3&er=&ft=c~.Zm4L-gXoInz7T&l=202201170436560101131351760E67E7E1&lr=all&mime_type=video_mp4&net=0&pl=0&qs=14&rc=am5zdDw6ZmhqNjMzNzczM0ApNGk2aTVmZWU7N2U7Zzk7O2dtNGtncjRnb2hgLS1kMTZzc2I2LS8vNDUwX2A0My8xLjU6Yw%3D%3D&vl=&vr=
12,v09044g40000c2qmm5u2iutjg46gq610,15230,1793520&1235045&889186&593926,35e2b5830d6c8a692cb31db0facb767e&fccde99ad0f788e083537c103973e741&54c900a946fd5f6ffc718ed7c104ee72&ed24d1ef609ac3b2b7e20551bc459918&cc8e116f43b594dc5b19dead9e700ec7&e5c1b10f57c12946c6417b13300c1f4a&21de76de7defb6b30b051520e3b6fb87&8778baa0215056d6bf40b3f3d9ea49c9,https://v19.tiktokcdn-us.com/35e2b5830d6c8a692cb31db0facb767e/61e546d8/video/tos/useast2a/tos-useast2a-ve-0068c004/8c2392560472467faadd751cb7757143/?a=1233&br=3502&bt=1751&cd=0%7C0%7C0&ch=0&cr=3&cs=2&cv=1&dr=0&ds=3&er=&ft=c~.Zm4L-gXoInz7T&l=202201170436560101131351760E67E7E1&lr=all&mime_type=video_mp4&net=0&pl=0&qs=14&rc=MzlqN214NThwNTMzNzczM0ApZGdlO2c7O2VpNzRnZWYzNGcubjNkcWZyam5gLS1kMTZzc14yXzNgLS1gYzI2NjY2YzY6Yw%3D%3D&vl=&vr=
13,v09044g40000c1qs7cld1cjmekntikqg,10679,864376&417645&264892,612ac1b4586cb55942e2486a236a6166&f6697a33d4f18f3f8b1733b48fbe46a7&a8890dd2b1d079cf714be8f4d27bda27&5e9f546cf1623cbcb7105d9b5c1ea033&2ccb6e34bf6720c5b124dd6d9da158bf&1bd9ae68bd3269a76bee63304eaafa8c,https://v19.tiktokcdn-us.com/612ac1b4586cb55942e2486a236a6166/61e546d3/video/tos/useast2a/tos-useast2a-pve-0068/250df16a02a94b9187bfb0c9e76bfd7c/?a=1233&br=1688&bt=844&cd=0%7C0%7C0&ch=0&cr=3&cs=2&cv=1&dr=0&ds=6&er=&ft=c~.Zm4L-gXoInz7T&l=202201170436560101131351760E67E7E1&lr=all&mime_type=video_mp4&net=0&pl=0&qs=11&rc=am53bnBmZ2Z2NDMzNzczM0ApNTY0Z2ZoNWVoN2U8NWhoNGduZmtiZy5pNG5gLS1kMTZzczUzMF5jNTYxNl8tLTIuNl86Yw%3D%3D&vl=&vr=
14,v09044g40000c2jv6hga6lvlhf9ml8fg,21221,1844886&1518566&799751,8e33f3057fc759d1dfca2a83fe91e390&5850507c13449f2e7fd5584a56a76806&3eecb8851dc5fbbcae7a5e0904c6533a&feb7d99ddf52071946b982a065d964ee&2d3a45f8e153fe1f7da923c6ac84b3cf&cbe265da93f8bd9b7e1fc3a68bc73c75,https://v19.tiktokcdn-us.com/8e33f3057fc759d1dfca2a83fe91e390/61e546de/video/tos/useast2a/tos-useast2a-ve-0068c001/5b760373d72949838db6ae7478a36a43/?a=1233&br=3602&bt=1801&cd=0%7C0%7C0&ch=0&cr=3&cs=2&cv=1&dr=0&ds=6&er=&ft=c~.Zm4L-gXoInz7T&l=202201170436560101131351760E67E7E1&lr=all&mime_type=video_mp4&net=0&pl=0&qs=11&rc=ajtwaW9vZGt5NTMzNzczM0ApNGZmZmg1aGU3Nzk2PDo8ZWdjaTZlczNkM2dgLS1kMTZzczY2YGAyMzAwMjIzMWBjYDY6Yw%3D%3D&vl=&vr=
15,v12044gd0000c7d0b4bc77uekfci7l50,11770,680590&563748&390091&298756,24338d409f87aa555ef0795a0b7bee18&aaeb93bdadaa8d98c9c75fbe306f40c3&ebd59d32955a94c8f55fe4a34b18a811&e905d8e667b0cfb7a140051ddd86760f&cca196bf3f07784fc69cdcc0c654dc98&ad7d380c1d6b7b03a942453ab56e43b3&145216322fbc6ecf1614886c8aab3b20&d9802f6805cf2de459a6254e6a960132,https://v19.tiktokcdn-us.com/24338d409f87aa555ef0795a0b7bee18/61e546d4/video/tos/useast5/tos-useast5-ve-0068c003-tx/724514e92b8043a6947f02201f7c50ab/?a=1233&br=1328&bt=664&cd=0%7C0%7C0&ch=0&cr=3&cs=2&cv=1&dr=0&ds=3&er=&ft=c~.Zm4L-gXoInz7T&l=202201170436560101131351760E67E7E1&lr=all&mime_type=video_mp4&net=0&pl=0&qs=14&rc=M29saWg6ZjczOjMzZzczNEApZ2hkaDY8NmQ7N2hnNjplaGcyNGBocjRfX2FgLS1kMS9zc2I2YzFeNTYyMTAyL2ItMmA6Yw%3D%3D&vl=&vr=
16,v10044g50000c6c36brc77u6q3q4r3og,25354,583702&337395&211799,c3ddfc386e09347ffbd2a8124e635af4&3928a8390158d74e7e65d26053ef3df9&cf063248e53f6a836eb02caebe38e0fd&9fb4139b7f50dc612f6c5aeea1a86aee&2f9eae993e432aa36258b2cf6d03aa7d&8dffb1bd8387b8a040e56eaa0b8a9416,https://v19.tiktokcdn-us.com/c3ddfc386e09347ffbd2a8124e635af4/61e546e2/video/tos/alisg/tos-alisg-pve-0037c001/0fcd2e46f8c24166a41b1a8f9f5a534e/?a=1233&br=1140&bt=570&cd=0%7C0%7C0&ch=0&cr=3&cs=2&cv=1&dr=0&ds=6&er=&ft=c~.Zm4L-gXoInz7T&l=202201170436560101131351760E67E7E1&lr=all&mime_type=video_mp4&net=0&pl=0&qs=11&rc=ajY3Njk6ZmU2OTMzODczNEApaDU1ODpnZzxmNzNmZGg4M2dsb25ucjRvM2BgLS1kMS1zczEuMDQxM2M0NS9jMWA0My46Yw%3D%3D&vl=&vr=
17,v12044gd0000c7878sjc77u7psv0afkg,15067,661557&552707&464615&385418,205efcaf91a0f2c23238e48ade914ccc&db259ca97337f58d7372790304bdca31&a83d5e1ee2fafebaf1dd675bcdeed496&862eeda88cc11c20397ca98e2c871813&c014e615b5447da5ecbc467eed8f567d&59b9bdba6a6cad647d6c618502fdbeac&fa775fc1bf0d225ecf9237ae84a2c552&4b1e37e45d47ce8787104cac84b90f5c,https://v19.tiktokcdn-us.com/205efcaf91a0f2c23238e48ade914ccc/61e546d7/video/tos/useast5/tos-useast5-ve-0068c004-tx/288c2e7eff49415ba3911a0c11c53285/?a=1233&br=1292&bt=646&cd=0%7C0%7C0&ch=0&cr=3&cs=2&cv=1&dr=0&ds=3&er=&ft=c~.Zm4L-gXoInz7T&l=202201170436560101131351760E67E7E1&lr=all&mime_type=video_mp4&net=0&pl=0&qs=14&rc=amkzdjo6ZnY6OjMzZzczNEApODloODVnOmU6N2k8NzQ6OGdoXnNtcjRnNTVgLS1kMS9zc2NeMzYvYl8tXy4tM19gXjY6Yw%3D%3D&vl=&vr=
18,v09044f40000bq3sfh273oo36di7q7bg,15416,735858&566761&327403,e0130070e71da4643e2d94a61135a7ae&1cdd31ffca98759da7ad10865c32aa5f&a989ece74f4e764c2124c0ddc5c20eee&03cf7ce208d38586800384cb4e005a84&209557878ed1bd0e10d2548ff5ecb9e4&6ca5cbd7017b1de3f7390e819b860d07,https://v19.tiktokcdn-us.com/e0130070e71da4643e2d94a61135a7ae/61e546d8/video/tos/useast2a/tos-useast2a-pve-0068/1a4eb2b04b464350bb484bfe194ad9cb/?a=1233&br=1436&bt=718&cd=0%7C0%7C0&ch=0&cr=3&cs=2&cv=1&dr=0&ds=3&er=&ft=c~.Zm4L-gXoInz7T&l=202201170436560101131351760E67E7E1&lr=all&mime_type=video_mp4&net=0&pl=0&qs=14&rc=ajo6ZzZyOmt2dDMzNzczM0ApZGkzNmk6MzszNzs8NGRlOGdfbmYzbDAvYzBfLS1jMTZzczEyLy9fMDFjMWBiXmFjM2A6Yw%3D%3D&vl=&vr=
19,v09044g40000c2a8isdj4q5u8o8d96ag,8264,540308&478499&311419&223721,d562a8818cc8f425967f720cf4cf4837&83d039c3bc2c7d4d184b07c40d9847ce&206523884a006f354b2a8b0457a207b1&9f13c5c1cacba5a6a3c1df90dd6b1f8c&e9a00c444345320a288e62a51144c030&6aed155402a25391f5c08a88d6c7619c&51605dbeca96908fd8cbf6937489a7e6&260d7aef083bc88574f4340b674c05b4,https://v19.tiktokcdn-us.com/d562a8818cc8f425967f720cf4cf4837/61e546d1/video/tos/useast2a/tos-useast2a-pve-0068/060bd750fbeb462c8e674263b1a14cc8/?a=1233&br=1054&bt=527&cd=0%7C0%7C0&ch=0&cr=3&cs=2&cv=1&dr=0&ds=3&er=&ft=c~.Zm4L-gXoInz7T&l=202201170436560101131351760E67E7E1&lr=all&mime_type=video_mp4&net=0&pl=0&qs=14&rc=ajlncnh0bXY7NTMzNzczM0ApPDs8Nzk0ZmVmN2c3M2lkO2deNjU1MjFhZl5gLS1kMTZzcy8uXjMtYTJiX2BjMjIuNjQ6Yw%3D%3D&vl=&vr=
20,v09044970000c15qot31m2ohdov0nv80,7637,599575&441121&262117&179080,5e154940dea117ad44a96bea5bfdca78&c312f9c1391dd494ae289bee8019599d&d6910cd83927bb68ff79a3588ce9ec80&81e74e04fbf76d7ccba6facc34adf4b2&b5d5a48cc05028e8f9a6a0f8dd641c22&25d3215ea7e601856783f7575a6d0130&8bda8ad9e94fdae40e5e989f33eedaf2&93fde580db41e0a51017d5031da2f0a6,https://v39.tiktokcdn-us.com/5e154940dea117ad44a96bea5bfdca78/61e54743/video/tos/useast2a/tos-useast2a-ve-0068c002/9a2794aa230541308cc5eca4e5bafa23/?a=1233&br=1170&bt=585&cd=0%7C0%7C0&ch=0&cr=3&cs=2&cv=1&dr=0&ds=3&er=&ft=c~.Zm4L-gXoInz7T&l=2022011704385201011300606200564DE7&lr=all&mime_type=video_mp4&net=0&pl=0&qs=14&rc=M3kzcms1NHd0NDMzOjczM0ApZGc7OjU6PGQ3Nzg4aTozZGc1a3NhbGowbDJgLS02MTZzcy82YjItMV9iLV8vYjEwNF86Yw%3D%3D&vl=&vr=
21,v09044g40000c1n21093do78fvgam52g,14928,1985159&1630658&653285&420754,16606f17bb87929400d4a992a299f71b&25ef64b0a41d2fdc797bf756600d3ca8&d27c8382fa421925f7e823ae622c2283&e2817c80f76dc48eec9ffd2d49d064b7&003573f83905b6a2d517a904080ab257&a8eba4578e4d754d0f44de6860e7b5f6&62b587ec4e38d6e68a7c701f0109fc16&7c94ca2ef4370b5cfc9ed10b035f98be,https://v39.tiktokcdn-us.com/16606f17bb87929400d4a992a299f71b/61e5474a/video/tos/useast2a/tos-useast2a-pve-0068/21c531d693a240fbb4c2d8a41a8caa19/?a=1233&br=3876&bt=1938&cd=0%7C0%7C0&ch=0&cr=3&cs=2&cv=1&dr=0&ds=3&er=&ft=c~.Zm4L-gXoInz7T&l=2022011704385201011300606200564DE7&lr=all&mime_type=video_mp4&net=0&pl=0&qs=14&rc=ajhkeTtyNjM1NDMzNzczM0ApZjY7NmdpO2U3N2c0ZWlnZWcvamRjNGE2LmtgLS1kMTZzc18xMmMuLzMuLy4xMGMwYWI6Yw%3D%3D&vl=&vr=
22,v09044g40000c2q01jk1se6edeiqos2g,20896,1262211&1035288&794761&542759,8f2427038f35d89b67c13b338089e17a&478d8773fedeac74868b0095d8918678&3ecf096c07baaf41e6e979ab89fe5afd&fab6df08b6b43fb8ea6673ad31e44107&87bf390f518dbb6a2ccba232bd28c4f2&4eab6b1301bd2fb53c82b4bb675b6944&171b0e803162fbde8bfbf00f20aacc7b&40bed618811650b16c93a3f74b72efbe,https://v39.tiktokcdn-us.com/8f2427038f35d89b67c13b338089e17a/61e54750/video/tos/useast2a/tos-useast2a-ve-0068c001/032f2f8815304c9394dd37c63db334a2/?a=1233&br=2464&bt=1232&cd=0%7C0%7C0&ch=0&cr=3&cs=2&cv=1&dr=0&ds=3&er=&ft=c~.Zm4L-gXoInz7T&l=2022011704385201011300606200564DE7&lr=all&mime_type=video_mp4&net=0&pl=0&qs=14&rc=anZ0aGhoNG0zNTMzNzczM0ApOWRpPDxnOGVoN2Y3OTVmO2cvbGZhM3BoLm5gLS1kMTZzczFhYjU2NWAzXjAuLS8uLi46Yw%3D%3D&vl=&vr=
23,v07044420000c199u5s35dppe9q0d1j0,8032,700067&442899&309569,165679795d279bb1dc42ec3c149a70f3&829605fc13062a67ec9434d80846880c&1054d6ab646b16bdf4ec00ed7ba122ed&c6de319601e5601c334a20bc212cfecd&de25a13813b8e57e2be60daf1398a527&578252d15da418a908f6a3312baade17,https://v39.tiktokcdn-us.com/165679795d279bb1dc42ec3c149a70f3/61e54743/video/tos/alisg/tos-alisg-pve-0037c001/202e295a089748c1b884ab25998a2b3a/?a=1233&br=1366&bt=683&cd=0%7C0%7C0&ch=0&cr=3&cs=2&cv=1&dr=0&ds=6&er=&ft=c~.Zm4L-gXoInz7T&l=2022011704385201011300606200564DE7&lr=all&mime_type=video_mp4&net=0&pl=0&qs=11&rc=MzQzPHNnNjg8NDMzNTczM0ApOTk5aGRlOjw6Nzg7NTxnZmdnYW5ibTJwcjZgLS0xMTRzczZfMTZjMGEyYDA0LmJfMWM6Yw%3D%3D&vl=&vr=
24,v09044ad0000c0qnh58p8rsb4e7eg120,14208,881638&644122&349950&209351,ef9f6e900d2775e92acbd12db4d375d8&a65196465faa1d4b3f4d874ab732478d&e036b2f465313c3c45d3a281e1315d33&d41ed2622147f9fe9301e2d03d6c6427&e9750e988b928e4a30ffb84b321e1c97&f42526bad3b15cc70bb5a80e3d72d089&6af3cbaf5888eb825415807e4433f1a8&ac8c3edbfd7a778d2c1467f5b3a3e81a,https://v39.tiktokcdn-us.com/ef9f6e900d2775e92acbd12db4d375d8/61e5474a/video/tos/useast2a/tos-useast2a-ve-0068c002/78aa8b14fb054a35b79487b137b29b3c/?a=1233&br=1720&bt=860&cd=0%7C0%7C0&ch=0&cr=3&cs=2&cv=1&dr=0&ds=3&er=&ft=c~.Zm4L-gXoInz7T&l=2022011704385201011300606200564DE7&lr=all&mime_type=video_mp4&net=0&pl=0&qs=14&rc=MzRoaGV1czhxMzMzZzczM0ApO2Y3aDtkPDxpNzQ5ZmQ3OGcvZDQxcDU1ZW5gLS1eMTZzcy5gMS4wXzJiLWM0MDAvMTI6Yw%3D%3D&vl=&vr=
25,v09044g40000c6bjhcrc77ue1odlkdo0,7940,604161&439135&296553&183383,8c6501d91bd2cbed07bd1dd44c281d6f&71b1dbd6e7a0171952d2972cf6084086&02d84c8b39e49ac6f1c8d1508eb7e647&d8f80ef242453bcc8967ec6b7082fb40&5f52b2179bf85a301c5fc8bddc2e3ecf&5de4e0f20380c7f180568d69eb068b94&bcecb8f4062171205d324e5729a602d1&20c29f392f2ed1886ad432dab3d56cba,https://v39.tiktokcdn-us.com/8c6501d91bd2cbed07bd1dd44c281d6f/61e54743/video/tos/useast2a/tos-useast2a-ve-0068c004/53037072e7ea46719f71503983e53896/?a=1233&br=1180&bt=590&cd=0%7C0%7C0&ch=0&cr=3&cs=2&cv=1&dr=0&ds=3&er=&ft=c~.Zm4L-gXoInz7T&l=2022011704385201011300606200564DE7&lr=all&mime_type=video_mp4&net=0&pl=0&qs=14&rc=M2dvcmg6ZmZtOTMzNzczM0ApNWg6aWY2aGU8NzdpOWc7OWdsaGEucjRvZV9gLS1kMTZzc15hLjIzXmIxNWNeYjUwYGA6Yw%3D%3D&vl=&vr=
26,v09044g40000c2t3lrho1amdn3nre0s0,5013,756227,ad0a720f6b9d06055fe78d40bca43002&9375478b43490b5f8c094823759d23a0,https://v39.tiktokcdn-us.com/ad0a720f6b9d06055fe78d40bca43002/61e54740/video/tos/useast2a/tos-useast2a-ve-0068c004/e99cb9d5a11d4ac7a496622b02f8a9ad/?a=1233&br=1476&bt=738&cd=0%7C0%7C0&ch=0&cr=3&cs=0&dr=0&ds=2&er=&ft=c~.Zm4L-gXoInz7T&l=2022011704385201011300606200564DE7&lr=all&mime_type=video_mp4&net=0&pl=0&qs=0&rc=MzN1NmdkcnU2NTMzNzczM0ApNjk0Z2c7Zzs4NzRmMzYzM2dwYmtrai5laXFgLS1kMTZzc2BiNV4zNTEyNjQ0XmEzMS86Yw%3D%3D&vl=&vr=
27,v09044g40000c39ork8o4qnr8507sfp0,17019,2400024&1680624&812197&524204,8893f87d24dd9c9e4cf9d0d869a2e2da&ba2b1534bff0a8dc157709f72df393a7&93f6816dab13fa2a94881c87aff54631&2644a2eee1e28a6deb9da2e8297ab40b&198b9095d3f376e07bca0367eb9b7e36&40bfa07b60b465423698cde9b75e9251&22f76610d42e52d6f194b63ae3f5b87f&f07a2cccb1108cdeca156319ef188046,https://v39.tiktokcdn-us.com/8893f87d24dd9c9e4cf9d0d869a2e2da/61e5474c/video/tos/useast2a/tos-useast2a-ve-0068c003/b2f1a5a1d3f0448f9fb4b5a037c92027/?a=1233&br=4686&bt=2343&cd=0%7C0%7C0&ch=0&cr=3&cs=2&cv=1&dr=0&ds=3&er=&ft=c~.Zm4L-gXoInz7T&l=2022011704385201011300606200564DE7&lr=all&mime_type=video_mp4&net=0&pl=0&qs=14&rc=M2k6OHV0cm5yNjMzNzczM0ApZWg8aDs6N2Q1NzYzOzk5NmdtcC01azE1bzZgLS1kMTZzcy82LzUtNjIxLWJiY141Ly46Yw%3D%3D&vl=&vr=
28,v09044g40000c4ohat3c77u88dlsgkjg,9542,942322&447409&317248,29a0a0ee42561523c0178cc9df2863e5&c59a9cc0071ecf440c36ced6873ba5d2&56013e02de1e20550566df304b32e780&efdc0144e3cc262919e0e2919961084c&8a91f2fc9695a0008834a016ab84ad40&107ced223fb3851ae9f7e023039031d8,https://v39.tiktokcdn-us.com/29a0a0ee42561523c0178cc9df2863e5/61e54745/video/tos/useast2a/tos-useast2a-ve-0068c004/c54e4db20e74481fa121eb15af5f85e5/?a=1233&br=1840&bt=920&cd=0%7C0%7C0&ch=0&cr=3&cs=2&cv=1&dr=0&ds=6&er=&ft=c~.Zm4L-gXoInz7T&l=2022011704385201011300606200564DE7&lr=all&mime_type=video_mp4&net=0&pl=0&qs=11&rc=am52Zzs6ZndrNzMzNzczM0ApaTU3PGc5N2U1NzM1Nzk1OmdnZGk1cjQwXmxgLS1kMTZzc2AtXjAxXy8yMGIwNS5jXzA6Yw%3D%3D&vl=&vr=
29,v09044g40000c2ft710bf79t3vkd0gvg,19293,1718431&1264133&618854&381743,23f7f0d890233d0621f983afc001b51b&1810993009192240f683d67f67893896&0b36ddcd3d584db13027d107443a6ee2&9963d84b670ed83302d161125b71f0aa&551a57794ed7e0be0b8aeaad317a4fc8&703a117a522560b8c13a42d6a15a42d8&9f8d59e6503159901fce7dd44c638e68&82abff2dda070b5176aa6c9dc708658a,https://v39.tiktokcdn-us.com/23f7f0d890233d0621f983afc001b51b/61e5474f/video/tos/useast2a/tos-useast2a-pve-0068/4b429b6507504a9cba99f12e0d4afe8a/?a=1233&br=3356&bt=1678&cd=0%7C0%7C0&ch=0&cr=3&cs=2&cv=1&dr=0&ds=3&er=&ft=c~.Zm4L-gXoInz7T&l=2022011704385201011300606200564DE7&lr=all&mime_type=video_mp4&net=0&pl=0&qs=14&rc=ampneXc6ZTR3NTMzNzczM0ApN2ZlPDdlaGUzNzM2OmU6PGdzLWgwNmMtNGNgLS1kMTZzcy8uMDEtLTJiMWAyM181LTU6Yw%3D%3D&vl=&vr=
30,v07044550000c07os0nir75n464p64cg,8589,247151&169174&126295,cf502ec7c21cf843a24a64dfe6a16320&c490f0781dd5a0d79fc862a292ad0629&dadadaf1f140b31d1831531d04a0457a&8ef9e49f6ed9eb4e426a4f6092a12d54&fdbfb49997e3926bfb992f5be62c314d&099346f50aea6acb59284d382e44d3c3,https://v25.tiktokcdn-us.com/cf502ec7c21cf843a24a64dfe6a16320/61e5476a/video/tos/alisg/tos-alisg-pve-0037c001/88d0a2f0d8fd40f699e281a9c3b021f0/?a=1233&br=482&bt=241&cd=0%7C0%7C0&ch=0&cr=3&cs=2&cv=1&dr=0&ds=6&er=&ft=c~.Zm4L-gXoInz7T&l=20220117043930010113135043125DABF6&lr=all&mime_type=video_mp4&net=0&pl=0&qs=11&rc=ajdzOXE6bDNyMzMzODczM0ApNTk1aTU8OGRoNzdoM2Y5aWdgMzExMm9rcDRgLS0yMTRzcy0zMTEyXmAvYi81MzAxLWI6Yw%3D%3D&vl=&vr=
31,v09044g40000c4mg0q3c77u950nmju0g,19177,3191109&1932525&1342438&707823,4913b13bee4fae068107798021276855&e59a708806400e47c484561e91698aee&aaebbf3e31213d2a088726765d0b2099&264931f344d50178de481ad194e7fc8e&bb7fbd5cb13e2b60cb9bc7b8d59bf71d&f59d6d1ce1a93330719cc2040f0796eb&569d2c42294b05f1831c92f5dd4e1f20&3d43877ac35cc8d63888dff6be12dd6a,https://v25.tiktokcdn-us.com/4913b13bee4fae068107798021276855/61e54775/video/tos/useast2a/tos-useast2a-ve-0068c003/1578429937b3407ab574c8a84355dafb/?a=1233&br=6232&bt=3116&cd=0%7C0%7C0&ch=0&cr=3&cs=2&cv=1&dr=0&ds=3&er=&ft=c~.Zm4L-gXoInz7T&l=20220117043930010113135043125DABF6&lr=all&mime_type=video_mp4&net=0&pl=0&qs=14&rc=anhwMzw6ZnRqNzMzNzczM0ApOTxoaWhlOjs6NzM3OzQzO2ctZ2sycjQwLWpgLS1kMTZzcy1hXy9jXmIyMjFjXzIyMS06Yw%3D%3D&vl=&vr=
32,v12044gd0000c736h5bc77uakasifot0,40843,832150&688079&457089&341092,9506fde5d815a9bfb9539ca5be0db233&15210a42b32fba7135ace7e8fd82cc7c&044b6d06cf6b763b4f482ecd58db2a9e&ecb63141fc076d666f354c852c267b4c&247806b9917f36a1f97f76ab738880fd&ed469988ab2a6eb9f109c31a6fdb707b&3bf62a622ad160da82b20c21f2499cc8&1dda5c662fa4a2a23847fbb3801017dd,https://v25.tiktokcdn-us.com/9506fde5d815a9bfb9539ca5be0db233/61e5478a/video/tos/useast5/tos-useast5-pve-0068-tx/967c907d787f47d1ba726183ac03a2a0/?a=1233&br=1624&bt=812&cd=0%7C0%7C0&ch=0&cr=3&cs=2&cv=1&dr=0&ds=3&er=&ft=c~.Zm4L-gXoInz7T&l=20220117043930010113135043125DABF6&lr=all&mime_type=video_mp4&net=0&pl=0&qs=14&rc=M3JsZGQ6Zjg5OjMzZzczNEApNDlkOjo5ZjxmNzc8NjVpOGdxY3BocjRfZTBgLS1kMS9zczY2NjAyXjBfYi8xLzIuY2A6Yw%3D%3D&vl=&vr=
33,v12044gd0000c797pgbc77ucq7ijquug,16995,298431&235242&154197&125184,8856078f97f4dd711533e2abdf71a8ce&63c5b2724aed04da8f22c11ffc8eb4b9&f46d9f66c59d5e078e6bcf7fc995b0df&278505b6917bc98af35021e97dd62f29&a53e480bc6854e1a68f201797c63595b&f3c009ca38fd4e0d9dc402cc674e0f22&65633aeec5ecd8ad4a5760ceba75fc77&44b8c8bb8ef66f514a50b03932a219bc,https://v25.tiktokcdn-us.com/8856078f97f4dd711533e2abdf71a8ce/61e54772/video/tos/useast5/tos-useast5-pve-0068-tx/f62e02f024c540c89a00998f535a6845/?a=1233&br=582&bt=291&cd=0%7C0%7C0&ch=0&cr=3&cs=2&cv=1&dr=0&ds=3&er=&ft=c~.Zm4L-gXoInz7T&l=20220117043930010113135043125DABF6&lr=all&mime_type=video_mp4&net=0&pl=0&qs=14&rc=anhtOmY6Zmo6OjMzZzczNEApOjM6NDc4aWRkNzVlODRpOWdybmZucjRfbTZgLS1kMS9zcy4vYmFhMV5jMzZeNjY1XjY6Yw%3D%3D&vl=&vr=
34,v09044g40000c42sjhbc77u591u34mdg,16600,1143137&860555&523772&365504,f3fe0ef1a60776aefa99edb267267efd&5e0256840584f148ab04581d8cbda7b1&bf60cb176e5e76ac48f3fb177f42ff42&65f858f57d34b27a364331476ba62d67&91464fd68b2bfe66f4fff4520161de49&424c1e497f5edb14616bfd57461c4d69&c040412259d4291e43950e3278f1cba3&6c0b512a1a952f95d3623d2a53dd70a7,https://v25.tiktokcdn-us.com/f3fe0ef1a60776aefa99edb267267efd/61e54772/video/tos/useast2a/tos-useast2a-ve-0068c002/7da2afaad80f404fb164f84d77c8ba4d/?a=1233&br=2232&bt=1116&cd=0%7C0%7C0&ch=0&cr=3&cs=2&cv=1&dr=0&ds=3&er=&ft=c~.Zm4L-gXoInz7T&l=20220117043930010113135043125DABF6&lr=all&mime_type=video_mp4&net=0&pl=0&qs=14&rc=anA2NDg6Zmt2NzMzNzczM0ApOzs7ZGQ5ZzxkNztlNTlnaGdhMXI2cjRfZy9gLS1kMTZzczUuLjJjMTFeNTIyMC0vYy46Yw%3D%3D&vl=&vr=
35,v09044690000bugd0qjemvd778npkaug,8728,1625869&1015423&736932&474604,9d24e8786cc445eecb7d683ef9a219e2&3c5c21831e01c3f4e03939db2afb9c07&fb902f8955e856bcc8f02e7bceec9a4e&ca7a0f84bd98e01bf0cd382ef9c9a048&2d6fedbb7e09c9898ec4c6856f38fbc5&cb4c35da026fa4d711c3166cb37262c8&2530e9e74346d288e486f871464219d8&be048dc837365556f33c004eb939bfd6,https://v25.tiktokcdn-us.com/9d24e8786cc445eecb7d683ef9a219e2/61e5476a/video/tos/useast2a/tos-useast2a-ve-0068c003/577f7868462848419672cfb56e32c139/?a=1233&br=3174&bt=1587&cd=0%7C0%7C0&ch=0&cr=3&cs=2&cv=1&dr=0&ds=3&er=&ft=c~.Zm4L-gXoInz7T&l=20220117043930010113135043125DABF6&lr=all&mime_type=video_mp4&net=0&pl=0&qs=14&rc=amRzOzp5aHRneDMzPDczM0ApZGc2NmRoZDxpN2hlOTw1NWdyaGs0YWpnLWRfLS0zMTZzc2IzYV8xMmBiLTAuMC4wNC86Yw%3D%3D&vl=&vr=
36,v09044g40000c1n6fgrivpn8c64va3mg,15276,1055778&904129&638191&402855,5adcbc1a42fe711f08c77bdbe275a90d&470769fbf941c5b52630e7d65fef951f&01fd7dfe6eb4e7394b2f805fdec56832&fe16f8624a467ea0c20c9a10d252639e&ebaff83614029a67431769dcc78981cd&5553b4958f9c7b72373990a809f10b2e&b434f93daf989c3d249d4c313581559f&ead1ce0a354eb8a09fd831b835057ae4,https://v25.tiktokcdn-us.com/5adcbc1a42fe711f08c77bdbe275a90d/61e54771/video/tos/useast2a/tos-useast2a-pve-0068/0d6b12d875944f93abce543a86449ffc/?a=1233&br=2062&bt=1031&cd=0%7C0%7C0&ch=0&cr=3&cs=2&cv=1&dr=0&ds=3&er=&ft=c~.Zm4L-gXoInz7T&l=20220117043930010113135043125DABF6&lr=all&mime_type=video_mp4&net=0&pl=0&qs=14&rc=ajZ5OTtzbGo5NDMzNzczM0ApPDc3ZTw6OzszN2UzO2Q1ZWdqXjFga3NvY2tgLS1kMTZzcy8wNTQwLy41L2BiYjEzMzI6Yw%3D%3D&vl=&vr=
37,v09044900000c1gk48v7hc99pahqgrq0,8637,2052471&1561356&980982&642068,c73b4dba4432dec30e2865e6e2721bbe&83b3cf58f7cce297b8940e8d67d528ec&991cdd39a48278f18262003700a0f585&bbdcfbfe2052cba51672b5c076d1b5c4&dc4646fcb5d23e8c1c1bba20e897432a&7ddff1c31ece53086e77cf8f54b98644&dae6b1383fdd58639ab31420a6376bf6&2ee58f76f835566ecc791d3b08475e24,https://v25.tiktokcdn-us.com/c73b4dba4432dec30e2865e6e2721bbe/61e5476a/video/tos/useast2a/tos-useast2a-ve-0068c002/7eeeb48d29a048fb8a43c2e4f44e7786/?a=1233&br=4008&bt=2004&cd=0%7C0%7C0&ch=0&cr=3&cs=2&cv=1&dr=0&ds=3&er=&ft=c~.Zm4L-gXoInz7T&l=20220117043930010113135043125DABF6&lr=all&mime_type=video_mp4&net=0&pl=0&qs=14&rc=M3V0ZDxmOjtuNDMzMzczM0ApOmUzOjc6aGQ5N2k2O2c2ZmduZGVtNmVzMWRgLS02MTZzc2FeM2MtMTEvMy8uNDA2NmI6Yw%3D%3D&vl=&vr=
38,v090443b0000bu7hkfqqsv284dioh21g,15555,689791&625195&437373,e652799834cf90bd5c446e789bff4a0f&9459c027082c3e451d59bff618e8b6de&c590d40b7c558e1e36db4cb49a66877f&30797778e8db9115f84356e5ee1eecaf&645a5861510fac30f5f9fffee59491c0&290de6be774aaf64bde22bb79eaf30da,https://v25.tiktokcdn-us.com/e652799834cf90bd5c446e789bff4a0f/61e54771/video/tos/useast2a/tos-useast2a-ve-0068c002/9e8ed43555484c4b83d5257edb9435d0/?a=1233&br=1346&bt=673&cd=0%7C0%7C0&ch=0&cr=3&cs=2&cv=1&dr=0&ds=6&er=&ft=c~.Zm4L-gXoInz7T&l=20220117043930010113135043125DABF6&lr=all&mime_type=video_mp4&net=0&pl=0&qs=11&rc=ajVyZzt5dGlreDMzZTczM0ApZzw0Ozk2OmQ0NzVoOWRnZmcuZWYxL3BuaDRfLS0wMTZzc2IyMC1jNF40XjY2LTAwLzQ6Yw%3D%3D&vl=&vr=
39,v09044g40000c3gscaris849rbdm91rg,14975,1649189&1352918&1157202&784297,d35e384ac6e0367747dffb0c83c49c99&dbb691a6831ea44a5187fe2f3dd74984&a5fe3e7439cc976e43a8794c0735f081&3843d25b57ad2dc0987702ad01ead83d&3769ea679bff0f0013442a1fe4398d84&9fcd02d6c8108f49fb5048ea01b8cfd2&ce2a9115f02123cfc1b1cd6190995e22&f2914c6e1ddf7678f8b28cf929f93b24,https://v25.tiktokcdn-us.com/d35e384ac6e0367747dffb0c83c49c99/61e54770/video/tos/useast2a/tos-useast2a-pve-0068/9d511f5263d34272a97a3e7ab284c1ce/?a=1233&br=3220&bt=1610&cd=0%7C0%7C0&ch=0&cr=3&cs=2&cv=1&dr=0&ds=3&er=&ft=c~.Zm4L-gXoInz7T&l=20220117043930010113135043125DABF6&lr=all&mime_type=video_mp4&net=0&pl=0&qs=14&rc=ajRwZTw7bGR2NjMzNzczM0ApNGg7ODYzNTxpNzw8aTllNGdvNmFvMXBvYGRgLS1kMTZzczIxXi1hNmJeNS02YS1gXjU6Yw%3D%3D&vl=&vr=
40,v09044fd0000buhfv1j9iufl0fi5ir5g,19502,568440&460718&327550,b1921d43ed806ade068b832c993aceac&d74895790e9878278897e74947635999&626c0c69487b432af2c2a8baa25bca45&4e764f7af8b4c6b60ced278c7833cf93&121bca5c1b94824995433b085a58dd1c&48b7116d4759c93b996012b408521bd3,https://v19.tiktokcdn-us.com/b1921d43ed806ade068b832c993aceac/61e547cc/video/tos/useast2a/tos-useast2a-pve-0068/a27f7933c7584a20ab3fd6eb8b24a7cc/?a=1233&br=1110&bt=555&cd=0%7C0%7C0&ch=0&cr=3&cs=2&cv=1&dr=0&ds=6&er=&ft=c~.Zm4L-gXoInz7T&l=20220117044057010113135228125B82A6&lr=all&mime_type=video_mp4&net=0&pl=0&qs=11&rc=anU4aW94PDRpeDMzZzczM0ApZ2U2ZTU7ZDw5NzNoZDg5NGcyZmYtY2Znc2VfLS1jMTZzc2MxMmJeL2BeMzM2XmIvMTQ6Yw%3D%3D&vl=&vr=
41,v09044g40000c4oflj3c77ue62ip6i7g,18829,1005587&678099&416779,757608d31e47dae5cd771ac0d9295a50&8f109018adde79de83b66698eb6cdc30&5f31e2f508a3a7d3af17bb02caa4d3b6&f7b96f806270e613d998c08cbc9cb9a3&5d50859fc61848d346df270a11f1137e&cea1ec9d80ec6f4a3faee52adad80d11,https://v19.tiktokcdn-us.com/757608d31e47dae5cd771ac0d9295a50/61e547cb/video/tos/useast2a/tos-useast2a-ve-0068c004/ba81bb2590184a42916525640ac6a34f/?a=1233&br=1964&bt=982&cd=0%7C0%7C0&ch=0&cr=3&cs=2&cv=1&dr=0&ds=6&er=&ft=c~.Zm4L-gXoInz7T&l=20220117044057010113135228125B82A6&lr=all&mime_type=video_mp4&net=0&pl=0&qs=11&rc=amxzNWg6Zm1pNzMzNzczM0ApOTpnNDZkZ2U3Nzc7Zzg4OWc0M2YzcjQwaWxgLS1kMTZzc2AyNmA1MTRgNS40LjViM186Yw%3D%3D&vl=&vr=
42,v09044g40000c3mrtfbc77uahb02m4jg,7149,1009186&814846&469416&322285,cc0b9ad9461712cdda6a571ad408d5c0&0634632a7f593bac174a91104308993b&403805bc29d2a99c7314437915cffb58&7b2354da13dfc15a430ba89988e7ce6c&bee9d7c966f6dae6940e541dc6b4d9f1&4d69f5338273932fba4c9eb336913155&0c9e0e81500c9df385a1cd98d774f11c&7a4a75d56428379a40aa279afe11cca7,https://v19.tiktokcdn-us.com/cc0b9ad9461712cdda6a571ad408d5c0/61e547bf/video/tos/useast2a/tos-useast2a-pve-0068/3ebc7ee2989f443883330b31dfab49f4/?a=1233&br=1970&bt=985&cd=0%7C0%7C0&ch=0&cr=3&cs=2&cv=1&dr=0&ds=3&er=&ft=c~.Zm4L-gXoInz7T&l=20220117044057010113135228125B82A6&lr=all&mime_type=video_mp4&net=0&pl=0&qs=14&rc=ajc1ZWQ6Zml1NjMzNzczM0ApOWg2NjxmNDw2NzY8OTg4Z2dnai1lcjRfcWpgLS1kMTZzczA1LWJgYy9jYi9eMGIvXjY6Yw%3D%3D&vl=&vr=
43,v09044g40000c442udjc77u82pan8nr0,10773,532271&468564&315901,ac611e316ac108d1507738700fa890e7&29b76210f3c2c6214ce9970a02c6cfb9&dc1c324bcfda8d55d2cafd03da7679b6&680e005533b7b8574db0cacf152ed4c8&a1b9de01c09ec228f3ce45f590b01f0b&3a89b8bef1a386552c857e380285889a,https://v19.tiktokcdn-us.com/ac611e316ac108d1507738700fa890e7/61e547c3/video/tos/useast2a/tos-useast2a-ve-0068c004/8ef5572352a949ec98150aec8025dd70/?a=1233&br=1038&bt=519&cd=0%7C0%7C0&ch=0&cr=3&cs=2&cv=1&dr=0&ds=6&er=&ft=c~.Zm4L-gXoInz7T&l=20220117044057010113135228125B82A6&lr=all&mime_type=video_mp4&net=0&pl=0&qs=11&rc=M3Fxczs6Zmc1NzMzNzczM0ApOWdkPDllaDtlNzs0aDdmNmdvNV4vcjRncjFgLS1kMTZzczFiXzQzNjU0NV9fLWBfXl86Yw%3D%3D&vl=&vr=
44,v12044gd0000c6438f3c77uf5sb2qspg,7637,438273&308591&211521&145661,f8f90870c6a8f9767f5bae6101ff7cd6&d9b35713fdbb0bc34f43362e25f77919&35a09c5f5b691a07221fcbac15d1c866&50e75e73646c57d440d7165c624bdb49&942db37acc5628d1b7086011b44f440c&3776702e0a92bf79b54231c5ab1d0670&40891998b9499a7cbb166be63cc9014b&0610c041a55279511cee34885f5827f5,https://v19.tiktokcdn-us.com/f8f90870c6a8f9767f5bae6101ff7cd6/61e547c0/video/tos/maliva/tos-maliva-ve-0068c799-us/76d2b8ec07e045ac97babd32e7849b66/?a=1233&br=856&bt=428&cd=0%7C0%7C0&ch=0&cr=3&cs=2&cv=1&dr=0&ds=3&er=&ft=c~.Zm4L-gXoInz7T&l=20220117044057010113135228125B82A6&lr=all&mime_type=video_mp4&net=0&pl=0&qs=14&rc=anY1dmk6Zmk2OTMzZzczNEApNTM7PDplZDs3N2k3NTQ0NGdtbl8ycjQwNTFgLS1kMS9zcy1iMTNhMjVgXzFhX2MvNWI6Yw%3D%3D&vl=&vr=
45,v09044g40000c3r8kabc77u0jldggbg0,12769,2330361&1704943&1469448&996082,c4bb12ce2b3c769060851992641d5bbf&c6734c27e0237188375ca46a26abc0b7&7731f7d25cec6bb1a4ef42a7df429580&9c2e9a40f420a212488e4cdf3d607a32&3bac781aa405ee47ce89441d935feb29&434a2bcca5396a44e00323af4f6aa7c1&a910a7d988eb12580d86492c50223083&4c9b24c63f17b8b500891f721ac6ad1b,https://v19.tiktokcdn-us.com/c4bb12ce2b3c769060851992641d5bbf/61e547c5/video/tos/useast2a/tos-useast2a-pve-0068/8cab7da36e664048988304d7ef7a47b7/?a=1233&br=4550&bt=2275&cd=0%7C0%7C0&ch=0&cr=3&cs=2&cv=1&dr=0&ds=3&er=&ft=c~.Zm4L-gXoInz7T&l=20220117044057010113135228125B82A6&lr=all&mime_type=video_mp4&net=0&pl=0&qs=14&rc=M2VqbzM6ZmQ7NjMzNzczM0ApaDY2PGk8aTs8NzhpPDg8OmdkZGFncjRfaG9gLS1kMTZzcy1jY2BgMF5iMjQwLS8wYGA6Yw%3D%3D&vl=&vr=
46,v09025g40000c5tphj3c77u9non5uja0,11632,391326&216922&156694,beb70e65ac8aba42cea3588a83836b7c&b6824acd7f6b336171e8693b72325767&c615e9024191421cb0f51eb57a815c22&b69d27799d9aba80e715fd4350661242&2b0cef7ed74190e8c954ef187cba7722&b2019ed19bca4b015d7f954781b7e21c,https://v19.tiktokcdn-us.com/beb70e65ac8aba42cea3588a83836b7c/61e547c4/video/tos/useast2a/tos-useast2a-pve-0068/0db5a52be4814ca482755ba7b47a0966/?a=1233&br=764&bt=382&cd=0%7C0%7C0&ch=0&cr=3&cs=2&cv=1&dr=0&ds=6&er=&ft=c~.Zm4L-gXoInz7T&l=20220117044057010113135228125B82A6&lr=all&mime_type=video_mp4&net=0&pl=0&qs=11&rc=M204cjw6Zm1zODMzNzgzM0ApZmZkOGdkaTs0NztmODk3aGdecmtrcjQwZXFgLS1kLzZzc2BjMWAwLTRfMC8wYmAuNGI6Yw%3D%3D&vl=&vr=
47,v09044g40000c4kh153c77u3i2t1e3f0,20710,790267&584037&389756&259282,25c4e321f57e83d76dd485b914f2cc54&840a5730dcc631da25e30388461fc4e7&78b3541022f5aba2b42bd7528283adfb&acf6d4ceb21147afce3267601c84ffcf&b849571e05e7e36803e8b00adc298f81&8091f2004c29f6b27f8deab92b25e115&de16c58d6391a2737d8389c2e4817aab&821b3798c253f3123c7a82e32e8ca876,https://v19.tiktokcdn-us.com/25c4e321f57e83d76dd485b914f2cc54/61e547cd/video/tos/useast2a/tos-useast2a-ve-0068c004/fc7e9f17e2344ce89e8aa991b7d0e895/?a=1233&br=1542&bt=771&cd=0%7C0%7C0&ch=0&cr=3&cs=2&cv=1&dr=0&ds=3&er=&ft=c~.Zm4L-gXoInz7T&l=20220117044057010113135228125B82A6&lr=all&mime_type=video_mp4&net=0&pl=0&qs=14&rc=MzY0NTY6ZjhrNzMzNzczM0ApOGY1OzNoNjs2NzZlM2UzOWdjYnFmcjQwLmhgLS1kMTZzc2IzLy1iNjNeYC4uMTIuLTA6Yw%3D%3D&vl=&vr=
48,v09044g40000c31h4berlhljq0la6gmg,11702,1276937&955175&436320&297005,879c5f4b01717b242a7ee562027c14f7&e61017feed2fcdd7d7f5f5ae87db6f4c&4318170244a9f0d800858e15bb8bb8f1&dc1e78f7983f4e4bffb4e2a06cc1f4f1&dc242d51c4d6860803c0f9fa6a9a9a1b&d35b0c5c036b0e408cdffd8c0263a9b1&56572621aa1ad839f307e0a8ed1f2195&373c17d16e701e500e628f8755534288,https://v19.tiktokcdn-us.com/879c5f4b01717b242a7ee562027c14f7/61e547c4/video/tos/useast2a/tos-useast2a-ve-0068c001/c3efc14c6e3045bb9d9a7123d0c5447d/?a=1233&br=2494&bt=1247&cd=0%7C0%7C0&ch=0&cr=3&cs=2&cv=1&dr=0&ds=3&er=&ft=c~.Zm4L-gXoInz7T&l=20220117044057010113135228125B82A6&lr=all&mime_type=video_mp4&net=0&pl=0&qs=14&rc=ampkM21rdWVrNjMzNzczM0ApZ2g5Njs0PGVoNzNkNzdoPGdqM2luaWliMS5gLS1kMTZzczBjYGMyLjQ2My4uLTYyMjE6Yw%3D%3D&vl=&vr=
49,v09044g40000c3odp7bc77u6gocp9d6g,6662,1213038&1048223&705115,d8fb0ed56226e5869e3baf71f88bf4ce&c0d760c696594bf806f024014cf6fa0c&d467284fbbdaa61ca6f5de9b9caa1e4e&7deda8c14c39d2c91361bdc38bd14e42&a09b24189a6e71a8833fb3ca65617699&6a39a31d005c92cb0d8ae767b28eeea8,https://v19.tiktokcdn-us.com/d8fb0ed56226e5869e3baf71f88bf4ce/61e547bf/video/tos/useast2a/tos-useast2a-ve-0068c003/de59c410050643d6ae007381bedffa4e/?a=1233&br=2368&bt=1184&cd=0%7C0%7C0&ch=0&cr=3&cs=2&cv=1&dr=0&ds=6&er=&ft=c~.Zm4L-gXoInz7T&l=20220117044057010113135228125B82A6&lr=all&mime_type=video_mp4&net=0&pl=0&qs=11&rc=amdzcjk6ZjpnNjMzNzczM0ApOTQ2NzdlPDs1N2Q8ZWc4N2czNmBkcjRfbWxgLS1kMTZzc2MvNS8tMy8zYDItXzIvLWA6Yw%3D%3D&vl=&vr=
50,v10044g50000c46ig0bc77u3svl4snj0,15439,1003742&711074&460554,2aefbad9c23029d6f831bd7fb2ab7a8f&c81be6bb2f25906a8f651396ffeca595&d0fa2e68c600095368e506623ce2ef63&d0401e07f75ca35e9d1b1f600d34832f&fe04cb5587c8ffe4924c182ca8f94daf&724178caf986daffbd12454a6d60a930,https://v19.tiktokcdn-us.com/2aefbad9c23029d6f831bd7fb2ab7a8f/61e547fd/video/tos/alisg/tos-alisg-pve-0037c001/e423ff66fd7745cca108a9f2edb90248/?a=1233&br=1960&bt=980&cd=0%7C0%7C0&ch=0&cr=3&cs=2&cv=1&dr=0&ds=6&er=&ft=c~.Zm4L-gXoInz7T&l=20220117044149010113135182065FAA23&lr=all&mime_type=video_mp4&net=0&pl=0&qs=11&rc=M3E3eTY6ZjNsNzMzODczNEApOzk4M2Q2OTtoNzxpOWhoZGdncGlwcjRfZDNgLS1kMS1zczItY19iMzNhYzJfYTExYTI6Yw%3D%3D&vl=&vr=
51,v09044g40000c34mtnth8h41mpjnku00,7382,1175019&925927&534792&327161,7973777124b3dd9def60b37be42186db&859d8835b6ed00306d46058fd470c9fb&cec348d6af9f5a7cc4a5361708e1983d&b998ca255f9e8b02f1e0b723440b8544&4d46c15a1412d5dd4f7af043e3610380&fb85b58dd3fc2f98913319680d17ac5c&43731594b850a24125f339953d104d6a&0ebd5dcf4a4348ab27ad5c36ad64d199,https://v19.tiktokcdn-us.com/7973777124b3dd9def60b37be42186db/61e547f5/video/tos/useast2a/tos-useast2a-ve-0068c002/18dc538910c34b97b0ba2334398c0c1c/?a=1233&br=2294&bt=1147&cd=0%7C0%7C0&ch=0&cr=3&cs=2&cv=1&dr=0&ds=3&er=&ft=c~.Zm4L-gXoInz7T&l=20220117044149010113135182065FAA23&lr=all&mime_type=video_mp4&net=0&pl=0&qs=14&rc=M3hxczRra3FwNjMzNzczM0ApOmVnZTNmPGVkNzg5OjMzZmctaGdqMTVxcTFgLS1kMTZzczBeYDMyMS1iXjE2L2BgYjU6Yw%3D%3D&vl=&vr=
52,v09044g40000c4ogfhrc77u057cokt50,11283,1788582&1332930&1009342&674293,f29b24fe1a0fc31257d6091e58c4ecea&97e2a5999fd54bf5be4a163c00736ba1&21a8d977f9c00cc54bc2ca99da6c55af&b72d71967397cadd3ade4e3179781a88&dcb924103c3749e1beafe88c1d101325&1790885a68b9ae407b7cef025f27f5c2&4abf4b6e520a4ecc1d25878acc73c230&03c97997eb43b165d455f2705ebde2f8,https://v19.tiktokcdn-us.com/f29b24fe1a0fc31257d6091e58c4ecea/61e547f9/video/tos/useast2a/tos-useast2a-ve-0068c004/37fdace7ea5e47a28e67f8ddd291d8cf/?a=1233&br=3492&bt=1746&cd=0%7C0%7C0&ch=0&cr=3&cs=2&cv=1&dr=0&ds=3&er=&ft=c~.Zm4L-gXoInz7T&l=20220117044149010113135182065FAA23&lr=all&mime_type=video_mp4&net=0&pl=0&qs=14&rc=M3dyOjM6ZmtqNzMzNzczM0ApNTQ1PGg2NTxmN2dkOzc6ZGcyaGAycjRvY2xgLS1kMTZzczA1Xy9gMC5gXzZjMC9eMl86Yw%3D%3D&vl=&vr=
53,v09044310000bmoil77ho6foanv5jaj0,8267,1413832&978032&948578&551346,3224f5d83de673a96777e54d77b4a3a2&6e4e4639d0e6558e7f1c1106ddb5c825&75404163585b2bcdfb7c6b829dafebd2&4fbc7c13fecae015ecd8b0c1c2ac4b31&c68a26c1d5040feb2ce4b0df66df63f5&238b646e1f730c016c0a31552eb349dd&3e1ce2a6277937bc13c093d75e4f27c7&716c7e9993e2b10b631fb39d6fb648f3,https://v19.tiktokcdn-us.com/3224f5d83de673a96777e54d77b4a3a2/61e547f6/video/tos/useast2a/tos-useast2a-ve-0068/ddd5955b873440ed8f5b7bf11392250d/?a=1233&br=2760&bt=1380&cd=0%7C0%7C0&ch=0&cr=3&cs=2&cv=1&dr=0&ds=3&er=&ft=c~.Zm4L-gXoInz7T&l=20220117044149010113135182065FAA23&lr=all&mime_type=video_mp4&net=0&pl=0&qs=14&rc=M2Q4cXI5azpscDMzNDczM0ApaWVmNDQ3NztoNztlODY4OWdnZ3NeY2w0aWxfLS0wMTZzc19fMi00Nl8zMTVjYy0yY146Yw%3D%3D&vl=&vr=
54,v09044g40000c2gsjnial962u1po35p0,6430,770553&599707&407073,9e449c08aee32e761c742b4e595022e7&cd60f0f46b8126d6cad1262c002c0e74&45616a8d7f883dd4aaeb1bb351b0e561&a5edea20c7353739704a38e1e1f25a39&8bba5d9e16b857934460237fec48d3a5&728bfb5c3fac8438535171671726a73b,https://v19.tiktokcdn-us.com/9e449c08aee32e761c742b4e595022e7/61e547f4/video/tos/useast2a/tos-useast2a-ve-0068c003/c87454664ebb4e1a9171e23979c58e98/?a=1233&br=1504&bt=752&cd=0%7C0%7C0&ch=0&cr=3&cs=2&cv=1&dr=0&ds=6&er=&ft=c~.Zm4L-gXoInz7T&l=20220117044149010113135182065FAA23&lr=all&mime_type=video_mp4&net=0&pl=0&qs=11&rc=MzhyNDU8ZHF2NTMzNzczM0ApZzg8Mzc7OjtmN2g4ZGdkOmdtMG1yM2lmZ2RgLS1kMTZzczAxMDY2LjI1Nl4zNS5iYDU6Yw%3D%3D&vl=&vr=
55,v09044g40000c410g73c77uf1vhdufc0,8635,1640421&1292537&1074754&697653,85253cdece5ccf66308aaeddbb730277&f15797a1bf21556b56c359f17129c9e8&9364f91ccd2bfb1080ed4039d8ef2e34&3b7e3f02e11c3a8d4842d5f113aedbd9&44309b864aeeb398b4fdcc51d26f4ec3&4cb6c9c3f4c2c60b0aa122e2dff34bf3&cf0557261cf4101522b7d7240ca9138a&1b0b76d857c33d094b7a17fa8a68b0b7,https://v19.tiktokcdn-us.com/85253cdece5ccf66308aaeddbb730277/61e547f6/video/tos/useast2a/tos-useast2a-pve-0068/186f2293eddc429e855872f618200d52/?a=1233&br=3202&bt=1601&cd=0%7C0%7C0&ch=0&cr=3&cs=2&cv=1&dr=0&ds=3&er=&ft=c~.Zm4L-gXoInz7T&l=20220117044149010113135182065FAA23&lr=all&mime_type=video_mp4&net=0&pl=0&qs=14&rc=M2lneWk6ZjozNzMzNzczM0ApaGc8OTNmNGU7NzUzODU8M2dgcmUucjQwZC5gLS1kMTZzczAyMS4zYjFgMC00M2AyLWA6Yw%3D%3D&vl=&vr=
56,v09044g40000c3ai05e0nro67dgk3fbg,9286,1284202&756360&437868&275058,7b2988975da8aec7a9217b5641dc6685&c764096370c899b93d5256afbb002587&e1dfe2cef82ef809f36f7ac546256a5e&09bcbd85e78b20c84d815c9e8dbf54cb&67b0e0bc0d2a0fec7eda36ee9bfed4a8&427456945af7db46187b13a8b2393fbe&6a555af785e7059e2b82cc5cafca7cf5&581e0afe9f6579dd0b66660cfc30e48a,https://v19.tiktokcdn-us.com/7b2988975da8aec7a9217b5641dc6685/61e547f7/video/tos/useast2a/tos-useast2a-pve-0068/e6e3a6962bc94b55b4ea6c5013954c7f/?a=1233&br=2508&bt=1254&cd=0%7C0%7C0&ch=0&cr=3&cs=2&cv=1&dr=0&ds=3&er=&ft=c~.Zm4L-gXoInz7T&l=20220117044149010113135182065FAA23&lr=all&mime_type=video_mp4&net=0&pl=0&qs=14&rc=amluZzl1MzhsNjMzNzczM0ApNGc3Zmk5Zjw2NzxlZ2RnPGdfMGQ0bGtiLV5gLS1kMTZzczJjNS8tYGIvLmI1Y180YS86Yw%3D%3D&vl=&vr=
57,v09044g40000c45clkjc77u4160srdj0,19781,594321&416882&283318&196864,8d405c0e6c6f6f678fb6eecf01294c4e&39b05cfa3b324a4ea96249dfce6a5463&eeb150922a49b3b60b459d7fd977265d&3d6e640371316996678ece8946be2a30&e867fa35e6e68701ef7fe5c429eeda04&68fd6e03051b91a7cc712889511bee36&e895ae5bf1d81a4177636b13e18ee8db&0ed51ae1918ac416c94e1921ebe6e2d0,https://v19.tiktokcdn-us.com/8d405c0e6c6f6f678fb6eecf01294c4e/61e54801/video/tos/useast2a/tos-useast2a-ve-0068c001/f9d901e8f28941f9bfce8994d038f273/?a=1233&br=1160&bt=580&cd=0%7C0%7C0&ch=0&cr=3&cs=2&cv=1&dr=0&ds=3&er=&ft=c~.Zm4L-gXoInz7T&l=20220117044149010113135182065FAA23&lr=all&mime_type=video_mp4&net=0&pl=0&qs=14&rc=M2d2OTc6Zm5mNzMzNzczM0ApZDw6PDg8OTw6NzpoOztmPGdnby0ucjRnaTJgLS1kMTZzc2ItYzZiMjQvXi8zYy4uNjA6Yw%3D%3D&vl=&vr=
58,v09044g40000c4aqt4bc77uek70jn260,14603,853714&490562&304377,94d94185aab3edaf7e0278df3bf3202e&4c3a132a5aa303aa18bbade059feb0c0&6b55bacd514a9ed47ec779dbd846e435&2786f54fffb137bfdcab7ef5a27f1318&8ad2bc41995e75a9b17fdeb79eb730a6&aaa4e01e7e062b634e32e44bbe2c54e7,https://v19.tiktokcdn-us.com/94d94185aab3edaf7e0278df3bf3202e/61e547fc/video/tos/useast2a/tos-useast2a-ve-0068c003/f5ab0881c8614d2997fc3563a380cca5/?a=1233&br=1666&bt=833&cd=0%7C0%7C0&ch=0&cr=3&cs=2&cv=1&dr=0&ds=6&er=&ft=c~.Zm4L-gXoInz7T&l=20220117044149010113135182065FAA23&lr=all&mime_type=video_mp4&net=0&pl=0&qs=11&rc=MzVtOmg6Zjd0NzMzNzczM0ApZ2lnPGlkPDw8NzM6aGQ4aGczay1ocjRfcV5gLS1kMTZzcy0tX2JjX18yMzM2LmFhNTM6Yw%3D%3D&vl=&vr=
59,v09044g40000c3vdmejc77u7uoaiehrg,11330,566505&438577&226220&162988,68718fa60c1e17dc48080ecf8227d777&aa1cea0afbcb6171ed4029f3433a822c&a542c715d50ac3d143a35cac62143715&a3c9ec15b0ac08d1b9345d148aeaca09&6f38acc0192498a206556e87b4bd9c25&201b71cc612e8fdde8006358af9f39c7&946b5c91a16567d9bcddaa3ad6c56263&c3fb391211b9e8f2323413416f4f79bc,https://v19.tiktokcdn-us.com/68718fa60c1e17dc48080ecf8227d777/61e547f9/video/tos/useast2a/tos-useast2a-pve-0068/dd6af54476d34c538cb4008e341b415b/?a=1233&br=1106&bt=553&cd=0%7C0%7C0&ch=0&cr=3&cs=2&cv=1&dr=0&ds=3&er=&ft=c~.Zm4L-gXoInz7T&l=20220117044149010113135182065FAA23&lr=all&mime_type=video_mp4&net=0&pl=0&qs=14&rc=amtscjo6ZmhnNjMzNzczM0ApOzVmNDg0Ojs8N2g7OWk2ZmdvYl5ycjRnanNgLS1kMTZzc2A0YTQ2NDMtMjExNDQwLS06Yw%3D%3D&vl=&vr=
