video/mp4, bytesbytes 0-1470621/1470622, 1642394114.9866395, 1642394114.988081, 1642394115.0042233, 1642394116.0662613, v19-us.tiktokcdn.com, 825dc0a834b5a5018a4f187d87fdf7f2, /825dc0a834b5a5018a4f187d87fdf7f2/61e54515/video/tos/useast2a/tos-useast2a-ve-0068c003/d4d3bbd4be4e4a7fa717c4d706616dbc/?a=1233&br=1510&bt=755&cd=0%7C0%7C0&ch=0&cr=3&cs=2&cv=1&dr=6&ds=6&er=&ft=wZ~ROFGgkag3-I&l=02164239376612900000000000000000000ffff0ac09093584199&lr=all&mime_type=video_mp4&net=0&pl=0&qs=11&rc=M240Zjw6ZnA6OjMzNzczM0ApaGY2NWY1NzxnNzRlZTZkaGdrX2ppcjQwZWRgLS1kMTZzcy9eXmM0YzIyLTMxLzRgYDM6Yw%3D%3D&vl=&vr=
video/mp4, bytesbytes 0-528801/528802, 1642394120.9544601, 1642394120.9585302, 1642394120.9927454, 1642394121.6257544, v19-us.tiktokcdn.com, 2d1c41d3a99a8c739c39d3bbe7238803, /2d1c41d3a99a8c739c39d3bbe7238803/61e54513/video/tos/useast2a/tos-useast2a-ve-0068c003/e26c71f961e34cd8b6d13fd78732db09/?a=1233&br=588&bt=294&cd=0%7C0%7C0&ch=0&cr=3&cs=2&cv=1&dr=6&ds=6&er=&ft=wZ~ROFGgkag3-I&l=02164239376612900000000000000000000ffff0ac09093584199&lr=all&mime_type=video_mp4&net=0&pl=0&qs=11&rc=anU5Z2Q6Zjg0OjMzNzczM0ApZDxlOTVoZmU3Nzc8ZDRkZ2dgXmdqcjRvbGNgLS1kMTZzc2E2MzEzLjZiNDJiYS4wNTU6Yw%3D%3D&vl=&vr=
video/mp4, bytesbytes 0-1141717/1141718, 1642394125.7253313, 1642394125.7283251, 1642394125.7504292, 1642394127.3143687, v39-us.tiktokcdn.com, 823deefebb4db2ebf6546d89c77a48e9, /823deefebb4db2ebf6546d89c77a48e9/61e54674/video/tos/maliva/tos-maliva-ve-0068c799-us/2dae22d007114eecb285f0aa6ced527a/?a=1233&br=1336&bt=668&cd=0%7C0%7C0&ch=0&cr=3&cs=2&cv=1&dr=0&ds=6&er=&ft=xo5uS4L-gXoInz7T&l=202201170435180101901881601C2E7417&lr=all&mime_type=video_mp4&net=0&pl=0&qs=5&rc=ajV4bjM6Zm40OjMzZzczNEApaWRkaWZmNzs7NzNpPDM4N2dzMS4vcjRfL2VgLS1kMS9zczQtYjFeYDBfNjQ0MTZhMC06Yw%3D%3D&vl=&vr=
video/mp4, bytes, 1642394162.5320415, 1642394162.533311, 1642394162.5528972, 1642394162.8924828, v16m.tiktokcdn-us.com, 68019648c3b34a5fc0b0c0f19aaf127c, /68019648c3b34a5fc0b0c0f19aaf127c/61e54687/video/tos/useast2a/tos-useast2a-ve-0068c004/c0f25d1b31ba4b86a90cb22cfe1b1294/?a=1233&br=1116&bt=558&cd=0%7C0%7C0&ch=0&cr=3&cs=2&cv=1&dr=0&ds=6&er=&ft=c~.Zm4L-gXoInz7T&l=20220117043544010113006043175DA03D&lr=all&mime_type=video_mp4&net=0&pl=0&qs=4&rc=anRuNnZvNHNodzMzODczM0ApZjk8NWg5PGVoNzZlZGQ3OmdtYnJpNTJzXnJfLS1iMTZzczMuMF5hMmBhM2NfMi1gYTY6Yw%3D%3D&vl=&vr=
video/mp4, bytesbytes 0-1005419/1005420, 1642394163.2903106, 1642394163.2920194, 1642394163.3418431, 1642394163.9325967, v16m.tiktokcdn-us.com, 28f5c2338cc947d54d2e468f46f917a3, /28f5c2338cc947d54d2e468f46f917a3/61e5468c/video/tos/useast5/tos-useast5-ve-0068c004-tx/7fb7755292e94b97ae2acf9bbfa03fe3/?a=1233&br=1250&bt=625&cd=0%7C0%7C0&ch=0&cr=3&cs=2&cv=1&dr=0&ds=6&er=&ft=c~.Zm4L-gXoInz7T&l=20220117043544010113006043175DA03D&lr=all&mime_type=video_mp4&net=0&pl=0&qs=11&rc=M2RmZGQ6ZjNzOjMzZzczNEApMzY7PDVoNWVlNzQ5aTppN2drLWxocjRnc19gLS1kMS9zcy4vYF5hMDA0NjI2MzNhYC86Yw%3D%3D&vl=&vr=
video/mp4, bytesbytes 0-1024000/2209343, 1642394164.4164035, 1642394164.4174075, 1642394164.443749, 1642394165.2081757, v16m.tiktokcdn-us.com, 800fc0f01d34e3c5fa148ad3037d695d, /800fc0f01d34e3c5fa148ad3037d695d/61e54694/video/tos/useast2a/tos-useast2a-ve-0068c003/a3916a82751449e5bc996d3ea4c44e77/?a=1233&br=1710&bt=855&cd=0%7C0%7C0&ch=0&cr=3&cs=2&cv=1&dr=0&ds=6&er=&ft=c~.Zm4L-gXoInz7T&l=20220117043544010113006043175DA03D&lr=all&mime_type=video_mp4&net=0&pl=0&qs=5&rc=ajx1NTU6ZmdqOTMzNzczM0ApZmk0NjlpOGQ4N2U4NTg8aGcwcTEucjQwbnJgLS1kMTZzc2EzYGBjLTYyNTNgYi1fNTY6Yw%3D%3D&vl=&vr=
video/mp4, bytesbytes 0-1024000/3199001, 1642394165.6454349, 1642394165.6463518, 1642394165.6604297, 1642394166.436113, v16m.tiktokcdn-us.com, 6454430d8cc6f8f427dbc9cd5b712291, /6454430d8cc6f8f427dbc9cd5b712291/61e546ad/video/tos/useast2a/tos-useast2a-pve-0068/d71c0e8d4bdd441cb28765ca3433472b/?a=1233&br=1084&bt=542&cd=0%7C0%7C0&ch=0&cr=3&cs=2&cv=1&dr=0&ds=3&er=&ft=c~.Zm4L-gXoInz7T&l=20220117043544010113006043175DA03D&lr=all&mime_type=video_mp4&net=0&pl=0&qs=14&rc=M25oMzw6ZjhqNjMzNzczM0ApN2kzaWQ4NDtmN2c6ZTg8aWdrYjJlcjRfNmlgLS1kMTZzczA0YmNjY2AtYDI2MDBfNjY6Yw%3D%3D&vl=&vr=
video/mp4, bytesbytes 0-1024000/1754559, 1642394167.1811273, 1642394167.1825838, 1642394167.238612, 1642394167.9907002, v16m.tiktokcdn-us.com, 5ae4b7d67ebb14f90fee4c6544dc98e8, /5ae4b7d67ebb14f90fee4c6544dc98e8/61e54691/video/tos/useast2a/tos-useast2a-pve-0068/28e9383b8a8843d19cdf71afb36ba310/?a=1233&br=1538&bt=769&cd=0%7C0%7C0&ch=0&cr=3&cs=2&cv=1&dr=0&ds=3&er=&ft=c~.Zm4L-gXoInz7T&l=20220117043544010113006043175DA03D&lr=all&mime_type=video_mp4&net=0&pl=0&qs=14&rc=anZ3NmhraW1tNDMzNzczM0ApZGQ8ZzZkNDxkN2QzNzg7ZWdubmg0Ml9oYGhgLS1kMTZzczYyYV8zNS0vMC9hX2M1Y2E6Yw%3D%3D&vl=&vr=
video/mp4, bytesbytes 0-1024000/1181632, 1642394168.3359694, 1642394168.3368714, 1642394168.35377, 1642394169.1029708, v16m.tiktokcdn-us.com, 24afd28d067bd6da6f5e87233503be3d, /24afd28d067bd6da6f5e87233503be3d/61e54690/video/tos/useast2a/tos-useast2a-pve-0068/353eea5c512a4e96bf4aed8f1a7c9fe9/?a=1233&br=1108&bt=554&cd=0%7C0%7C0&ch=0&cr=3&cs=2&cv=1&dr=0&ds=3&er=&ft=c~.Zm4L-gXoInz7T&l=20220117043544010113006043175DA03D&lr=all&mime_type=video_mp4&net=0&pl=0&qs=14&rc=MzZ4bjQ6ZmtoNzMzNzczM0ApODc0NGk0NmVlN2Q7OjczM2c0MGRjcjQwci9gLS1kMTZzcy8tMWFiYS5fMzIyNTUxXy06Yw%3D%3D&vl=&vr=
video/mp4, bytesbytes 0-1024000/3653700, 1642394184.28287, 1642394184.290209, 1642394184.323652, 1642394185.2215014, v16m.tiktokcdn-us.com, 9ca6e85bf347318ebb36c4c676d88e74, /9ca6e85bf347318ebb36c4c676d88e74/61e546b2/video/tos/useast2a/tos-useast2a-ve-0068c001/5bc95ee24c964e9b933f7770c02b2951/?a=1233&br=1136&bt=568&cd=0%7C0%7C0&ch=0&cr=3&cs=2&cv=1&dr=0&ds=6&er=&ft=c~.Zm4L-gXoInz7T&l=20220117043544010113006043175DA03D&lr=all&mime_type=video_mp4&net=0&pl=0&qs=5&rc=M2plODQ6ZjllNjMzNzczM0ApNWUzOGQ7NTw4Nzg8ZWU8O2drLmJucjQwLnBgLS1kMTZzczBjNjQvMDZeYS8xNGEvMDA6Yw%3D%3D&vl=&vr=
video/mp4, bytesbytes 1024000-2209342/2209343, 1642394185.9353442, 1642394185.9372492, 1642394185.963677, 1642394188.2047186, v16m.tiktokcdn-us.com, 800fc0f01d34e3c5fa148ad3037d695d, /800fc0f01d34e3c5fa148ad3037d695d/61e54694/video/tos/useast2a/tos-useast2a-ve-0068c003/a3916a82751449e5bc996d3ea4c44e77/?a=1233&br=1710&bt=855&cd=0%7C0%7C0&ch=0&cr=3&cs=2&cv=1&dr=0&ds=6&er=&ft=c~.Zm4L-gXoInz7T&l=20220117043544010113006043175DA03D&lr=all&mime_type=video_mp4&net=0&pl=0&qs=5&rc=ajx1NTU6ZmdqOTMzNzczM0ApZmk0NjlpOGQ4N2U4NTg8aGcwcTEucjQwbnJgLS1kMTZzc2EzYGBjLTYyNTNgYi1fNTY6Yw%3D%3D&vl=&vr=
video/mp4, bytesbytes 1024000-3199000/3199001, 1642394188.5228555, 1642394188.5256193, 1642394188.6231914, 1642394190.6890516, v16m.tiktokcdn-us.com, 6454430d8cc6f8f427dbc9cd5b712291, /6454430d8cc6f8f427dbc9cd5b712291/61e546ad/video/tos/useast2a/tos-useast2a-pve-0068/d71c0e8d4bdd441cb28765ca3433472b/?a=1233&br=1084&bt=542&cd=0%7C0%7C0&ch=0&cr=3&cs=2&cv=1&dr=0&ds=3&er=&ft=c~.Zm4L-gXoInz7T&l=20220117043544010113006043175DA03D&lr=all&mime_type=video_mp4&net=0&pl=0&qs=14&rc=M25oMzw6ZjhqNjMzNzczM0ApN2kzaWQ4NDtmN2c6ZTg8aWdrYjJlcjRfNmlgLS1kMTZzczA0YmNjY2AtYDI2MDBfNjY6Yw%3D%3D&vl=&vr=
video/mp4, bytesbytes 0-1024000/1492687, 1642394191.4665337, 1642394191.4707825, 1642394191.5194092, 1642394192.6739495, v16m.tiktokcdn-us.com, 87d23b4a9ca6bbb819d2e85e51ca0026, /87d23b4a9ca6bbb819d2e85e51ca0026/61e54697/video/tos/useast2a/tos-useast2a-ve-0068c004/02c11bae6e0c4bbaa3a6e4b386e22249/?a=1233&br=980&bt=490&cd=0%7C0%7C0&ch=0&cr=3&cs=2&cv=1&dr=0&ds=6&er=&ft=c~.Zm4L-gXoInz7T&l=20220117043544010113006043175DA03D&lr=all&mime_type=video_mp4&net=0&pl=0&qs=4&rc=amQ1NTN2aDpmNjMzNzczM0ApNmg5OTw2ODtnNzhoO2RlNWc0LmVxZWpmNjBgLS1kMTZzczQyLy8wYjAyLl9jL2JjXjQ6Yw%3D%3D&vl=&vr=
video/mp4, bytesbytes 0-283561/283562, 1642394193.0640385, 1642394193.0683765, 1642394193.0915468, 1642394193.454428, v16m.tiktokcdn-us.com, 6700c81ddda2423fcf9fcf55c43a0a1f, /6700c81ddda2423fcf9fcf55c43a0a1f/61e54686/video/tos/useast2a/tos-useast2a-ve-0068c003/c82291f2f7744bbabb097f3a38918c6a/?a=1233&br=666&bt=333&cd=0%7C0%7C0&ch=0&cr=3&cs=2&cv=1&dr=0&ds=6&er=&ft=c~.Zm4L-gXoInz7T&l=20220117043544010113006043175DA03D&lr=all&mime_type=video_mp4&net=0&pl=0&qs=4&rc=anVseHJvbmdtdTMzZjczM0ApZWc2M2g4PDs6N2g5ZDdkaWdwNDYwcnM0L3BfLS0yMTZzczE1MmBgYDNfYDYuMWM2YTE6Yw%3D%3D&vl=&vr=
video/mp4, bytesbytes 1024000-1754558/1754559, 1642394194.9451122, 1642394194.9467108, 1642394195.0305934, 1642394196.6691809, v16m.tiktokcdn-us.com, 5ae4b7d67ebb14f90fee4c6544dc98e8, /5ae4b7d67ebb14f90fee4c6544dc98e8/61e54691/video/tos/useast2a/tos-useast2a-pve-0068/28e9383b8a8843d19cdf71afb36ba310/?a=1233&br=1538&bt=769&cd=0%7C0%7C0&ch=0&cr=3&cs=2&cv=1&dr=0&ds=3&er=&ft=c~.Zm4L-gXoInz7T&l=20220117043544010113006043175DA03D&lr=all&mime_type=video_mp4&net=0&pl=0&qs=14&rc=anZ3NmhraW1tNDMzNzczM0ApZGQ8ZzZkNDxkN2QzNzg7ZWdubmg0Ml9oYGhgLS1kMTZzczYyYV8zNS0vMC9hX2M1Y2E6Yw%3D%3D&vl=&vr=
video/mp4, bytesbytes 1024000-1181631/1181632, 1642394199.5623133, 1642394199.5662918, 1642394199.6533978, 1642394199.870126, v16m.tiktokcdn-us.com, 24afd28d067bd6da6f5e87233503be3d, /24afd28d067bd6da6f5e87233503be3d/61e54690/video/tos/useast2a/tos-useast2a-pve-0068/353eea5c512a4e96bf4aed8f1a7c9fe9/?a=1233&br=1108&bt=554&cd=0%7C0%7C0&ch=0&cr=3&cs=2&cv=1&dr=0&ds=3&er=&ft=c~.Zm4L-gXoInz7T&l=20220117043544010113006043175DA03D&lr=all&mime_type=video_mp4&net=0&pl=0&qs=14&rc=MzZ4bjQ6ZmtoNzMzNzczM0ApODc0NGk0NmVlN2Q7OjczM2c0MGRjcjQwci9gLS1kMTZzcy8tMWFiYS5fMzIyNTUxXy06Yw%3D%3D&vl=&vr=
video/mp4, bytesbytes 0-1024000/1412515, 1642394200.0996857, 1642394200.1041954, 1642394200.1316864, 1642394201.4650066, v16m.tiktokcdn-us.com, 3be870356290db3be4e175131c4522ea, /3be870356290db3be4e175131c4522ea/61e54694/video/tos/useast2a/tos-useast2a-ve-0068c003/b2a74e92317c41a98ff396e61f505581/?a=1233&br=1092&bt=546&cd=0%7C0%7C0&ch=0&cr=3&cs=2&cv=1&dr=0&ds=6&er=&ft=c~.Zm4L-gXoInz7T&l=20220117043544010113006043175DA03D&lr=all&mime_type=video_mp4&net=0&pl=0&qs=5&rc=MzhxNTo7OmluNTMzNzczM0ApaDNlODRpZzszNzc3NDk2NWdqYzQ1Z2RibzBgLS1kMTZzc2JjMmItYy5fLi9gY2EyM2A6Yw%3D%3D&vl=&vr=
video/mp4, bytesbytes 1024000-3653699/3653700, 1642394202.8619983, 1642394202.86608, 1642394202.926602, 1642394205.8189752, v16m.tiktokcdn-us.com, 9ca6e85bf347318ebb36c4c676d88e74, /9ca6e85bf347318ebb36c4c676d88e74/61e546b2/video/tos/useast2a/tos-useast2a-ve-0068c001/5bc95ee24c964e9b933f7770c02b2951/?a=1233&br=1136&bt=568&cd=0%7C0%7C0&ch=0&cr=3&cs=2&cv=1&dr=0&ds=6&er=&ft=c~.Zm4L-gXoInz7T&l=20220117043544010113006043175DA03D&lr=all&mime_type=video_mp4&net=0&pl=0&qs=5&rc=M2plODQ6ZjllNjMzNzczM0ApNWUzOGQ7NTw4Nzg8ZWU8O2drLmJucjQwLnBgLS1kMTZzczBjNjQvMDZeYS8xNGEvMDA6Yw%3D%3D&vl=&vr=
video/mp4, bytesbytes 1024000-1492686/1492687, 1642394216.6531005, 1642394216.6553273, 1642394216.709197, 1642394217.4375448, v16m.tiktokcdn-us.com, 87d23b4a9ca6bbb819d2e85e51ca0026, /87d23b4a9ca6bbb819d2e85e51ca0026/61e54697/video/tos/useast2a/tos-useast2a-ve-0068c004/02c11bae6e0c4bbaa3a6e4b386e22249/?a=1233&br=980&bt=490&cd=0%7C0%7C0&ch=0&cr=3&cs=2&cv=1&dr=0&ds=6&er=&ft=c~.Zm4L-gXoInz7T&l=20220117043544010113006043175DA03D&lr=all&mime_type=video_mp4&net=0&pl=0&qs=4&rc=amQ1NTN2aDpmNjMzNzczM0ApNmg5OTw2ODtnNzhoO2RlNWc0LmVxZWpmNjBgLS1kMTZzczQyLy8wYjAyLl9jL2JjXjQ6Yw%3D%3D&vl=&vr=
video/mp4, bytesbytes 0-1024000/1093114, 1642394217.9660833, 1642394217.9674113, 1642394217.980891, 1642394218.8305051, v19.tiktokcdn-us.com, d1fb1cb3b9f0b0ecd8b63d4960708762, /d1fb1cb3b9f0b0ecd8b63d4960708762/61e546da/video/tos/useast2a/tos-useast2a-ve-0068c004/ebeda0edfad943b88c11b94bd99d0786/?a=1233&br=976&bt=488&cd=0%7C0%7C0&ch=0&cr=3&cs=2&cv=1&dr=0&ds=3&er=&ft=c~.Zm4L-gXoInz7T&l=202201170436560101131351760E67E7E1&lr=all&mime_type=video_mp4&net=0&pl=0&qs=14&rc=amo3a2g6ZnJoNzMzNzczM0ApNGhpNzppNmQ2NzRoNGk0OWcvb2IzcjRfZzBgLS1kMTZzczM1YzIvYWIzYC5iM2AvYDE6Yw%3D%3D&vl=&vr=
video/mp4, bytesbytes 0-1024000/2492421, 1642394219.4239578, 1642394219.4248629, 1642394219.4702127, 1642394222.396091, v19.tiktokcdn-us.com, 4a47cd55dffbd69b01ecb79e7369eb28, /4a47cd55dffbd69b01ecb79e7369eb28/61e546f0/video/tos/useast2a/tos-useast2a-pve-0068/85f26dad7c324228908ebbb101ade411/?a=1233&br=978&bt=489&cd=0%7C0%7C0&ch=0&cr=3&cs=2&cv=1&dr=0&ds=6&er=&ft=c~.Zm4L-gXoInz7T&l=202201170436560101131351760E67E7E1&lr=all&mime_type=video_mp4&net=0&pl=0&qs=5&rc=am5zdDw6ZmhqNjMzNzczM0ApOWRnZ2k2NmU0NzRoaGg5O2dtNGtncjRnb2hgLS1kMTZzczQxYF81MjRgM18wNjAxYV86Yw%3D%3D&vl=&vr=
video/mp4, bytesbytes 0-1024000/1130687, 1642394222.9563324, 1642394222.9576664, 1642394222.9930964, 1642394225.1747944, v19.tiktokcdn-us.com, 21de76de7defb6b30b051520e3b6fb87, /21de76de7defb6b30b051520e3b6fb87/61e546d8/video/tos/useast2a/tos-useast2a-ve-0068c004/4dd3485cb1714c11939fbdd0790ecb0f/?a=1233&br=1160&bt=580&cd=0%7C0%7C0&ch=0&cr=3&cs=2&cv=1&dr=0&ds=6&er=&ft=c~.Zm4L-gXoInz7T&l=202201170436560101131351760E67E7E1&lr=all&mime_type=video_mp4&net=0&pl=0&qs=5&rc=MzlqN214NThwNTMzNzczM0ApNmQ5PGZnO2Q8N2VoN2ZkM2cubjNkcWZyam5gLS1kMTZzc2MyYTY2Yy4yLjYyXzMvMDA6Yw%3D%3D&vl=&vr=
video/mp4, bytesbytes 0-557503/557504, 1642394240.8422413, 1642394240.850284, 1642394240.872912, 1642394241.692097, v19.tiktokcdn-us.com, a8890dd2b1d079cf714be8f4d27bda27, /a8890dd2b1d079cf714be8f4d27bda27/61e546d3/video/tos/useast2a/tos-useast2a-ve-0068c002/3b04e783681a450b960ddb8446dd3c3b/?a=1233&br=814&bt=407&cd=0%7C0%7C0&ch=0&cr=3&cs=2&cv=1&dr=0&ds=6&er=&ft=c~.Zm4L-gXoInz7T&l=202201170436560101131351760E67E7E1&lr=all&mime_type=video_mp4&net=0&pl=0&qs=4&rc=am53bnBmZ2Z2NDMzNzczM0ApOzU6ZGhlOmQ0Nzk6NmU2ZWduZmtiZy5pNG5gLS1kMTZzc18wMl9fNTAuMF9eMmMvNC06Yw%3D%3D&vl=&vr=
video/mp4, bytesbytes 1024000-1412514/1412515, 1642394247.7194662, 1642394247.7217128, 1642394247.770457, 1642394248.799828, v16m.tiktokcdn-us.com, 3be870356290db3be4e175131c4522ea, /3be870356290db3be4e175131c4522ea/61e54694/video/tos/useast2a/tos-useast2a-ve-0068c003/b2a74e92317c41a98ff396e61f505581/?a=1233&br=1092&bt=546&cd=0%7C0%7C0&ch=0&cr=3&cs=2&cv=1&dr=0&ds=6&er=&ft=c~.Zm4L-gXoInz7T&l=20220117043544010113006043175DA03D&lr=all&mime_type=video_mp4&net=0&pl=0&qs=5&rc=MzhxNTo7OmluNTMzNzczM0ApaDNlODRpZzszNzc3NDk2NWdqYzQ1Z2RibzBgLS1kMTZzc2JjMmItYy5fLi9gY2EyM2A6Yw%3D%3D&vl=&vr=
video/mp4, bytesbytes 0-1024000/2121440, 1642394249.1237273, 1642394249.141886, 1642394249.1786942, 1642394250.0431738, v19.tiktokcdn-us.com, 2d3a45f8e153fe1f7da923c6ac84b3cf, /2d3a45f8e153fe1f7da923c6ac84b3cf/61e546de/video/tos/useast2a/tos-useast2a-pve-0068/bce660f83b4044319aeab83ae5a264f6/?a=1233&br=1562&bt=781&cd=0%7C0%7C0&ch=0&cr=3&cs=2&cv=1&dr=0&ds=6&er=&ft=c~.Zm4L-gXoInz7T&l=202201170436560101131351760E67E7E1&lr=all&mime_type=video_mp4&net=0&pl=0&qs=5&rc=ajtwaW9vZGt5NTMzNzczM0ApMzo0ZTNlNWQ4N2Y4Zjg5Z2djaTZlczNkM2dgLS1kMTZzc2A2MC4wYy9iYTQtMmBjNl46Yw%3D%3D&vl=&vr=
video/mp4, bytesbytes 1024000-1093113/1093114, 1642394254.5321143, 1642394254.5345654, 1642394254.5485802, 1642394254.6835885, v19.tiktokcdn-us.com, d1fb1cb3b9f0b0ecd8b63d4960708762, /d1fb1cb3b9f0b0ecd8b63d4960708762/61e546da/video/tos/useast2a/tos-useast2a-ve-0068c004/ebeda0edfad943b88c11b94bd99d0786/?a=1233&br=976&bt=488&cd=0%7C0%7C0&ch=0&cr=3&cs=2&cv=1&dr=0&ds=3&er=&ft=c~.Zm4L-gXoInz7T&l=202201170436560101131351760E67E7E1&lr=all&mime_type=video_mp4&net=0&pl=0&qs=14&rc=amo3a2g6ZnJoNzMzNzczM0ApNGhpNzppNmQ2NzRoNGk0OWcvb2IzcjRfZzBgLS1kMTZzczM1YzIvYWIzYC5iM2AvYDE6Yw%3D%3D&vl=&vr=
video/mp4, bytesbytes 0-829414/829415, 1642394254.8251173, 1642394254.8281267, 1642394254.8479936, 1642394256.6284134, v19.tiktokcdn-us.com, ebd59d32955a94c8f55fe4a34b18a811, /ebd59d32955a94c8f55fe4a34b18a811/61e546d4/video/tos/useast5/tos-useast5-ve-0068c001-tx/a5750ac544c0489d9dc41c02107a19b2/?a=1233&br=1100&bt=550&cd=0%7C0%7C0&ch=0&cr=3&cs=2&cv=1&dr=0&ds=6&er=&ft=c~.Zm4L-gXoInz7T&l=202201170436560101131351760E67E7E1&lr=all&mime_type=video_mp4&net=0&pl=0&qs=11&rc=M29saWg6ZjczOjMzZzczNEApODk4NDs5O2VlNzY3aDszaGcyNGBocjRfX2FgLS1kMS9zczRgMTRhNDA1NC1jYzNiMy86Yw%3D%3D&vl=&vr=
video/mp4, bytesbytes 1024000-2492420/2492421, 1642394263.1310158, 1642394263.1329472, 1642394263.1432202, 1642394264.3268907, v19.tiktokcdn-us.com, 4a47cd55dffbd69b01ecb79e7369eb28, /4a47cd55dffbd69b01ecb79e7369eb28/61e546f0/video/tos/useast2a/tos-useast2a-pve-0068/85f26dad7c324228908ebbb101ade411/?a=1233&br=978&bt=489&cd=0%7C0%7C0&ch=0&cr=3&cs=2&cv=1&dr=0&ds=6&er=&ft=c~.Zm4L-gXoInz7T&l=202201170436560101131351760E67E7E1&lr=all&mime_type=video_mp4&net=0&pl=0&qs=5&rc=am5zdDw6ZmhqNjMzNzczM0ApOWRnZ2k2NmU0NzRoaGg5O2dtNGtncjRnb2hgLS1kMTZzczQxYF81MjRgM18wNjAxYV86Yw%3D%3D&vl=&vr=
video/mp4, bytesbytes 0-1024000/1069291, 1642394264.9743202, 1642394264.9753654, 1642394264.9848528, 1642394265.7201388, v19.tiktokcdn-us.com, cf063248e53f6a836eb02caebe38e0fd, /cf063248e53f6a836eb02caebe38e0fd/61e546e2/video/tos/alisg/tos-alisg-pve-0037c001/4a0a9e195fa24116ac3ca1661083a252/?a=1233&br=658&bt=329&cd=0%7C0%7C0&ch=0&cr=3&cs=2&cv=1&dr=0&ds=6&er=&ft=c~.Zm4L-gXoInz7T&l=202201170436560101131351760E67E7E1&lr=all&mime_type=video_mp4&net=0&pl=0&qs=4&rc=ajY3Njk6ZmU2OTMzODczNEApaDZmNjs7NWQ0NzlmM2g2ZGdsb25ucjRvM2BgLS1kMS1zczQ0MC9jNC5jMWMzNmMtLy46Yw%3D%3D&vl=&vr=
video/mp4, bytesbytes 1024000-1130686/1130687, 1642394291.0872567, 1642394291.08822, 1642394291.1047266, 1642394291.357601, v19.tiktokcdn-us.com, 21de76de7defb6b30b051520e3b6fb87, /21de76de7defb6b30b051520e3b6fb87/61e546d8/video/tos/useast2a/tos-useast2a-ve-0068c004/4dd3485cb1714c11939fbdd0790ecb0f/?a=1233&br=1160&bt=580&cd=0%7C0%7C0&ch=0&cr=3&cs=2&cv=1&dr=0&ds=6&er=&ft=c~.Zm4L-gXoInz7T&l=202201170436560101131351760E67E7E1&lr=all&mime_type=video_mp4&net=0&pl=0&qs=5&rc=MzlqN214NThwNTMzNzczM0ApNmQ5PGZnO2Q8N2VoN2ZkM2cubjNkcWZyam5gLS1kMTZzc2MyYTY2Yy4yLjYyXzMvMDA6Yw%3D%3D&vl=&vr=
video/mp4, bytesbytes 0-875044/875045, 1642394291.4797363, 1642394291.4814832, 1642394291.4946163, 1642394292.2195141, v19.tiktokcdn-us.com, c014e615b5447da5ecbc467eed8f567d, /c014e615b5447da5ecbc467eed8f567d/61e546d7/video/tos/useast5/tos-useast5-ve-0068c002-tx/0aa462b0cc9e4571a40dc25f2481c9e5/?a=1233&br=906&bt=453&cd=0%7C0%7C0&ch=0&cr=3&cs=2&cv=1&dr=0&ds=6&er=&ft=c~.Zm4L-gXoInz7T&l=202201170436560101131351760E67E7E1&lr=all&mime_type=video_mp4&net=0&pl=0&qs=4&rc=amkzdjo6ZnY6OjMzZzczNEApOTdkZzQ4NGQ8NzY3aWRnO2doXnNtcjRnNTVgLS1kMS9zcy5jLy8tYTA0NmMxMzY2LS86Yw%3D%3D&vl=&vr=
video/mp4, bytesbytes 1024000-2121439/2121440, 1642394293.3817923, 1642394293.3896625, 1642394293.4064531, 1642394294.219989, v19.tiktokcdn-us.com, 2d3a45f8e153fe1f7da923c6ac84b3cf, /2d3a45f8e153fe1f7da923c6ac84b3cf/61e546de/video/tos/useast2a/tos-useast2a-pve-0068/bce660f83b4044319aeab83ae5a264f6/?a=1233&br=1562&bt=781&cd=0%7C0%7C0&ch=0&cr=3&cs=2&cv=1&dr=0&ds=6&er=&ft=c~.Zm4L-gXoInz7T&l=202201170436560101131351760E67E7E1&lr=all&mime_type=video_mp4&net=0&pl=0&qs=5&rc=ajtwaW9vZGt5NTMzNzczM0ApMzo0ZTNlNWQ4N2Y4Zjg5Z2djaTZlczNkM2dgLS1kMTZzc2A2MC4wYy9iYTQtMmBjNl46Yw%3D%3D&vl=&vr=
video/mp4, bytesbytes 0-1024000/1418000, 1642394294.674609, 1642394294.6758478, 1642394294.6851428, 1642394295.4306777, v19.tiktokcdn-us.com, e0130070e71da4643e2d94a61135a7ae, /e0130070e71da4643e2d94a61135a7ae/61e546d8/video/tos/useast2a/tos-useast2a-pve-0068/1a4eb2b04b464350bb484bfe194ad9cb/?a=1233&br=1436&bt=718&cd=0%7C0%7C0&ch=0&cr=3&cs=2&cv=1&dr=0&ds=3&er=&ft=c~.Zm4L-gXoInz7T&l=202201170436560101131351760E67E7E1&lr=all&mime_type=video_mp4&net=0&pl=0&qs=14&rc=ajo6ZzZyOmt2dDMzNzczM0ApZGkzNmk6MzszNzs8NGRlOGdfbmYzbDAvYzBfLS1jMTZzczEyLy9fMDFjMWBiXmFjM2A6Yw%3D%3D&vl=&vr=
video/mp4, bytesbytes 0-558138/558139, 1642394295.7921274, 1642394295.7938647, 1642394295.8239563, 1642394296.2287006, v19.tiktokcdn-us.com, d562a8818cc8f425967f720cf4cf4837, /d562a8818cc8f425967f720cf4cf4837/61e546d1/video/tos/useast2a/tos-useast2a-pve-0068/060bd750fbeb462c8e674263b1a14cc8/?a=1233&br=1054&bt=527&cd=0%7C0%7C0&ch=0&cr=3&cs=2&cv=1&dr=0&ds=3&er=&ft=c~.Zm4L-gXoInz7T&l=202201170436560101131351760E67E7E1&lr=all&mime_type=video_mp4&net=0&pl=0&qs=14&rc=ajlncnh0bXY7NTMzNzczM0ApPDs8Nzk0ZmVmN2c3M2lkO2deNjU1MjFhZl5gLS1kMTZzcy8uXjMtYTJiX2BjMjIuNjQ6Yw%3D%3D&vl=&vr=
video/mp4, bytesbytes 1024000-1069290/1069291, 1642394306.32259, 1642394306.3246276, 1642394306.4372146, 1642394306.480739, v19.tiktokcdn-us.com, cf063248e53f6a836eb02caebe38e0fd, /cf063248e53f6a836eb02caebe38e0fd/61e546e2/video/tos/alisg/tos-alisg-pve-0037c001/4a0a9e195fa24116ac3ca1661083a252/?a=1233&br=658&bt=329&cd=0%7C0%7C0&ch=0&cr=3&cs=2&cv=1&dr=0&ds=6&er=&ft=c~.Zm4L-gXoInz7T&l=202201170436560101131351760E67E7E1&lr=all&mime_type=video_mp4&net=0&pl=0&qs=4&rc=ajY3Njk6ZmU2OTMzODczNEApaDZmNjs7NWQ0NzlmM2g2ZGdsb25ucjRvM2BgLS1kMS1zczQ0MC9jNC5jMWMzNmMtLy46Yw%3D%3D&vl=&vr=
video/mp4, bytesbytes 1024000-1417999/1418000, 1642394347.2961254, 1642394347.2974296, 1642394347.309497, 1642394347.640103, v19.tiktokcdn-us.com, e0130070e71da4643e2d94a61135a7ae, /e0130070e71da4643e2d94a61135a7ae/61e546d8/video/tos/useast2a/tos-useast2a-pve-0068/1a4eb2b04b464350bb484bfe194ad9cb/?a=1233&br=1436&bt=718&cd=0%7C0%7C0&ch=0&cr=3&cs=2&cv=1&dr=0&ds=3&er=&ft=c~.Zm4L-gXoInz7T&l=202201170436560101131351760E67E7E1&lr=all&mime_type=video_mp4&net=0&pl=0&qs=14&rc=ajo6ZzZyOmt2dDMzNzczM0ApZGkzNmk6MzszNzs8NGRlOGdfbmYzbDAvYzBfLS1jMTZzczEyLy9fMDFjMWBiXmFjM2A6Yw%3D%3D&vl=&vr=
video/mp4, bytesbytes 0-572369/572370, 1642394348.022761, 1642394348.0234997, 1642394348.042488, 1642394348.4788845, v39.tiktokcdn-us.com, 5e154940dea117ad44a96bea5bfdca78, /5e154940dea117ad44a96bea5bfdca78/61e54743/video/tos/useast2a/tos-useast2a-ve-0068c002/9a2794aa230541308cc5eca4e5bafa23/?a=1233&br=1170&bt=585&cd=0%7C0%7C0&ch=0&cr=3&cs=2&cv=1&dr=0&ds=3&er=&ft=c~.Zm4L-gXoInz7T&l=2022011704385201011300606200564DE7&lr=all&mime_type=video_mp4&net=0&pl=0&qs=14&rc=M3kzcms1NHd0NDMzOjczM0ApZGc7OjU6PGQ3Nzg4aTozZGc1a3NhbGowbDJgLS02MTZzcy82YjItMV9iLV8vYjEwNF86Yw%3D%3D&vl=&vr=
video/mp4, bytesbytes 0-1024000/1219030, 1642394348.7656705, 1642394348.767244, 1642394348.8063185, 1642394349.7265675, v39.tiktokcdn-us.com, 003573f83905b6a2d517a904080ab257, /003573f83905b6a2d517a904080ab257/61e5474a/video/tos/useast2a/tos-useast2a-ve-0068c004/634f17cf046d4f1ea70aa47fb2057d65/?a=1233&br=1274&bt=637&cd=0%7C0%7C0&ch=0&cr=3&cs=2&cv=1&dr=0&ds=6&er=&ft=c~.Zm4L-gXoInz7T&l=2022011704385201011300606200564DE7&lr=all&mime_type=video_mp4&net=0&pl=0&qs=4&rc=ajhkeTtyNjM1NDMzNzczM0ApMzk8aTU5NmQ4NzM5Njk2aWcvamRjNGE2LmtgLS1kMTZzczMwYC9jYWIuXy9iMGMzNS86Yw%3D%3D&vl=&vr=
video/mp4, bytesbytes 0-1024000/2075918, 1642394350.1720135, 1642394350.1741385, 1642394350.198509, 1642394351.3532324, v39.tiktokcdn-us.com, 87bf390f518dbb6a2ccba232bd28c4f2, /87bf390f518dbb6a2ccba232bd28c4f2/61e54750/video/tos/useast2a/tos-useast2a-ve-0068c004/9022c2054809424bb750f349852e89c3/?a=1233&br=1552&bt=776&cd=0%7C0%7C0&ch=0&cr=3&cs=2&cv=1&dr=0&ds=6&er=&ft=c~.Zm4L-gXoInz7T&l=2022011704385201011300606200564DE7&lr=all&mime_type=video_mp4&net=0&pl=0&qs=4&rc=anZ0aGhoNG0zNTMzNzczM0ApaDdnaWRlPGQ8N2Y1NzRlZmcvbGZhM3BoLm5gLS1kMTZzcy8yXzJiL14yL2JgXmJgYTY6Yw%3D%3D&vl=&vr=
video/mp4, bytesbytes 0-702867/702868, 1642394351.7511532, 1642394351.753157, 1642394351.787957, 1642394352.2540112, v39.tiktokcdn-us.com, 165679795d279bb1dc42ec3c149a70f3, /165679795d279bb1dc42ec3c149a70f3/61e54743/video/tos/alisg/tos-alisg-pve-0037c001/202e295a089748c1b884ab25998a2b3a/?a=1233&br=1366&bt=683&cd=0%7C0%7C0&ch=0&cr=3&cs=2&cv=1&dr=0&ds=6&er=&ft=c~.Zm4L-gXoInz7T&l=2022011704385201011300606200564DE7&lr=all&mime_type=video_mp4&net=0&pl=0&qs=11&rc=MzQzPHNnNjg8NDMzNTczM0ApOTk5aGRlOjw6Nzg7NTxnZmdnYW5ibTJwcjZgLS0xMTRzczZfMTZjMGEyYDA0LmJfMWM6Yw%3D%3D&vl=&vr=
video/mp4, bytesbytes 1024000-1219029/1219030, 1642394352.8025239, 1642394352.8044004, 1642394352.8230343, 1642394352.9698236, v39.tiktokcdn-us.com, 003573f83905b6a2d517a904080ab257, /003573f83905b6a2d517a904080ab257/61e5474a/video/tos/useast2a/tos-useast2a-ve-0068c004/634f17cf046d4f1ea70aa47fb2057d65/?a=1233&br=1274&bt=637&cd=0%7C0%7C0&ch=0&cr=3&cs=2&cv=1&dr=0&ds=6&er=&ft=c~.Zm4L-gXoInz7T&l=2022011704385201011300606200564DE7&lr=all&mime_type=video_mp4&net=0&pl=0&qs=4&rc=ajhkeTtyNjM1NDMzNzczM0ApMzk8aTU5NmQ4NzM5Njk2aWcvamRjNGE2LmtgLS1kMTZzczMwYC9jYWIuXy9iMGMzNS86Yw%3D%3D&vl=&vr=
video/mp4, bytesbytes 1024000-2075917/2075918, 1642394353.4600053, 1642394353.470111, 1642394353.488172, 1642394354.2001877, v39.tiktokcdn-us.com, 87bf390f518dbb6a2ccba232bd28c4f2, /87bf390f518dbb6a2ccba232bd28c4f2/61e54750/video/tos/useast2a/tos-useast2a-ve-0068c004/9022c2054809424bb750f349852e89c3/?a=1233&br=1552&bt=776&cd=0%7C0%7C0&ch=0&cr=3&cs=2&cv=1&dr=0&ds=6&er=&ft=c~.Zm4L-gXoInz7T&l=2022011704385201011300606200564DE7&lr=all&mime_type=video_mp4&net=0&pl=0&qs=4&rc=anZ0aGhoNG0zNTMzNzczM0ApaDdnaWRlPGQ8N2Y1NzRlZmcvbGZhM3BoLm5gLS1kMTZzcy8yXzJiL14yL2JgXmJgYTY6Yw%3D%3D&vl=&vr=
video/mp4, bytesbytes 0-1024000/1143962, 1642394354.6780703, 1642394354.679354, 1642394354.7243361, 1642394357.1920013, v39.tiktokcdn-us.com, e036b2f465313c3c45d3a281e1315d33, /e036b2f465313c3c45d3a281e1315d33/61e5474a/video/tos/useast2a/tos-useast2a-pve-0068/b637ca2b83ce47c2ac2e48d883388487/?a=1233&br=1258&bt=629&cd=0%7C0%7C0&ch=0&cr=3&cs=2&cv=1&dr=0&ds=6&er=&ft=c~.Zm4L-gXoInz7T&l=2022011704385201011300606200564DE7&lr=all&mime_type=video_mp4&net=0&pl=0&qs=11&rc=MzRoaGV1czhxMzMzZzczM0ApZjM0ZztmOmRnN2ZkOjw4PGcvZDQxcDU1ZW5gLS1eMTZzczRgYWE1MzNeLjYxXmFgMWA6Yw%3D%3D&vl=&vr=
video/mp4, bytesbytes 0-599629/599630, 1642394357.7513776, 1642394357.7530503, 1642394357.7730198, 1642394358.2148714, v39.tiktokcdn-us.com, 8c6501d91bd2cbed07bd1dd44c281d6f, /8c6501d91bd2cbed07bd1dd44c281d6f/61e54743/video/tos/useast2a/tos-useast2a-ve-0068c004/53037072e7ea46719f71503983e53896/?a=1233&br=1180&bt=590&cd=0%7C0%7C0&ch=0&cr=3&cs=2&cv=1&dr=0&ds=3&er=&ft=c~.Zm4L-gXoInz7T&l=2022011704385201011300606200564DE7&lr=all&mime_type=video_mp4&net=0&pl=0&qs=14&rc=M2dvcmg6ZmZtOTMzNzczM0ApNWg6aWY2aGU8NzdpOWc7OWdsaGEucjRvZV9gLS1kMTZzc15hLjIzXmIxNWNeYjUwYGA6Yw%3D%3D&vl=&vr=
video/mp4, bytesbytes 0-473870/473871, 1642394358.572953, 1642394358.573871, 1642394358.590176, 1642394358.9411838, v39.tiktokcdn-us.com, ad0a720f6b9d06055fe78d40bca43002, /ad0a720f6b9d06055fe78d40bca43002/61e54740/video/tos/useast2a/tos-useast2a-ve-0068c004/e99cb9d5a11d4ac7a496622b02f8a9ad/?a=1233&br=1476&bt=738&cd=0%7C0%7C0&ch=0&cr=3&cs=0&dr=0&ds=2&er=&ft=c~.Zm4L-gXoInz7T&l=2022011704385201011300606200564DE7&lr=all&mime_type=video_mp4&net=0&pl=0&qs=0&rc=MzN1NmdkcnU2NTMzNzczM0ApNjk0Z2c7Zzs4NzRmMzYzM2dwYmtrai5laXFgLS1kMTZzc2BiNV4zNTEyNjQ0XmEzMS86Yw%3D%3D&vl=&vr=
video/mp4, bytesbytes 0-1024000/1115179, 1642394359.2864838, 1642394359.2881281, 1642394359.3111198, 1642394360.1344988, v39.tiktokcdn-us.com, 22f76610d42e52d6f194b63ae3f5b87f, /22f76610d42e52d6f194b63ae3f5b87f/61e5474c/video/tos/useast2a/tos-useast2a-pve-0068/b7bce4a37804449f9d2183c5933ac52d/?a=1233&br=1022&bt=511&cd=0%7C0%7C0&ch=0&cr=3&cs=2&cv=1&dr=0&ds=6&er=&ft=c~.Zm4L-gXoInz7T&l=2022011704385201011300606200564DE7&lr=all&mime_type=video_mp4&net=0&pl=0&qs=5&rc=M2k6OHV0cm5yNjMzNzczM0ApOTU1N2lpNjtmNzo2NTc4aWdtcC01azE1bzZgLS1kMTZzc2I0LTI0YjI1LmA0Ni4xYS86Yw%3D%3D&vl=&vr=
video/mp4, bytesbytes 0-533647/533648, 1642394360.8232656, 1642394360.830782, 1642394360.855405, 1642394361.3038213, v39.tiktokcdn-us.com, 56013e02de1e20550566df304b32e780, /56013e02de1e20550566df304b32e780/61e54745/video/tos/useast2a/tos-useast2a-ve-0068c002/3de104e8920c42b783312742acf07bdb/?a=1233&br=872&bt=436&cd=0%7C0%7C0&ch=0&cr=3&cs=2&cv=1&dr=0&ds=6&er=&ft=c~.Zm4L-gXoInz7T&l=2022011704385201011300606200564DE7&lr=all&mime_type=video_mp4&net=0&pl=0&qs=4&rc=am52Zzs6ZndrNzMzNzczM0ApOGk2ZWU4Zzs1N2RoOmVpZ2dnZGk1cjQwXmxgLS1kMTZzczRgMWAyYmBeY2BhMWIxLl46Yw%3D%3D&vl=&vr=
video/mp4, bytesbytes 1024000-1143961/1143962, 1642394363.0736027, 1642394363.074595, 1642394363.0927606, 1642394363.187169, v39.tiktokcdn-us.com, e036b2f465313c3c45d3a281e1315d33, /e036b2f465313c3c45d3a281e1315d33/61e5474a/video/tos/useast2a/tos-useast2a-pve-0068/b637ca2b83ce47c2ac2e48d883388487/?a=1233&br=1258&bt=629&cd=0%7C0%7C0&ch=0&cr=3&cs=2&cv=1&dr=0&ds=6&er=&ft=c~.Zm4L-gXoInz7T&l=2022011704385201011300606200564DE7&lr=all&mime_type=video_mp4&net=0&pl=0&qs=11&rc=MzRoaGV1czhxMzMzZzczM0ApZjM0ZztmOmRnN2ZkOjw4PGcvZDQxcDU1ZW5gLS1eMTZzczRgYWE1MzNeLjYxXmFgMWA6Yw%3D%3D&vl=&vr=
video/mp4, bytesbytes 0-1024000/1492445, 1642394363.2937539, 1642394363.2947743, 1642394363.318636, 1642394364.137187, v39.tiktokcdn-us.com, 551a57794ed7e0be0b8aeaad317a4fc8, /551a57794ed7e0be0b8aeaad317a4fc8/61e5474f/video/tos/useast2a/tos-useast2a-ve-0068c001/c5de9ff6392249969411ec47d9e78136/?a=1233&br=1208&bt=604&cd=0%7C0%7C0&ch=0&cr=3&cs=2&cv=1&dr=0&ds=6&er=&ft=c~.Zm4L-gXoInz7T&l=2022011704385201011300606200564DE7&lr=all&mime_type=video_mp4&net=0&pl=0&qs=4&rc=ampneXc6ZTR3NTMzNzczM0ApPDo7OjtpZzs6N2Y8ZWdmZGdzLWgwNmMtNGNgLS1kMTZzc2M0NTU2MDUyYDExXmE2Y146Yw%3D%3D&vl=&vr=
video/mp4, bytesbytes 1024000-1115178/1115179, 1642394370.5505764, 1642394370.552193, 1642394370.5937684, 1642394370.8319018, v39.tiktokcdn-us.com, 22f76610d42e52d6f194b63ae3f5b87f, /22f76610d42e52d6f194b63ae3f5b87f/61e5474c/video/tos/useast2a/tos-useast2a-pve-0068/b7bce4a37804449f9d2183c5933ac52d/?a=1233&br=1022&bt=511&cd=0%7C0%7C0&ch=0&cr=3&cs=2&cv=1&dr=0&ds=6&er=&ft=c~.Zm4L-gXoInz7T&l=2022011704385201011300606200564DE7&lr=all&mime_type=video_mp4&net=0&pl=0&qs=5&rc=M2k6OHV0cm5yNjMzNzczM0ApOTU1N2lpNjtmNzo2NTc4aWdtcC01azE1bzZgLS1kMTZzc2I0LTI0YjI1LmA0Ni4xYS86Yw%3D%3D&vl=&vr=
video/mp4, bytes 0-265347/265348, 1642394375.0447855, 1642394375.0470917, 1642394375.1057715, 1642394375.3324947, v25.tiktokcdn-us.com, cf502ec7c21cf843a24a64dfe6a16320, /cf502ec7c21cf843a24a64dfe6a16320/61e5476a/video/tos/alisg/tos-alisg-pve-0037c001/88d0a2f0d8fd40f699e281a9c3b021f0/?a=1233&br=482&bt=241&cd=0%7C0%7C0&ch=0&cr=3&cs=2&cv=1&dr=0&ds=6&er=&ft=c~.Zm4L-gXoInz7T&l=20220117043930010113135043125DABF6&lr=all&mime_type=video_mp4&net=0&pl=0&qs=11&rc=ajdzOXE6bDNyMzMzODczM0ApNTk1aTU8OGRoNzdoM2Y5aWdgMzExMm9rcDRgLS0yMTRzcy0zMTEyXmAvYi81MzAxLWI6Yw%3D%3D&vl=&vr=
video/mp4, bytes 0-1024000/1696741, 1642394375.4664564, 1642394375.467559, 1642394375.6837645, 1642394376.5909226, v25.tiktokcdn-us.com, 569d2c42294b05f1831c92f5dd4e1f20, /569d2c42294b05f1831c92f5dd4e1f20/61e54775/video/tos/useast2a/tos-useast2a-ve-0068c003/f348836467bc49eaa857075d7c4a121e/?a=1233&br=1382&bt=691&cd=0%7C0%7C0&ch=0&cr=3&cs=2&cv=1&dr=0&ds=6&er=&ft=c~.Zm4L-gXoInz7T&l=20220117043930010113135043125DABF6&lr=all&mime_type=video_mp4&net=0&pl=0&qs=5&rc=anhwMzw6ZnRqNzMzNzczM0ApZmRlNzpnaGQ0NzloO2k6OWctZ2sycjQwLWpgLS1kMTZzczZeMzE0YWAzLTMuXi8xYWM6Yw%3D%3D&vl=&vr=
video/mp4, bytes 0-1024000/3512906, 1642394377.1043878, 1642394377.105789, 1642394377.134144, 1642394378.0300882, v25.tiktokcdn-us.com, 044b6d06cf6b763b4f482ecd58db2a9e, /044b6d06cf6b763b4f482ecd58db2a9e/61e5478a/video/tos/useast5/tos-useast5-ve-0068c001-tx/38bf562383a74abdb674e88e1fafda47/?a=1233&br=1342&bt=671&cd=0%7C0%7C0&ch=0&cr=3&cs=2&cv=1&dr=0&ds=6&er=&ft=c~.Zm4L-gXoInz7T&l=20220117043930010113135043125DABF6&lr=all&mime_type=video_mp4&net=0&pl=0&qs=11&rc=M3JsZGQ6Zjg5OjMzZzczNEApaDpoNTRlNzszNzU4OGg0OGdxY3BocjRfZTBgLS1kMS9zc18xMjItMTMtNjRgXzMwX2I6Yw%3D%3D&vl=&vr=
video/mp4, bytes 0-633979/633980, 1642394378.4074895, 1642394378.4087274, 1642394378.4434001, 1642394378.9942436, v25.tiktokcdn-us.com, 8856078f97f4dd711533e2abdf71a8ce, /8856078f97f4dd711533e2abdf71a8ce/61e54772/video/tos/useast5/tos-useast5-pve-0068-tx/f62e02f024c540c89a00998f535a6845/?a=1233&br=582&bt=291&cd=0%7C0%7C0&ch=0&cr=3&cs=2&cv=1&dr=0&ds=3&er=&ft=c~.Zm4L-gXoInz7T&l=20220117043930010113135043125DABF6&lr=all&mime_type=video_mp4&net=0&pl=0&qs=14&rc=anhtOmY6Zmo6OjMzZzczNEApOjM6NDc4aWRkNzVlODRpOWdybmZucjRfbTZgLS1kMS9zcy4vYmFhMV5jMzZeNjY1XjY6Yw%3D%3D&vl=&vr=
video/mp4, bytesbytes 1024000-1492444/1492445, 1642394384.7847214, 1642394384.789321, 1642394384.8293943, 1642394386.1063523, v39.tiktokcdn-us.com, 551a57794ed7e0be0b8aeaad317a4fc8, /551a57794ed7e0be0b8aeaad317a4fc8/61e5474f/video/tos/useast2a/tos-useast2a-ve-0068c001/c5de9ff6392249969411ec47d9e78136/?a=1233&br=1208&bt=604&cd=0%7C0%7C0&ch=0&cr=3&cs=2&cv=1&dr=0&ds=6&er=&ft=c~.Zm4L-gXoInz7T&l=2022011704385201011300606200564DE7&lr=all&mime_type=video_mp4&net=0&pl=0&qs=4&rc=ampneXc6ZTR3NTMzNzczM0ApPDo7OjtpZzs6N2Y8ZWdmZGdzLWgwNmMtNGNgLS1kMTZzc2M0NTU2MDUyYDExXmE2Y146Yw%3D%3D&vl=&vr=
video/mp4, bytes 0-1024000/1086827, 1642394386.424445, 1642394386.4260452, 1642394386.518735, 1642394387.3914826, v25.tiktokcdn-us.com, 91464fd68b2bfe66f4fff4520161de49, /91464fd68b2bfe66f4fff4520161de49/61e54772/video/tos/useast2a/tos-useast2a-ve-0068c001/295b332c110d4d928a200669b9671d6c/?a=1233&br=1022&bt=511&cd=0%7C0%7C0&ch=0&cr=3&cs=2&cv=1&dr=0&ds=6&er=&ft=c~.Zm4L-gXoInz7T&l=20220117043930010113135043125DABF6&lr=all&mime_type=video_mp4&net=0&pl=0&qs=4&rc=anA2NDg6Zmt2NzMzNzczM0ApPGc1Omg2ZWU3N2hmMzc4OWdhMXI2cjRfZy9gLS1kMTZzcy1eX14zLTUzYGNeYi9fNjE6Yw%3D%3D&vl=&vr=
video/mp4, bytes 0-517792/517793, 1642394404.3442848, 1642394404.3515825, 1642394404.3877497, 1642394404.8382192, v25.tiktokcdn-us.com, 2530e9e74346d288e486f871464219d8, /2530e9e74346d288e486f871464219d8/61e5476a/video/tos/useast2a/tos-useast2a-ve-0068c004/61ddc728cfd74da9806df42f9f1aa3a3/?a=1233&br=926&bt=463&cd=0%7C0%7C0&ch=0&cr=3&cs=2&cv=1&dr=0&ds=6&er=&ft=c~.Zm4L-gXoInz7T&l=20220117043930010113135043125DABF6&lr=all&mime_type=video_mp4&net=0&pl=0&qs=5&rc=amRzOzp5aHRneDMzPDczM0ApNzVmaTk2N2RoNzc7ZDQ3aWdyaGs0YWpnLWRfLS0zMTZzczJjNDMwXy1hYzVjYmA1Nl46Yw%3D%3D&vl=&vr=
video/mp4, bytes 1024000-1696740/1696741, 1642394404.994398, 1642394404.9965076, 1642394405.0300937, 1642394405.5601573, v25.tiktokcdn-us.com, 569d2c42294b05f1831c92f5dd4e1f20, /569d2c42294b05f1831c92f5dd4e1f20/61e54775/video/tos/useast2a/tos-useast2a-ve-0068c003/f348836467bc49eaa857075d7c4a121e/?a=1233&br=1382&bt=691&cd=0%7C0%7C0&ch=0&cr=3&cs=2&cv=1&dr=0&ds=6&er=&ft=c~.Zm4L-gXoInz7T&l=20220117043930010113135043125DABF6&lr=all&mime_type=video_mp4&net=0&pl=0&qs=5&rc=anhwMzw6ZnRqNzMzNzczM0ApZmRlNzpnaGQ0NzloO2k6OWctZ2sycjQwLWpgLS1kMTZzczZeMzE0YWAzLTMuXi8xYWM6Yw%3D%3D&vl=&vr=
video/mp4, bytes 0-517792/517793, 1642394405.8691597, 1642394405.8718204, 1642394405.9020977, 1642394406.2757468, v25.tiktokcdn-us.com, 2530e9e74346d288e486f871464219d8, /2530e9e74346d288e486f871464219d8/61e5476a/video/tos/useast2a/tos-useast2a-ve-0068c004/61ddc728cfd74da9806df42f9f1aa3a3/?a=1233&br=926&bt=463&cd=0%7C0%7C0&ch=0&cr=3&cs=2&cv=1&dr=0&ds=6&er=&ft=c~.Zm4L-gXoInz7T&l=20220117043930010113135043125DABF6&lr=all&mime_type=video_mp4&net=0&pl=0&qs=5&rc=amRzOzp5aHRneDMzPDczM0ApNzVmaTk2N2RoNzc7ZDQ3aWdyaGs0YWpnLWRfLS0zMTZzczJjNDMwXy1hYzVjYmA1Nl46Yw%3D%3D&vl=&vr=
video/mp4, bytes 0-1024000/1218626, 1642394406.5564797, 1642394406.5576699, 1642394406.6104436, 1642394407.6194525, v25.tiktokcdn-us.com, ebaff83614029a67431769dcc78981cd, /ebaff83614029a67431769dcc78981cd/61e54771/video/tos/useast2a/tos-useast2a-ve-0068c003/747444f35516410996c8d053f099c6cf/?a=1233&br=1246&bt=623&cd=0%7C0%7C0&ch=0&cr=3&cs=2&cv=1&dr=0&ds=6&er=&ft=c~.Zm4L-gXoInz7T&l=20220117043930010113135043125DABF6&lr=all&mime_type=video_mp4&net=0&pl=0&qs=4&rc=ajZ5OTtzbGo5NDMzNzczM0ApOmRmNzc0ZDs4NzszZ2RpZ2dqXjFga3NvY2tgLS1kMTZzczQzLTZjMV8uYS4wLmFgXjA6Yw%3D%3D&vl=&vr=
video/mp4, bytes 1024000-3512905/3512906, 1642394416.519178, 1642394416.5211425, 1642394416.5470147, 1642394418.3501782, v25.tiktokcdn-us.com, 044b6d06cf6b763b4f482ecd58db2a9e, /044b6d06cf6b763b4f482ecd58db2a9e/61e5478a/video/tos/useast5/tos-useast5-ve-0068c001-tx/38bf562383a74abdb674e88e1fafda47/?a=1233&br=1342&bt=671&cd=0%7C0%7C0&ch=0&cr=3&cs=2&cv=1&dr=0&ds=6&er=&ft=c~.Zm4L-gXoInz7T&l=20220117043930010113135043125DABF6&lr=all&mime_type=video_mp4&net=0&pl=0&qs=11&rc=M3JsZGQ6Zjg5OjMzZzczNEApaDpoNTRlNzszNzU4OGg0OGdxY3BocjRfZTBgLS1kMS9zc18xMjItMTMtNjRgXzMwX2I6Yw%3D%3D&vl=&vr=
video/mp4, bytes 0-693192/693193, 1642394418.6543987, 1642394418.662202, 1642394418.8076546, 1642394419.5667117, v25.tiktokcdn-us.com, dae6b1383fdd58639ab31420a6376bf6, /dae6b1383fdd58639ab31420a6376bf6/61e5476a/video/tos/useast2a/tos-useast2a-ve-0068c004/a9eb81410a7f48f794f98e82aae77edb/?a=1233&br=1254&bt=627&cd=0%7C0%7C0&ch=0&cr=3&cs=2&cv=1&dr=0&ds=6&er=&ft=c~.Zm4L-gXoInz7T&l=20220117043930010113135043125DABF6&lr=all&mime_type=video_mp4&net=0&pl=0&qs=5&rc=M3V0ZDxmOjtuNDMzMzczM0ApOmdmZGg3OGQ3N2VnZzQ5NWduZGVtNmVzMWRgLS02MTZzc2EyLi4xYmEuMzU1YzFeNWI6Yw%3D%3D&vl=&vr=
video/mp4, bytes 0-1024000/1215615, 1642394420.0815547, 1642394420.082808, 1642394420.1934671, 1642394421.469579, v25.tiktokcdn-us.com, c590d40b7c558e1e36db4cb49a66877f, /c590d40b7c558e1e36db4cb49a66877f/61e54771/video/tos/useast2a/tos-useast2a-pve-0068/c7fd5b4282c54119b97e1a44f00b8f4c/?a=1233&br=1220&bt=610&cd=0%7C0%7C0&ch=0&cr=3&cs=2&cv=1&dr=0&ds=6&er=&ft=c~.Zm4L-gXoInz7T&l=20220117043930010113135043125DABF6&lr=all&mime_type=video_mp4&net=0&pl=0&qs=4&rc=ajVyZzt5dGlreDMzZTczM0ApPGU1Z2U0NTs6NzQ8aWdnZWcuZWYxL3BuaDRfLS0wMTZzczBeY2ExMmNiXy5gLl8vNF86Yw%3D%3D&vl=&vr=
video/mp4, bytes 1024000-1086826/1086827, 1642394435.77904, 1642394435.7805107, 1642394435.8109488, 1642394435.8442125, v25.tiktokcdn-us.com, 91464fd68b2bfe66f4fff4520161de49, /91464fd68b2bfe66f4fff4520161de49/61e54772/video/tos/useast2a/tos-useast2a-ve-0068c001/295b332c110d4d928a200669b9671d6c/?a=1233&br=1022&bt=511&cd=0%7C0%7C0&ch=0&cr=3&cs=2&cv=1&dr=0&ds=6&er=&ft=c~.Zm4L-gXoInz7T&l=20220117043930010113135043125DABF6&lr=all&mime_type=video_mp4&net=0&pl=0&qs=4&rc=anA2NDg6Zmt2NzMzNzczM0ApPGc1Omg2ZWU3N2hmMzc4OWdhMXI2cjRfZy9gLS1kMTZzcy1eX14zLTUzYGNeYi9fNjE6Yw%3D%3D&vl=&vr=
video/mp4, bytes 0-1024000/1468106, 1642394435.9535317, 1642394435.9552333, 1642394436.0089543, 1642394436.7195797, v25.tiktokcdn-us.com, ce2a9115f02123cfc1b1cd6190995e22, /ce2a9115f02123cfc1b1cd6190995e22/61e54770/video/tos/useast2a/tos-useast2a-ve-0068c001/b21486bb7d81477baabd50d3c947dcf1/?a=1233&br=1530&bt=765&cd=0%7C0%7C0&ch=0&cr=3&cs=2&cv=1&dr=0&ds=6&er=&ft=c~.Zm4L-gXoInz7T&l=20220117043930010113135043125DABF6&lr=all&mime_type=video_mp4&net=0&pl=0&qs=5&rc=ajRwZTw7bGR2NjMzNzczM0ApaWhnOWZlO2U7N2ZoZDg5M2dvNmFvMXBvYGRgLS1kMTZzcy8xNmJfXzItNC42Yy5gXzQ6Yw%3D%3D&vl=&vr=
video/mp4, bytes 1024000-1218625/1218626, 1642394442.0276964, 1642394442.0289967, 1642394442.1300564, 1642394443.5117083, v25.tiktokcdn-us.com, ebaff83614029a67431769dcc78981cd, /ebaff83614029a67431769dcc78981cd/61e54771/video/tos/useast2a/tos-useast2a-ve-0068c003/747444f35516410996c8d053f099c6cf/?a=1233&br=1246&bt=623&cd=0%7C0%7C0&ch=0&cr=3&cs=2&cv=1&dr=0&ds=6&er=&ft=c~.Zm4L-gXoInz7T&l=20220117043930010113135043125DABF6&lr=all&mime_type=video_mp4&net=0&pl=0&qs=4&rc=ajZ5OTtzbGo5NDMzNzczM0ApOmRmNzc0ZDs4NzszZ2RpZ2dqXjFga3NvY2tgLS1kMTZzczQzLTZjMV8uYS4wLmFgXjA6Yw%3D%3D&vl=&vr=
video/mp4, bytes 1024000-1215614/1215615, 1642394458.9227824, 1642394458.9261827, 1642394458.9671655, 1642394459.2527595, v25.tiktokcdn-us.com, c590d40b7c558e1e36db4cb49a66877f, /c590d40b7c558e1e36db4cb49a66877f/61e54771/video/tos/useast2a/tos-useast2a-pve-0068/c7fd5b4282c54119b97e1a44f00b8f4c/?a=1233&br=1220&bt=610&cd=0%7C0%7C0&ch=0&cr=3&cs=2&cv=1&dr=0&ds=6&er=&ft=c~.Zm4L-gXoInz7T&l=20220117043930010113135043125DABF6&lr=all&mime_type=video_mp4&net=0&pl=0&qs=4&rc=ajVyZzt5dGlreDMzZTczM0ApPGU1Z2U0NTs6NzQ8aWdnZWcuZWYxL3BuaDRfLS0wMTZzczBeY2ExMmNiXy5gLl8vNF86Yw%3D%3D&vl=&vr=
video/mp4, bytesbytes 0-1024000/1385717, 1642394459.3733652, 1642394459.37465, 1642394459.3868556, 1642394460.32201, v19.tiktokcdn-us.com, b1921d43ed806ade068b832c993aceac, /b1921d43ed806ade068b832c993aceac/61e547cc/video/tos/useast2a/tos-useast2a-pve-0068/a27f7933c7584a20ab3fd6eb8b24a7cc/?a=1233&br=1110&bt=555&cd=0%7C0%7C0&ch=0&cr=3&cs=2&cv=1&dr=0&ds=6&er=&ft=c~.Zm4L-gXoInz7T&l=20220117044057010113135228125B82A6&lr=all&mime_type=video_mp4&net=0&pl=0&qs=11&rc=anU4aW94PDRpeDMzZzczM0ApZ2U2ZTU7ZDw5NzNoZDg5NGcyZmYtY2Znc2VfLS1jMTZzc2MxMmJeL2BeMzM2XmIvMTQ6Yw%3D%3D&vl=&vr=
video/mp4, bytesbytes 0-1024000/1595991, 1642394460.7692149, 1642394460.7712433, 1642394460.78535, 1642394461.5915453, v19.tiktokcdn-us.com, 5f31e2f508a3a7d3af17bb02caa4d3b6, /5f31e2f508a3a7d3af17bb02caa4d3b6/61e547cb/video/tos/useast2a/tos-useast2a-pve-0068/59f74a14d5854557a633d10b19cb8dd1/?a=1233&br=1324&bt=662&cd=0%7C0%7C0&ch=0&cr=3&cs=2&cv=1&dr=0&ds=6&er=&ft=c~.Zm4L-gXoInz7T&l=20220117044057010113135228125B82A6&lr=all&mime_type=video_mp4&net=0&pl=0&qs=4&rc=amxzNWg6Zm1pNzMzNzczM0ApZDo8MzxmZWVnN2g2MzQ0O2c0M2YzcjQwaWxgLS1kMTZzczQ2NWAzXzJiNDUvNjIuNjE6Yw%3D%3D&vl=&vr=
video/mp4, bytesbytes 0-419481/419482, 1642394461.959315, 1642394461.9605844, 1642394461.9762163, 1642394462.3013976, v19.tiktokcdn-us.com, bee9d7c966f6dae6940e541dc6b4d9f1, /bee9d7c966f6dae6940e541dc6b4d9f1/61e547bf/video/tos/useast2a/tos-useast2a-pve-0068/46543e7d809d430f8c7b431197bb09bf/?a=1233&br=916&bt=458&cd=0%7C0%7C0&ch=0&cr=3&cs=2&cv=1&dr=0&ds=6&er=&ft=c~.Zm4L-gXoInz7T&l=20220117044057010113135228125B82A6&lr=all&mime_type=video_mp4&net=0&pl=0&qs=4&rc=ajc1ZWQ6Zml1NjMzNzczM0ApNDs7OWhnaDtoNzlkOTk4aWdnai1lcjRfcWpgLS1kMTZzc2M0YGBiYF8tYmA2Y2EuL2M6Yw%3D%3D&vl=&vr=
video/mp4, bytesbytes 0-716769/716770, 1642394462.5020823, 1642394462.5041792, 1642394462.5176215, 1642394463.0668867, v19.tiktokcdn-us.com, ac611e316ac108d1507738700fa890e7, /ac611e316ac108d1507738700fa890e7/61e547c3/video/tos/useast2a/tos-useast2a-ve-0068c004/8ef5572352a949ec98150aec8025dd70/?a=1233&br=1038&bt=519&cd=0%7C0%7C0&ch=0&cr=3&cs=2&cv=1&dr=0&ds=6&er=&ft=c~.Zm4L-gXoInz7T&l=20220117044057010113135228125B82A6&lr=all&mime_type=video_mp4&net=0&pl=0&qs=11&rc=M3Fxczs6Zmc1NzMzNzczM0ApOWdkPDllaDtlNzs0aDdmNmdvNV4vcjRncjFgLS1kMTZzczFiXzQzNjU0NV9fLWBfXl86Yw%3D%3D&vl=&vr=
video/mp4, bytes 1024000-1468105/1468106, 1642394465.372174, 1642394465.373649, 1642394465.4043448, 1642394465.7847304, v25.tiktokcdn-us.com, ce2a9115f02123cfc1b1cd6190995e22, /ce2a9115f02123cfc1b1cd6190995e22/61e54770/video/tos/useast2a/tos-useast2a-ve-0068c001/b21486bb7d81477baabd50d3c947dcf1/?a=1233&br=1530&bt=765&cd=0%7C0%7C0&ch=0&cr=3&cs=2&cv=1&dr=0&ds=6&er=&ft=c~.Zm4L-gXoInz7T&l=20220117043930010113135043125DABF6&lr=all&mime_type=video_mp4&net=0&pl=0&qs=5&rc=ajRwZTw7bGR2NjMzNzczM0ApaWhnOWZlO2U7N2ZoZDg5M2dvNmFvMXBvYGRgLS1kMTZzcy8xNmJfXzItNC42Yy5gXzQ6Yw%3D%3D&vl=&vr=
video/mp4, bytesbytes 0-418386/418387, 1642394465.9872227, 1642394465.9881034, 1642394466.0003858, 1642394466.3512475, v19.tiktokcdn-us.com, f8f90870c6a8f9767f5bae6101ff7cd6, /f8f90870c6a8f9767f5bae6101ff7cd6/61e547c0/video/tos/maliva/tos-maliva-ve-0068c799-us/76d2b8ec07e045ac97babd32e7849b66/?a=1233&br=856&bt=428&cd=0%7C0%7C0&ch=0&cr=3&cs=2&cv=1&dr=0&ds=3&er=&ft=c~.Zm4L-gXoInz7T&l=20220117044057010113135228125B82A6&lr=all&mime_type=video_mp4&net=0&pl=0&qs=14&rc=anY1dmk6Zmk2OTMzZzczNEApNTM7PDplZDs3N2k3NTQ0NGdtbl8ycjQwNTFgLS1kMS9zcy1iMTNhMjVgXzFhX2MvNWI6Yw%3D%3D&vl=&vr=
video/mp4, bytesbytes 1024000-1385716/1385717, 1642394468.240676, 1642394468.2418447, 1642394468.2521493, 1642394468.596628, v19.tiktokcdn-us.com, b1921d43ed806ade068b832c993aceac, /b1921d43ed806ade068b832c993aceac/61e547cc/video/tos/useast2a/tos-useast2a-pve-0068/a27f7933c7584a20ab3fd6eb8b24a7cc/?a=1233&br=1110&bt=555&cd=0%7C0%7C0&ch=0&cr=3&cs=2&cv=1&dr=0&ds=6&er=&ft=c~.Zm4L-gXoInz7T&l=20220117044057010113135228125B82A6&lr=all&mime_type=video_mp4&net=0&pl=0&qs=11&rc=anU4aW94PDRpeDMzZzczM0ApZ2U2ZTU7ZDw5NzNoZDg5NGcyZmYtY2Znc2VfLS1jMTZzc2MxMmJeL2BeMzM2XmIvMTQ6Yw%3D%3D&vl=&vr=
video/mp4, bytesbytes 0-1024000/1589872, 1642394468.7865567, 1642394468.789129, 1642394468.8000813, 1642394469.5759797, v19.tiktokcdn-us.com, a910a7d988eb12580d86492c50223083, /a910a7d988eb12580d86492c50223083/61e547c5/video/tos/useast2a/tos-useast2a-ve-0068c003/91c724bf933b40f5903e337d94f8f6a7/?a=1233&br=1944&bt=972&cd=0%7C0%7C0&ch=0&cr=3&cs=2&cv=1&dr=0&ds=6&er=&ft=c~.Zm4L-gXoInz7T&l=20220117044057010113135228125B82A6&lr=all&mime_type=video_mp4&net=0&pl=0&qs=5&rc=M2VqbzM6ZmQ7NjMzNzczM0ApZGU1aGc7ZGU2NzhoZTNoZ2dkZGFncjRfaG9gLS1kMTZzcy4zYmA1MmE0NmEzLV8tYjQ6Yw%3D%3D&vl=&vr=
video/mp4, bytesbytes 1024000-1595990/1595991, 1642394487.9735878, 1642394487.9748333, 1642394487.9856818, 1642394488.644474, v19.tiktokcdn-us.com, 5f31e2f508a3a7d3af17bb02caa4d3b6, /5f31e2f508a3a7d3af17bb02caa4d3b6/61e547cb/video/tos/useast2a/tos-useast2a-pve-0068/59f74a14d5854557a633d10b19cb8dd1/?a=1233&br=1324&bt=662&cd=0%7C0%7C0&ch=0&cr=3&cs=2&cv=1&dr=0&ds=6&er=&ft=c~.Zm4L-gXoInz7T&l=20220117044057010113135228125B82A6&lr=all&mime_type=video_mp4&net=0&pl=0&qs=4&rc=amxzNWg6Zm1pNzMzNzczM0ApZDo8MzxmZWVnN2g2MzQ0O2c0M2YzcjQwaWxgLS1kMTZzczQ2NWAzXzJiNDUvNjIuNjE6Yw%3D%3D&vl=&vr=
video/mp4, bytesbytes 0-568988/568989, 1642394489.019451, 1642394489.0221877, 1642394489.0367193, 1642394489.5071266, v19.tiktokcdn-us.com, beb70e65ac8aba42cea3588a83836b7c, /beb70e65ac8aba42cea3588a83836b7c/61e547c4/video/tos/useast2a/tos-useast2a-pve-0068/0db5a52be4814ca482755ba7b47a0966/?a=1233&br=764&bt=382&cd=0%7C0%7C0&ch=0&cr=3&cs=2&cv=1&dr=0&ds=6&er=&ft=c~.Zm4L-gXoInz7T&l=20220117044057010113135228125B82A6&lr=all&mime_type=video_mp4&net=0&pl=0&qs=11&rc=M204cjw6Zm1zODMzNzgzM0ApZmZkOGdkaTs0NztmODk3aGdecmtrcjQwZXFgLS1kLzZzc2BjMWAwLTRfMC8wYmAuNGI6Yw%3D%3D&vl=&vr=
video/mp4, bytesbytes 0-1024000/1511927, 1642394492.4067006, 1642394492.4105973, 1642394492.4316113, 1642394493.4904833, v19.tiktokcdn-us.com, 78b3541022f5aba2b42bd7528283adfb, /78b3541022f5aba2b42bd7528283adfb/61e547cd/video/tos/useast2a/tos-useast2a-pve-0068/fcb55ec68264411daa7a8140759786fd/?a=1233&br=1140&bt=570&cd=0%7C0%7C0&ch=0&cr=3&cs=2&cv=1&dr=0&ds=6&er=&ft=c~.Zm4L-gXoInz7T&l=20220117044057010113135228125B82A6&lr=all&mime_type=video_mp4&net=0&pl=0&qs=11&rc=MzY0NTY6ZjhrNzMzNzczM0ApaWQzOTZlNzw2NzQ6aWloaWdjYnFmcjQwLmhgLS1kMTZzcy1jX2FfYDFhNGEtX2E1LS46Yw%3D%3D&vl=&vr=
video/mp4, bytesbytes 0-638227/638228, 1642394493.8374534, 1642394493.8393428, 1642394493.8534672, 1642394494.3852427, v19.tiktokcdn-us.com, dc242d51c4d6860803c0f9fa6a9a9a1b, /dc242d51c4d6860803c0f9fa6a9a9a1b/61e547c4/video/tos/useast2a/tos-useast2a-pve-0068/757a2f8b19044ed39ac6674811366bc1/?a=1233&br=852&bt=426&cd=0%7C0%7C0&ch=0&cr=3&cs=2&cv=1&dr=0&ds=6&er=&ft=c~.Zm4L-gXoInz7T&l=20220117044057010113135228125B82A6&lr=all&mime_type=video_mp4&net=0&pl=0&qs=4&rc=ampkM21rdWVrNjMzNzczM0ApOztlZjVkZWQ1N2UzaTRnNWdqM2luaWliMS5gLS1kMTZzczEzYzQ0NS4uLjUvYDQxLjU6Yw%3D%3D&vl=&vr=
video/mp4, bytesbytes 0-587184/587185, 1642394503.9248405, 1642394503.9260085, 1642394503.9377959, 1642394504.690322, v19.tiktokcdn-us.com, a09b24189a6e71a8833fb3ca65617699, /a09b24189a6e71a8833fb3ca65617699/61e547bf/video/tos/useast2a/tos-useast2a-ve-0068c001/0c2f08bc79c247508bee147852570e44/?a=1233&br=1376&bt=688&cd=0%7C0%7C0&ch=0&cr=3&cs=2&cv=1&dr=0&ds=6&er=&ft=c~.Zm4L-gXoInz7T&l=20220117044057010113135228125B82A6&lr=all&mime_type=video_mp4&net=0&pl=0&qs=5&rc=amdzcjk6ZjpnNjMzNzczM0ApNDdoMzwzNjtkNztnNjc5ZWczNmBkcjRfbWxgLS1kMTZzc2IvYF41M2AtLS4wXl9iLzM6Yw%3D%3D&vl=&vr=
video/mp4, bytesbytes 1024000-1589871/1589872, 1642394507.0086105, 1642394507.0102458, 1642394507.0253816, 1642394507.6858273, v19.tiktokcdn-us.com, a910a7d988eb12580d86492c50223083, /a910a7d988eb12580d86492c50223083/61e547c5/video/tos/useast2a/tos-useast2a-ve-0068c003/91c724bf933b40f5903e337d94f8f6a7/?a=1233&br=1944&bt=972&cd=0%7C0%7C0&ch=0&cr=3&cs=2&cv=1&dr=0&ds=6&er=&ft=c~.Zm4L-gXoInz7T&l=20220117044057010113135228125B82A6&lr=all&mime_type=video_mp4&net=0&pl=0&qs=5&rc=M2VqbzM6ZmQ7NjMzNzczM0ApZGU1aGc7ZGU2NzhoZTNoZ2dkZGFncjRfaG9gLS1kMTZzcy4zYmA1MmE0NmEzLV8tYjQ6Yw%3D%3D&vl=&vr=
video/mp4, bytesbytes 1024000-1511926/1511927, 1642394509.8627992, 1642394509.8642013, 1642394509.8805444, 1642394510.5250165, v19.tiktokcdn-us.com, 78b3541022f5aba2b42bd7528283adfb, /78b3541022f5aba2b42bd7528283adfb/61e547cd/video/tos/useast2a/tos-useast2a-pve-0068/fcb55ec68264411daa7a8140759786fd/?a=1233&br=1140&bt=570&cd=0%7C0%7C0&ch=0&cr=3&cs=2&cv=1&dr=0&ds=6&er=&ft=c~.Zm4L-gXoInz7T&l=20220117044057010113135228125B82A6&lr=all&mime_type=video_mp4&net=0&pl=0&qs=11&rc=MzY0NTY6ZjhrNzMzNzczM0ApaWQzOTZlNzw2NzQ6aWloaWdjYnFmcjQwLmhgLS1kMTZzcy1jX2FfYDFhNGEtX2E1LS46Yw%3D%3D&vl=&vr=
video/mp4, bytesbytes 0-888812/888813, 1642394510.837971, 1642394510.839566, 1642394510.8507733, 1642394511.8774204, v19.tiktokcdn-us.com, fe04cb5587c8ffe4924c182ca8f94daf, /fe04cb5587c8ffe4924c182ca8f94daf/61e547fd/video/tos/alisg/tos-alisg-pve-0037c001/528ecdee582c401d94082a44d9ece479/?a=1233&br=898&bt=449&cd=0%7C0%7C0&ch=0&cr=3&cs=2&cv=1&dr=0&ds=6&er=&ft=c~.Zm4L-gXoInz7T&l=20220117044149010113135182065FAA23&lr=all&mime_type=video_mp4&net=0&pl=0&qs=5&rc=M3E3eTY6ZjNsNzMzODczNEApOjRnNjNpO2U2NzxkMzU6OWdncGlwcjRfZDNgLS1kMS1zczUuNGEwLzEzXzAyYC00LjQ6Yw%3D%3D&vl=&vr=
video/mp4, bytesbytes 0-493479/493480, 1642394512.2732112, 1642394512.2744687, 1642394512.2880805, 1642394512.7136345, v19.tiktokcdn-us.com, 4d46c15a1412d5dd4f7af043e3610380, /4d46c15a1412d5dd4f7af043e3610380/61e547f5/video/tos/useast2a/tos-useast2a-ve-0068c001/2e99d8cb79244ae99f25ae3ac8163fed/?a=1233&br=1044&bt=522&cd=0%7C0%7C0&ch=0&cr=3&cs=2&cv=1&dr=0&ds=6&er=&ft=c~.Zm4L-gXoInz7T&l=20220117044149010113135182065FAA23&lr=all&mime_type=video_mp4&net=0&pl=0&qs=4&rc=M3hxczRra3FwNjMzNzczM0ApZWVkM2lnaWVmNzk0OjVoZmctaGdqMTVxcTFgLS1kMTZzcy1eMDQ0YTVgNl8yLTMvMGE6Yw%3D%3D&vl=&vr=
video/mp4, bytesbytes 0-951005/951006, 1642394512.8923295, 1642394512.8936608, 1642394512.907777, 1642394513.7413583, v19.tiktokcdn-us.com, 4abf4b6e520a4ecc1d25878acc73c230, /4abf4b6e520a4ecc1d25878acc73c230/61e547f9/video/tos/useast2a/tos-useast2a-ve-0068c001/5f3422e45d71461f903cd1d7b939af71/?a=1233&br=1316&bt=658&cd=0%7C0%7C0&ch=0&cr=3&cs=2&cv=1&dr=0&ds=6&er=&ft=c~.Zm4L-gXoInz7T&l=20220117044149010113135182065FAA23&lr=all&mime_type=video_mp4&net=0&pl=0&qs=5&rc=M3dyOjM6ZmtqNzMzNzczM0ApODszNGY3PDw4N2Y0O2g4ZGcyaGAycjRvY2xgLS1kMTZzc2JjXy8wX14xYWEyYjAxXy86Yw%3D%3D&vl=&vr=
video/mp4, bytesbytes 0-569747/569748, 1642394514.0370665, 1642394514.037976, 1642394514.04884, 1642394514.4720569, v19.tiktokcdn-us.com, 3e1ce2a6277937bc13c093d75e4f27c7, /3e1ce2a6277937bc13c093d75e4f27c7/61e547f6/video/tos/useast2a/tos-useast2a-ve-0068/ca60c61655f549038fb6212a2048fcff/?a=1233&br=1076&bt=538&cd=0%7C0%7C0&ch=0&cr=3&cs=2&cv=1&dr=0&ds=6&er=&ft=c~.Zm4L-gXoInz7T&l=20220117044149010113135182065FAA23&lr=all&mime_type=video_mp4&net=0&pl=0&qs=4&rc=M2Q4cXI5azpscDMzNDczM0ApPDRkNjtnNTtmN2dpaTk4O2dnZ3NeY2w0aWxfLS0wMTZzc18yYzQyLTRhX14tNDNgMjA6Yw%3D%3D&vl=&vr=
video/mp4, bytesbytes 0-482014/482015, 1642394514.832506, 1642394514.8341076, 1642394514.859895, 1642394515.1863577, v19.tiktokcdn-us.com, 45616a8d7f883dd4aaeb1bb351b0e561, /45616a8d7f883dd4aaeb1bb351b0e561/61e547f4/video/tos/useast2a/tos-useast2a-pve-0068/df18bace2f3c4085b8e5d7ca2f3d31ab/?a=1233&br=1170&bt=585&cd=0%7C0%7C0&ch=0&cr=3&cs=2&cv=1&dr=0&ds=6&er=&ft=c~.Zm4L-gXoInz7T&l=20220117044149010113135182065FAA23&lr=all&mime_type=video_mp4&net=0&pl=0&qs=4&rc=MzhyNDU8ZHF2NTMzNzczM0ApaDY7OGVkNTw7Nzk1NTg0N2dtMG1yM2lmZ2RgLS1kMTZzc2NgMF8vYzAxMTI0YjVeLmA6Yw%3D%3D&vl=&vr=
video/mp4, bytesbytes 0-753029/753030, 1642394515.5497746, 1642394515.5505948, 1642394515.5611804, 1642394516.0725038, v19.tiktokcdn-us.com, cf0557261cf4101522b7d7240ca9138a, /cf0557261cf4101522b7d7240ca9138a/61e547f6/video/tos/useast2a/tos-useast2a-pve-0068/631008cbb021410e9a05d0ff85d95e96/?a=1233&br=1362&bt=681&cd=0%7C0%7C0&ch=0&cr=3&cs=2&cv=1&dr=0&ds=6&er=&ft=c~.Zm4L-gXoInz7T&l=20220117044149010113135182065FAA23&lr=all&mime_type=video_mp4&net=0&pl=0&qs=5&rc=M2lneWk6ZjozNzMzNzczM0ApZmlkPGQ4aDw8NzQ2ZzY7aWdgcmUucjQwZC5gLS1kMTZzczQvMmAzY14wYTU2MTI0YDM6Yw%3D%3D&vl=&vr=
