0,v09044e50000btueapv15l8sl3ukeqpg,8077,1038069&571816&372444,ddcf1b036faf18a26907fa5de3e53695&6947be48d1b5b0ed14b7854c7d093cd5&c86803868b60fce0d88be837fcd2e548&8f5ac41f29c0fed47023c186758092fb&3b53cf92a10f990f5a33cf4bec7ab592&08196ad28e4c9c339c2bbce21e84a1db,https://v39.tiktokcdn-us.com/ddcf1b036faf18a26907fa5de3e53695/61e4f33b/video/tos/useast2a/tos-useast2a-ve-0068c004/13370ab11f50451d9ac6b44b0fed7e9d/?a=1233&br=2026&bt=1013&cd=0%7C0%7C0&ch=0&cr=3&cs=2&cv=1&dr=0&ds=6&er=&ft=c~.Zm4L-gXoInz7T&l=202201162240200101130060120E0A8C0A&lr=all&mime_type=video_mp4&net=0&pl=0&qs=11&rc=anRuNnZvNHNodzMzODczM0ApOGQ1aDlnM2U6N2k4ZjRmZ2dtYnJpNTJzXnJfLS1iMTZzcy0zMzQvYy81MmM1LS8uYzQ6Yw%3D%3D&vl=&vr=
1,v12044gd0000c7bpv0jc77uakaoc0an0,12560,640394&488219&247339&213602,8e04188defbe720da9073214852560e3&8c75998ba31c8b38670d1a6a0a325eba&1842a393f5189030e3b9825ff0520899&a881e40f82867c5f43a9a484fae96a4c&06be89a3e83d85cec0ebf1814b817659&5badce09f9ecb09551e4b1fa8d4c28d7&d363fe1c311e8385dd9e5224d46f2a99&c3f47af99e6ff69ec2368a9f03d7e19c,https://v39.tiktokcdn-us.com/8e04188defbe720da9073214852560e3/61e4f340/video/tos/useast5/tos-useast5-ve-0068c004-tx/7fb7755292e94b97ae2acf9bbfa03fe3/?a=1233&br=1250&bt=625&cd=0%7C0%7C0&ch=0&cr=3&cs=2&cv=1&dr=0&ds=6&er=&ft=c~.Zm4L-gXoInz7T&l=202201162240200101130060120E0A8C0A&lr=all&mime_type=video_mp4&net=0&pl=0&qs=11&rc=M2RmZGQ6ZjNzOjMzZzczNEApMzY7PDVoNWVlNzQ5aTppN2drLWxocjRnc19gLS1kMS9zcy4vYF5hMDA0NjI2MzNhYC86Yw%3D%3D&vl=&vr=
2,v09044g40000c6ugqd3c77u2124rt93g,20176,2319302&1902672&1030452&876028,2be66ba5ba07ff9b77b5cd01ec3d774a&61d1ed60fa2b259f32c994f718b57f2c&851f3efc04d9ee093646b5668fc41d47&3459db4eacc2f5b8f3e763248f39ff87&950ae447eb8ff0096999f27a06f00cde&1e4bd96fc068f66bfa64bcdbca408594&3309a43c300e00d32bd472aa3ed309a1&a5a251e6348fcc8de7a76c81449c25a9,https://v39.tiktokcdn-us.com/2be66ba5ba07ff9b77b5cd01ec3d774a/61e4f348/video/tos/useast2a/tos-useast2a-pve-0068/9cf3926d23504f68ba3b97edcdc97826/?a=1233&br=4528&bt=2264&cd=0%7C0%7C0&ch=0&cr=3&cs=2&cv=1&dr=0&ds=3&er=&ft=c~.Zm4L-gXoInz7T&l=202201162240200101130060120E0A8C0A&lr=all&mime_type=video_mp4&net=0&pl=0&qs=14&rc=ajx1NTU6ZmdqOTMzNzczM0ApNGkzaWQ1Nzs2NzU3NTQ6OmcwcTEucjQwbnJgLS1kMTZzczM2YjVgLy01YC0tXl40LWM6Yw%3D%3D&vl=&vr=
3,v09044g40000c1kjcjkfbh5e73ktqsqg,17807,788255&644665&394736&273289,55459f71f11086b48c1bc24e8567971a&eedd3ddc695d99589454449743b68132&d8e4c898bc9bb118709809e8441629a8&7e19944dde2bd12680bea774aaa1c7b3&a920d5a05d7aee5cc7cdcbb72cc64161&427073c780b7b644a2b6f7b0ee184e11&f5411b8fdafcec8d442491105ced16c3&2e675b24413aa3ae2e5e2c0059305247,https://v39.tiktokcdn-us.com/55459f71f11086b48c1bc24e8567971a/61e4f345/video/tos/useast2a/tos-useast2a-pve-0068/28e9383b8a8843d19cdf71afb36ba310/?a=1233&br=1538&bt=769&cd=0%7C0%7C0&ch=0&cr=3&cs=2&cv=1&dr=0&ds=3&er=&ft=c~.Zm4L-gXoInz7T&l=202201162240200101130060120E0A8C0A&lr=all&mime_type=video_mp4&net=0&pl=0&qs=14&rc=anZ3NmhraW1tNDMzNzczM0ApZGQ8ZzZkNDxkN2QzNzg7ZWdubmg0Ml9oYGhgLS1kMTZzczYyYV8zNS0vMC9hX2M1Y2E6Yw%3D%3D&vl=&vr=
4,v09044g40000c3lg95bc77u9h05eekn0,46089,555273&414793&370651&261713,cfbfbb5978c800466ac47fbb3f0876d4&dad55eef91f999b8296d92b5627112ae&81607edb084accdeb406a29358229ff8&325c3e104936eb27203c89b70ba34b88&1401e98cac49a52ed056482e3d1d2d63&e9e3af0df1055d24ffd8d07be0c32d41&10033aa865a8c968f30873b92c57e165&77ac2851f19263fc6580a6ea5231269b,https://v39.tiktokcdn-us.com/cfbfbb5978c800466ac47fbb3f0876d4/61e4f361/video/tos/useast2a/tos-useast2a-pve-0068/d71c0e8d4bdd441cb28765ca3433472b/?a=1233&br=1084&bt=542&cd=0%7C0%7C0&ch=0&cr=3&cs=2&cv=1&dr=0&ds=3&er=&ft=c~.Zm4L-gXoInz7T&l=202201162240200101130060120E0A8C0A&lr=all&mime_type=video_mp4&net=0&pl=0&qs=14&rc=M25oMzw6ZjhqNjMzNzczM0ApN2kzaWQ4NDtmN2c6ZTg8aWdrYjJlcjRfNmlgLS1kMTZzczA0YmNjY2AtYDI2MDBfNjY6Yw%3D%3D&vl=&vr=
5,v09044g40000c42euh3c77u1fkgu3370,16646,567887&444282&223592&160019,e3f5ea6f86577007f4d49f8149806514&6bc92da575f5f8d2517e93ae4bcba4d3&7f91c9353966e6157ad663cc354423b0&018d65a167c6ca248f8b502905d6364e&161293e65e91aee7ff37f9e24d2379e1&3fd81267b77d448df5984ba435c12393&a9f09c3dc48cb072a1a1ecdb54ac13a6&4982eb4578f08c1b2c787c8ab12d261c,https://v39.tiktokcdn-us.com/e3f5ea6f86577007f4d49f8149806514/61e4f344/video/tos/useast2a/tos-useast2a-pve-0068/353eea5c512a4e96bf4aed8f1a7c9fe9/?a=1233&br=1108&bt=554&cd=0%7C0%7C0&ch=0&cr=3&cs=2&cv=1&dr=0&ds=3&er=&ft=c~.Zm4L-gXoInz7T&l=202201162240200101130060120E0A8C0A&lr=all&mime_type=video_mp4&net=0&pl=0&qs=14&rc=MzZ4bjQ6ZmtoNzMzNzczM0ApODc0NGk0NmVlN2Q7OjczM2c0MGRjcjQwci9gLS1kMTZzcy8tMWFiYS5fMzIyNTUxXy06Yw%3D%3D&vl=&vr=
6,v09044g40000c33c97iemsh0t2h21a7g,23752,1481860&967805&502757&322580&298757,5e5e137006d125fb9b7c90174ac38912&38e9e46f1b29bbb838b4be972c0c9e3d&21f1fdc85e6c0e3d63b71ca40b0ce7e0&eda48720644e69b66fb7f2c217103d79&f01ccb33239dc13b26d4b0bab459d9de&fdce49520f0826fbe64063a5cc08a6de&43e7f9ee4ab12783f2657bf5f59003b4&1ada838be1fb7bd2aa952998d27cd8f9&a22f41132c020a7723c931bfa2f0cdf1&1abf9e1fc6ebb57312a613ef01648ac5,https://v39.tiktokcdn-us.com/5e5e137006d125fb9b7c90174ac38912/61e4f34b/video/tos/useast2a/tos-useast2a-pve-0068/6db60453f1e54ed6a6763c05f1e88f44/?a=1233&br=2894&bt=1447&cd=0%7C0%7C0&ch=0&cr=3&cs=2&cv=1&dr=0&ds=3&er=&ft=c~.Zm4L-gXoInz7T&l=202201162240200101130060120E0A8C0A&lr=all&mime_type=video_mp4&net=0&pl=0&qs=14&rc=amQ1NTN2aDpmNjMzNzczM0ApZjRkZzc6NzxkN2U4Ozg4O2c0LmVxZWpmNjBgLS1kMTZzczEvYWE1NDVhMjUvMTMyMzY6Yw%3D%3D&vl=&vr=
7,v09044g40000c3sb163c77u1q5eb1gn0,50199,2384648&1679789&1035368&582274,78401b37ddb2a8dc2ff0f55af24a7a8e&e65c4b09df2c4f0afd3b7b647b9b8f9d&525ef3661550cfe376c6f19f92cf8f8a&081dbe7c3c6aa8ae612c88e4ab4c614c&f10d1bea7f5428b25195a18a9c5085af&af630688e529463f36944fe17e9dec71&3dcc324785b966638f7308cda90274f7&d019158c4c0b88f91168b71fd01b6a07,https://v39.tiktokcdn-us.com/78401b37ddb2a8dc2ff0f55af24a7a8e/61e4f366/video/tos/useast2a/tos-useast2a-pve-0068/f8286e158fda4ed7bdaec686e27037e0/?a=1233&br=4656&bt=2328&cd=0%7C0%7C0&ch=0&cr=3&cs=2&cv=1&dr=0&ds=3&er=&ft=c~.Zm4L-gXoInz7T&l=202201162240200101130060120E0A8C0A&lr=all&mime_type=video_mp4&net=0&pl=0&qs=14&rc=M2plODQ6ZjllNjMzNzczM0ApZTtmM2Y4ZmU4Nzg0ZTxlOGdrLmJucjQwLnBgLS1kMTZzc2AwYWAzNjBfNDEzXy8uLjU6Yw%3D%3D&vl=&vr=
8,v090445c0000brsj2d7kvluo3u9i7rsg,6639,1025429&793373&341692&224755,eca434884c0a4b07ac29504a5475dc97&69cdb81996f88448bd376e58ce851896&4288aed0d79fbb0a0336bd2e7f7533fd&bf004614ea664adffe6a3b13a073d833&e82b3ab549d7a00e9beb0c12531b2090&04f8f45418870a354ab31bccf4dbdb14&b24352fdcac26c7e2f1f859d754a2e83&9b601adf60cbe0468d6852f9da4a69a4,https://v39.tiktokcdn-us.com/eca434884c0a4b07ac29504a5475dc97/61e4f33a/video/tos/useast2a/tos-useast2a-ve-0068c003/a61a2fdecc7f4812a7e9dcb661f65801/?a=1233&br=2002&bt=1001&cd=0%7C0%7C0&ch=0&cr=3&cs=2&cv=1&dr=0&ds=3&er=&ft=c~.Zm4L-gXoInz7T&l=202201162240200101130060120E0A8C0A&lr=all&mime_type=video_mp4&net=0&pl=0&qs=14&rc=anVseHJvbmdtdTMzZjczM0ApaDZpNzQ0ZTw1N2YzOGk7OmdwNDYwcnM0L3BfLS0yMTZzc2IvYzAvMC8yNDJgNWBhYF86Yw%3D%3D&vl=&vr=
9,v09044g40000c1qs7cld1cjmekntikqg,10679,864376&417645&264892,0c4b242264e3f7d91e994db0b4a9bc63&7e99f200b5551291d2f8b3f389f54b5b&8455cdc8d954af8a10436e5abf49785f&2d65be3292c6186f3b071414359c966c&4f2d0bd3f22ebf1b4fe4202b78ac9cc5&984a6d9d3e596dd2955807ac0c9b0532,https://v39.tiktokcdn-us.com/0c4b242264e3f7d91e994db0b4a9bc63/61e4f33e/video/tos/useast2a/tos-useast2a-pve-0068/250df16a02a94b9187bfb0c9e76bfd7c/?a=1233&br=1688&bt=844&cd=0%7C0%7C0&ch=0&cr=3&cs=2&cv=1&dr=0&ds=6&er=&ft=c~.Zm4L-gXoInz7T&l=202201162240200101130060120E0A8C0A&lr=all&mime_type=video_mp4&net=0&pl=0&qs=11&rc=am53bnBmZ2Z2NDMzNzczM0ApNTY0Z2ZoNWVoN2U8NWhoNGduZmtiZy5pNG5gLS1kMTZzczUzMF5jNTYxNl8tLTIuNl86Yw%3D%3D&vl=&vr=
10,v09044g40000c23krfe7g8j7827nf5m0,20176,1391827&955897&832763&560077,291c19341d26a77ad1bbcefb1f6f9791&bebd593d9030c3b23471c37c91540c11&f8f5b1c80f85a3f5197e3192312c912c&cc11f8f889dcba38cb8541825e1151df&06698e7d85748525d79ad21c0bf2b069&e1bd4a72f94daa5586b5b452dd7fc9ba&c8fd07a69f4be3eedaaf06bf32db658c&680b75b9fa6dd2dcc694069be02ba2c4,https://v25.tiktokcdn-us.com/291c19341d26a77ad1bbcefb1f6f9791/61e4f38c/video/tos/useast2a/tos-useast2a-ve-0068c003/0ed2412d233a49eba49e4af52e6d8eb1/?a=1233&br=2718&bt=1359&cd=0%7C0%7C0&ch=0&cr=3&cs=2&cv=1&dr=0&ds=3&er=&ft=c~.Zm4L-gXoInz7T&l=202201162241280101131351892413886A&lr=all&mime_type=video_mp4&net=0&pl=0&qs=14&rc=MzhxNTo7OmluNTMzNzczM0ApZGY3OjgzaTw0NzU7Z2k7OWdqYzQ1Z2RibzBgLS1kMTZzczNjYl4xXmNiXmEvMl9hMWE6Yw%3D%3D&vl=&vr=
11,v09044g40000c43ejobc77ue6he4rg2g,17482,500223&416016&227615&166397,2dc610f0f1a8768a33dbb2fee47b460b&98295589f4d6415c2ec4fbb2705ad9a0&cb7f198b410b5879d9e11df657045220&701c97ea64e1e849065d405941a445b8&57f7168ae30252719e02986b0bc25b19&f004c0627f907101ec8628ae5b7dd595&7dd3cdebf9c9f639b0f591f0184929f4&49aa333dcc60145c2c6e0fecec81cea4,https://v25.tiktokcdn-us.com/2dc610f0f1a8768a33dbb2fee47b460b/61e4f389/video/tos/useast2a/tos-useast2a-ve-0068c004/ebeda0edfad943b88c11b94bd99d0786/?a=1233&br=976&bt=488&cd=0%7C0%7C0&ch=0&cr=3&cs=2&cv=1&dr=0&ds=3&er=&ft=c~.Zm4L-gXoInz7T&l=202201162241280101131351892413886A&lr=all&mime_type=video_mp4&net=0&pl=0&qs=14&rc=amo3a2g6ZnJoNzMzNzczM0ApNGhpNzppNmQ2NzRoNGk0OWcvb2IzcjRfZzBgLS1kMTZzczM1YzIvYWIzYC5iM2AvYDE6Yw%3D%3D&vl=&vr=
12,v09044g40000c2qmm5u2iutjg46gq610,15230,1793520&1235045&889186&593926,d792a5ade62264a7986cf9239588ec50&04c70fc20bc5a97e62605255c472ffb6&8f2ca1cce05233e8828e2a6a3b41c936&927a48fb83adf3bfb44ea74515608135&a8bd139bc3ab0d0cb6fd4da87a166693&5c6b9b75e2110f29ceffa6131a1b7ca1&c151385b6a7323738a14b00b658405a3&192861a4d8389fe453c47da92d3f3418,https://v25.tiktokcdn-us.com/d792a5ade62264a7986cf9239588ec50/61e4f387/video/tos/useast2a/tos-useast2a-ve-0068c004/8c2392560472467faadd751cb7757143/?a=1233&br=3502&bt=1751&cd=0%7C0%7C0&ch=0&cr=3&cs=2&cv=1&dr=0&ds=3&er=&ft=c~.Zm4L-gXoInz7T&l=202201162241280101131351892413886A&lr=all&mime_type=video_mp4&net=0&pl=0&qs=14&rc=MzlqN214NThwNTMzNzczM0ApZGdlO2c7O2VpNzRnZWYzNGcubjNkcWZyam5gLS1kMTZzc14yXzNgLS1gYzI2NjY2YzY6Yw%3D%3D&vl=&vr=
13,v12044gd0000c7878sjc77u7psv0afkg,15067,661557&552707&464615&385418,ca9049aa5e75f57938925827465d3ee2&1cfe7d2f1ca171516d0279736e31c36f&17360c1ddb8758f407e9965322dc68a6&a53fbec312a55835130b71b667a4743c&8ca913a4f8b67f9158956005458108f4&a98c8612b8c07d1df1b1f747d48c0e34&5092e57d265871dca12ae22796d9e57e&10af2f2c390a73933051252c9bd6c4de,https://v25.tiktokcdn-us.com/ca9049aa5e75f57938925827465d3ee2/61e4f386/video/tos/useast5/tos-useast5-ve-0068c004-tx/288c2e7eff49415ba3911a0c11c53285/?a=1233&br=1292&bt=646&cd=0%7C0%7C0&ch=0&cr=3&cs=2&cv=1&dr=0&ds=3&er=&ft=c~.Zm4L-gXoInz7T&l=202201162241280101131351892413886A&lr=all&mime_type=video_mp4&net=0&pl=0&qs=14&rc=amkzdjo6ZnY6OjMzZzczNEApODloODVnOmU6N2k8NzQ6OGdoXnNtcjRnNTVgLS1kMS9zc2NeMzYvYl8tXy4tM19gXjY6Yw%3D%3D&vl=&vr=
14,v09044g40000c3kgrejc77u9jqnp7kpg,39820,1450795&1047947&813997&500737,b91b0fae87765390cba5466e4a406fab&b29d96432c3891fd28c6309fc60bd09a&86c39bbbec8d577d539bb055edb8c377&ed58909ae14438d08f3cb26f1fadcfda&20c0d6be9abd549cd22b6d1f0d3a8dfa&eb31a577e0f8d7e007dca5ba2c4a02c7&ed416c8d652d3f701bdaa0da5e583efe&235c5f4d2580752bcd0e1a0744922054,https://v25.tiktokcdn-us.com/b91b0fae87765390cba5466e4a406fab/61e4f39f/video/tos/useast2a/tos-useast2a-ve-0068c001/99d27d54a7b143af86fa5f55f0b033eb/?a=1233&br=2832&bt=1416&cd=0%7C0%7C0&ch=0&cr=3&cs=2&cv=1&dr=0&ds=3&er=&ft=c~.Zm4L-gXoInz7T&l=202201162241280101131351892413886A&lr=all&mime_type=video_mp4&net=0&pl=0&qs=14&rc=am5zdDw6ZmhqNjMzNzczM0ApNGk2aTVmZWU7N2U7Zzk7O2dtNGtncjRnb2hgLS1kMTZzc2I2LS8vNDUwX2A0My8xLjU6Yw%3D%3D&vl=&vr=
15,v09044g40000c2jv6hga6lvlhf9ml8fg,21221,1844886&1518566&799751,1b5d94ca206e455d92ade70be7f34878&a1ffdb82f4729bda6af514a857fbcb9c&4a74f87d47019146fda0dd974f114de7&0955c09c142f9f5be7fce6bec7f41027&991767bd010be3abb74004e2dc7f744c&c6b1784419c12f4fd0a0380e7668fd10,https://v25.tiktokcdn-us.com/1b5d94ca206e455d92ade70be7f34878/61e4f38d/video/tos/useast2a/tos-useast2a-ve-0068c001/5b760373d72949838db6ae7478a36a43/?a=1233&br=3602&bt=1801&cd=0%7C0%7C0&ch=0&cr=3&cs=2&cv=1&dr=0&ds=6&er=&ft=c~.Zm4L-gXoInz7T&l=202201162241280101131351892413886A&lr=all&mime_type=video_mp4&net=0&pl=0&qs=11&rc=ajtwaW9vZGt5NTMzNzczM0ApNGZmZmg1aGU3Nzk2PDo8ZWdjaTZlczNkM2dgLS1kMTZzczY2YGAyMzAwMjIzMWBjYDY6Yw%3D%3D&vl=&vr=
16,v09044g40000c2a8isdj4q5u8o8d96ag,8264,540308&478499&311419&223721,c76ef4fc23896aececc79b41c017ec16&da87435749525739790449137a9fd6bf&c3b4d1091c63f98a581a1c0b50dde38a&c61244899d3f12f51df05cf210400f92&1d6ddb01ae16ed0f88f9261e5fda8d8f&56ddaa5be7c7024d9b5f95826eefe68a&72a6b27860771b8baa6c59ba8a71a013&378552b0343bbaf4fc129b863fbc96bb,https://v25.tiktokcdn-us.com/c76ef4fc23896aececc79b41c017ec16/61e4f380/video/tos/useast2a/tos-useast2a-pve-0068/060bd750fbeb462c8e674263b1a14cc8/?a=1233&br=1054&bt=527&cd=0%7C0%7C0&ch=0&cr=3&cs=2&cv=1&dr=0&ds=3&er=&ft=c~.Zm4L-gXoInz7T&l=202201162241280101131351892413886A&lr=all&mime_type=video_mp4&net=0&pl=0&qs=14&rc=ajlncnh0bXY7NTMzNzczM0ApPDs8Nzk0ZmVmN2c3M2lkO2deNjU1MjFhZl5gLS1kMTZzcy8uXjMtYTJiX2BjMjIuNjQ6Yw%3D%3D&vl=&vr=
17,v12044gd0000c7d0b4bc77uekfci7l50,11770,680590&563748&390091&298756,66e5be0e5eddf380a8ea6d902a874645&ef5d51eade53e3e095b8359ddb944447&384c529b21dac4aedc9df199ecac9735&56e1c9335a6fa6e67b4484a9c279f46c&94588e0bfc727747405f2ac2f7f3f61b&db96bf1dc11c1b12ce01a2e515ab65b0&0c5719ae62a894c1f144c1e67fc0d7d9&71a8c12d63a6c2f7b0ac60c92919211b,https://v25.tiktokcdn-us.com/66e5be0e5eddf380a8ea6d902a874645/61e4f383/video/tos/useast5/tos-useast5-ve-0068c003-tx/724514e92b8043a6947f02201f7c50ab/?a=1233&br=1328&bt=664&cd=0%7C0%7C0&ch=0&cr=3&cs=2&cv=1&dr=0&ds=3&er=&ft=c~.Zm4L-gXoInz7T&l=202201162241280101131351892413886A&lr=all&mime_type=video_mp4&net=0&pl=0&qs=14&rc=M29saWg6ZjczOjMzZzczNEApZ2hkaDY8NmQ7N2hnNjplaGcyNGBocjRfX2FgLS1kMS9zc2I2YzFeNTYyMTAyL2ItMmA6Yw%3D%3D&vl=&vr=
18,v10044g50000c6c36brc77u6q3q4r3og,25354,583702&337395&211799,ac19c11d2128694b558255f9f5fe269c&713a5a5b2f7631e5117161136a071f88&9fda702af9792e3d7392159d73b21da0&8f19e8222d5d5d42c06980203fc95692&ef6e0cc981cd8c7871dd1606453bd524&eeff44e25cb5b733cf6e54047261695d,https://v25.tiktokcdn-us.com/ac19c11d2128694b558255f9f5fe269c/61e4f391/video/tos/alisg/tos-alisg-pve-0037c001/0fcd2e46f8c24166a41b1a8f9f5a534e/?a=1233&br=1140&bt=570&cd=0%7C0%7C0&ch=0&cr=3&cs=2&cv=1&dr=0&ds=6&er=&ft=c~.Zm4L-gXoInz7T&l=202201162241280101131351892413886A&lr=all&mime_type=video_mp4&net=0&pl=0&qs=11&rc=ajY3Njk6ZmU2OTMzODczNEApaDU1ODpnZzxmNzNmZGg4M2dsb25ucjRvM2BgLS1kMS1zczEuMDQxM2M0NS9jMWA0My46Yw%3D%3D&vl=&vr=
19,v09044970000c15qot31m2ohdov0nv80,7637,599575&441121&262117&179080,51997d06e8a63d02da49a4c99a9a1f4f&f8a6b49282d187c9ca278ad1ed3f40d7&fa3af40b2722b0aa4e8073f8356f14c7&81192adc005640f556870f08ee67bc4f&9ee7954c726f0daf8c8a63d0aa7a4794&9d29f36fed742ba8ac8adef11a118275&166ee6b520936621e70f206301166408&611798f6b12bddbde59cbb07b7168932,https://v25.tiktokcdn-us.com/51997d06e8a63d02da49a4c99a9a1f4f/61e4f37f/video/tos/useast2a/tos-useast2a-ve-0068c002/9a2794aa230541308cc5eca4e5bafa23/?a=1233&br=1170&bt=585&cd=0%7C0%7C0&ch=0&cr=3&cs=2&cv=1&dr=0&ds=3&er=&ft=c~.Zm4L-gXoInz7T&l=202201162241280101131351892413886A&lr=all&mime_type=video_mp4&net=0&pl=0&qs=14&rc=M3kzcms1NHd0NDMzOjczM0ApZGc7OjU6PGQ3Nzg4aTozZGc1a3NhbGowbDJgLS02MTZzcy82YjItMV9iLV8vYjEwNF86Yw%3D%3D&vl=&vr=
20,v09044f40000bq3sfh273oo36di7q7bg,15416,735858&566761&327403,c60121bd413ae38a5a39908d328e6fd4&497aad482ba02e59d9b675a948125cd2&f3df87b05e97805a278cc187fa4f904c&c96087ba11461226105f93ef8b884b8c&6472ff57360fad2ef6643cd8f9325340&78e6f3c3643bff30405531bf5b72ea47,https://v16m.tiktokcdn-us.com/c60121bd413ae38a5a39908d328e6fd4/61e4f3fd/video/tos/useast2a/tos-useast2a-pve-0068/1a4eb2b04b464350bb484bfe194ad9cb/?a=1233&br=1436&bt=718&cd=0%7C0%7C0&ch=0&cr=3&cs=2&cv=1&dr=0&ds=3&er=&ft=c~.Zm4L-gXoInz7T&l=20220116224326010113135167120CD0F6&lr=all&mime_type=video_mp4&net=0&pl=0&qs=14&rc=ajo6ZzZyOmt2dDMzNzczM0ApZGkzNmk6MzszNzs8NGRlOGdfbmYzbDAvYzBfLS1jMTZzczEyLy9fMDFjMWBiXmFjM2A6Yw%3D%3D&vl=&vr=
21,v07044420000c199u5s35dppe9q0d1j0,8032,700067&442899&309569,9ff772d9a883ac63759bb99fda491441&3a2b5bb745ed75a0d8f7c483a958e549&180b6571ba362c02bda24ca058f867cb&1806712eda441adfb330d2a70dae1788&65b52c4c957f945af4d8ca8e77ca7aed&c39ce815b470dd0a53ccef769a5bc5f3,https://v16m.tiktokcdn-us.com/9ff772d9a883ac63759bb99fda491441/61e4f3f5/video/tos/alisg/tos-alisg-pve-0037c001/202e295a089748c1b884ab25998a2b3a/?a=1233&br=1366&bt=683&cd=0%7C0%7C0&ch=0&cr=3&cs=2&cv=1&dr=0&ds=6&er=&ft=c~.Zm4L-gXoInz7T&l=20220116224326010113135167120CD0F6&lr=all&mime_type=video_mp4&net=0&pl=0&qs=11&rc=MzQzPHNnNjg8NDMzNTczM0ApOTk5aGRlOjw6Nzg7NTxnZmdnYW5ibTJwcjZgLS0xMTRzczZfMTZjMGEyYDA0LmJfMWM6Yw%3D%3D&vl=&vr=
22,v09044g40000c1n21093do78fvgam52g,14928,1985159&1630658&653285&420754,e98738f0424e2320707bb27c8f4475a9&a93cd375ff4603633ef98ee7255f90d4&496420f636d180c88d18c311088de5de&1f607232b5a1a589b3cd3b82b0e78b1f&a2d743e2ab2216c628259332d9a7f6fe&9fc835680f9964e5f387aa842e9fd7ed&e3c362e32f582ed6630a820c62d25ab1&b502a44d0524b9a96d30c8fd4f49fdc7,https://v16m.tiktokcdn-us.com/e98738f0424e2320707bb27c8f4475a9/61e4f3fc/video/tos/useast2a/tos-useast2a-pve-0068/21c531d693a240fbb4c2d8a41a8caa19/?a=1233&br=3876&bt=1938&cd=0%7C0%7C0&ch=0&cr=3&cs=2&cv=1&dr=0&ds=3&er=&ft=c~.Zm4L-gXoInz7T&l=20220116224326010113135167120CD0F6&lr=all&mime_type=video_mp4&net=0&pl=0&qs=14&rc=ajhkeTtyNjM1NDMzNzczM0ApZjY7NmdpO2U3N2c0ZWlnZWcvamRjNGE2LmtgLS1kMTZzc18xMmMuLzMuLy4xMGMwYWI6Yw%3D%3D&vl=&vr=
23,v09044ad0000c0qnh58p8rsb4e7eg120,14208,881638&644122&349950&209351,31782bc24f81d57ec5beaf396d942de6&ee687eaaad492125385c0707c231c0af&e1fe0e2003c64142c97933e1ea77f51d&540ed74e9d12069f4730bc0be295b708&c1d5e7ddbdcee2880682b1be4b0129f9&007da807459d4405bbcbfcca6fa18fb6&f93669692302ce6e569eb9df2a8618e2&6af4f48a010d00052489112b4539718d,https://v16m.tiktokcdn-us.com/31782bc24f81d57ec5beaf396d942de6/61e4f3fc/video/tos/useast2a/tos-useast2a-ve-0068c002/78aa8b14fb054a35b79487b137b29b3c/?a=1233&br=1720&bt=860&cd=0%7C0%7C0&ch=0&cr=3&cs=2&cv=1&dr=0&ds=3&er=&ft=c~.Zm4L-gXoInz7T&l=20220116224326010113135167120CD0F6&lr=all&mime_type=video_mp4&net=0&pl=0&qs=14&rc=MzRoaGV1czhxMzMzZzczM0ApO2Y3aDtkPDxpNzQ5ZmQ3OGcvZDQxcDU1ZW5gLS1eMTZzcy5gMS4wXzJiLWM0MDAvMTI6Yw%3D%3D&vl=&vr=
24,v09044g40000c6bjhcrc77ue1odlkdo0,7940,604161&439135&296553&183383,fad3236ef8dbc26ef867d4b49b8ae8c2&6c7826da6362462d11c3d1b4b3228e3f&3812871a875ba9c724ebdeca9f347c56&c8034a023c0597e001e0ab2b8191ada1&3f028ce1abb1029814dbb94fbb9bb501&db7de23f34b62e4012d6747cb440a6d2&61fa67eb204bc9747a46a4d51e1d7418&8b73c8fb1be2c2c9f4f61e149335ddf0,https://v16m.tiktokcdn-us.com/fad3236ef8dbc26ef867d4b49b8ae8c2/61e4f3f5/video/tos/useast2a/tos-useast2a-ve-0068c004/53037072e7ea46719f71503983e53896/?a=1233&br=1180&bt=590&cd=0%7C0%7C0&ch=0&cr=3&cs=2&cv=1&dr=0&ds=3&er=&ft=c~.Zm4L-gXoInz7T&l=20220116224326010113135167120CD0F6&lr=all&mime_type=video_mp4&net=0&pl=0&qs=14&rc=M2dvcmg6ZmZtOTMzNzczM0ApNWg6aWY2aGU8NzdpOWc7OWdsaGEucjRvZV9gLS1kMTZzc15hLjIzXmIxNWNeYjUwYGA6Yw%3D%3D&vl=&vr=
25,v09044g40000c2t3lrho1amdn3nre0s0,5013,756227,69cf24146d7764c0418fa8449ca392da&110506cb0de9fc900b7e41786b71157e,https://v16m.tiktokcdn-us.com/69cf24146d7764c0418fa8449ca392da/61e4f3f2/video/tos/useast2a/tos-useast2a-ve-0068c004/e99cb9d5a11d4ac7a496622b02f8a9ad/?a=1233&br=1476&bt=738&cd=0%7C0%7C0&ch=0&cr=3&cs=0&dr=0&ds=2&er=&ft=c~.Zm4L-gXoInz7T&l=20220116224326010113135167120CD0F6&lr=all&mime_type=video_mp4&net=0&pl=0&qs=0&rc=MzN1NmdkcnU2NTMzNzczM0ApNjk0Z2c7Zzs4NzRmMzYzM2dwYmtrai5laXFgLS1kMTZzc2BiNV4zNTEyNjQ0XmEzMS86Yw%3D%3D&vl=&vr=
26,v09044g40000c4mg0q3c77u950nmju0g,19177,3191109&1932525&1342438&707823,b77a5f8a93a73361fea1cc6fc45f459f&e8c021440e807835fefa1d0680476e53&cdc6490003542d0799dc4a773443bc33&eba7db174fd6ef61a9ede95e8868edef&25f065e00ca851dddee2237a0e5d11de&8e3dc1a454625227da0f71e1461b3b0f&16cccc1eaf9a2dd5eccec58522eff67f&2e988b458a521966d6acb966df78ee1e,https://v16m.tiktokcdn-us.com/b77a5f8a93a73361fea1cc6fc45f459f/61e4f401/video/tos/useast2a/tos-useast2a-ve-0068c003/1578429937b3407ab574c8a84355dafb/?a=1233&br=6232&bt=3116&cd=0%7C0%7C0&ch=0&cr=3&cs=2&cv=1&dr=0&ds=3&er=&ft=c~.Zm4L-gXoInz7T&l=20220116224326010113135167120CD0F6&lr=all&mime_type=video_mp4&net=0&pl=0&qs=14&rc=anhwMzw6ZnRqNzMzNzczM0ApOTxoaWhlOjs6NzM3OzQzO2ctZ2sycjQwLWpgLS1kMTZzcy1hXy9jXmIyMjFjXzIyMS06Yw%3D%3D&vl=&vr=
27,v09044g40000c2q01jk1se6edeiqos2g,20896,1262211&1035288&794761&542759,f78e8b88305ec793cf4c8be950c828bf&c1dcbaa816af5028907abda0b8fb288d&f3e0df5925883f335cc33f7b01cd59f4&3f5fdd86c44caeeabcd1c7aced1e52c8&23df15c7e4b18b8f5b9ba39e80c06d65&30ef87d9db89a8030312e584359bc932&f5714d6287ec832d51cb0a4e37474dd8&5a8e737490c25d625b355070bc3f93ea,https://v16m.tiktokcdn-us.com/f78e8b88305ec793cf4c8be950c828bf/61e4f402/video/tos/useast2a/tos-useast2a-ve-0068c001/032f2f8815304c9394dd37c63db334a2/?a=1233&br=2464&bt=1232&cd=0%7C0%7C0&ch=0&cr=3&cs=2&cv=1&dr=0&ds=3&er=&ft=c~.Zm4L-gXoInz7T&l=20220116224326010113135167120CD0F6&lr=all&mime_type=video_mp4&net=0&pl=0&qs=14&rc=anZ0aGhoNG0zNTMzNzczM0ApOWRpPDxnOGVoN2Y3OTVmO2cvbGZhM3BoLm5gLS1kMTZzczFhYjU2NWAzXjAuLS8uLi46Yw%3D%3D&vl=&vr=
28,v09044g40000c4ohat3c77u88dlsgkjg,9542,942322&447409&317248,6fb148f1135af0c3b616a64d3fdc8f90&0ad87e357ea4055fabf0f521fd27c83c&0b1e0984dc08a64659ed33c8ed37c3cf&b6a5e4eb0282eec0112f06bafc51b95e&9c232475dd17f19fc41cfb0a42e5b332&51169f799bf3cf65b749d426e5d0a0bf,https://v16m.tiktokcdn-us.com/6fb148f1135af0c3b616a64d3fdc8f90/61e4f3f7/video/tos/useast2a/tos-useast2a-ve-0068c004/c54e4db20e74481fa121eb15af5f85e5/?a=1233&br=1840&bt=920&cd=0%7C0%7C0&ch=0&cr=3&cs=2&cv=1&dr=0&ds=6&er=&ft=c~.Zm4L-gXoInz7T&l=20220116224326010113135167120CD0F6&lr=all&mime_type=video_mp4&net=0&pl=0&qs=11&rc=am52Zzs6ZndrNzMzNzczM0ApaTU3PGc5N2U1NzM1Nzk1OmdnZGk1cjQwXmxgLS1kMTZzc2AtXjAxXy8yMGIwNS5jXzA6Yw%3D%3D&vl=&vr=
29,v09044g40000c39ork8o4qnr8507sfp0,17019,2400024&1680624&812197&524204,6e4789737c0e131fbe5e696f1a7675c0&8cb9c39d2863a9b0057fc59a497b5f24&09a1d0d422715ac76f517f84d67eba6f&b0dd36056fa3d585fc8000868a21544a&014bdab07774a7d5f575dd5c2c6f5980&d5e902a6a9a1cfff540dab3b008f01c7&dd1287bb719bb35180890b4e127fc086&e7626ed0756425ce151230d99ded0892,https://v16m.tiktokcdn-us.com/6e4789737c0e131fbe5e696f1a7675c0/61e4f3fe/video/tos/useast2a/tos-useast2a-ve-0068c003/b2f1a5a1d3f0448f9fb4b5a037c92027/?a=1233&br=4686&bt=2343&cd=0%7C0%7C0&ch=0&cr=3&cs=2&cv=1&dr=0&ds=3&er=&ft=c~.Zm4L-gXoInz7T&l=20220116224326010113135167120CD0F6&lr=all&mime_type=video_mp4&net=0&pl=0&qs=14&rc=M2k6OHV0cm5yNjMzNzczM0ApZWg8aDs6N2Q1NzYzOzk5NmdtcC01azE1bzZgLS1kMTZzcy82LzUtNjIxLWJiY141Ly46Yw%3D%3D&vl=&vr=
30,v090443b0000bu7hkfqqsv284dioh21g,15555,689791&625195&437373,d8dc7f29cbe134bad416e62f5a0462f7&0bacdeeac9367c6e9de0213ddd895f0c&56ca89223f011a25f3a0a9da041ff628&22f2e657bd22e42cfef5f5934de863dc&2e0a35f2076ac667b734fa6b48895ca5&d81890d431fcf03ab342d1a49a21a7fa,https://v25.tiktokcdn-us.com/d8dc7f29cbe134bad416e62f5a0462f7/61e4f42f/video/tos/useast2a/tos-useast2a-ve-0068c002/9e8ed43555484c4b83d5257edb9435d0/?a=1233&br=1346&bt=673&cd=0%7C0%7C0&ch=0&cr=3&cs=2&cv=1&dr=0&ds=6&er=&ft=c~.Zm4L-gXoInz7T&l=20220116224416010113006086251533C6&lr=all&mime_type=video_mp4&net=0&pl=0&qs=11&rc=ajVyZzt5dGlreDMzZTczM0ApZzw0Ozk2OmQ0NzVoOWRnZmcuZWYxL3BuaDRfLS0wMTZzc2IyMC1jNF40XjY2LTAwLzQ6Yw%3D%3D&vl=&vr=
31,v09044g40000c2ft710bf79t3vkd0gvg,19293,1718431&1264133&618854&381743,6a55ceb66a5775ab4ab6abcff158c26b&50b86c8056aad1b047e0ccadac11eff3&3702019df0387b458dd6edf275b064d9&7bfe153f18ae787b9d25186179c4291d&2bd792308f5ad0e0b62ba25307f18bf6&e72ab781c4ed161c7840b7c3dbefb42e&a2348282294746f9902fb37178f93574&de7aeab83fd823197c4e6c92f8df2ed9,https://v25.tiktokcdn-us.com/6a55ceb66a5775ab4ab6abcff158c26b/61e4f433/video/tos/useast2a/tos-useast2a-pve-0068/4b429b6507504a9cba99f12e0d4afe8a/?a=1233&br=3356&bt=1678&cd=0%7C0%7C0&ch=0&cr=3&cs=2&cv=1&dr=0&ds=3&er=&ft=c~.Zm4L-gXoInz7T&l=20220116224416010113006086251533C6&lr=all&mime_type=video_mp4&net=0&pl=0&qs=14&rc=ampneXc6ZTR3NTMzNzczM0ApN2ZlPDdlaGUzNzM2OmU6PGdzLWgwNmMtNGNgLS1kMTZzcy8uMDEtLTJiMWAyM181LTU6Yw%3D%3D&vl=&vr=
32,v09044g40000c42sjhbc77u591u34mdg,16600,1143137&860555&523772&365504,fa40177911d41cbbb7999e7fefd66437&e524fde734db0e12ed49a903f8adcac6&bf1c5e11941493ae189ac843f64bcc9d&cff07fc268196691f4300a1c96023074&d373ca854bd9fdb22802c82f7d503eab&c7ce5cbcb744ecf78f48c18d00530952&b90ff04df4779f25861f0b2296219b4f&4ba8a19d13266fcb2fcedd18e3fd3bab,https://v25.tiktokcdn-us.com/fa40177911d41cbbb7999e7fefd66437/61e4f430/video/tos/useast2a/tos-useast2a-ve-0068c002/7da2afaad80f404fb164f84d77c8ba4d/?a=1233&br=2232&bt=1116&cd=0%7C0%7C0&ch=0&cr=3&cs=2&cv=1&dr=0&ds=3&er=&ft=c~.Zm4L-gXoInz7T&l=20220116224416010113006086251533C6&lr=all&mime_type=video_mp4&net=0&pl=0&qs=14&rc=anA2NDg6Zmt2NzMzNzczM0ApOzs7ZGQ5ZzxkNztlNTlnaGdhMXI2cjRfZy9gLS1kMTZzczUuLjJjMTFeNTIyMC0vYy46Yw%3D%3D&vl=&vr=
33,v09044g40000c1n6fgrivpn8c64va3mg,15276,1055778&904129&638191&402855,5a8fcd1361ae81820f22e23d289af4f9&b473a2d42f826610d3d1111153813feb&19ed986e77b644aee2cd8c05189bd4d1&dd3a431f3ce8e57f65ab51a8d1c29348&90eb6c3c471e373d668ceef86d52e5a7&2756cca8e70753244a4246a89686e9be&4b85ee6f38e89111751f6edab7a66fa3&e6741d8944847a0c43f73c770a0e0636,https://v25.tiktokcdn-us.com/5a8fcd1361ae81820f22e23d289af4f9/61e4f42f/video/tos/useast2a/tos-useast2a-pve-0068/0d6b12d875944f93abce543a86449ffc/?a=1233&br=2062&bt=1031&cd=0%7C0%7C0&ch=0&cr=3&cs=2&cv=1&dr=0&ds=3&er=&ft=c~.Zm4L-gXoInz7T&l=20220116224416010113006086251533C6&lr=all&mime_type=video_mp4&net=0&pl=0&qs=14&rc=ajZ5OTtzbGo5NDMzNzczM0ApPDc3ZTw6OzszN2UzO2Q1ZWdqXjFga3NvY2tgLS1kMTZzcy8wNTQwLy41L2BiYjEzMzI6Yw%3D%3D&vl=&vr=
34,v12044gd0000c736h5bc77uakasifot0,40843,832150&688079&457089&341092,72fdaaced2bb9353a37b66331f67e82f&d0881468118307ded6e77ab13a9ed5d6&21112f7c7a5b10dcb4f518c4e253e928&51ce3bf5e14f68ccdc7d269f3fdcc9b1&e67d7ee240ccfe715fc60db382eabde0&683820e3e598e06cf6f2a34d6789d85b&3a1bfc7ef4aa47837a7bbfda02c1abc2&fd58465ecd20ff99fe5b17f47c951d1e,https://v25.tiktokcdn-us.com/72fdaaced2bb9353a37b66331f67e82f/61e4f448/video/tos/useast5/tos-useast5-pve-0068-tx/967c907d787f47d1ba726183ac03a2a0/?a=1233&br=1624&bt=812&cd=0%7C0%7C0&ch=0&cr=3&cs=2&cv=1&dr=0&ds=3&er=&ft=c~.Zm4L-gXoInz7T&l=20220116224416010113006086251533C6&lr=all&mime_type=video_mp4&net=0&pl=0&qs=14&rc=M3JsZGQ6Zjg5OjMzZzczNEApNDlkOjo5ZjxmNzc8NjVpOGdxY3BocjRfZTBgLS1kMS9zczY2NjAyXjBfYi8xLzIuY2A6Yw%3D%3D&vl=&vr=
35,v07044550000c07os0nir75n464p64cg,8589,247151&169174&126295,8ef26327d63634b39d2cae58b03b2e33&4cdfc932724f5ed9417302529163ca16&4a7fd1b2dbdec09a402222daceea9d2f&61b6d17f95d96eed43ceae2e27c4b4a6&41e88cc23f4212d07c35444efe780671&eda59688660c008b26e0fb4799ee76d9,https://v25.tiktokcdn-us.com/8ef26327d63634b39d2cae58b03b2e33/61e4f428/video/tos/alisg/tos-alisg-pve-0037c001/88d0a2f0d8fd40f699e281a9c3b021f0/?a=1233&br=482&bt=241&cd=0%7C0%7C0&ch=0&cr=3&cs=2&cv=1&dr=0&ds=6&er=&ft=c~.Zm4L-gXoInz7T&l=20220116224416010113006086251533C6&lr=all&mime_type=video_mp4&net=0&pl=0&qs=11&rc=ajdzOXE6bDNyMzMzODczM0ApNTk1aTU8OGRoNzdoM2Y5aWdgMzExMm9rcDRgLS0yMTRzcy0zMTEyXmAvYi81MzAxLWI6Yw%3D%3D&vl=&vr=
36,v09044690000bugd0qjemvd778npkaug,8728,1625869&1015423&736932&474604,4110c465e1aea052aaf5809cf0326237&91979b4c77eb9b67c6d9e800bb74c2e8&89350aa36592c3732f83f0338f1ef04d&7f51a418e9630812b8d85727a597bc16&7ca19ac7570d269c3bcebbea0e19efaf&af404265b27f0e6fae7baaea93e33398&fe4aa801341c85b483dfb9a0290b72ac&12c597d485bfb9af2bad970669357edc,https://v25.tiktokcdn-us.com/4110c465e1aea052aaf5809cf0326237/61e4f428/video/tos/useast2a/tos-useast2a-ve-0068c003/577f7868462848419672cfb56e32c139/?a=1233&br=3174&bt=1587&cd=0%7C0%7C0&ch=0&cr=3&cs=2&cv=1&dr=0&ds=3&er=&ft=c~.Zm4L-gXoInz7T&l=20220116224416010113006086251533C6&lr=all&mime_type=video_mp4&net=0&pl=0&qs=14&rc=amRzOzp5aHRneDMzPDczM0ApZGc2NmRoZDxpN2hlOTw1NWdyaGs0YWpnLWRfLS0zMTZzc2IzYV8xMmBiLTAuMC4wNC86Yw%3D%3D&vl=&vr=
37,v09044g40000c4oflj3c77ue62ip6i7g,18829,1005587&678099&416779,8edc11a1871aff3a80749ff4d5d9bf3e&2ae50445b47cb516eeeb17bf3e4243e6&7edd9e41638ab812c6b3932ee4720dea&01f4acdb9ed3a9fce35a67734e314ecd&44fff72c46069dfce76d994e52d89cfe&fe44fe4a3d40129ec623676e65270cc1,https://v25.tiktokcdn-us.com/8edc11a1871aff3a80749ff4d5d9bf3e/61e4f432/video/tos/useast2a/tos-useast2a-ve-0068c004/ba81bb2590184a42916525640ac6a34f/?a=1233&br=1964&bt=982&cd=0%7C0%7C0&ch=0&cr=3&cs=2&cv=1&dr=0&ds=6&er=&ft=c~.Zm4L-gXoInz7T&l=20220116224416010113006086251533C6&lr=all&mime_type=video_mp4&net=0&pl=0&qs=11&rc=amxzNWg6Zm1pNzMzNzczM0ApOTpnNDZkZ2U3Nzc7Zzg4OWc0M2YzcjQwaWxgLS1kMTZzc2AyNmA1MTRgNS40LjViM186Yw%3D%3D&vl=&vr=
38,v09044900000c1gk48v7hc99pahqgrq0,8637,2052471&1561356&980982&642068,d205a177418d329458e90e6306c234f7&78ce67f58a6d8807cdb652c91f8532a1&a43f74835b8121eadb7037b57662dea1&55e76c758fad094eeff4517102c96b55&4c2f939dab596f96ef3bac19af7a8d08&e84c8a2337188320c32214851fb8f752&cc4cb30cd668470e2e4137e4f9ddc783&00e7dcb6be5026d6bd40167a9363537b,https://v25.tiktokcdn-us.com/d205a177418d329458e90e6306c234f7/61e4f428/video/tos/useast2a/tos-useast2a-ve-0068c002/7eeeb48d29a048fb8a43c2e4f44e7786/?a=1233&br=4008&bt=2004&cd=0%7C0%7C0&ch=0&cr=3&cs=2&cv=1&dr=0&ds=3&er=&ft=c~.Zm4L-gXoInz7T&l=20220116224416010113006086251533C6&lr=all&mime_type=video_mp4&net=0&pl=0&qs=14&rc=M3V0ZDxmOjtuNDMzMzczM0ApOmUzOjc6aGQ5N2k2O2c2ZmduZGVtNmVzMWRgLS02MTZzc2FeM2MtMTEvMy8uNDA2NmI6Yw%3D%3D&vl=&vr=
39,v09044fd0000buhfv1j9iufl0fi5ir5g,19502,568440&460718&327550,ed3e1105de2c1683ef0904b1bbe48928&1914b2c3b8daaab8fcfe898820feddd7&5d122fdd0f8303b218b1d6155ebef367&1f7ec8bc54bad99bf4f667db0be674dd&23a8cb1f7908b9dea0f42d8dd17ce562&679031c5bda6fce129a9fce0d68037bb,https://v25.tiktokcdn-us.com/ed3e1105de2c1683ef0904b1bbe48928/61e4f433/video/tos/useast2a/tos-useast2a-pve-0068/a27f7933c7584a20ab3fd6eb8b24a7cc/?a=1233&br=1110&bt=555&cd=0%7C0%7C0&ch=0&cr=3&cs=2&cv=1&dr=0&ds=6&er=&ft=c~.Zm4L-gXoInz7T&l=20220116224416010113006086251533C6&lr=all&mime_type=video_mp4&net=0&pl=0&qs=11&rc=anU4aW94PDRpeDMzZzczM0ApZ2U2ZTU7ZDw5NzNoZDg5NGcyZmYtY2Znc2VfLS1jMTZzc2MxMmJeL2BeMzM2XmIvMTQ6Yw%3D%3D&vl=&vr=
40,v12044gd0000c797pgbc77ucq7ijquug,16995,298431&235242&154197&125184,3494ec27a5a31a341a581ead391ed3ce&515ea1df36b4c4aa0f65d979013ac195&808cefb011c16b4d24251e10791f569c&934db064f8913b25cd790d06dc1cccf9&ecf6b3d1682906dbf80020d327fb251a&fa85838ce681c0649e1a4c4ad81648d2&a9fdd92e62e4639fe7507526b395e39f&6e1f8beb2ddd906bd3f2e895e7c11bdc,https://v16m.tiktokcdn-us.com/3494ec27a5a31a341a581ead391ed3ce/61e4f481/video/tos/useast5/tos-useast5-pve-0068-tx/f62e02f024c540c89a00998f535a6845/?a=1233&br=582&bt=291&cd=0%7C0%7C0&ch=0&cr=3&cs=2&cv=1&dr=0&ds=3&er=&ft=c~.Zm4L-gXoInz7T&l=202201162245370101130062441D0E534E&lr=all&mime_type=video_mp4&net=0&pl=0&qs=14&rc=anhtOmY6Zmo6OjMzZzczNEApOjM6NDc4aWRkNzVlODRpOWdybmZucjRfbTZgLS1kMS9zcy4vYmFhMV5jMzZeNjY1XjY6Yw%3D%3D&vl=&vr=
41,v09044g40000c3gscaris849rbdm91rg,14975,1649189&1352918&1157202&784297,e57efab4ed9622ea1b8e7402275a2c3a&42fa3ad50622f59c7de4115ee635ca7e&b926a1193b8e6e1e684fba88f2afe7cc&d20e727026f7a7cc6735f9dadd0b47c3&5180e1149c4ab5788e369a95af140169&a2a4d101b15fcccce51813164f40efdd&7972ee31ddf404fa23720a1ea25aeeef&6e873015d8b331a68ee7431b58a2320f,https://v16m.tiktokcdn-us.com/e57efab4ed9622ea1b8e7402275a2c3a/61e4f47f/video/tos/useast2a/tos-useast2a-pve-0068/9d511f5263d34272a97a3e7ab284c1ce/?a=1233&br=3220&bt=1610&cd=0%7C0%7C0&ch=0&cr=3&cs=2&cv=1&dr=0&ds=3&er=&ft=c~.Zm4L-gXoInz7T&l=202201162245370101130062441D0E534E&lr=all&mime_type=video_mp4&net=0&pl=0&qs=14&rc=ajRwZTw7bGR2NjMzNzczM0ApNGg7ODYzNTxpNzw8aTllNGdvNmFvMXBvYGRgLS1kMTZzczIxXi1hNmJeNS02YS1gXjU6Yw%3D%3D&vl=&vr=
42,v09044g40000c3mrtfbc77uahb02m4jg,7149,1009186&814846&469416&322285,ad5255e9b12b062de5479d36de7f6f71&36fe391e0fd2efa1c2ea96ca8c9f71d8&49c238069276b63c1d71dae37ecfa4a1&8e6ea0ec88148037c06d607aa0c6fc66&a681c72bafb8448e7bb05d4fadac06a1&6a52b2b906651af1b7019308b6237cf3&dc6257a36d63d8529acc6dd65451808e&05e888b8af531d1474467e0c2a81e65e,https://v16m.tiktokcdn-us.com/ad5255e9b12b062de5479d36de7f6f71/61e4f477/video/tos/useast2a/tos-useast2a-pve-0068/3ebc7ee2989f443883330b31dfab49f4/?a=1233&br=1970&bt=985&cd=0%7C0%7C0&ch=0&cr=3&cs=2&cv=1&dr=0&ds=3&er=&ft=c~.Zm4L-gXoInz7T&l=202201162245370101130062441D0E534E&lr=all&mime_type=video_mp4&net=0&pl=0&qs=14&rc=ajc1ZWQ6Zml1NjMzNzczM0ApOWg2NjxmNDw2NzY8OTg4Z2dnai1lcjRfcWpgLS1kMTZzczA1LWJgYy9jYi9eMGIvXjY6Yw%3D%3D&vl=&vr=
43,v09044g40000c442udjc77u82pan8nr0,10773,532271&468564&315901,1ab9ae8abdd86941cb08f2a563d8e514&d4d5c2a2bba767732bbe05f601f3387f&78c5fc32dc18b0f15413a39885c9607f&7da6509f42b16df69a06b8b8fda5eb35&2d31f2c6aa8250a7f29b8be62082626d&a1c188c4b51b84b81299b170412e8646,https://v16m.tiktokcdn-us.com/1ab9ae8abdd86941cb08f2a563d8e514/61e4f47b/video/tos/useast2a/tos-useast2a-ve-0068c004/8ef5572352a949ec98150aec8025dd70/?a=1233&br=1038&bt=519&cd=0%7C0%7C0&ch=0&cr=3&cs=2&cv=1&dr=0&ds=6&er=&ft=c~.Zm4L-gXoInz7T&l=202201162245370101130062441D0E534E&lr=all&mime_type=video_mp4&net=0&pl=0&qs=11&rc=M3Fxczs6Zmc1NzMzNzczM0ApOWdkPDllaDtlNzs0aDdmNmdvNV4vcjRncjFgLS1kMTZzczFiXzQzNjU0NV9fLWBfXl86Yw%3D%3D&vl=&vr=
44,v09025g40000c5tphj3c77u9non5uja0,11632,391326&216922&156694,e9234dd525517b2a002659445ab5ce26&25224c65e898525d03480bfb4a3a4009&af1f05c65b158e3440b2c657d85bcc05&ab01eccccbab236cf6b0380488491bfd&0eda89c069676c319e3242d2ba4a1a85&af273fcea5c157a920ac76e20b3596b2,https://v16m.tiktokcdn-us.com/e9234dd525517b2a002659445ab5ce26/61e4f47c/video/tos/useast2a/tos-useast2a-pve-0068/0db5a52be4814ca482755ba7b47a0966/?a=1233&br=764&bt=382&cd=0%7C0%7C0&ch=0&cr=3&cs=2&cv=1&dr=0&ds=6&er=&ft=c~.Zm4L-gXoInz7T&l=202201162245370101130062441D0E534E&lr=all&mime_type=video_mp4&net=0&pl=0&qs=11&rc=M204cjw6Zm1zODMzNzgzM0ApZmZkOGdkaTs0NztmODk3aGdecmtrcjQwZXFgLS1kLzZzc2BjMWAwLTRfMC8wYmAuNGI6Yw%3D%3D&vl=&vr=
45,v09044g40000c31h4berlhljq0la6gmg,11702,1276937&955175&436320&297005,3ed20b980952145c3e1b2758a9819ea5&bd7dd45f3a106f980c1f49c14a29a326&7a0333e4b208d7849c3ea16c8f576669&8497859717be4246de2ce7480e572027&f6b5ae4f82414b1459e695044838ac12&3d6ae26a155f7de223aa13b701e702de&e257053e64d803a806953f3af661e6db&00a8dbec256ff767c89fa8e2a5210541,https://v16m.tiktokcdn-us.com/3ed20b980952145c3e1b2758a9819ea5/61e4f47c/video/tos/useast2a/tos-useast2a-ve-0068c001/c3efc14c6e3045bb9d9a7123d0c5447d/?a=1233&br=2494&bt=1247&cd=0%7C0%7C0&ch=0&cr=3&cs=2&cv=1&dr=0&ds=3&er=&ft=c~.Zm4L-gXoInz7T&l=202201162245370101130062441D0E534E&lr=all&mime_type=video_mp4&net=0&pl=0&qs=14&rc=ampkM21rdWVrNjMzNzczM0ApZ2g5Njs0PGVoNzNkNzdoPGdqM2luaWliMS5gLS1kMTZzczBjYGMyLjQ2My4uLTYyMjE6Yw%3D%3D&vl=&vr=
46,v09044g40000c3r8kabc77u0jldggbg0,12769,2330361&1704943&1469448&996082,4441f8f03f484196c74ee766a80396e3&4ed61989bf188f1a8de2c122f6429642&f23f62a8d436c954e693c8e046040a9a&c14835cfd37f728b7ddcfa2c97436464&d5bd8ac4d5529ea6dce3d5de91f1b91d&c83f3079e0e4568f6cf8ebbcb21fd937&00c0d6ed9d4f111e164ba8941556c3da&fe33c3163ea898faf13ffae0b9b0a63e,https://v16m.tiktokcdn-us.com/4441f8f03f484196c74ee766a80396e3/61e4f47d/video/tos/useast2a/tos-useast2a-pve-0068/8cab7da36e664048988304d7ef7a47b7/?a=1233&br=4550&bt=2275&cd=0%7C0%7C0&ch=0&cr=3&cs=2&cv=1&dr=0&ds=3&er=&ft=c~.Zm4L-gXoInz7T&l=202201162245370101130062441D0E534E&lr=all&mime_type=video_mp4&net=0&pl=0&qs=14&rc=M2VqbzM6ZmQ7NjMzNzczM0ApaDY2PGk8aTs8NzhpPDg8OmdkZGFncjRfaG9gLS1kMTZzcy1jY2BgMF5iMjQwLS8wYGA6Yw%3D%3D&vl=&vr=
47,v09044g40000c4kh153c77u3i2t1e3f0,20710,790267&584037&389756&259282,02f4e880323c240f9267a840127820ef&954cddef19949f4503c046f56cf3fa00&c48f9d3258919116e2d80f0b11f2394f&be34bbbe8e1980f0e70b530bc7118f2c&16d9130feec317aeb3ee7ff89ffcad66&2722e508ca7242c3a5ce6c03677a4eba&fa27a69bd08df0c9ec92cca62c75e342&9286acd942fa25c4f99182a4b3deef61,https://v16m.tiktokcdn-us.com/02f4e880323c240f9267a840127820ef/61e4f485/video/tos/useast2a/tos-useast2a-ve-0068c004/fc7e9f17e2344ce89e8aa991b7d0e895/?a=1233&br=1542&bt=771&cd=0%7C0%7C0&ch=0&cr=3&cs=2&cv=1&dr=0&ds=3&er=&ft=c~.Zm4L-gXoInz7T&l=202201162245370101130062441D0E534E&lr=all&mime_type=video_mp4&net=0&pl=0&qs=14&rc=MzY0NTY6ZjhrNzMzNzczM0ApOGY1OzNoNjs2NzZlM2UzOWdjYnFmcjQwLmhgLS1kMTZzc2IzLy1iNjNeYC4uMTIuLTA6Yw%3D%3D&vl=&vr=
48,v10044g50000c46ig0bc77u3svl4snj0,15439,1003742&711074&460554,8df1220e8c06c9962dec27cf1a618996&70f659200cbf4da33b05eac09bea4f3b&ca5a318f4e17a03ac711383d799738eb&293f5c7b4a833e30437c0627522a06e6&a84f24e47cf9891c9e56b1c0f8371d02&2a2e87e96067d0038dc22584d00423a7,https://v16m.tiktokcdn-us.com/8df1220e8c06c9962dec27cf1a618996/61e4f480/video/tos/alisg/tos-alisg-pve-0037c001/e423ff66fd7745cca108a9f2edb90248/?a=1233&br=1960&bt=980&cd=0%7C0%7C0&ch=0&cr=3&cs=2&cv=1&dr=0&ds=6&er=&ft=c~.Zm4L-gXoInz7T&l=202201162245370101130062441D0E534E&lr=all&mime_type=video_mp4&net=0&pl=0&qs=11&rc=M3E3eTY6ZjNsNzMzODczNEApOzk4M2Q2OTtoNzxpOWhoZGdncGlwcjRfZDNgLS1kMS1zczItY19iMzNhYzJfYTExYTI6Yw%3D%3D&vl=&vr=
49,v09044g40000c34mtnth8h41mpjnku00,7382,1175019&925927&534792&327161,aeef7490798b44274b10260a8f5706ee&171dc08172906a0b97bad384651aef16&c4cd7fc47ac45c64e5590781065fe3b3&36a850cb50473d50ad107f05ee79cd62&c7f733f93277b8823c396a24c988f1c1&3c976e6cda60e286f6548e8ac3ae5381&e79576f2159c5336e48308927c690d32&1fa415d8d2c86f444e75904cf19217b6,https://v16m.tiktokcdn-us.com/aeef7490798b44274b10260a8f5706ee/61e4f478/video/tos/useast2a/tos-useast2a-ve-0068c002/18dc538910c34b97b0ba2334398c0c1c/?a=1233&br=2294&bt=1147&cd=0%7C0%7C0&ch=0&cr=3&cs=2&cv=1&dr=0&ds=3&er=&ft=c~.Zm4L-gXoInz7T&l=202201162245370101130062441D0E534E&lr=all&mime_type=video_mp4&net=0&pl=0&qs=14&rc=M3hxczRra3FwNjMzNzczM0ApOmVnZTNmPGVkNzg5OjMzZmctaGdqMTVxcTFgLS1kMTZzczBeYDMyMS1iXjE2L2BgYjU6Yw%3D%3D&vl=&vr=
50,v12044gd0000c6438f3c77uf5sb2qspg,7637,438273&308591&211521&145661,dd3956d527f5c4705b1a6d994fb59456&a14f3a27275b32ba860c3745667db683&bcc449409d9f527cfcf60c5a1299b894&7ab02d74d214f0ed0b6d963b207c259d&20b823350a4f8d65814ed25f6e41d2c0&7cbb663b88dbdec1e70544a1e12324fd&c7f2ca185d0b6b10eb548e67f55dd8dd&acef0d6702866646fe91e328d5313e26,https://v39.tiktokcdn-us.com/dd3956d527f5c4705b1a6d994fb59456/61e4f4aa/video/tos/maliva/tos-maliva-ve-0068c799-us/76d2b8ec07e045ac97babd32e7849b66/?a=1233&br=856&bt=428&cd=0%7C0%7C0&ch=0&cr=3&cs=2&cv=1&dr=0&ds=3&er=&ft=c~.Zm4L-gXoInz7T&l=202201162246270101131351651E13F68C&lr=all&mime_type=video_mp4&net=0&pl=0&qs=14&rc=anY1dmk6Zmk2OTMzZzczNEApNTM7PDplZDs3N2k3NTQ0NGdtbl8ycjQwNTFgLS1kMS9zcy1iMTNhMjVgXzFhX2MvNWI6Yw%3D%3D&vl=&vr=
51,v09044g40000c3odp7bc77u6gocp9d6g,6662,1213038&1048223&705115,a34a601f08a801aa8f00483c6a4bd687&851c8f29d839ab26d01e667a1233b6d7&e53a2090e7480972927f9dbe5c8ef3e2&b4a7d0e81ee8a084d21f5d50d51b9e2b&9f4c66dab6ffe98f84502def30266b6f&83c4248fca04bb50bf51d7669d2cff6d,https://v39.tiktokcdn-us.com/a34a601f08a801aa8f00483c6a4bd687/61e4f4a9/video/tos/useast2a/tos-useast2a-ve-0068c003/de59c410050643d6ae007381bedffa4e/?a=1233&br=2368&bt=1184&cd=0%7C0%7C0&ch=0&cr=3&cs=2&cv=1&dr=0&ds=6&er=&ft=c~.Zm4L-gXoInz7T&l=202201162246270101131351651E13F68C&lr=all&mime_type=video_mp4&net=0&pl=0&qs=11&rc=amdzcjk6ZjpnNjMzNzczM0ApOTQ2NzdlPDs1N2Q8ZWc4N2czNmBkcjRfbWxgLS1kMTZzc2MvNS8tMy8zYDItXzIvLWA6Yw%3D%3D&vl=&vr=
52,v09044g40000c4ogfhrc77u057cokt50,11283,1788582&1332930&1009342&674293,dbdb1c219f9df0dea362fd46de562dac&c0232bf66dfc1d0a4d2c3ce77a8ae9f6&e1866c60badba6e86b002cf4195ee548&0dc08e52ad76e5e577b77014a478b641&2fc44c580d63456eb59bd544a06a2017&6e9d58025735415100938ba0ad804fed&f406f968ec01fd28a095a7304b2bca28&2f41249df1d3d6f21e8759c9a4101b1d,https://v39.tiktokcdn-us.com/dbdb1c219f9df0dea362fd46de562dac/61e4f4ae/video/tos/useast2a/tos-useast2a-ve-0068c004/37fdace7ea5e47a28e67f8ddd291d8cf/?a=1233&br=3492&bt=1746&cd=0%7C0%7C0&ch=0&cr=3&cs=2&cv=1&dr=0&ds=3&er=&ft=c~.Zm4L-gXoInz7T&l=202201162246270101131351651E13F68C&lr=all&mime_type=video_mp4&net=0&pl=0&qs=14&rc=M3dyOjM6ZmtqNzMzNzczM0ApNTQ1PGg2NTxmN2dkOzc6ZGcyaGAycjRvY2xgLS1kMTZzczA1Xy9gMC5gXzZjMC9eMl86Yw%3D%3D&vl=&vr=
53,v09044g40000c2gsjnial962u1po35p0,6430,770553&599707&407073,18c608399e5ccd13f638f1c46f20e669&4a30c711f32a8397466863b739c21dec&94483d7d1f5335cac4b57ae9bfa6da97&c6ed8cd85f5dbf8e3c7d19c1764c670d&3f4cdd9604eebe8806bcec5c84f533f1&ea86cd44376a026a4ec84b6410b076b8,https://v39.tiktokcdn-us.com/18c608399e5ccd13f638f1c46f20e669/61e4f4a9/video/tos/useast2a/tos-useast2a-ve-0068c003/c87454664ebb4e1a9171e23979c58e98/?a=1233&br=1504&bt=752&cd=0%7C0%7C0&ch=0&cr=3&cs=2&cv=1&dr=0&ds=6&er=&ft=c~.Zm4L-gXoInz7T&l=202201162246270101131351651E13F68C&lr=all&mime_type=video_mp4&net=0&pl=0&qs=11&rc=MzhyNDU8ZHF2NTMzNzczM0ApZzg8Mzc7OjtmN2g4ZGdkOmdtMG1yM2lmZ2RgLS1kMTZzczAxMDY2LjI1Nl4zNS5iYDU6Yw%3D%3D&vl=&vr=
54,v09044310000bmoil77ho6foanv5jaj0,8267,1413832&978032&948578&551346,ba9ffac6f27a6d62080b247457e37482&441019f9aacd6f678e62e81acb58eae5&037642ce811508f76dbd09f1e1705311&9735337e2ee2e15b9571ad149779eae5&c1da29ee0fc09f717fa9fa3ca824290c&771f25cb109159712daea56be3b3ab6f&fe2f5bd77ef2ad79c1c330455dba0078&d61971a6a5abc20e370f2363ee2357c8,https://v39.tiktokcdn-us.com/ba9ffac6f27a6d62080b247457e37482/61e4f4ab/video/tos/useast2a/tos-useast2a-ve-0068/ddd5955b873440ed8f5b7bf11392250d/?a=1233&br=2760&bt=1380&cd=0%7C0%7C0&ch=0&cr=3&cs=2&cv=1&dr=0&ds=3&er=&ft=c~.Zm4L-gXoInz7T&l=202201162246270101131351651E13F68C&lr=all&mime_type=video_mp4&net=0&pl=0&qs=14&rc=M2Q4cXI5azpscDMzNDczM0ApaWVmNDQ3NztoNztlODY4OWdnZ3NeY2w0aWxfLS0wMTZzc19fMi00Nl8zMTVjYy0yY146Yw%3D%3D&vl=&vr=
55,v09044g40000c410g73c77uf1vhdufc0,8635,1640421&1292537&1074754&697653,400d77b69b76996f73b79c2b9943dfbe&6cf0e50d126e6d531163275194215661&34134d8257d86029f6fc347bbf4e07db&3ed47b6b11ce6e657c66ee2f9fc2fe56&394d797b5b883272f379abe3cb6cb70d&4fe51d734c5d116a6074c1b4a91300d3&bfdd59c14e65a327293086be229d9d9e&1dbb5f4060c529ce541e24452b5f4885,https://v39.tiktokcdn-us.com/400d77b69b76996f73b79c2b9943dfbe/61e4f4ab/video/tos/useast2a/tos-useast2a-pve-0068/186f2293eddc429e855872f618200d52/?a=1233&br=3202&bt=1601&cd=0%7C0%7C0&ch=0&cr=3&cs=2&cv=1&dr=0&ds=3&er=&ft=c~.Zm4L-gXoInz7T&l=202201162246270101131351651E13F68C&lr=all&mime_type=video_mp4&net=0&pl=0&qs=14&rc=M2lneWk6ZjozNzMzNzczM0ApaGc8OTNmNGU7NzUzODU8M2dgcmUucjQwZC5gLS1kMTZzczAyMS4zYjFgMC00M2AyLWA6Yw%3D%3D&vl=&vr=
56,v09044g40000c3ai05e0nro67dgk3fbg,9286,1284202&756360&437868&275058,4ee0c268e9a70b2eb94a307fb364652d&923f4bf768a0fae44dacb0930949d74d&03443965a1b3a9f4fd42a87050bb5a8d&0be5524537035ab3cf5d627e0d198714&2a6ebeaeb3d316b8de516dc3769ee60b&527cc5087a7ddc98648a83cfa65bd0a4&cfb1d68d29a9d547450aad050394c63d&d08105831e410949dd3d2a90a4d8faad,https://v39.tiktokcdn-us.com/4ee0c268e9a70b2eb94a307fb364652d/61e4f4ac/video/tos/useast2a/tos-useast2a-pve-0068/e6e3a6962bc94b55b4ea6c5013954c7f/?a=1233&br=2508&bt=1254&cd=0%7C0%7C0&ch=0&cr=3&cs=2&cv=1&dr=0&ds=3&er=&ft=c~.Zm4L-gXoInz7T&l=202201162246270101131351651E13F68C&lr=all&mime_type=video_mp4&net=0&pl=0&qs=14&rc=amluZzl1MzhsNjMzNzczM0ApNGc3Zmk5Zjw2NzxlZ2RnPGdfMGQ0bGtiLV5gLS1kMTZzczJjNS8tYGIvLmI1Y180YS86Yw%3D%3D&vl=&vr=
57,v09044g40000c45clkjc77u4160srdj0,19781,594321&416882&283318&196864,5b86267885083f414404288735dcbe16&377a5dc38f0013d7a08c57f8967cb17c&27ecdfd79a67d3ecc081b5eb837bd01e&47c628a3aec2858337bfbd4691613c86&0bf198a4fd79a60727f4b0a8f75f182b&b62889a4feb423edcd57c8857b6d0ee9&1272ca2a8f81f1a1049ba5e49abf21cd&56cb2fccf19cd01e8efab2e8a73d55e4,https://v39.tiktokcdn-us.com/5b86267885083f414404288735dcbe16/61e4f4b6/video/tos/useast2a/tos-useast2a-ve-0068c001/f9d901e8f28941f9bfce8994d038f273/?a=1233&br=1160&bt=580&cd=0%7C0%7C0&ch=0&cr=3&cs=2&cv=1&dr=0&ds=3&er=&ft=c~.Zm4L-gXoInz7T&l=202201162246270101131351651E13F68C&lr=all&mime_type=video_mp4&net=0&pl=0&qs=14&rc=M2d2OTc6Zm5mNzMzNzczM0ApZDw6PDg8OTw6NzpoOztmPGdnby0ucjRnaTJgLS1kMTZzc2ItYzZiMjQvXi8zYy4uNjA6Yw%3D%3D&vl=&vr=
58,v09044g40000c4aqt4bc77uek70jn260,14603,853714&490562&304377,a4bf9f01cd2439076ae5f8a9576afee0&a10c8cf08b80467eeaaf656965dec40b&80bc48322faeea9c096941b49c6c9da1&6c365bc99290208bf2b9a3601831e6fb&c521b590a571bd2d0c676eeb8fd6e72d&e148e579cdf8dac59c8a133fd37f5295,https://v39.tiktokcdn-us.com/a4bf9f01cd2439076ae5f8a9576afee0/61e4f4b1/video/tos/useast2a/tos-useast2a-ve-0068c003/f5ab0881c8614d2997fc3563a380cca5/?a=1233&br=1666&bt=833&cd=0%7C0%7C0&ch=0&cr=3&cs=2&cv=1&dr=0&ds=6&er=&ft=c~.Zm4L-gXoInz7T&l=202201162246270101131351651E13F68C&lr=all&mime_type=video_mp4&net=0&pl=0&qs=11&rc=MzVtOmg6Zjd0NzMzNzczM0ApZ2lnPGlkPDw8NzM6aGQ4aGczay1ocjRfcV5gLS1kMTZzcy0tX2JjX18yMzM2LmFhNTM6Yw%3D%3D&vl=&vr=
59,v09044g40000c3vdmejc77u7uoaiehrg,11330,566505&438577&226220&162988,df0aecb625f73adc3857cda29c85a73e&689153e222896c8af85d468f0087de58&2d1b1d8d3f81fd06fd73aa3e4f1503c9&9691bfe5dfbf73cdeaefd2cb21a8eaf1&f00e462c204868d28ed30c6c55f4eba0&478a6489b8ed85a64d7a4e7440017c92&224c81faf67a62dff4f58e9691d5d038&4f4821ba28cab2c054b300f58cc04ae5,https://v39.tiktokcdn-us.com/df0aecb625f73adc3857cda29c85a73e/61e4f4ae/video/tos/useast2a/tos-useast2a-pve-0068/dd6af54476d34c538cb4008e341b415b/?a=1233&br=1106&bt=553&cd=0%7C0%7C0&ch=0&cr=3&cs=2&cv=1&dr=0&ds=3&er=&ft=c~.Zm4L-gXoInz7T&l=202201162246270101131351651E13F68C&lr=all&mime_type=video_mp4&net=0&pl=0&qs=14&rc=amtscjo6ZmhnNjMzNzczM0ApOzVmNDg0Ojs8N2g7OWk2ZmdvYl5ycjRnanNgLS1kMTZzc2A0YTQ2NDMtMjExNDQwLS06Yw%3D%3D&vl=&vr=
