video/mp4, bytes 0-1389384/1389385, 1642372791.250424, 1642372791.2519329, 1642372791.2858796, 1642372792.726153, v25-us.tiktokcdn.com, 265fac8f283aeb864cdcd3c0269f238d, /265fac8f283aeb864cdcd3c0269f238d/61e4f320/video/tos/useast2a/tos-useast2a-ve-0068c003/e3c5533aecfd4877925b7486b46642d5/?a=1233&br=2110&bt=1055&cd=0%7C0%7C0&ch=0&cr=3&cs=2&cv=1&dr=0&ds=3&er=&ft=xo5uS4L-gXoInz7T&l=20220116223949010223123014239C888B&lr=all&mime_type=video_mp4&net=0&pl=0&qs=14&rc=amhxcjQ6ZjNrOTMzNzczM0ApZTQ3OjczaDs3NzRpZjQ2ZWduMV8zcjRvZjBgLS1kMTZzczItMjU2YGIyMjZjM2NgYS06Yw%3D%3D&vl=&vr=
video/mp4, bytesbytes 0-361067/361068, 1642372797.084856, 1642372797.0862792, 1642372797.1065674, 1642372797.375809, v39-us.tiktokcdn.com, 19b07dfa12ca33514116b3ff6bc35743, /19b07dfa12ca33514116b3ff6bc35743/61e4f323/video/tos/useast2a/tos-useast2a-pve-0068/dc4706d261d8489ba9d55d577e3a8c7c/?a=1233&br=668&bt=334&cd=0%7C0%7C0&ch=0&cr=3&cs=2&cv=1&dr=0&ds=3&er=&ft=xo5uS4L-gXoInz7T&l=202201162239540101880612240B13D6BF&lr=all&mime_type=video_mp4&net=0&pl=0&qs=14&rc=M3hlazk6Znc8OjMzNzczM0ApaGU3Nmg5ODs1N2g3OjU5PGctMjMzcjQwbGNgLS1kMTZzc2NfYC0vYjMxY2NjXy4tMS06Yw%3D%3D&vl=&vr=
video/mp4, bytesbytes 0-904017/904018, 1642372801.6211202, 1642372801.622314, 1642372801.6549864, 1642372806.5786707, v39-us.tiktokcdn.com, 7f9b44d1589d6052b7e9c2be70779182, /7f9b44d1589d6052b7e9c2be70779182/61e4f329/video/tos/useast2a/tos-useast2a-ve-0068c004/2df24acba4194de3b00749bfa6f6986e/?a=1233&br=998&bt=499&cd=0%7C0%7C0&ch=0&cr=3&cs=2&cv=1&dr=0&ds=6&er=&ft=xo5uS4L-gXoInz7T&l=202201162239540101880612240B13D6BF&lr=all&mime_type=video_mp4&net=0&pl=0&qs=5&rc=M3Vuajs6Zmp0OjMzNzczM0ApZ2k3aGdnZWU8NzZnPGhmPGdsX2AvcjQwYmRgLS1kMTZzczViYi41Xy4uNl8zMzI0YDU6Yw%3D%3D&vl=&vr=
video/mp4, bytes, 1642372838.6156344, 1642372838.616821, 1642372838.6443176, 1642372839.26874, v39.tiktokcdn-us.com, c86803868b60fce0d88be837fcd2e548, /c86803868b60fce0d88be837fcd2e548/61e4f33b/video/tos/useast2a/tos-useast2a-ve-0068c004/c0f25d1b31ba4b86a90cb22cfe1b1294/?a=1233&br=1116&bt=558&cd=0%7C0%7C0&ch=0&cr=3&cs=2&cv=1&dr=0&ds=6&er=&ft=c~.Zm4L-gXoInz7T&l=202201162240200101130060120E0A8C0A&lr=all&mime_type=video_mp4&net=0&pl=0&qs=4&rc=anRuNnZvNHNodzMzODczM0ApZjk8NWg5PGVoNzZlZGQ3OmdtYnJpNTJzXnJfLS1iMTZzczMuMF5hMmBhM2NfMi1gYTY6Yw%3D%3D&vl=&vr=
video/mp4, bytesbytes 0-766503/766504, 1642372839.7112377, 1642372839.7121205, 1642372839.729989, 1642372840.5557022, v39.tiktokcdn-us.com, 1842a393f5189030e3b9825ff0520899, /1842a393f5189030e3b9825ff0520899/61e4f340/video/tos/useast5/tos-useast5-ve-0068c001-tx/e0b5935a00244a96a26e97757fa0313d/?a=1233&br=952&bt=476&cd=0%7C0%7C0&ch=0&cr=3&cs=2&cv=1&dr=0&ds=3&er=&ft=c~.Zm4L-gXoInz7T&l=202201162240200101130060120E0A8C0A&lr=all&mime_type=video_mp4&net=0&pl=0&qs=14&rc=M2RmZGQ6ZjNzOjMzZzczNEApOTtoZWk4ZTxpN2UzNzpnOWdrLWxocjRnc19gLS1kMS9zczRhMmNhYDE2YTQyMS5gMS86Yw%3D%3D&vl=&vr=
video/mp4, bytesbytes 0-1024000/2209343, 1642372840.903731, 1642372840.9050026, 1642372840.9185658, 1642372842.0266707, v39.tiktokcdn-us.com, 3309a43c300e00d32bd472aa3ed309a1, /3309a43c300e00d32bd472aa3ed309a1/61e4f348/video/tos/useast2a/tos-useast2a-ve-0068c003/a3916a82751449e5bc996d3ea4c44e77/?a=1233&br=1710&bt=855&cd=0%7C0%7C0&ch=0&cr=3&cs=2&cv=1&dr=0&ds=6&er=&ft=c~.Zm4L-gXoInz7T&l=202201162240200101130060120E0A8C0A&lr=all&mime_type=video_mp4&net=0&pl=0&qs=5&rc=ajx1NTU6ZmdqOTMzNzczM0ApZmk0NjlpOGQ4N2U4NTg8aGcwcTEucjQwbnJgLS1kMTZzc2EzYGBjLTYyNTNgYi1fNTY6Yw%3D%3D&vl=&vr=
video/mp4, bytesbytes 0-878633/878634, 1642372842.687678, 1642372842.6889982, 1642372842.7058244, 1642372843.585467, v39.tiktokcdn-us.com, a920d5a05d7aee5cc7cdcbb72cc64161, /a920d5a05d7aee5cc7cdcbb72cc64161/61e4f345/video/tos/useast2a/tos-useast2a-pve-0068/52bbbd3d4f604a6c82a0b217a8755c8c/?a=1233&br=770&bt=385&cd=0%7C0%7C0&ch=0&cr=3&cs=2&cv=1&dr=0&ds=6&er=&ft=c~.Zm4L-gXoInz7T&l=202201162240200101130060120E0A8C0A&lr=all&mime_type=video_mp4&net=0&pl=0&qs=4&rc=anZ3NmhraW1tNDMzNzczM0ApNzY5ZzdlZDs5NzRpNWU7Nmdubmg0Ml9oYGhgLS1kMTZzczE1NmMyNWJjX2JhMS8xNC46Yw%3D%3D&vl=&vr=
video/mp4, bytesbytes 0-1024000/3199001, 1642372844.1142774, 1642372844.1152763, 1642372844.1310134, 1642372845.1499872, v39.tiktokcdn-us.com, cfbfbb5978c800466ac47fbb3f0876d4, /cfbfbb5978c800466ac47fbb3f0876d4/61e4f361/video/tos/useast2a/tos-useast2a-pve-0068/d71c0e8d4bdd441cb28765ca3433472b/?a=1233&br=1084&bt=542&cd=0%7C0%7C0&ch=0&cr=3&cs=2&cv=1&dr=0&ds=3&er=&ft=c~.Zm4L-gXoInz7T&l=202201162240200101130060120E0A8C0A&lr=all&mime_type=video_mp4&net=0&pl=0&qs=14&rc=M25oMzw6ZjhqNjMzNzczM0ApN2kzaWQ4NDtmN2c6ZTg8aWdrYjJlcjRfNmlgLS1kMTZzczA0YmNjY2AtYDI2MDBfNjY6Yw%3D%3D&vl=&vr=
video/mp4, bytesbytes 0-1024000/1181632, 1642372845.855532, 1642372845.8570929, 1642372845.874484, 1642372846.7379124, v39.tiktokcdn-us.com, e3f5ea6f86577007f4d49f8149806514, /e3f5ea6f86577007f4d49f8149806514/61e4f344/video/tos/useast2a/tos-useast2a-pve-0068/353eea5c512a4e96bf4aed8f1a7c9fe9/?a=1233&br=1108&bt=554&cd=0%7C0%7C0&ch=0&cr=3&cs=2&cv=1&dr=0&ds=3&er=&ft=c~.Zm4L-gXoInz7T&l=202201162240200101130060120E0A8C0A&lr=all&mime_type=video_mp4&net=0&pl=0&qs=14&rc=MzZ4bjQ6ZmtoNzMzNzczM0ApODc0NGk0NmVlN2Q7OjczM2c0MGRjcjQwci9gLS1kMTZzcy8tMWFiYS5fMzIyNTUxXy06Yw%3D%3D&vl=&vr=
video/mp4, bytesbytes 1024000-2209342/2209343, 1642372862.9789863, 1642372862.9813597, 1642372863.0524518, 1642372865.1259427, v39.tiktokcdn-us.com, 3309a43c300e00d32bd472aa3ed309a1, /3309a43c300e00d32bd472aa3ed309a1/61e4f348/video/tos/useast2a/tos-useast2a-ve-0068c003/a3916a82751449e5bc996d3ea4c44e77/?a=1233&br=1710&bt=855&cd=0%7C0%7C0&ch=0&cr=3&cs=2&cv=1&dr=0&ds=6&er=&ft=c~.Zm4L-gXoInz7T&l=202201162240200101130060120E0A8C0A&lr=all&mime_type=video_mp4&net=0&pl=0&qs=5&rc=ajx1NTU6ZmdqOTMzNzczM0ApZmk0NjlpOGQ4N2U4NTg8aGcwcTEucjQwbnJgLS1kMTZzc2EzYGBjLTYyNTNgYi1fNTY6Yw%3D%3D&vl=&vr=
video/mp4, bytesbytes 0-1024000/1492687, 1642372865.3791893, 1642372865.383207, 1642372865.4132826, 1642372866.636287, v39.tiktokcdn-us.com, f01ccb33239dc13b26d4b0bab459d9de, /f01ccb33239dc13b26d4b0bab459d9de/61e4f34b/video/tos/useast2a/tos-useast2a-ve-0068c004/02c11bae6e0c4bbaa3a6e4b386e22249/?a=1233&br=980&bt=490&cd=0%7C0%7C0&ch=0&cr=3&cs=2&cv=1&dr=0&ds=6&er=&ft=c~.Zm4L-gXoInz7T&l=202201162240200101130060120E0A8C0A&lr=all&mime_type=video_mp4&net=0&pl=0&qs=4&rc=amQ1NTN2aDpmNjMzNzczM0ApNmg5OTw2ODtnNzhoO2RlNWc0LmVxZWpmNjBgLS1kMTZzczQyLy8wYjAyLl9jL2JjXjQ6Yw%3D%3D&vl=&vr=
video/mp4, bytesbytes 1024000-3199000/3199001, 1642372867.9622548, 1642372867.9644396, 1642372868.0038373, 1642372870.9191024, v39.tiktokcdn-us.com, cfbfbb5978c800466ac47fbb3f0876d4, /cfbfbb5978c800466ac47fbb3f0876d4/61e4f361/video/tos/useast2a/tos-useast2a-pve-0068/d71c0e8d4bdd441cb28765ca3433472b/?a=1233&br=1084&bt=542&cd=0%7C0%7C0&ch=0&cr=3&cs=2&cv=1&dr=0&ds=3&er=&ft=c~.Zm4L-gXoInz7T&l=202201162240200101130060120E0A8C0A&lr=all&mime_type=video_mp4&net=0&pl=0&qs=14&rc=M25oMzw6ZjhqNjMzNzczM0ApN2kzaWQ4NDtmN2c6ZTg8aWdrYjJlcjRfNmlgLS1kMTZzczA0YmNjY2AtYDI2MDBfNjY6Yw%3D%3D&vl=&vr=
video/mp4, bytesbytes 0-1024000/3653700, 1642372871.693015, 1642372871.6940107, 1642372871.7171721, 1642372872.8284943, v39.tiktokcdn-us.com, 3dcc324785b966638f7308cda90274f7, /3dcc324785b966638f7308cda90274f7/61e4f366/video/tos/useast2a/tos-useast2a-ve-0068c001/5bc95ee24c964e9b933f7770c02b2951/?a=1233&br=1136&bt=568&cd=0%7C0%7C0&ch=0&cr=3&cs=2&cv=1&dr=0&ds=6&er=&ft=c~.Zm4L-gXoInz7T&l=202201162240200101130060120E0A8C0A&lr=all&mime_type=video_mp4&net=0&pl=0&qs=5&rc=M2plODQ6ZjllNjMzNzczM0ApNWUzOGQ7NTw4Nzg8ZWU8O2drLmJucjQwLnBgLS1kMTZzczBjNjQvMDZeYS8xNGEvMDA6Yw%3D%3D&vl=&vr=
video/mp4, bytesbytes 0-283561/283562, 1642372873.2912831, 1642372873.292533, 1642372873.315531, 1642372873.6837506, v39.tiktokcdn-us.com, e82b3ab549d7a00e9beb0c12531b2090, /e82b3ab549d7a00e9beb0c12531b2090/61e4f33a/video/tos/useast2a/tos-useast2a-ve-0068c003/c82291f2f7744bbabb097f3a38918c6a/?a=1233&br=666&bt=333&cd=0%7C0%7C0&ch=0&cr=3&cs=2&cv=1&dr=0&ds=6&er=&ft=c~.Zm4L-gXoInz7T&l=202201162240200101130060120E0A8C0A&lr=all&mime_type=video_mp4&net=0&pl=0&qs=4&rc=anVseHJvbmdtdTMzZjczM0ApZWc2M2g4PDs6N2g5ZDdkaWdwNDYwcnM0L3BfLS0yMTZzczE1MmBgYDNfYDYuMWM2YTE6Yw%3D%3D&vl=&vr=
video/mp4, bytesbytes 0-557503/557504, 1642372873.8801453, 1642372873.8823524, 1642372873.9600708, 1642372874.784455, v39.tiktokcdn-us.com, 8455cdc8d954af8a10436e5abf49785f, /8455cdc8d954af8a10436e5abf49785f/61e4f33e/video/tos/useast2a/tos-useast2a-ve-0068c002/3b04e783681a450b960ddb8446dd3c3b/?a=1233&br=814&bt=407&cd=0%7C0%7C0&ch=0&cr=3&cs=2&cv=1&dr=0&ds=6&er=&ft=c~.Zm4L-gXoInz7T&l=202201162240200101130060120E0A8C0A&lr=all&mime_type=video_mp4&net=0&pl=0&qs=4&rc=am53bnBmZ2Z2NDMzNzczM0ApOzU6ZGhlOmQ0Nzk6NmU2ZWduZmtiZy5pNG5gLS1kMTZzc18wMl9fNTAuMF9eMmMvNC06Yw%3D%3D&vl=&vr=
video/mp4, bytesbytes 1024000-1181631/1181632, 1642372878.260049, 1642372878.261346, 1642372878.283343, 1642372878.4310987, v39.tiktokcdn-us.com, e3f5ea6f86577007f4d49f8149806514, /e3f5ea6f86577007f4d49f8149806514/61e4f344/video/tos/useast2a/tos-useast2a-pve-0068/353eea5c512a4e96bf4aed8f1a7c9fe9/?a=1233&br=1108&bt=554&cd=0%7C0%7C0&ch=0&cr=3&cs=2&cv=1&dr=0&ds=3&er=&ft=c~.Zm4L-gXoInz7T&l=202201162240200101130060120E0A8C0A&lr=all&mime_type=video_mp4&net=0&pl=0&qs=14&rc=MzZ4bjQ6ZmtoNzMzNzczM0ApODc0NGk0NmVlN2Q7OjczM2c0MGRjcjQwci9gLS1kMTZzcy8tMWFiYS5fMzIyNTUxXy06Yw%3D%3D&vl=&vr=
video/mp4, bytesbytes 1024000-1492686/1492687, 1642372881.8804955, 1642372881.882149, 1642372881.9147737, 1642372882.5239887, v39.tiktokcdn-us.com, f01ccb33239dc13b26d4b0bab459d9de, /f01ccb33239dc13b26d4b0bab459d9de/61e4f34b/video/tos/useast2a/tos-useast2a-ve-0068c004/02c11bae6e0c4bbaa3a6e4b386e22249/?a=1233&br=980&bt=490&cd=0%7C0%7C0&ch=0&cr=3&cs=2&cv=1&dr=0&ds=6&er=&ft=c~.Zm4L-gXoInz7T&l=202201162240200101130060120E0A8C0A&lr=all&mime_type=video_mp4&net=0&pl=0&qs=4&rc=amQ1NTN2aDpmNjMzNzczM0ApNmg5OTw2ODtnNzhoO2RlNWc0LmVxZWpmNjBgLS1kMTZzczQyLy8wYjAyLl9jL2JjXjQ6Yw%3D%3D&vl=&vr=
video/mp4, bytesbytes 1024000-3653699/3653700, 1642372888.6166773, 1642372888.6192558, 1642372888.6468334, 1642372892.2154794, v39.tiktokcdn-us.com, 3dcc324785b966638f7308cda90274f7, /3dcc324785b966638f7308cda90274f7/61e4f366/video/tos/useast2a/tos-useast2a-ve-0068c001/5bc95ee24c964e9b933f7770c02b2951/?a=1233&br=1136&bt=568&cd=0%7C0%7C0&ch=0&cr=3&cs=2&cv=1&dr=0&ds=6&er=&ft=c~.Zm4L-gXoInz7T&l=202201162240200101130060120E0A8C0A&lr=all&mime_type=video_mp4&net=0&pl=0&qs=5&rc=M2plODQ6ZjllNjMzNzczM0ApNWUzOGQ7NTw4Nzg8ZWU8O2drLmJucjQwLnBgLS1kMTZzczBjNjQvMDZeYS8xNGEvMDA6Yw%3D%3D&vl=&vr=
video/mp4, bytes 0-1024000/1412515, 1642372893.4420934, 1642372893.443751, 1642372893.552709, 1642372894.7861135, v25.tiktokcdn-us.com, c8fd07a69f4be3eedaaf06bf32db658c, /c8fd07a69f4be3eedaaf06bf32db658c/61e4f38c/video/tos/useast2a/tos-useast2a-ve-0068c003/b2a74e92317c41a98ff396e61f505581/?a=1233&br=1092&bt=546&cd=0%7C0%7C0&ch=0&cr=3&cs=2&cv=1&dr=0&ds=6&er=&ft=c~.Zm4L-gXoInz7T&l=202201162241280101131351892413886A&lr=all&mime_type=video_mp4&net=0&pl=0&qs=5&rc=MzhxNTo7OmluNTMzNzczM0ApaDNlODRpZzszNzc3NDk2NWdqYzQ1Z2RibzBgLS1kMTZzc2JjMmItYy5fLi9gY2EyM2A6Yw%3D%3D&vl=&vr=
video/mp4, bytes 0-1024000/1093114, 1642372895.412571, 1642372895.4227822, 1642372895.4711864, 1642372897.1830876, v25.tiktokcdn-us.com, 2dc610f0f1a8768a33dbb2fee47b460b, /2dc610f0f1a8768a33dbb2fee47b460b/61e4f389/video/tos/useast2a/tos-useast2a-ve-0068c004/ebeda0edfad943b88c11b94bd99d0786/?a=1233&br=976&bt=488&cd=0%7C0%7C0&ch=0&cr=3&cs=2&cv=1&dr=0&ds=3&er=&ft=c~.Zm4L-gXoInz7T&l=202201162241280101131351892413886A&lr=all&mime_type=video_mp4&net=0&pl=0&qs=14&rc=amo3a2g6ZnJoNzMzNzczM0ApNGhpNzppNmQ2NzRoNGk0OWcvb2IzcjRfZzBgLS1kMTZzczM1YzIvYWIzYC5iM2AvYDE6Yw%3D%3D&vl=&vr=
video/mp4, bytes 0-1024000/1130687, 1642372897.6815143, 1642372897.6829922, 1642372897.7729177, 1642372898.7510917, v25.tiktokcdn-us.com, c151385b6a7323738a14b00b658405a3, /c151385b6a7323738a14b00b658405a3/61e4f387/video/tos/useast2a/tos-useast2a-ve-0068c004/4dd3485cb1714c11939fbdd0790ecb0f/?a=1233&br=1160&bt=580&cd=0%7C0%7C0&ch=0&cr=3&cs=2&cv=1&dr=0&ds=6&er=&ft=c~.Zm4L-gXoInz7T&l=202201162241280101131351892413886A&lr=all&mime_type=video_mp4&net=0&pl=0&qs=5&rc=MzlqN214NThwNTMzNzczM0ApNmQ5PGZnO2Q8N2VoN2ZkM2cubjNkcWZyam5gLS1kMTZzc2MyYTY2Yy4yLjYyXzMvMDA6Yw%3D%3D&vl=&vr=
video/mp4, bytes 0-1024000/1040955, 1642372939.2458866, 1642372939.2522483, 1642372939.2917464, 1642372940.308398, v25.tiktokcdn-us.com, 17360c1ddb8758f407e9965322dc68a6, /17360c1ddb8758f407e9965322dc68a6/61e4f386/video/tos/useast5/tos-useast5-ve-0068c002-tx/81d5a7de49db427a8ee34e83ff2f209c/?a=1233&br=1078&bt=539&cd=0%7C0%7C0&ch=0&cr=3&cs=2&cv=1&dr=0&ds=6&er=&ft=c~.Zm4L-gXoInz7T&l=202201162241280101131351892413886A&lr=all&mime_type=video_mp4&net=0&pl=0&qs=11&rc=amkzdjo6ZnY6OjMzZzczNEApPDU4OGk3M2VmN2U8OTQ3aGdoXnNtcjRnNTVgLS1kMS9zczU2NDU1MDZhMTEyYC9fM2I6Yw%3D%3D&vl=&vr=
video/mp4, bytes 0-1024000/2492421, 1642372946.2081053, 1642372946.2130709, 1642372946.3121493, 1642372946.9419286, v25.tiktokcdn-us.com, ed416c8d652d3f701bdaa0da5e583efe, /ed416c8d652d3f701bdaa0da5e583efe/61e4f39f/video/tos/useast2a/tos-useast2a-pve-0068/85f26dad7c324228908ebbb101ade411/?a=1233&br=978&bt=489&cd=0%7C0%7C0&ch=0&cr=3&cs=2&cv=1&dr=0&ds=6&er=&ft=c~.Zm4L-gXoInz7T&l=202201162241280101131351892413886A&lr=all&mime_type=video_mp4&net=0&pl=0&qs=5&rc=am5zdDw6ZmhqNjMzNzczM0ApOWRnZ2k2NmU0NzRoaGg5O2dtNGtncjRnb2hgLS1kMTZzczQxYF81MjRgM18wNjAxYV86Yw%3D%3D&vl=&vr=
video/mp4, bytes 1024000-1412514/1412515, 1642372949.7838817, 1642372949.7849462, 1642372949.8620365, 1642372950.1919675, v25.tiktokcdn-us.com, c8fd07a69f4be3eedaaf06bf32db658c, /c8fd07a69f4be3eedaaf06bf32db658c/61e4f38c/video/tos/useast2a/tos-useast2a-ve-0068c003/b2a74e92317c41a98ff396e61f505581/?a=1233&br=1092&bt=546&cd=0%7C0%7C0&ch=0&cr=3&cs=2&cv=1&dr=0&ds=6&er=&ft=c~.Zm4L-gXoInz7T&l=202201162241280101131351892413886A&lr=all&mime_type=video_mp4&net=0&pl=0&qs=5&rc=MzhxNTo7OmluNTMzNzczM0ApaDNlODRpZzszNzc3NDk2NWdqYzQ1Z2RibzBgLS1kMTZzc2JjMmItYy5fLi9gY2EyM2A6Yw%3D%3D&vl=&vr=
video/mp4, bytes 0-1024000/2121440, 1642372950.6255214, 1642372950.6264133, 1642372951.0349903, 1642372951.7069669, v25.tiktokcdn-us.com, 991767bd010be3abb74004e2dc7f744c, /991767bd010be3abb74004e2dc7f744c/61e4f38d/video/tos/useast2a/tos-useast2a-pve-0068/bce660f83b4044319aeab83ae5a264f6/?a=1233&br=1562&bt=781&cd=0%7C0%7C0&ch=0&cr=3&cs=2&cv=1&dr=0&ds=6&er=&ft=c~.Zm4L-gXoInz7T&l=202201162241280101131351892413886A&lr=all&mime_type=video_mp4&net=0&pl=0&qs=5&rc=ajtwaW9vZGt5NTMzNzczM0ApMzo0ZTNlNWQ4N2Y4Zjg5Z2djaTZlczNkM2dgLS1kMTZzc2A2MC4wYy9iYTQtMmBjNl46Yw%3D%3D&vl=&vr=
video/mp4, bytes 1024000-1093113/1093114, 1642372959.7259324, 1642372959.7276196, 1642372959.760223, 1642372959.8098853, v25.tiktokcdn-us.com, 2dc610f0f1a8768a33dbb2fee47b460b, /2dc610f0f1a8768a33dbb2fee47b460b/61e4f389/video/tos/useast2a/tos-useast2a-ve-0068c004/ebeda0edfad943b88c11b94bd99d0786/?a=1233&br=976&bt=488&cd=0%7C0%7C0&ch=0&cr=3&cs=2&cv=1&dr=0&ds=3&er=&ft=c~.Zm4L-gXoInz7T&l=202201162241280101131351892413886A&lr=all&mime_type=video_mp4&net=0&pl=0&qs=14&rc=amo3a2g6ZnJoNzMzNzczM0ApNGhpNzppNmQ2NzRoNGk0OWcvb2IzcjRfZzBgLS1kMTZzczM1YzIvYWIzYC5iM2AvYDE6Yw%3D%3D&vl=&vr=
video/mp4, bytes 0-558138/558139, 1642372959.9379363, 1642372959.9479277, 1642372959.9876502, 1642372960.8680558, v25.tiktokcdn-us.com, c76ef4fc23896aececc79b41c017ec16, /c76ef4fc23896aececc79b41c017ec16/61e4f380/video/tos/useast2a/tos-useast2a-pve-0068/060bd750fbeb462c8e674263b1a14cc8/?a=1233&br=1054&bt=527&cd=0%7C0%7C0&ch=0&cr=3&cs=2&cv=1&dr=0&ds=3&er=&ft=c~.Zm4L-gXoInz7T&l=202201162241280101131351892413886A&lr=all&mime_type=video_mp4&net=0&pl=0&qs=14&rc=ajlncnh0bXY7NTMzNzczM0ApPDs8Nzk0ZmVmN2c3M2lkO2deNjU1MjFhZl5gLS1kMTZzcy8uXjMtYTJiX2BjMjIuNjQ6Yw%3D%3D&vl=&vr=
video/mp4, bytes 1024000-1130686/1130687, 1642372972.11616, 1642372972.1208742, 1642372972.1603823, 1642372972.2740195, v25.tiktokcdn-us.com, c151385b6a7323738a14b00b658405a3, /c151385b6a7323738a14b00b658405a3/61e4f387/video/tos/useast2a/tos-useast2a-ve-0068c004/4dd3485cb1714c11939fbdd0790ecb0f/?a=1233&br=1160&bt=580&cd=0%7C0%7C0&ch=0&cr=3&cs=2&cv=1&dr=0&ds=6&er=&ft=c~.Zm4L-gXoInz7T&l=202201162241280101131351892413886A&lr=all&mime_type=video_mp4&net=0&pl=0&qs=5&rc=MzlqN214NThwNTMzNzczM0ApNmQ5PGZnO2Q8N2VoN2ZkM2cubjNkcWZyam5gLS1kMTZzc2MyYTY2Yy4yLjYyXzMvMDA6Yw%3D%3D&vl=&vr=
video/mp4, bytes 0-829414/829415, 1642372972.4209833, 1642372972.4224317, 1642372972.4691422, 1642372973.0961385, v25.tiktokcdn-us.com, 384c529b21dac4aedc9df199ecac9735, /384c529b21dac4aedc9df199ecac9735/61e4f383/video/tos/useast5/tos-useast5-ve-0068c001-tx/a5750ac544c0489d9dc41c02107a19b2/?a=1233&br=1100&bt=550&cd=0%7C0%7C0&ch=0&cr=3&cs=2&cv=1&dr=0&ds=6&er=&ft=c~.Zm4L-gXoInz7T&l=202201162241280101131351892413886A&lr=all&mime_type=video_mp4&net=0&pl=0&qs=11&rc=M29saWg6ZjczOjMzZzczNEApODk4NDs5O2VlNzY3aDszaGcyNGBocjRfX2FgLS1kMS9zczRgMTRhNDA1NC1jYzNiMy86Yw%3D%3D&vl=&vr=
video/mp4, bytes 1024000-1040954/1040955, 1642372973.390435, 1642372973.39174, 1642372973.4520123, 1642372973.453626, v25.tiktokcdn-us.com, 17360c1ddb8758f407e9965322dc68a6, /17360c1ddb8758f407e9965322dc68a6/61e4f386/video/tos/useast5/tos-useast5-ve-0068c002-tx/81d5a7de49db427a8ee34e83ff2f209c/?a=1233&br=1078&bt=539&cd=0%7C0%7C0&ch=0&cr=3&cs=2&cv=1&dr=0&ds=6&er=&ft=c~.Zm4L-gXoInz7T&l=202201162241280101131351892413886A&lr=all&mime_type=video_mp4&net=0&pl=0&qs=11&rc=amkzdjo6ZnY6OjMzZzczNEApPDU4OGk3M2VmN2U8OTQ3aGdoXnNtcjRnNTVgLS1kMS9zczU2NDU1MDZhMTEyYC9fM2I6Yw%3D%3D&vl=&vr=
video/mp4, bytes 49152-829414/829415, 1642372973.5283706, 1642372973.5299585, 1642372973.5564332, 1642372974.0240602, v25.tiktokcdn-us.com, 384c529b21dac4aedc9df199ecac9735, /384c529b21dac4aedc9df199ecac9735/61e4f383/video/tos/useast5/tos-useast5-ve-0068c001-tx/a5750ac544c0489d9dc41c02107a19b2/?a=1233&br=1100&bt=550&cd=0%7C0%7C0&ch=0&cr=3&cs=2&cv=1&dr=0&ds=6&er=&ft=c~.Zm4L-gXoInz7T&l=202201162241280101131351892413886A&lr=all&mime_type=video_mp4&net=0&pl=0&qs=11&rc=M29saWg6ZjczOjMzZzczNEApODk4NDs5O2VlNzY3aDszaGcyNGBocjRfX2FgLS1kMS9zczRgMTRhNDA1NC1jYzNiMy86Yw%3D%3D&vl=&vr=
video/mp4, bytes 1024000-2492420/2492421, 1642372974.7166085, 1642372974.7191825, 1642372974.8566248, 1642372975.8896568, v25.tiktokcdn-us.com, ed416c8d652d3f701bdaa0da5e583efe, /ed416c8d652d3f701bdaa0da5e583efe/61e4f39f/video/tos/useast2a/tos-useast2a-pve-0068/85f26dad7c324228908ebbb101ade411/?a=1233&br=978&bt=489&cd=0%7C0%7C0&ch=0&cr=3&cs=2&cv=1&dr=0&ds=6&er=&ft=c~.Zm4L-gXoInz7T&l=202201162241280101131351892413886A&lr=all&mime_type=video_mp4&net=0&pl=0&qs=5&rc=am5zdDw6ZmhqNjMzNzczM0ApOWRnZ2k2NmU0NzRoaGg5O2dtNGtncjRnb2hgLS1kMTZzczQxYF81MjRgM18wNjAxYV86Yw%3D%3D&vl=&vr=
video/mp4, bytes 1024000-2121439/2121440, 1642372978.339054, 1642372978.3422031, 1642372978.371577, 1642372979.390272, v25.tiktokcdn-us.com, 991767bd010be3abb74004e2dc7f744c, /991767bd010be3abb74004e2dc7f744c/61e4f38d/video/tos/useast2a/tos-useast2a-pve-0068/bce660f83b4044319aeab83ae5a264f6/?a=1233&br=1562&bt=781&cd=0%7C0%7C0&ch=0&cr=3&cs=2&cv=1&dr=0&ds=6&er=&ft=c~.Zm4L-gXoInz7T&l=202201162241280101131351892413886A&lr=all&mime_type=video_mp4&net=0&pl=0&qs=5&rc=ajtwaW9vZGt5NTMzNzczM0ApMzo0ZTNlNWQ4N2Y4Zjg5Z2djaTZlczNkM2dgLS1kMTZzc2A2MC4wYy9iYTQtMmBjNl46Yw%3D%3D&vl=&vr=
video/mp4, bytes 0-1024000/1069291, 1642372980.3048167, 1642372980.3072617, 1642372980.936879, 1642372981.8298957, v25.tiktokcdn-us.com, 9fda702af9792e3d7392159d73b21da0, /9fda702af9792e3d7392159d73b21da0/61e4f391/video/tos/alisg/tos-alisg-pve-0037c001/4a0a9e195fa24116ac3ca1661083a252/?a=1233&br=658&bt=329&cd=0%7C0%7C0&ch=0&cr=3&cs=2&cv=1&dr=0&ds=6&er=&ft=c~.Zm4L-gXoInz7T&l=202201162241280101131351892413886A&lr=all&mime_type=video_mp4&net=0&pl=0&qs=4&rc=ajY3Njk6ZmU2OTMzODczNEApaDZmNjs7NWQ0NzlmM2g2ZGdsb25ucjRvM2BgLS1kMS1zczQ0MC9jNC5jMWMzNmMtLy46Yw%3D%3D&vl=&vr=
video/mp4, bytes 0-421105/421106, 1642372982.5166078, 1642372982.5183465, 1642372982.678573, 1642372983.0108714, v25.tiktokcdn-us.com, fa3af40b2722b0aa4e8073f8356f14c7, /fa3af40b2722b0aa4e8073f8356f14c7/61e4f37f/video/tos/useast2a/tos-useast2a-ve-0068c001/9efacd2babf644c7ba107b101959f243/?a=1233&br=860&bt=430&cd=0%7C0%7C0&ch=0&cr=3&cs=2&cv=1&dr=0&ds=6&er=&ft=c~.Zm4L-gXoInz7T&l=202201162241280101131351892413886A&lr=all&mime_type=video_mp4&net=0&pl=0&qs=11&rc=M3kzcms1NHd0NDMzOjczM0ApMzhoOWU2NmQ4N2g2O2dlPGc1a3NhbGowbDJgLS02MTZzcy4yLzM1YjZiXzAyNF41LjI6Yw%3D%3D&vl=&vr=
video/mp4, bytes 1024000-1069290/1069291, 1642373018.5069382, 1642373018.5087647, 1642373018.8054144, 1642373018.9074783, v25.tiktokcdn-us.com, 9fda702af9792e3d7392159d73b21da0, /9fda702af9792e3d7392159d73b21da0/61e4f391/video/tos/alisg/tos-alisg-pve-0037c001/4a0a9e195fa24116ac3ca1661083a252/?a=1233&br=658&bt=329&cd=0%7C0%7C0&ch=0&cr=3&cs=2&cv=1&dr=0&ds=6&er=&ft=c~.Zm4L-gXoInz7T&l=202201162241280101131351892413886A&lr=all&mime_type=video_mp4&net=0&pl=0&qs=4&rc=ajY3Njk6ZmU2OTMzODczNEApaDZmNjs7NWQ0NzlmM2g2ZGdsb25ucjRvM2BgLS1kMS1zczQ0MC9jNC5jMWMzNmMtLy46Yw%3D%3D&vl=&vr=
video/mp4, bytesbytes 0-630905/630906, 1642373019.631665, 1642373019.6327605, 1642373019.6838045, 1642373022.0596726, v16m.tiktokcdn-us.com, 6472ff57360fad2ef6643cd8f9325340, /6472ff57360fad2ef6643cd8f9325340/61e4f3fd/video/tos/useast2a/tos-useast2a-ve-0068c004/d81012df6a39444f87aa77a0bbf58acc/?a=1233&br=638&bt=319&cd=0%7C0%7C0&ch=0&cr=3&cs=2&cv=1&dr=0&ds=6&er=&ft=c~.Zm4L-gXoInz7T&l=20220116224326010113135167120CD0F6&lr=all&mime_type=video_mp4&net=0&pl=0&qs=4&rc=ajo6ZzZyOmt2dDMzNzczM0ApZTY2NTY6OmU1NzM4OTpoNmdfbmYzbDAvYzBfLS1jMTZzczYvYzYxYmJhYzAxNi1gXi06Yw%3D%3D&vl=&vr=
video/mp4, bytesbytes 0-444670/444671, 1642373022.5540001, 1642373022.5552871, 1642373022.8107064, 1642373024.4985502, v16m.tiktokcdn-us.com, 180b6571ba362c02bda24ca058f867cb, /180b6571ba362c02bda24ca058f867cb/61e4f3f5/video/tos/alisg/tos-alisg-pve-0037c001/483cae1dd53b40d999040db9dcbd2da8/?a=1233&br=864&bt=432&cd=0%7C0%7C0&ch=0&cr=3&cs=2&cv=1&dr=0&ds=6&er=&ft=c~.Zm4L-gXoInz7T&l=20220116224326010113135167120CD0F6&lr=all&mime_type=video_mp4&net=0&pl=0&qs=4&rc=MzQzPHNnNjg8NDMzNTczM0ApZzo7OTg8OWVnN2dkM2Y6OmdnYW5ibTJwcjZgLS0xMTRzc2I0NWBfLmIwXi0vLTMxYTE6Yw%3D%3D&vl=&vr=
video/mp4, bytes, 1642373027.2191675, 1642373027.2213905, 1642373027.3136437, 1642373030.0985677, v16m.tiktokcdn-us.com, e3c362e32f582ed6630a820c62d25ab1, /e3c362e32f582ed6630a820c62d25ab1/61e4f3fc/video/tos/useast2a/tos-useast2a-ve-0068c002/6a64302591914e788873b4fa55cd0878/?a=1233&br=820&bt=410&cd=0%7C0%7C0&ch=0&cr=3&cs=2&cv=1&dr=0&ds=6&er=&ft=c~.Zm4L-gXoInz7T&l=20220116224326010113135167120CD0F6&lr=all&mime_type=video_mp4&net=0&pl=0&qs=5&rc=ajhkeTtyNjM1NDMzNzczM0ApN2c3ODU4NmRnN2Y7ZWQ1OmcvamRjNGE2LmtgLS1kMTZzc2NiX2BiNi8uNTVeYzAtXjI6Yw%3D%3D&vl=&vr=
video/mp4, bytes, 1642373032.0012155, 1642373032.0077972, 1642373032.1453323, 1642373033.530627, v16m.tiktokcdn-us.com, c1d5e7ddbdcee2880682b1be4b0129f9, /c1d5e7ddbdcee2880682b1be4b0129f9/61e4f3fc/video/tos/useast2a/tos-useast2a-ve-0068c003/8a331142577249c1871010195fd4a5f3/?a=1233&br=682&bt=341&cd=0%7C0%7C0&ch=0&cr=3&cs=2&cv=1&dr=0&ds=6&er=&ft=c~.Zm4L-gXoInz7T&l=20220116224326010113135167120CD0F6&lr=all&mime_type=video_mp4&net=0&pl=0&qs=4&rc=MzRoaGV1czhxMzMzZzczM0ApMzZnPDZpNmRmN2RlZ2RkOGcvZDQxcDU1ZW5gLS1eMTZzczNgNGBhYl5jYzMyMzJgNDM6Yw%3D%3D&vl=&vr=
video/mp4, bytesbytes 0-435841/435842, 1642373033.977568, 1642373033.9792593, 1642373034.016244, 1642373034.6123562, v16m.tiktokcdn-us.com, 3812871a875ba9c724ebdeca9f347c56, /3812871a875ba9c724ebdeca9f347c56/61e4f3f5/video/tos/useast2a/tos-useast2a-ve-0068c003/68d322896df040509a8850930ec1b841/?a=1233&br=856&bt=428&cd=0%7C0%7C0&ch=0&cr=3&cs=2&cv=1&dr=0&ds=6&er=&ft=c~.Zm4L-gXoInz7T&l=20220116224326010113135167120CD0F6&lr=all&mime_type=video_mp4&net=0&pl=0&qs=11&rc=M2dvcmg6ZmZtOTMzNzczM0ApOjZmOzVpOjw6NzdkaWQzPGdsaGEucjRvZV9gLS1kMTZzc2JeMWIyYDBjNC81NjY1LV46Yw%3D%3D&vl=&vr=
video/mp4, bytes, 1642373036.7005687, 1642373036.706454, 1642373036.7398076, 1642373038.1126835, v16m.tiktokcdn-us.com, 69cf24146d7764c0418fa8449ca392da, /69cf24146d7764c0418fa8449ca392da/61e4f3f2/video/tos/useast2a/tos-useast2a-ve-0068c004/e99cb9d5a11d4ac7a496622b02f8a9ad/?a=1233&br=1476&bt=738&cd=0%7C0%7C0&ch=0&cr=3&cs=0&dr=0&ds=2&er=&ft=c~.Zm4L-gXoInz7T&l=20220116224326010113135167120CD0F6&lr=all&mime_type=video_mp4&net=0&pl=0&qs=0&rc=MzN1NmdkcnU2NTMzNzczM0ApNjk0Z2c7Zzs4NzRmMzYzM2dwYmtrai5laXFgLS1kMTZzc2BiNV4zNTEyNjQ0XmEzMS86Yw%3D%3D&vl=&vr=
video/mp4, bytes, 1642373038.161464, 1642373038.1704023, 1642373038.19933, 1642373041.9769328, v16m.tiktokcdn-us.com, 16cccc1eaf9a2dd5eccec58522eff67f, /16cccc1eaf9a2dd5eccec58522eff67f/61e4f401/video/tos/useast2a/tos-useast2a-ve-0068c003/f348836467bc49eaa857075d7c4a121e/?a=1233&br=1382&bt=691&cd=0%7C0%7C0&ch=0&cr=3&cs=2&cv=1&dr=0&ds=6&er=&ft=c~.Zm4L-gXoInz7T&l=20220116224326010113135167120CD0F6&lr=all&mime_type=video_mp4&net=0&pl=0&qs=5&rc=anhwMzw6ZnRqNzMzNzczM0ApZmRlNzpnaGQ0NzloO2k6OWctZ2sycjQwLWpgLS1kMTZzczZeMzE0YWAzLTMuXi8xYWM6Yw%3D%3D&vl=&vr=
video/mp4, bytesbytes 0-1024000/1417688, 1642373042.8083847, 1642373042.8103633, 1642373042.923972, 1642373047.4664507, v16m.tiktokcdn-us.com, f5714d6287ec832d51cb0a4e37474dd8, /f5714d6287ec832d51cb0a4e37474dd8/61e4f402/video/tos/useast2a/tos-useast2a-ve-0068c003/ea7de911776840ddb16332a908d46e62/?a=1233&br=1060&bt=530&cd=0%7C0%7C0&ch=0&cr=3&cs=2&cv=1&dr=0&ds=6&er=&ft=c~.Zm4L-gXoInz7T&l=20220116224326010113135167120CD0F6&lr=all&mime_type=video_mp4&net=0&pl=0&qs=5&rc=anZ0aGhoNG0zNTMzNzczM0ApNDRoOmc0ZGVpNzdnM2QzOWcvbGZhM3BoLm5gLS1kMTZzcy1fYDBeNS00NF8yYjZgYWE6Yw%3D%3D&vl=&vr=
video/mp4, bytesbytes 0-378397/378398, 1642373048.2185206, 1642373048.221417, 1642373048.2615213, 1642373050.4443839, v16m.tiktokcdn-us.com, 9c232475dd17f19fc41cfb0a42e5b332, /9c232475dd17f19fc41cfb0a42e5b332/61e4f3f7/video/tos/useast2a/tos-useast2a-ve-0068c002/da6204c267744dc49cc565b2ab43563d/?a=1233&br=618&bt=309&cd=0%7C0%7C0&ch=0&cr=3&cs=2&cv=1&dr=0&ds=6&er=&ft=c~.Zm4L-gXoInz7T&l=20220116224326010113135167120CD0F6&lr=all&mime_type=video_mp4&net=0&pl=0&qs=5&rc=am52Zzs6ZndrNzMzNzczM0ApOzY0ZTtpNWU0NzdmNWc4ZWdnZGk1cjQwXmxgLS1kMTZzczRjYjI0YDRiLjNhNF8vYzU6Yw%3D%3D&vl=&vr=
video/mp4, bytesbytes 0-1024000/1115179, 1642373050.8766599, 1642373050.877607, 1642373050.9363842, 1642373053.6247046, v16m.tiktokcdn-us.com, dd1287bb719bb35180890b4e127fc086, /dd1287bb719bb35180890b4e127fc086/61e4f3fe/video/tos/useast2a/tos-useast2a-pve-0068/b7bce4a37804449f9d2183c5933ac52d/?a=1233&br=1022&bt=511&cd=0%7C0%7C0&ch=0&cr=3&cs=2&cv=1&dr=0&ds=6&er=&ft=c~.Zm4L-gXoInz7T&l=20220116224326010113135167120CD0F6&lr=all&mime_type=video_mp4&net=0&pl=0&qs=5&rc=M2k6OHV0cm5yNjMzNzczM0ApOTU1N2lpNjtmNzo2NTc4aWdtcC01azE1bzZgLS1kMTZzc2I0LTI0YjI1LmA0Ni4xYS86Yw%3D%3D&vl=&vr=
video/mp4, bytesbytes 1024000-1417687/1417688, 1642373056.598394, 1642373056.5999568, 1642373056.6207328, 1642373060.3036518, v16m.tiktokcdn-us.com, f5714d6287ec832d51cb0a4e37474dd8, /f5714d6287ec832d51cb0a4e37474dd8/61e4f402/video/tos/useast2a/tos-useast2a-ve-0068c003/ea7de911776840ddb16332a908d46e62/?a=1233&br=1060&bt=530&cd=0%7C0%7C0&ch=0&cr=3&cs=2&cv=1&dr=0&ds=6&er=&ft=c~.Zm4L-gXoInz7T&l=20220116224326010113135167120CD0F6&lr=all&mime_type=video_mp4&net=0&pl=0&qs=5&rc=anZ0aGhoNG0zNTMzNzczM0ApNDRoOmc0ZGVpNzdnM2QzOWcvbGZhM3BoLm5gLS1kMTZzcy1fYDBeNS00NF8yYjZgYWE6Yw%3D%3D&vl=&vr=
video/mp4, bytes 0-850417/850418, 1642373060.6630876, 1642373060.6651647, 1642373061.0585196, 1642373063.7314694, v25.tiktokcdn-us.com, 2e0a35f2076ac667b734fa6b48895ca5, /2e0a35f2076ac667b734fa6b48895ca5/61e4f42f/video/tos/useast2a/tos-useast2a-pve-0068/33def16ebd18444989dc7993a37978dd/?a=1233&br=854&bt=427&cd=0%7C0%7C0&ch=0&cr=3&cs=2&cv=1&dr=0&ds=6&er=&ft=c~.Zm4L-gXoInz7T&l=20220116224416010113006086251533C6&lr=all&mime_type=video_mp4&net=0&pl=0&qs=5&rc=ajVyZzt5dGlreDMzZTczM0ApZzM0NDNmO2RnNzM5MzVlM2cuZWYxL3BuaDRfLS0wMTZzczQtNjBeMzIwMi4tYDI1L186Yw%3D%3D&vl=&vr=
video/mp4, bytes 0-920621/920622, 1642373064.69158, 1642373064.6931188, 1642373064.8166578, 1642373067.1499693, v25.tiktokcdn-us.com, a2348282294746f9902fb37178f93574, /a2348282294746f9902fb37178f93574/61e4f433/video/tos/useast2a/tos-useast2a-ve-0068c004/79b1b3f341fd40b0b1ece1a7d0931fa7/?a=1233&br=744&bt=372&cd=0%7C0%7C0&ch=0&cr=3&cs=2&cv=1&dr=0&ds=6&er=&ft=c~.Zm4L-gXoInz7T&l=20220116224416010113006086251533C6&lr=all&mime_type=video_mp4&net=0&pl=0&qs=5&rc=ampneXc6ZTR3NTMzNzczM0ApNzU8OjhlaWRoN2g3ZWkzM2dzLWgwNmMtNGNgLS1kMTZzc19fNmEtYzYzYS4vLTE0LzI6Yw%3D%3D&vl=&vr=
video/mp4, bytes 0-758420/758421, 1642373067.7639046, 1642373067.7651563, 1642373068.0005374, 1642373069.877717, v25.tiktokcdn-us.com, b90ff04df4779f25861f0b2296219b4f, /b90ff04df4779f25861f0b2296219b4f/61e4f430/video/tos/useast2a/tos-useast2a-pve-0068/aeef7600a288471fae3bb636b1330a2c/?a=1233&br=712&bt=356&cd=0%7C0%7C0&ch=0&cr=3&cs=2&cv=1&dr=0&ds=6&er=&ft=c~.Zm4L-gXoInz7T&l=20220116224416010113006086251533C6&lr=all&mime_type=video_mp4&net=0&pl=0&qs=5&rc=anA2NDg6Zmt2NzMzNzczM0ApZ2c8ZzlnPDtoN2Y6aTg2PGdhMXI2cjRfZy9gLS1kMTZzcy4zYmE1NmNiMTAuMDAtXmM6Yw%3D%3D&vl=&vr=
video/mp4, bytesbytes 1024000-1115178/1115179, 1642373071.6533484, 1642373071.660676, 1642373071.7034216, 1642373072.2072558, v16m.tiktokcdn-us.com, dd1287bb719bb35180890b4e127fc086, /dd1287bb719bb35180890b4e127fc086/61e4f3fe/video/tos/useast2a/tos-useast2a-pve-0068/b7bce4a37804449f9d2183c5933ac52d/?a=1233&br=1022&bt=511&cd=0%7C0%7C0&ch=0&cr=3&cs=2&cv=1&dr=0&ds=6&er=&ft=c~.Zm4L-gXoInz7T&l=20220116224326010113135167120CD0F6&lr=all&mime_type=video_mp4&net=0&pl=0&qs=5&rc=M2k6OHV0cm5yNjMzNzczM0ApOTU1N2lpNjtmNzo2NTc4aWdtcC01azE1bzZgLS1kMTZzc2I0LTI0YjI1LmA0Ni4xYS86Yw%3D%3D&vl=&vr=
video/mp4, bytes 0-769252/769253, 1642373072.4229395, 1642373072.4241333, 1642373072.7207637, 1642373075.5447187, v25.tiktokcdn-us.com, 4b85ee6f38e89111751f6edab7a66fa3, /4b85ee6f38e89111751f6edab7a66fa3/61e4f42f/video/tos/useast2a/tos-useast2a-ve-0068c004/efbfd78c2abf4559a766c6d6de5511bc/?a=1233&br=786&bt=393&cd=0%7C0%7C0&ch=0&cr=3&cs=2&cv=1&dr=0&ds=6&er=&ft=c~.Zm4L-gXoInz7T&l=20220116224416010113006086251533C6&lr=all&mime_type=video_mp4&net=0&pl=0&qs=5&rc=ajZ5OTtzbGo5NDMzNzczM0ApMzc7PDo3OzxpNzQ8ZTc4NmdqXjFga3NvY2tgLS1kMTZzc2MuY180MzUuYjExLzI2LTE6Yw%3D%3D&vl=&vr=
video/mp4, bytes 0-1024000/1741406, 1642373076.0627754, 1642373076.0657377, 1642373076.4165397, 1642373080.157894, v25.tiktokcdn-us.com, 3a1bfc7ef4aa47837a7bbfda02c1abc2, /3a1bfc7ef4aa47837a7bbfda02c1abc2/61e4f448/video/tos/useast5/tos-useast5-pve-0068-tx/279c8bd1ac134019914bb4a75c00f1df/?a=1233&br=666&bt=333&cd=0%7C0%7C0&ch=0&cr=3&cs=2&cv=1&dr=0&ds=6&er=&ft=c~.Zm4L-gXoInz7T&l=20220116224416010113006086251533C6&lr=all&mime_type=video_mp4&net=0&pl=0&qs=5&rc=M3JsZGQ6Zjg5OjMzZzczNEApOGk3ZTlmOjs5NzkzNjVnPGdxY3BocjRfZTBgLS1kMS9zc2MtNWMxNDNjY2I2MTAuNGA6Yw%3D%3D&vl=&vr=
video/mp4, bytes 0-265347/265348, 1642373089.0278347, 1642373089.0301201, 1642373089.0930927, 1642373090.123588, v25.tiktokcdn-us.com, 8ef26327d63634b39d2cae58b03b2e33, /8ef26327d63634b39d2cae58b03b2e33/61e4f428/video/tos/alisg/tos-alisg-pve-0037c001/88d0a2f0d8fd40f699e281a9c3b021f0/?a=1233&br=482&bt=241&cd=0%7C0%7C0&ch=0&cr=3&cs=2&cv=1&dr=0&ds=6&er=&ft=c~.Zm4L-gXoInz7T&l=20220116224416010113006086251533C6&lr=all&mime_type=video_mp4&net=0&pl=0&qs=11&rc=ajdzOXE6bDNyMzMzODczM0ApNTk1aTU8OGRoNzdoM2Y5aWdgMzExMm9rcDRgLS0yMTRzcy0zMTEyXmAvYi81MzAxLWI6Yw%3D%3D&vl=&vr=
video/mp4, bytes 0-517792/517793, 1642373090.4083235, 1642373090.4096007, 1642373090.5027397, 1642373092.4222448, v25.tiktokcdn-us.com, fe4aa801341c85b483dfb9a0290b72ac, /fe4aa801341c85b483dfb9a0290b72ac/61e4f428/video/tos/useast2a/tos-useast2a-ve-0068c004/61ddc728cfd74da9806df42f9f1aa3a3/?a=1233&br=926&bt=463&cd=0%7C0%7C0&ch=0&cr=3&cs=2&cv=1&dr=0&ds=6&er=&ft=c~.Zm4L-gXoInz7T&l=20220116224416010113006086251533C6&lr=all&mime_type=video_mp4&net=0&pl=0&qs=5&rc=amRzOzp5aHRneDMzPDczM0ApNzVmaTk2N2RoNzc7ZDQ3aWdyaGs0YWpnLWRfLS0zMTZzczJjNDMwXy1hYzVjYmA1Nl46Yw%3D%3D&vl=&vr=
video/mp4, bytes 0-980941/980942, 1642373101.453704, 1642373101.4643846, 1642373101.6345732, 1642373104.7260845, v25.tiktokcdn-us.com, 44fff72c46069dfce76d994e52d89cfe, /44fff72c46069dfce76d994e52d89cfe/61e4f432/video/tos/useast2a/tos-useast2a-ve-0068c003/e03dc43dab0a4436b4e65c3f1e1c5f17/?a=1233&br=814&bt=407&cd=0%7C0%7C0&ch=0&cr=3&cs=2&cv=1&dr=0&ds=6&er=&ft=c~.Zm4L-gXoInz7T&l=20220116224416010113006086251533C6&lr=all&mime_type=video_mp4&net=0&pl=0&qs=5&rc=amxzNWg6Zm1pNzMzNzczM0ApMzs1aWZlOTw4NzM4OzdkNWc0M2YzcjQwaWxgLS1kMTZzcy1eNDFfNV41NDJeMi1eYjI6Yw%3D%3D&vl=&vr=
video/mp4, bytes 0-693192/693193, 1642373106.5417626, 1642373106.5428987, 1642373106.8273394, 1642373109.4807699, v25.tiktokcdn-us.com, cc4cb30cd668470e2e4137e4f9ddc783, /cc4cb30cd668470e2e4137e4f9ddc783/61e4f428/video/tos/useast2a/tos-useast2a-ve-0068c004/a9eb81410a7f48f794f98e82aae77edb/?a=1233&br=1254&bt=627&cd=0%7C0%7C0&ch=0&cr=3&cs=2&cv=1&dr=0&ds=6&er=&ft=c~.Zm4L-gXoInz7T&l=20220116224416010113006086251533C6&lr=all&mime_type=video_mp4&net=0&pl=0&qs=5&rc=M3V0ZDxmOjtuNDMzMzczM0ApOmdmZGg3OGQ3N2VnZzQ5NWduZGVtNmVzMWRgLS02MTZzc2EyLi4xYmEuMzU1YzFeNWI6Yw%3D%3D&vl=&vr=
video/mp4, bytes 1024000-1741405/1741406, 1642373117.8351533, 1642373117.8362849, 1642373117.9096153, 1642373120.6738017, v25.tiktokcdn-us.com, 3a1bfc7ef4aa47837a7bbfda02c1abc2, /3a1bfc7ef4aa47837a7bbfda02c1abc2/61e4f448/video/tos/useast5/tos-useast5-pve-0068-tx/279c8bd1ac134019914bb4a75c00f1df/?a=1233&br=666&bt=333&cd=0%7C0%7C0&ch=0&cr=3&cs=2&cv=1&dr=0&ds=6&er=&ft=c~.Zm4L-gXoInz7T&l=20220116224416010113006086251533C6&lr=all&mime_type=video_mp4&net=0&pl=0&qs=5&rc=M3JsZGQ6Zjg5OjMzZzczNEApOGk3ZTlmOjs5NzkzNjVnPGdxY3BocjRfZTBgLS1kMS9zc2MtNWMxNDNjY2I2MTAuNGA6Yw%3D%3D&vl=&vr=
video/mp4, bytes 0-798486/798487, 1642373121.2793748, 1642373121.2807214, 1642373121.4524405, 1642373123.6027799, v25.tiktokcdn-us.com, 23a8cb1f7908b9dea0f42d8dd17ce562, /23a8cb1f7908b9dea0f42d8dd17ce562/61e4f433/video/tos/useast2a/tos-useast2a-ve-0068c001/93def875131f4cfdac3da9c8d5663b46/?a=1233&br=638&bt=319&cd=0%7C0%7C0&ch=0&cr=3&cs=2&cv=1&dr=0&ds=6&er=&ft=c~.Zm4L-gXoInz7T&l=20220116224416010113006086251533C6&lr=all&mime_type=video_mp4&net=0&pl=0&qs=5&rc=anU4aW94PDRpeDMzZzczM0ApaTY8O2hlODwzNzU7PDo5ZWcyZmYtY2Znc2VfLS1jMTZzczQ0MWM1Mi8zMDEuXmItMGA6Yw%3D%3D&vl=&vr=
video/mp4, bytesbytes 0-633979/633980, 1642373140.3622642, 1642373140.3668592, 1642373140.4778917, 1642373142.3161342, v16m.tiktokcdn-us.com, 3494ec27a5a31a341a581ead391ed3ce, /3494ec27a5a31a341a581ead391ed3ce/61e4f481/video/tos/useast5/tos-useast5-pve-0068-tx/f62e02f024c540c89a00998f535a6845/?a=1233&br=582&bt=291&cd=0%7C0%7C0&ch=0&cr=3&cs=2&cv=1&dr=0&ds=3&er=&ft=c~.Zm4L-gXoInz7T&l=202201162245370101130062441D0E534E&lr=all&mime_type=video_mp4&net=0&pl=0&qs=14&rc=anhtOmY6Zmo6OjMzZzczNEApOjM6NDc4aWRkNzVlODRpOWdybmZucjRfbTZgLS1kMS9zcy4vYmFhMV5jMzZeNjY1XjY6Yw%3D%3D&vl=&vr=
video/mp4, bytesbytes 0-1024000/1468106, 1642373142.8864305, 1642373142.8885922, 1642373142.9109983, 1642373144.7253861, v16m.tiktokcdn-us.com, 7972ee31ddf404fa23720a1ea25aeeef, /7972ee31ddf404fa23720a1ea25aeeef/61e4f47f/video/tos/useast2a/tos-useast2a-ve-0068c001/b21486bb7d81477baabd50d3c947dcf1/?a=1233&br=1530&bt=765&cd=0%7C0%7C0&ch=0&cr=3&cs=2&cv=1&dr=0&ds=6&er=&ft=c~.Zm4L-gXoInz7T&l=202201162245370101130062441D0E534E&lr=all&mime_type=video_mp4&net=0&pl=0&qs=5&rc=ajRwZTw7bGR2NjMzNzczM0ApaWhnOWZlO2U7N2ZoZDg5M2dvNmFvMXBvYGRgLS1kMTZzcy8xNmJfXzItNC42Yy5gXzQ6Yw%3D%3D&vl=&vr=
video/mp4, bytesbytes 0-288001/288002, 1642373145.1685975, 1642373145.1711671, 1642373145.1958292, 1642373146.0530205, v16m.tiktokcdn-us.com, dc6257a36d63d8529acc6dd65451808e, /dc6257a36d63d8529acc6dd65451808e/61e4f477/video/tos/useast2a/tos-useast2a-ve-0068c001/5952da63183a46f283d3a1be28cbc9cb/?a=1233&br=628&bt=314&cd=0%7C0%7C0&ch=0&cr=3&cs=2&cv=1&dr=0&ds=6&er=&ft=c~.Zm4L-gXoInz7T&l=202201162245370101130062441D0E534E&lr=all&mime_type=video_mp4&net=0&pl=0&qs=5&rc=ajc1ZWQ6Zml1NjMzNzczM0ApOjk5NjVoNDw7Nzg3MzVlaGdnai1lcjRfcWpgLS1kMTZzc2IxXi0wLzI1YGFgY18wNDY6Yw%3D%3D&vl=&vr=
video/mp4, bytesbytes 0-425400/425401, 1642373146.2306254, 1642373146.231967, 1642373146.2544136, 1642373147.6092505, v16m.tiktokcdn-us.com, 2d31f2c6aa8250a7f29b8be62082626d, /2d31f2c6aa8250a7f29b8be62082626d/61e4f47b/video/tos/useast2a/tos-useast2a-ve-0068c002/c5ad9170dbb141c483b5fbdfd8828886/?a=1233&br=616&bt=308&cd=0%7C0%7C0&ch=0&cr=3&cs=2&cv=1&dr=0&ds=6&er=&ft=c~.Zm4L-gXoInz7T&l=202201162245370101130062441D0E534E&lr=all&mime_type=video_mp4&net=0&pl=0&qs=5&rc=M3Fxczs6Zmc1NzMzNzczM0ApaDtoMzY8Mzw2N2Y7OGY4NWdvNV4vcjRncjFgLS1kMTZzcy4tMS8vLTVhYDFjNjQvNTU6Yw%3D%3D&vl=&vr=
video/mp4, bytesbytes 0-315404/315405, 1642373148.3605723, 1642373148.3617954, 1642373148.4799347, 1642373150.4400835, v16m.tiktokcdn-us.com, af1f05c65b158e3440b2c657d85bcc05, /af1f05c65b158e3440b2c657d85bcc05/61e4f47c/video/tos/useast2a/tos-useast2a-pve-0068/ce758054d06e4e5fb05db956a85159fc/?a=1233&br=422&bt=211&cd=0%7C0%7C0&ch=0&cr=3&cs=2&cv=1&dr=0&ds=6&er=&ft=c~.Zm4L-gXoInz7T&l=202201162245370101130062441D0E534E&lr=all&mime_type=video_mp4&net=0&pl=0&qs=4&rc=M204cjw6Zm1zODMzNzgzM0ApNjw5aTo6NTs3Nzc7NTc7OmdecmtrcjQwZXFgLS1kLzZzc2AvYjViMjM2YV42Y2AuMDE6Yw%3D%3D&vl=&vr=
video/mp4, bytesbytes 0-434444/434445, 1642373150.7223215, 1642373150.7248392, 1642373150.7628253, 1642373152.360089, v16m.tiktokcdn-us.com, e257053e64d803a806953f3af661e6db, /e257053e64d803a806953f3af661e6db/61e4f47c/video/tos/useast2a/tos-useast2a-ve-0068c001/bf28981904014137853b7b34d02bb149/?a=1233&br=580&bt=290&cd=0%7C0%7C0&ch=0&cr=3&cs=2&cv=1&dr=0&ds=6&er=&ft=c~.Zm4L-gXoInz7T&l=202201162245370101130062441D0E534E&lr=all&mime_type=video_mp4&net=0&pl=0&qs=5&rc=ampkM21rdWVrNjMzNzczM0ApOztpNTllO2U4N2c2ZTc5OWdqM2luaWliMS5gLS1kMTZzczFjYTBeNS9eXmAtMy5iMWA6Yw%3D%3D&vl=&vr=
video/mp4, bytesbytes 1024000-1468105/1468106, 1642373164.8497787, 1642373164.8514104, 1642373164.9267976, 1642373166.4823875, v16m.tiktokcdn-us.com, 7972ee31ddf404fa23720a1ea25aeeef, /7972ee31ddf404fa23720a1ea25aeeef/61e4f47f/video/tos/useast2a/tos-useast2a-ve-0068c001/b21486bb7d81477baabd50d3c947dcf1/?a=1233&br=1530&bt=765&cd=0%7C0%7C0&ch=0&cr=3&cs=2&cv=1&dr=0&ds=6&er=&ft=c~.Zm4L-gXoInz7T&l=202201162245370101130062441D0E534E&lr=all&mime_type=video_mp4&net=0&pl=0&qs=5&rc=ajRwZTw7bGR2NjMzNzczM0ApaWhnOWZlO2U7N2ZoZDg5M2dvNmFvMXBvYGRgLS1kMTZzcy8xNmJfXzItNC42Yy5gXzQ6Yw%3D%3D&vl=&vr=
video/mp4, bytesbytes 0-1024000/1589872, 1642373167.0452077, 1642373167.0465333, 1642373167.071534, 1642373171.0654595, v16m.tiktokcdn-us.com, 00c0d6ed9d4f111e164ba8941556c3da, /00c0d6ed9d4f111e164ba8941556c3da/61e4f47d/video/tos/useast2a/tos-useast2a-ve-0068c003/91c724bf933b40f5903e337d94f8f6a7/?a=1233&br=1944&bt=972&cd=0%7C0%7C0&ch=0&cr=3&cs=2&cv=1&dr=0&ds=6&er=&ft=c~.Zm4L-gXoInz7T&l=202201162245370101130062441D0E534E&lr=all&mime_type=video_mp4&net=0&pl=0&qs=5&rc=M2VqbzM6ZmQ7NjMzNzczM0ApZGU1aGc7ZGU2NzhoZTNoZ2dkZGFncjRfaG9gLS1kMTZzcy4zYmA1MmE0NmEzLV8tYjQ6Yw%3D%3D&vl=&vr=
video/mp4, bytesbytes 0-671216/671217, 1642373172.1651738, 1642373172.1663756, 1642373172.1892357, 1642373174.3720992, v16m.tiktokcdn-us.com, fa27a69bd08df0c9ec92cca62c75e342, /fa27a69bd08df0c9ec92cca62c75e342/61e4f485/video/tos/useast2a/tos-useast2a-pve-0068/1cf87e26fafc4d01acd6b935b03fa0c1/?a=1233&br=506&bt=253&cd=0%7C0%7C0&ch=0&cr=3&cs=2&cv=1&dr=0&ds=6&er=&ft=c~.Zm4L-gXoInz7T&l=202201162245370101130062441D0E534E&lr=all&mime_type=video_mp4&net=0&pl=0&qs=5&rc=MzY0NTY6ZjhrNzMzNzczM0ApaGVkZ2k2OztkNzM6aWQ5ZWdjYnFmcjQwLmhgLS1kMTZzczI2MmAyYmEtNF4uYS1iNF86Yw%3D%3D&vl=&vr=
video/mp4, bytesbytes 0-888812/888813, 1642373174.9905488, 1642373174.9923172, 1642373175.0176706, 1642373177.630572, v16m.tiktokcdn-us.com, a84f24e47cf9891c9e56b1c0f8371d02, /a84f24e47cf9891c9e56b1c0f8371d02/61e4f480/video/tos/alisg/tos-alisg-pve-0037c001/528ecdee582c401d94082a44d9ece479/?a=1233&br=898&bt=449&cd=0%7C0%7C0&ch=0&cr=3&cs=2&cv=1&dr=0&ds=6&er=&ft=c~.Zm4L-gXoInz7T&l=202201162245370101130062441D0E534E&lr=all&mime_type=video_mp4&net=0&pl=0&qs=5&rc=M3E3eTY6ZjNsNzMzODczNEApOjRnNjNpO2U2NzxkMzU6OWdncGlwcjRfZDNgLS1kMS1zczUuNGEwLzEzXzAyYC00LjQ6Yw%3D%3D&vl=&vr=
video/mp4, bytesbytes 0-301887/301888, 1642373179.992285, 1642373179.9941287, 1642373180.0317419, 1642373181.4214642, v16m.tiktokcdn-us.com, e79576f2159c5336e48308927c690d32, /e79576f2159c5336e48308927c690d32/61e4f478/video/tos/useast2a/tos-useast2a-pve-0068/6f7f256df4ac448b841cb880cb1c8805/?a=1233&br=638&bt=319&cd=0%7C0%7C0&ch=0&cr=3&cs=2&cv=1&dr=0&ds=6&er=&ft=c~.Zm4L-gXoInz7T&l=202201162245370101130062441D0E534E&lr=all&mime_type=video_mp4&net=0&pl=0&qs=5&rc=M3hxczRra3FwNjMzNzczM0ApMzxlODM3OmU6NzU4OmZpaWctaGdqMTVxcTFgLS1kMTZzc2I0MGExMDQxMy9jMjUtNl86Yw%3D%3D&vl=&vr=
video/mp4, bytesbytes 1024000-1589871/1589872, 1642373185.1130245, 1642373185.1138802, 1642373185.1368449, 1642373188.2338395, v16m.tiktokcdn-us.com, 00c0d6ed9d4f111e164ba8941556c3da, /00c0d6ed9d4f111e164ba8941556c3da/61e4f47d/video/tos/useast2a/tos-useast2a-ve-0068c003/91c724bf933b40f5903e337d94f8f6a7/?a=1233&br=1944&bt=972&cd=0%7C0%7C0&ch=0&cr=3&cs=2&cv=1&dr=0&ds=6&er=&ft=c~.Zm4L-gXoInz7T&l=202201162245370101130062441D0E534E&lr=all&mime_type=video_mp4&net=0&pl=0&qs=5&rc=M2VqbzM6ZmQ7NjMzNzczM0ApZGU1aGc7ZGU2NzhoZTNoZ2dkZGFncjRfaG9gLS1kMTZzcy4zYmA1MmE0NmEzLV8tYjQ6Yw%3D%3D&vl=&vr=
video/mp4, bytesbytes 0-201923/201924, 1642373188.6975179, 1642373188.702271, 1642373188.8219635, 1642373189.550654, v39.tiktokcdn-us.com, 20b823350a4f8d65814ed25f6e41d2c0, /20b823350a4f8d65814ed25f6e41d2c0/61e4f4aa/video/tos/maliva/tos-maliva-ve-0068c799-us/f4dc89817b0a4c6d9f007c08301378dd/?a=1233&br=412&bt=206&cd=0%7C0%7C0&ch=0&cr=3&cs=2&cv=1&dr=0&ds=6&er=&ft=c~.Zm4L-gXoInz7T&l=202201162246270101131351651E13F68C&lr=all&mime_type=video_mp4&net=0&pl=0&qs=4&rc=anY1dmk6Zmk2OTMzZzczNEApNmg3OjU8ZGU5NzU1NjxoOGdtbl8ycjQwNTFgLS1kMS9zc2EyNjQxNTAtYTEwNF4uNDA6Yw%3D%3D&vl=&vr=
video/mp4, bytesbytes 0-587184/587185, 1642373189.954301, 1642373189.956431, 1642373189.9795814, 1642373191.9114847, v39.tiktokcdn-us.com, 9f4c66dab6ffe98f84502def30266b6f, /9f4c66dab6ffe98f84502def30266b6f/61e4f4a9/video/tos/useast2a/tos-useast2a-ve-0068c001/0c2f08bc79c247508bee147852570e44/?a=1233&br=1376&bt=688&cd=0%7C0%7C0&ch=0&cr=3&cs=2&cv=1&dr=0&ds=6&er=&ft=c~.Zm4L-gXoInz7T&l=202201162246270101131351651E13F68C&lr=all&mime_type=video_mp4&net=0&pl=0&qs=5&rc=amdzcjk6ZjpnNjMzNzczM0ApNDdoMzwzNjtkNztnNjc5ZWczNmBkcjRfbWxgLS1kMTZzc2IvYF41M2AtLS4wXl9iLzM6Yw%3D%3D&vl=&vr=
