0,v09044e50000btueapv15l8sl3ukeqpg,8077,1038069&571816&372444,4a0af97a8651cd2148549c8a4352556f&a4e202da6533e040cf3b65821ef2d358&297e0592a6ff9e5cdc8504392b511f56&32e965f0eb4bf55636f40d2fce273856&710091fed1198cfd7fe30f159af6e886&3573900c0c985c21d8cff096c85a947c,https://v19.tiktokcdn-us.com/4a0af97a8651cd2148549c8a4352556f/61e52b40/video/tos/useast2a/tos-useast2a-ve-0068c004/13370ab11f50451d9ac6b44b0fed7e9d/?a=1233&br=2026&bt=1013&cd=0%7C0%7C0&ch=0&cr=3&cs=2&cv=1&dr=0&ds=6&er=&ft=c~.Zm4L-gXoInz7T&l=202201170239210101130061040A447FA9&lr=all&mime_type=video_mp4&net=0&pl=0&qs=11&rc=anRuNnZvNHNodzMzODczM0ApOGQ1aDlnM2U6N2k4ZjRmZ2dtYnJpNTJzXnJfLS1iMTZzcy0zMzQvYy81MmM1LS8uYzQ6Yw%3D%3D&vl=&vr=
1,v12044gd0000c7bpv0jc77uakaoc0an0,12560,640394&488219&247339&213602,e7174905cd8b118ec8c132e298e2f213&43b6594d00c3763b1cd0753b96d37b91&ea4e913d73d05767e10492693b204275&b4e722a3b28310d4e96a06555a141900&188c6ecad52ac89b3e1ad616511008eb&d85d3c70fad96b78a7517280b6e128bb&7afeddf79f0017d74e2b3bf787f23495&c69d008eff58256a1500a7094d2acdb6,https://v19.tiktokcdn-us.com/e7174905cd8b118ec8c132e298e2f213/61e52b45/video/tos/useast5/tos-useast5-ve-0068c004-tx/7fb7755292e94b97ae2acf9bbfa03fe3/?a=1233&br=1250&bt=625&cd=0%7C0%7C0&ch=0&cr=3&cs=2&cv=1&dr=0&ds=6&er=&ft=c~.Zm4L-gXoInz7T&l=202201170239210101130061040A447FA9&lr=all&mime_type=video_mp4&net=0&pl=0&qs=11&rc=M2RmZGQ6ZjNzOjMzZzczNEApMzY7PDVoNWVlNzQ5aTppN2drLWxocjRnc19gLS1kMS9zcy4vYF5hMDA0NjI2MzNhYC86Yw%3D%3D&vl=&vr=
2,v09044g40000c6ugqd3c77u2124rt93g,20176,2319302&1902672&1030452&876028,5cc6aa96249379e8ce17bcd546ad7a83&2f7b3addb0663e12cde5d84bb5924cbe&6a0b490888a173aa94fa9d57ceb071f7&71b5f7d78ebfc55bd20c751d80f5d154&fd1c76ec66c78e959d495e9e77742187&2e3806db803abde65a09282a24797afb&b5116e17f857e5703a4b594b28610233&e8771b3b4d5c482337802868ab1129aa,https://v19.tiktokcdn-us.com/5cc6aa96249379e8ce17bcd546ad7a83/61e52b4d/video/tos/useast2a/tos-useast2a-pve-0068/9cf3926d23504f68ba3b97edcdc97826/?a=1233&br=4528&bt=2264&cd=0%7C0%7C0&ch=0&cr=3&cs=2&cv=1&dr=0&ds=3&er=&ft=c~.Zm4L-gXoInz7T&l=202201170239210101130061040A447FA9&lr=all&mime_type=video_mp4&net=0&pl=0&qs=14&rc=ajx1NTU6ZmdqOTMzNzczM0ApNGkzaWQ1Nzs2NzU3NTQ6OmcwcTEucjQwbnJgLS1kMTZzczM2YjVgLy01YC0tXl40LWM6Yw%3D%3D&vl=&vr=
3,v09044g40000c1kjcjkfbh5e73ktqsqg,17807,788255&644665&394736&273289,f917415ce3ef251ca9e5aba34071449a&a9df8a0b1a1ca4527385a2a45d84efc3&54e4bd03ec6d747226bd8d5db9c68891&94a0f8336d66b5b85f1e5155b44f09c1&87a8a65953dc723ad6b98c74e2ceba4f&0377b4e6a42d0a9ed594648993c7baf4&e715957e15be197b6dd24c0c154f8f45&795308d41caf3ca4b07650fb42b05c04,https://v19.tiktokcdn-us.com/f917415ce3ef251ca9e5aba34071449a/61e52b4a/video/tos/useast2a/tos-useast2a-pve-0068/28e9383b8a8843d19cdf71afb36ba310/?a=1233&br=1538&bt=769&cd=0%7C0%7C0&ch=0&cr=3&cs=2&cv=1&dr=0&ds=3&er=&ft=c~.Zm4L-gXoInz7T&l=202201170239210101130061040A447FA9&lr=all&mime_type=video_mp4&net=0&pl=0&qs=14&rc=anZ3NmhraW1tNDMzNzczM0ApZGQ8ZzZkNDxkN2QzNzg7ZWdubmg0Ml9oYGhgLS1kMTZzczYyYV8zNS0vMC9hX2M1Y2E6Yw%3D%3D&vl=&vr=
4,v09044g40000c3lg95bc77u9h05eekn0,46089,555273&414793&370651&261713,92d54755045a236b2894d3ae47ee4a96&9f2e2d1a3b235831a9728bc010a30090&41baa4aa2778dfcb62ccc4c4e5d627eb&1ca14a6614cf05ed4dcc68f30f766066&c5f74147368350a2c284f72bfa9724b6&2172c2a9a89d64481a4b841f2dba90b0&c24dc2bdb9335a280d9957a0befd7fd8&42279d3a551b626a8041a499d10410dd,https://v19.tiktokcdn-us.com/92d54755045a236b2894d3ae47ee4a96/61e52b66/video/tos/useast2a/tos-useast2a-pve-0068/d71c0e8d4bdd441cb28765ca3433472b/?a=1233&br=1084&bt=542&cd=0%7C0%7C0&ch=0&cr=3&cs=2&cv=1&dr=0&ds=3&er=&ft=c~.Zm4L-gXoInz7T&l=202201170239210101130061040A447FA9&lr=all&mime_type=video_mp4&net=0&pl=0&qs=14&rc=M25oMzw6ZjhqNjMzNzczM0ApN2kzaWQ4NDtmN2c6ZTg8aWdrYjJlcjRfNmlgLS1kMTZzczA0YmNjY2AtYDI2MDBfNjY6Yw%3D%3D&vl=&vr=
5,v09044g40000c42euh3c77u1fkgu3370,16646,567887&444282&223592&160019,5fa34b5bf7567b460e6e42154c5f82fd&4f7f0d3c4d519ba1abd441c312b05837&2ce4a6aa9f5b9a304ed0c33d4b4b605a&ac053755c436bccfe2ac59123467e592&87c0ae6114d33c018f3dc49deb824e64&4fcdc8d086501f69cb49b8afa6b974db&610bc084021501e4215cba5ceb35e6d6&504d2d4e7a3def6e7920c5ffbd5b6257,https://v19.tiktokcdn-us.com/5fa34b5bf7567b460e6e42154c5f82fd/61e52b49/video/tos/useast2a/tos-useast2a-pve-0068/353eea5c512a4e96bf4aed8f1a7c9fe9/?a=1233&br=1108&bt=554&cd=0%7C0%7C0&ch=0&cr=3&cs=2&cv=1&dr=0&ds=3&er=&ft=c~.Zm4L-gXoInz7T&l=202201170239210101130061040A447FA9&lr=all&mime_type=video_mp4&net=0&pl=0&qs=14&rc=MzZ4bjQ6ZmtoNzMzNzczM0ApODc0NGk0NmVlN2Q7OjczM2c0MGRjcjQwci9gLS1kMTZzcy8tMWFiYS5fMzIyNTUxXy06Yw%3D%3D&vl=&vr=
6,v09044g40000c33c97iemsh0t2h21a7g,23752,1481860&967805&502757&322580&298757,e41e3d36ae6c019e9e7e4c1d0b3ebc5a&a7a5f6089693488bb4b5180a77b5c238&259c7ebda619e40dd52ed514155b22b9&2757f2b85334efd1ef30891c78b318d1&4e4cb8402cc4d798655815dd9cc832ce&c1a83317d8937ff8d3eab96e63770666&b197eb38c16945e580ba5a4ac4909948&af2f91d447b6e012f1199d564ca5cdd5&9fb2477582fb44f1d195c3e724151bac&4358e5a0d15e8f83d91f91fb2cadaa47,https://v19.tiktokcdn-us.com/e41e3d36ae6c019e9e7e4c1d0b3ebc5a/61e52b50/video/tos/useast2a/tos-useast2a-pve-0068/6db60453f1e54ed6a6763c05f1e88f44/?a=1233&br=2894&bt=1447&cd=0%7C0%7C0&ch=0&cr=3&cs=2&cv=1&dr=0&ds=3&er=&ft=c~.Zm4L-gXoInz7T&l=202201170239210101130061040A447FA9&lr=all&mime_type=video_mp4&net=0&pl=0&qs=14&rc=amQ1NTN2aDpmNjMzNzczM0ApZjRkZzc6NzxkN2U4Ozg4O2c0LmVxZWpmNjBgLS1kMTZzczEvYWE1NDVhMjUvMTMyMzY6Yw%3D%3D&vl=&vr=
7,v09044g40000c3sb163c77u1q5eb1gn0,50199,2384648&1679789&1035368&582274,c749cf5bc47cf2a16aa4f98fc88a0214&e7a26c29303a10d2d68e8e41e8c36678&66f849706171b743ee87e5896848f822&0a11e52a1f9996830316226515f49fc8&c5585928ac76ecce864c7aadeecbb94a&7bf048e2ff5ac704101332b85e264dbc&bd9b17e29d57e2941cea0138893750d5&7d7253dcbf780fd8ae457e9b82247ff2,https://v19.tiktokcdn-us.com/c749cf5bc47cf2a16aa4f98fc88a0214/61e52b6b/video/tos/useast2a/tos-useast2a-pve-0068/f8286e158fda4ed7bdaec686e27037e0/?a=1233&br=4656&bt=2328&cd=0%7C0%7C0&ch=0&cr=3&cs=2&cv=1&dr=0&ds=3&er=&ft=c~.Zm4L-gXoInz7T&l=202201170239210101130061040A447FA9&lr=all&mime_type=video_mp4&net=0&pl=0&qs=14&rc=M2plODQ6ZjllNjMzNzczM0ApZTtmM2Y4ZmU4Nzg0ZTxlOGdrLmJucjQwLnBgLS1kMTZzc2AwYWAzNjBfNDEzXy8uLjU6Yw%3D%3D&vl=&vr=
8,v090445c0000brsj2d7kvluo3u9i7rsg,6639,1025429&793373&341692&224755,dca517b95dfdad2d1fcae82258766f44&2579c3688fc2c262d274e41323e9a129&8ff506bf69069655ca9036a9c6c14611&7845e9a7b8edb4488d96eed13e580af1&1f53967a55bb8334d911e53e3a596464&9ec2458bbe0cd36b216c91985b390224&1cdd2a714e58b0825670ea02f7f79203&0894ab8499adcb85a215ba1e43ce8d3a,https://v19.tiktokcdn-us.com/dca517b95dfdad2d1fcae82258766f44/61e52b3f/video/tos/useast2a/tos-useast2a-ve-0068c003/a61a2fdecc7f4812a7e9dcb661f65801/?a=1233&br=2002&bt=1001&cd=0%7C0%7C0&ch=0&cr=3&cs=2&cv=1&dr=0&ds=3&er=&ft=c~.Zm4L-gXoInz7T&l=202201170239210101130061040A447FA9&lr=all&mime_type=video_mp4&net=0&pl=0&qs=14&rc=anVseHJvbmdtdTMzZjczM0ApaDZpNzQ0ZTw1N2YzOGk7OmdwNDYwcnM0L3BfLS0yMTZzc2IvYzAvMC8yNDJgNWBhYF86Yw%3D%3D&vl=&vr=
9,v09044g40000c23krfe7g8j7827nf5m0,20176,1391827&955897&832763&560077,926c21ffbcb671174be5b08328da2ff6&d487eb684670cff9d1b79c2ef39d4e36&9c86661b701982871cb0b535f4e82730&d5b45146d9581de7c045e55cccac298e&cab46a632ebec74f5b5e331586836c86&3855522a2dced5e387fcf094b24827c7&f2d51e719e5e07a9cef3e8f1f43f99ab&67c84eac82b5b0da406506a8a1a9dd75,https://v19.tiktokcdn-us.com/926c21ffbcb671174be5b08328da2ff6/61e52b4d/video/tos/useast2a/tos-useast2a-ve-0068c003/0ed2412d233a49eba49e4af52e6d8eb1/?a=1233&br=2718&bt=1359&cd=0%7C0%7C0&ch=0&cr=3&cs=2&cv=1&dr=0&ds=3&er=&ft=c~.Zm4L-gXoInz7T&l=202201170239210101130061040A447FA9&lr=all&mime_type=video_mp4&net=0&pl=0&qs=14&rc=MzhxNTo7OmluNTMzNzczM0ApZGY3OjgzaTw0NzU7Z2k7OWdqYzQ1Z2RibzBgLS1kMTZzczNjYl4xXmNiXmEvMl9hMWE6Yw%3D%3D&vl=&vr=
10,v09044g40000c43ejobc77ue6he4rg2g,17482,500223&416016&227615&166397,02f86aefee7a3a16efda23ed53b31d2e&b28afae657843a63c723a11999037546&62f535c76a299dcdc523c2949817a46c&ef645fd5fc7d105afde0cbc028df63cd&16a46a8937ecbc2cfabfc2f036492dce&320e49463b81252acc8e574f8c4664f8&ff5e3e82c00c3ee954ae8e9dddfb9c12&fa06fa1894cc9f073b57a360ad09e20b,https://v19.tiktokcdn-us.com/02f86aefee7a3a16efda23ed53b31d2e/61e52b9f/video/tos/useast2a/tos-useast2a-ve-0068c004/ebeda0edfad943b88c11b94bd99d0786/?a=1233&br=976&bt=488&cd=0%7C0%7C0&ch=0&cr=3&cs=2&cv=1&dr=0&ds=3&er=&ft=c~.Zm4L-gXoInz7T&l=202201170240450101131351502241669E&lr=all&mime_type=video_mp4&net=0&pl=0&qs=14&rc=amo3a2g6ZnJoNzMzNzczM0ApNGhpNzppNmQ2NzRoNGk0OWcvb2IzcjRfZzBgLS1kMTZzczM1YzIvYWIzYC5iM2AvYDE6Yw%3D%3D&vl=&vr=
11,v09044g40000c3kgrejc77u9jqnp7kpg,39820,1450795&1047947&813997&500737,cd0a02dddd7e362601446c024eb33512&e7446eabf43cc103f6adb1382475c2ed&3d205574e5009c9a95a4cbdbab7834f3&0e732965c651143364ae964ddcfddb46&84bd3b0d17a755ab3b6c6079f51df63a&e05b3b344e8348e71ac1ac3ec15fb56c&8e02ce86a1652bad679f780792df14fc&4f11bd040ff5667283c971bf22d9030f,https://v19.tiktokcdn-us.com/cd0a02dddd7e362601446c024eb33512/61e52bb5/video/tos/useast2a/tos-useast2a-ve-0068c001/99d27d54a7b143af86fa5f55f0b033eb/?a=1233&br=2832&bt=1416&cd=0%7C0%7C0&ch=0&cr=3&cs=2&cv=1&dr=0&ds=3&er=&ft=c~.Zm4L-gXoInz7T&l=202201170240450101131351502241669E&lr=all&mime_type=video_mp4&net=0&pl=0&qs=14&rc=am5zdDw6ZmhqNjMzNzczM0ApNGk2aTVmZWU7N2U7Zzk7O2dtNGtncjRnb2hgLS1kMTZzc2I2LS8vNDUwX2A0My8xLjU6Yw%3D%3D&vl=&vr=
12,v09044g40000c2qmm5u2iutjg46gq610,15230,1793520&1235045&889186&593926,ef8f913e7de269192d862b7ddb7fccf1&fda00b210581959aeb6741e0ce21ccd7&eaa36dbe491a2f08f70e2ea5b0340521&24881d2f57027058fb1f4163cf47f781&e8a9e59ab00f236f38b9bf1d2a10a58d&3662635e41f0d693f633f2cf751aee85&fa6d594a01cd62278f3b93b531f228ed&1769528671b0e732a5a393a94513f330,https://v19.tiktokcdn-us.com/ef8f913e7de269192d862b7ddb7fccf1/61e52b9d/video/tos/useast2a/tos-useast2a-ve-0068c004/8c2392560472467faadd751cb7757143/?a=1233&br=3502&bt=1751&cd=0%7C0%7C0&ch=0&cr=3&cs=2&cv=1&dr=0&ds=3&er=&ft=c~.Zm4L-gXoInz7T&l=202201170240450101131351502241669E&lr=all&mime_type=video_mp4&net=0&pl=0&qs=14&rc=MzlqN214NThwNTMzNzczM0ApZGdlO2c7O2VpNzRnZWYzNGcubjNkcWZyam5gLS1kMTZzc14yXzNgLS1gYzI2NjY2YzY6Yw%3D%3D&vl=&vr=
13,v12044gd0000c7878sjc77u7psv0afkg,15067,661557&552707&464615&385418,7320721a7bf6c0aeb1e89d1b0c682623&0132e904221b034991d695bebe5ad38f&14560606fd3eb717f106aa2bf4f68998&bea98736ad75ca616cbb16c9d5119d79&ae2004c8c3491de72f7e41f11567e1bc&05c53503e4896e75d69384ed84e0cb28&182867343a4cdffb0d6f4bbc06dcb123&f227c369b25fed6fbbcce8db37233639,https://v19.tiktokcdn-us.com/7320721a7bf6c0aeb1e89d1b0c682623/61e52b9c/video/tos/useast5/tos-useast5-ve-0068c004-tx/288c2e7eff49415ba3911a0c11c53285/?a=1233&br=1292&bt=646&cd=0%7C0%7C0&ch=0&cr=3&cs=2&cv=1&dr=0&ds=3&er=&ft=c~.Zm4L-gXoInz7T&l=202201170240450101131351502241669E&lr=all&mime_type=video_mp4&net=0&pl=0&qs=14&rc=amkzdjo6ZnY6OjMzZzczNEApODloODVnOmU6N2k8NzQ6OGdoXnNtcjRnNTVgLS1kMS9zc2NeMzYvYl8tXy4tM19gXjY6Yw%3D%3D&vl=&vr=
14,v10044g50000c6c36brc77u6q3q4r3og,25354,583702&337395&211799,9d2efbf3b5ffb8e6cc34aa14ef861b47&89b2687f41d36b47bfa42681611b3f69&bda6f0b3c272ee8582e9f41c34902bd6&719f0b941f14f840c91e187b6b543c5a&3a459841cdd4a2d673b9d1b8956e3e72&9adc29633ba86eb98c5bc6d3ca8cf62f,https://v19.tiktokcdn-us.com/9d2efbf3b5ffb8e6cc34aa14ef861b47/61e52ba7/video/tos/alisg/tos-alisg-pve-0037c001/0fcd2e46f8c24166a41b1a8f9f5a534e/?a=1233&br=1140&bt=570&cd=0%7C0%7C0&ch=0&cr=3&cs=2&cv=1&dr=0&ds=6&er=&ft=c~.Zm4L-gXoInz7T&l=202201170240450101131351502241669E&lr=all&mime_type=video_mp4&net=0&pl=0&qs=11&rc=ajY3Njk6ZmU2OTMzODczNEApaDU1ODpnZzxmNzNmZGg4M2dsb25ucjRvM2BgLS1kMS1zczEuMDQxM2M0NS9jMWA0My46Yw%3D%3D&vl=&vr=
15,v09044g40000c1qs7cld1cjmekntikqg,10679,864376&417645&264892,149bc856de352f61a43e9e1b60806d68&2b45f9cc911f05dc3f8e54dabd9ad5ec&bdb906c73f30534433d07651636ce632&04ca5fe6ec1dc9b30352daaa9f991bbd&06f3a51077620b74c3b016c38a3fa2c0&eaeb088d41d64192ef6d9f7007b9a282,https://v19.tiktokcdn-us.com/149bc856de352f61a43e9e1b60806d68/61e52b98/video/tos/useast2a/tos-useast2a-pve-0068/250df16a02a94b9187bfb0c9e76bfd7c/?a=1233&br=1688&bt=844&cd=0%7C0%7C0&ch=0&cr=3&cs=2&cv=1&dr=0&ds=6&er=&ft=c~.Zm4L-gXoInz7T&l=202201170240450101131351502241669E&lr=all&mime_type=video_mp4&net=0&pl=0&qs=11&rc=am53bnBmZ2Z2NDMzNzczM0ApNTY0Z2ZoNWVoN2U8NWhoNGduZmtiZy5pNG5gLS1kMTZzczUzMF5jNTYxNl8tLTIuNl86Yw%3D%3D&vl=&vr=
16,v12044gd0000c7d0b4bc77uekfci7l50,11770,680590&563748&390091&298756,8ac52fbf7511bff149e813c48b1ff5c3&6e85ec3c616ba5fb5450b001a37453d7&f42142afde97af08dd2d05723680b9a6&701b5a3e95d043fb03e6039c05ef27a1&e400e7a34608b477819a432613057dd1&945ab9e40c26ca64f1e5b8a33a2a7fc1&d413a2b66a14960f7465df9836ed9315&cc428f0ca0e7d992571401a18d89b71e,https://v19.tiktokcdn-us.com/8ac52fbf7511bff149e813c48b1ff5c3/61e52b99/video/tos/useast5/tos-useast5-ve-0068c003-tx/724514e92b8043a6947f02201f7c50ab/?a=1233&br=1328&bt=664&cd=0%7C0%7C0&ch=0&cr=3&cs=2&cv=1&dr=0&ds=3&er=&ft=c~.Zm4L-gXoInz7T&l=202201170240450101131351502241669E&lr=all&mime_type=video_mp4&net=0&pl=0&qs=14&rc=M29saWg6ZjczOjMzZzczNEApZ2hkaDY8NmQ7N2hnNjplaGcyNGBocjRfX2FgLS1kMS9zc2I2YzFeNTYyMTAyL2ItMmA6Yw%3D%3D&vl=&vr=
17,v09044g40000c2jv6hga6lvlhf9ml8fg,21221,1844886&1518566&799751,75e95d104f41e985c51534b53e37e90f&0d02c6d4d8050648e450d39f379860e9&d3a42d17bf5513e7914f7a217d4ddcb1&be49934c1aea2c28ec7243948a4b2616&e70aaa317ade02ee9b849248171699e5&7239c86b3a033ca9f448c05e5849964b,https://v19.tiktokcdn-us.com/75e95d104f41e985c51534b53e37e90f/61e52ba3/video/tos/useast2a/tos-useast2a-ve-0068c001/5b760373d72949838db6ae7478a36a43/?a=1233&br=3602&bt=1801&cd=0%7C0%7C0&ch=0&cr=3&cs=2&cv=1&dr=0&ds=6&er=&ft=c~.Zm4L-gXoInz7T&l=202201170240450101131351502241669E&lr=all&mime_type=video_mp4&net=0&pl=0&qs=11&rc=ajtwaW9vZGt5NTMzNzczM0ApNGZmZmg1aGU3Nzk2PDo8ZWdjaTZlczNkM2dgLS1kMTZzczY2YGAyMzAwMjIzMWBjYDY6Yw%3D%3D&vl=&vr=
18,v09044f40000bq3sfh273oo36di7q7bg,15416,735858&566761&327403,61a80d86d54444f1b07e8f869d65a497&9374aab774e4d8e4e10e0c49f7d24fee&cba7446541de5e2f986104899e43f44b&098a5e0ff579a884804b9fd297f49ce9&5f1c92c68ac45731c41a60a0da3078ee&5e119ae9d2a29d1b0e53d2ef6310c624,https://v19.tiktokcdn-us.com/61a80d86d54444f1b07e8f869d65a497/61e52b9d/video/tos/useast2a/tos-useast2a-pve-0068/1a4eb2b04b464350bb484bfe194ad9cb/?a=1233&br=1436&bt=718&cd=0%7C0%7C0&ch=0&cr=3&cs=2&cv=1&dr=0&ds=3&er=&ft=c~.Zm4L-gXoInz7T&l=202201170240450101131351502241669E&lr=all&mime_type=video_mp4&net=0&pl=0&qs=14&rc=ajo6ZzZyOmt2dDMzNzczM0ApZGkzNmk6MzszNzs8NGRlOGdfbmYzbDAvYzBfLS1jMTZzczEyLy9fMDFjMWBiXmFjM2A6Yw%3D%3D&vl=&vr=
19,v09044g40000c2a8isdj4q5u8o8d96ag,8264,540308&478499&311419&223721,0c5b3e52385fd699463a205dda9e6287&969b230151af5cd1f8f3b754788cde4c&f53a1f41e15c385f32e207620db92432&04c39a10e81690e992b73c0bbe7d7f12&b0420e80b5433bec1ac0f29634d99d4f&74cef6812a7a413375e0b56729c51d97&ac3fa4e5c79a5cdbb969b7b8aa23a7a7&9eff87d9dfac0e0e7383f85cd240ca7b,https://v19.tiktokcdn-us.com/0c5b3e52385fd699463a205dda9e6287/61e52b96/video/tos/useast2a/tos-useast2a-pve-0068/060bd750fbeb462c8e674263b1a14cc8/?a=1233&br=1054&bt=527&cd=0%7C0%7C0&ch=0&cr=3&cs=2&cv=1&dr=0&ds=3&er=&ft=c~.Zm4L-gXoInz7T&l=202201170240450101131351502241669E&lr=all&mime_type=video_mp4&net=0&pl=0&qs=14&rc=ajlncnh0bXY7NTMzNzczM0ApPDs8Nzk0ZmVmN2c3M2lkO2deNjU1MjFhZl5gLS1kMTZzcy8uXjMtYTJiX2BjMjIuNjQ6Yw%3D%3D&vl=&vr=
20,v09044970000c15qot31m2ohdov0nv80,7637,599575&441121&262117&179080,72fb913ff6d8d9842e60c4e8378ab955&6f4ba1ef487fc9e130a98df6136f36b3&0b0d083357410520117cd691b98fa738&03a59c50764b99c30819faa79f84ed26&31ef16482adeb509b0069ba59db3e4bd&3679842083e2733fb4aaf32e8c4786d3&2855a3669c69786ed66b7c8b9e30fc8f&26b54f62abd511bfb0af340aafb25edc,https://v39.tiktokcdn-us.com/72fb913ff6d8d9842e60c4e8378ab955/61e52c2e/video/tos/useast2a/tos-useast2a-ve-0068c002/9a2794aa230541308cc5eca4e5bafa23/?a=1233&br=1170&bt=585&cd=0%7C0%7C0&ch=0&cr=3&cs=2&cv=1&dr=0&ds=3&er=&ft=c~.Zm4L-gXoInz7T&l=202201170243190101130062100D4890BB&lr=all&mime_type=video_mp4&net=0&pl=0&qs=14&rc=M3kzcms1NHd0NDMzOjczM0ApZGc7OjU6PGQ3Nzg4aTozZGc1a3NhbGowbDJgLS02MTZzcy82YjItMV9iLV8vYjEwNF86Yw%3D%3D&vl=&vr=
21,v09044g40000c39ork8o4qnr8507sfp0,17019,2400024&1680624&812197&524204,c9dd67eca65e067a2c86301e18d336a5&9b146901a378493c51385cc776aeed83&b3814264fa6273f77b5c700b6e853fe9&de436f04b00e6563305b8caa7bb30cd1&d945af944f93c4e485f57e0d8021c900&908c19544e8703c606e6ed8e87073537&e02b6e25d7cd5e230dc70339cf06a1ab&be440453e92b41e4dd83b38220f630b9,https://v39.tiktokcdn-us.com/c9dd67eca65e067a2c86301e18d336a5/61e52c37/video/tos/useast2a/tos-useast2a-ve-0068c003/b2f1a5a1d3f0448f9fb4b5a037c92027/?a=1233&br=4686&bt=2343&cd=0%7C0%7C0&ch=0&cr=3&cs=2&cv=1&dr=0&ds=3&er=&ft=c~.Zm4L-gXoInz7T&l=202201170243190101130062100D4890BB&lr=all&mime_type=video_mp4&net=0&pl=0&qs=14&rc=M2k6OHV0cm5yNjMzNzczM0ApZWg8aDs6N2Q1NzYzOzk5NmdtcC01azE1bzZgLS1kMTZzcy82LzUtNjIxLWJiY141Ly46Yw%3D%3D&vl=&vr=
22,v09044g40000c1n21093do78fvgam52g,14928,1985159&1630658&653285&420754,edc112a56fbdcf37d6f56ffaefe58f53&7badd8e15628863e0e75faabfa7aa20c&2ce754e33cc1affedbe97584770f2c2d&0b64a6b32e64c585a0dc58ef716d5b2e&48e554b9453691f84eaffccf0713de83&4fabdb4733884299bd017e2768a01451&566304a5e1ce4fd81fd2d838e7f867f2&9c8d150ce455d45e41ad299782ee08e5,https://v39.tiktokcdn-us.com/edc112a56fbdcf37d6f56ffaefe58f53/61e52c35/video/tos/useast2a/tos-useast2a-pve-0068/21c531d693a240fbb4c2d8a41a8caa19/?a=1233&br=3876&bt=1938&cd=0%7C0%7C0&ch=0&cr=3&cs=2&cv=1&dr=0&ds=3&er=&ft=c~.Zm4L-gXoInz7T&l=202201170243190101130062100D4890BB&lr=all&mime_type=video_mp4&net=0&pl=0&qs=14&rc=ajhkeTtyNjM1NDMzNzczM0ApZjY7NmdpO2U3N2c0ZWlnZWcvamRjNGE2LmtgLS1kMTZzc18xMmMuLzMuLy4xMGMwYWI6Yw%3D%3D&vl=&vr=
23,v07044420000c199u5s35dppe9q0d1j0,8032,700067&442899&309569,b3305ee175eedf81a3a36744f8f8f92c&5bc1a3d206dcc5edea09a7a317767c8b&0f84d8be4bf9522a49b77c7a3a7ba69a&da384e8d21ab2985c6319dc2f6b23b64&94bbd288e9d44b5531eee95ab381af87&038f61c7cc0d26af96a9d813ba5aeacc,https://v39.tiktokcdn-us.com/b3305ee175eedf81a3a36744f8f8f92c/61e52c2e/video/tos/alisg/tos-alisg-pve-0037c001/202e295a089748c1b884ab25998a2b3a/?a=1233&br=1366&bt=683&cd=0%7C0%7C0&ch=0&cr=3&cs=2&cv=1&dr=0&ds=6&er=&ft=c~.Zm4L-gXoInz7T&l=202201170243190101130062100D4890BB&lr=all&mime_type=video_mp4&net=0&pl=0&qs=11&rc=MzQzPHNnNjg8NDMzNTczM0ApOTk5aGRlOjw6Nzg7NTxnZmdnYW5ibTJwcjZgLS0xMTRzczZfMTZjMGEyYDA0LmJfMWM6Yw%3D%3D&vl=&vr=
24,v09044g40000c2q01jk1se6edeiqos2g,20896,1262211&1035288&794761&542759,fb7f9fec69727e8ec959f637ffb09c1f&df7817158c1b9c70cfeacb5ea35884d9&4b270bf8374d17925f5b9a4b51544278&f5e96cda83e020e5be3c1969ae8d08e5&be07cb9f6eabfe8088c8d1652da8d857&b667afc9c2c6ecf6d937b0b51760b705&90717685303574c25e8142601bf12423&95668f84734db60b6795461c0f4a88b3,https://v39.tiktokcdn-us.com/fb7f9fec69727e8ec959f637ffb09c1f/61e52c3b/video/tos/useast2a/tos-useast2a-ve-0068c001/032f2f8815304c9394dd37c63db334a2/?a=1233&br=2464&bt=1232&cd=0%7C0%7C0&ch=0&cr=3&cs=2&cv=1&dr=0&ds=3&er=&ft=c~.Zm4L-gXoInz7T&l=202201170243190101130062100D4890BB&lr=all&mime_type=video_mp4&net=0&pl=0&qs=14&rc=anZ0aGhoNG0zNTMzNzczM0ApOWRpPDxnOGVoN2Y3OTVmO2cvbGZhM3BoLm5gLS1kMTZzczFhYjU2NWAzXjAuLS8uLi46Yw%3D%3D&vl=&vr=
25,v09044ad0000c0qnh58p8rsb4e7eg120,14208,881638&644122&349950&209351,ef143417f6884de453e4649e5f64f642&342bfb5c14361123c74f61cc65d22c5e&d9a325d9c1beece365d8f90eb110e0dc&c6ec32010a17b5c32a5021856f0ea54a&db3bce776e8f95a7a6c1d30d72dc6259&32436783c022be2be5a900f06350c68f&538a19d733ef0e9f3f275f2de3b1425b&731e7050f0d2982fc8e8888be6a54bc9,https://v39.tiktokcdn-us.com/ef143417f6884de453e4649e5f64f642/61e52c35/video/tos/useast2a/tos-useast2a-ve-0068c002/78aa8b14fb054a35b79487b137b29b3c/?a=1233&br=1720&bt=860&cd=0%7C0%7C0&ch=0&cr=3&cs=2&cv=1&dr=0&ds=3&er=&ft=c~.Zm4L-gXoInz7T&l=202201170243190101130062100D4890BB&lr=all&mime_type=video_mp4&net=0&pl=0&qs=14&rc=MzRoaGV1czhxMzMzZzczM0ApO2Y3aDtkPDxpNzQ5ZmQ3OGcvZDQxcDU1ZW5gLS1eMTZzcy5gMS4wXzJiLWM0MDAvMTI6Yw%3D%3D&vl=&vr=
26,v09044g40000c6bjhcrc77ue1odlkdo0,7940,604161&439135&296553&183383,ce60076f2a62fbb93848e20f8546c94c&508f714e85956d682b4c20ce2022b89f&826eda859da01c6e1f65b0520f0f53fa&8af1fadfed19e1fdeb370513330ca84f&926c4fa82449284e61e373c797ebb640&f9bf86297227a5974454009b9166e98b&97141c27be441fa3d2d2f0035e409fb7&9df2aa335ee73c3699b18eb2b4ee2203,https://v39.tiktokcdn-us.com/ce60076f2a62fbb93848e20f8546c94c/61e52c2e/video/tos/useast2a/tos-useast2a-ve-0068c004/53037072e7ea46719f71503983e53896/?a=1233&br=1180&bt=590&cd=0%7C0%7C0&ch=0&cr=3&cs=2&cv=1&dr=0&ds=3&er=&ft=c~.Zm4L-gXoInz7T&l=202201170243190101130062100D4890BB&lr=all&mime_type=video_mp4&net=0&pl=0&qs=14&rc=M2dvcmg6ZmZtOTMzNzczM0ApNWg6aWY2aGU8NzdpOWc7OWdsaGEucjRvZV9gLS1kMTZzc15hLjIzXmIxNWNeYjUwYGA6Yw%3D%3D&vl=&vr=
27,v09044g40000c2t3lrho1amdn3nre0s0,5013,756227,d918834ceaf37e85042cf5b1961f4dd3&7e1dd021b79c25a104b18beddd5267ac,https://v39.tiktokcdn-us.com/d918834ceaf37e85042cf5b1961f4dd3/61e52c2b/video/tos/useast2a/tos-useast2a-ve-0068c004/e99cb9d5a11d4ac7a496622b02f8a9ad/?a=1233&br=1476&bt=738&cd=0%7C0%7C0&ch=0&cr=3&cs=0&dr=0&ds=2&er=&ft=c~.Zm4L-gXoInz7T&l=202201170243190101130062100D4890BB&lr=all&mime_type=video_mp4&net=0&pl=0&qs=0&rc=MzN1NmdkcnU2NTMzNzczM0ApNjk0Z2c7Zzs4NzRmMzYzM2dwYmtrai5laXFgLS1kMTZzc2BiNV4zNTEyNjQ0XmEzMS86Yw%3D%3D&vl=&vr=
28,v09044g40000c2ft710bf79t3vkd0gvg,19293,1718431&1264133&618854&381743,4f0853de7a9debbc89a07b00e661cf0f&82e84ca39cb1f052c6c81bd12fb6892e&5b9ce2d8dfe47f908d5b00ad341ae8ca&f131bdebf74247b4b4b2d91d4cb5c6bb&d757b0d09a0eb2f6b5a1de26932a3212&a544685907305e452fab19f692acebd5&466660cf1c05d2b6c4705609f298d246&5aeb387f57e6e49105cb93954e839404,https://v39.tiktokcdn-us.com/4f0853de7a9debbc89a07b00e661cf0f/61e52c3a/video/tos/useast2a/tos-useast2a-pve-0068/4b429b6507504a9cba99f12e0d4afe8a/?a=1233&br=3356&bt=1678&cd=0%7C0%7C0&ch=0&cr=3&cs=2&cv=1&dr=0&ds=3&er=&ft=c~.Zm4L-gXoInz7T&l=202201170243190101130062100D4890BB&lr=all&mime_type=video_mp4&net=0&pl=0&qs=14&rc=ampneXc6ZTR3NTMzNzczM0ApN2ZlPDdlaGUzNzM2OmU6PGdzLWgwNmMtNGNgLS1kMTZzcy8uMDEtLTJiMWAyM181LTU6Yw%3D%3D&vl=&vr=
29,v12044gd0000c797pgbc77ucq7ijquug,16995,298431&235242&154197&125184,aff29bd10cc2ef0dedf0b17dfe2f0b0b&569439643b257d77d399628a0536c6a5&b009f2ee320870bf073819534b6283d0&5e85edb0d99ea757cab3d6400d942fdb&42145763ea680e71edd3da94677eb5ea&ef6eb41c6cd738217b2d1031308f976a&bee264c4f9423efcb6e97ca8331f78bb&b948b3fb17c68caa6efada57317486eb,https://v39.tiktokcdn-us.com/aff29bd10cc2ef0dedf0b17dfe2f0b0b/61e52c37/video/tos/useast5/tos-useast5-pve-0068-tx/f62e02f024c540c89a00998f535a6845/?a=1233&br=582&bt=291&cd=0%7C0%7C0&ch=0&cr=3&cs=2&cv=1&dr=0&ds=3&er=&ft=c~.Zm4L-gXoInz7T&l=202201170243190101130062100D4890BB&lr=all&mime_type=video_mp4&net=0&pl=0&qs=14&rc=anhtOmY6Zmo6OjMzZzczNEApOjM6NDc4aWRkNzVlODRpOWdybmZucjRfbTZgLS1kMS9zcy4vYmFhMV5jMzZeNjY1XjY6Yw%3D%3D&vl=&vr=
30,v09044g40000c4mg0q3c77u950nmju0g,19177,3191109&1932525&1342438&707823,0dd5d727747b5687d823b7fff1ddf504&6f9a8b5e4f12b44a45fc00dbd50544f3&9ee1d0218a2e44e30eb4c9921807eeba&ab7b572bbb7aef7ae375f997179f62c1&079f9a90b487df2436fadbdf729d336b&93265865a63eb597b61bf2b0e4cf6e60&8c99ca7a1be1acffccfa397852ba4319&0f9472d9912c61c6f4acc0eeb8ec1b85,https://v19.tiktokcdn-us.com/0dd5d727747b5687d823b7fff1ddf504/61e52c72/video/tos/useast2a/tos-useast2a-ve-0068c003/1578429937b3407ab574c8a84355dafb/?a=1233&br=6232&bt=3116&cd=0%7C0%7C0&ch=0&cr=3&cs=2&cv=1&dr=0&ds=3&er=&ft=c~.Zm4L-gXoInz7T&l=202201170244150101130061650136B585&lr=all&mime_type=video_mp4&net=0&pl=0&qs=14&rc=anhwMzw6ZnRqNzMzNzczM0ApOTxoaWhlOjs6NzM3OzQzO2ctZ2sycjQwLWpgLS1kMTZzcy1hXy9jXmIyMjFjXzIyMS06Yw%3D%3D&vl=&vr=
31,v09044g40000c42sjhbc77u591u34mdg,16600,1143137&860555&523772&365504,8a6e4c7a75546b478ed61c96fa27c87f&83c649bf0d60151d3611d73920e91548&91d10ac13535db999fe282c18f1756a3&0a9d73cc903bb7ab3b94c913090cf8a4&b25f7bd9c2ba99c48b877a1641ab416c&171665f6ca78e1abd7d9e9cd91e3a870&ebe053f14a2d9a24bbef613b77bdd33e&b30fe5af27b0f34b27c2ea2a6aa72e84,https://v19.tiktokcdn-us.com/8a6e4c7a75546b478ed61c96fa27c87f/61e52c6f/video/tos/useast2a/tos-useast2a-ve-0068c002/7da2afaad80f404fb164f84d77c8ba4d/?a=1233&br=2232&bt=1116&cd=0%7C0%7C0&ch=0&cr=3&cs=2&cv=1&dr=0&ds=3&er=&ft=c~.Zm4L-gXoInz7T&l=202201170244150101130061650136B585&lr=all&mime_type=video_mp4&net=0&pl=0&qs=14&rc=anA2NDg6Zmt2NzMzNzczM0ApOzs7ZGQ5ZzxkNztlNTlnaGdhMXI2cjRfZy9gLS1kMTZzczUuLjJjMTFeNTIyMC0vYy46Yw%3D%3D&vl=&vr=
32,v07044550000c07os0nir75n464p64cg,8589,247151&169174&126295,3c6b766412f9c0fd54529668ac47f28a&ba4b2e0f725417e4126289595dcc24ab&071209565abc43a85c77de7139ed0cf5&95a35a4db88e6f99e7681c4ddedc756b&f8a77fef7f7a29b9e170e48703d40a02&a69ba50ba096a7d275b6340c3297fb0f,https://v19.tiktokcdn-us.com/3c6b766412f9c0fd54529668ac47f28a/61e52c67/video/tos/alisg/tos-alisg-pve-0037c001/88d0a2f0d8fd40f699e281a9c3b021f0/?a=1233&br=482&bt=241&cd=0%7C0%7C0&ch=0&cr=3&cs=2&cv=1&dr=0&ds=6&er=&ft=c~.Zm4L-gXoInz7T&l=202201170244150101130061650136B585&lr=all&mime_type=video_mp4&net=0&pl=0&qs=11&rc=ajdzOXE6bDNyMzMzODczM0ApNTk1aTU8OGRoNzdoM2Y5aWdgMzExMm9rcDRgLS0yMTRzcy0zMTEyXmAvYi81MzAxLWI6Yw%3D%3D&vl=&vr=
33,v09044690000bugd0qjemvd778npkaug,8728,1625869&1015423&736932&474604,c0ab737d27eea3d5c22cabbb9cd730d3&7298f53ddb9ea8e18b2d0b531d93ade2&0a13d0614cfc98c43d40e1fa059c8056&fed75b4778dc941bd6e3bd45069db938&bedeb91ed855d04db6fd54277e5d778b&e8f71e5e1596903800af15fccaa08d0f&a229612e12c4340cb634640c535f3212&38e7bd3d98e55bd24916daaa70822f0e,https://v19.tiktokcdn-us.com/c0ab737d27eea3d5c22cabbb9cd730d3/61e52c67/video/tos/useast2a/tos-useast2a-ve-0068c003/577f7868462848419672cfb56e32c139/?a=1233&br=3174&bt=1587&cd=0%7C0%7C0&ch=0&cr=3&cs=2&cv=1&dr=0&ds=3&er=&ft=c~.Zm4L-gXoInz7T&l=202201170244150101130061650136B585&lr=all&mime_type=video_mp4&net=0&pl=0&qs=14&rc=amRzOzp5aHRneDMzPDczM0ApZGc2NmRoZDxpN2hlOTw1NWdyaGs0YWpnLWRfLS0zMTZzc2IzYV8xMmBiLTAuMC4wNC86Yw%3D%3D&vl=&vr=
34,v12044gd0000c736h5bc77uakasifot0,40843,832150&688079&457089&341092,bb09d9b8457dfb1a742f040d4476748d&e81d171a79805749fccb640dd42d2241&3b9bc788afe8150689ddee3122f13236&3601e80362e8c2044e0fbc8ee881bba5&4662b8de19e40ed50660a80fc7e99f4b&49a6517518e30f75a1ab638d4e6dcc5f&bfcf424d9a83894fd8aeebf1c36938a5&f1186ac1bbb46153410c670f8230bd04,https://v19.tiktokcdn-us.com/bb09d9b8457dfb1a742f040d4476748d/61e52c87/video/tos/useast5/tos-useast5-pve-0068-tx/967c907d787f47d1ba726183ac03a2a0/?a=1233&br=1624&bt=812&cd=0%7C0%7C0&ch=0&cr=3&cs=2&cv=1&dr=0&ds=3&er=&ft=c~.Zm4L-gXoInz7T&l=202201170244150101130061650136B585&lr=all&mime_type=video_mp4&net=0&pl=0&qs=14&rc=M3JsZGQ6Zjg5OjMzZzczNEApNDlkOjo5ZjxmNzc8NjVpOGdxY3BocjRfZTBgLS1kMS9zczY2NjAyXjBfYi8xLzIuY2A6Yw%3D%3D&vl=&vr=
35,v09044g40000c1n6fgrivpn8c64va3mg,15276,1055778&904129&638191&402855,1fd4c88f542da9c902bf57039ef70064&b6770299b5b3b96d801bf954c77c3068&f0839186111cfb862c433924d6ffe787&78e70147d79230a82c471b850f5c964a&2532ee1b26ff44513261a6c6fa62e3ba&807fd518cda1197bc963d9ffe6b5bf59&81bb110252e993963c6eec06ca47ea65&fe4ab45c17aaa8765074ff4e3b0053c7,https://v19.tiktokcdn-us.com/1fd4c88f542da9c902bf57039ef70064/61e52c6e/video/tos/useast2a/tos-useast2a-pve-0068/0d6b12d875944f93abce543a86449ffc/?a=1233&br=2062&bt=1031&cd=0%7C0%7C0&ch=0&cr=3&cs=2&cv=1&dr=0&ds=3&er=&ft=c~.Zm4L-gXoInz7T&l=202201170244150101130061650136B585&lr=all&mime_type=video_mp4&net=0&pl=0&qs=14&rc=ajZ5OTtzbGo5NDMzNzczM0ApPDc3ZTw6OzszN2UzO2Q1ZWdqXjFga3NvY2tgLS1kMTZzcy8wNTQwLy41L2BiYjEzMzI6Yw%3D%3D&vl=&vr=
36,v09044g40000c4ohat3c77u88dlsgkjg,9542,942322&447409&317248,ac94f76b638d0cd2c13267d70ca67f5e&f025f5eb9ce5c1f5d1d215c5ca9bdcfd&c4439b7f0bd814c86b04427fbfc4df1c&e9f03fa8733147051280e3c79528ead9&b84a32ac29f928dff34ca8a2105c739c&73642eee090b7dd92e31eaba1d1be762,https://v19.tiktokcdn-us.com/ac94f76b638d0cd2c13267d70ca67f5e/61e52c68/video/tos/useast2a/tos-useast2a-ve-0068c004/c54e4db20e74481fa121eb15af5f85e5/?a=1233&br=1840&bt=920&cd=0%7C0%7C0&ch=0&cr=3&cs=2&cv=1&dr=0&ds=6&er=&ft=c~.Zm4L-gXoInz7T&l=202201170244150101130061650136B585&lr=all&mime_type=video_mp4&net=0&pl=0&qs=11&rc=am52Zzs6ZndrNzMzNzczM0ApaTU3PGc5N2U1NzM1Nzk1OmdnZGk1cjQwXmxgLS1kMTZzc2AtXjAxXy8yMGIwNS5jXzA6Yw%3D%3D&vl=&vr=
37,v090443b0000bu7hkfqqsv284dioh21g,15555,689791&625195&437373,4c2f3608c35cf27e3869a1efa7407ad1&f0b6c168a71414bed80b1d308e5c3fb5&e03f9c008c86bb279e38b4b5d452aa47&5dfb0867dcb4b6204fc1505824191c20&a1328767671b42a72a70d93f40ba8675&866c3cdca411719154c2df5217f0c7ec,https://v19.tiktokcdn-us.com/4c2f3608c35cf27e3869a1efa7407ad1/61e52c6e/video/tos/useast2a/tos-useast2a-ve-0068c002/9e8ed43555484c4b83d5257edb9435d0/?a=1233&br=1346&bt=673&cd=0%7C0%7C0&ch=0&cr=3&cs=2&cv=1&dr=0&ds=6&er=&ft=c~.Zm4L-gXoInz7T&l=202201170244150101130061650136B585&lr=all&mime_type=video_mp4&net=0&pl=0&qs=11&rc=ajVyZzt5dGlreDMzZTczM0ApZzw0Ozk2OmQ0NzVoOWRnZmcuZWYxL3BuaDRfLS0wMTZzc2IyMC1jNF40XjY2LTAwLzQ6Yw%3D%3D&vl=&vr=
38,v09044g40000c3gscaris849rbdm91rg,14975,1649189&1352918&1157202&784297,0be6dd748d2a4757200c599efef87e16&83a5fd9b2ca9ee691d6058972f20af0c&40d12784ae3263edba35c5282caab5f8&77d9eb142a67416ac79a0a1aebc958c7&6fb9baa532bb5e904f58ec652d68bf23&0a1b739ab3eb5644b4a369a9fd3b22e4&72bb8672c47158c0eb29921a6edc910f&02eeca0605208c50532cca13de324795,https://v19.tiktokcdn-us.com/0be6dd748d2a4757200c599efef87e16/61e52c6d/video/tos/useast2a/tos-useast2a-pve-0068/9d511f5263d34272a97a3e7ab284c1ce/?a=1233&br=3220&bt=1610&cd=0%7C0%7C0&ch=0&cr=3&cs=2&cv=1&dr=0&ds=3&er=&ft=c~.Zm4L-gXoInz7T&l=202201170244150101130061650136B585&lr=all&mime_type=video_mp4&net=0&pl=0&qs=14&rc=ajRwZTw7bGR2NjMzNzczM0ApNGg7ODYzNTxpNzw8aTllNGdvNmFvMXBvYGRgLS1kMTZzczIxXi1hNmJeNS02YS1gXjU6Yw%3D%3D&vl=&vr=
39,v09044900000c1gk48v7hc99pahqgrq0,8637,2052471&1561356&980982&642068,2e94a7e9a4a58ee2c03a30bb6a726047&1897541eeafe3222d309f8c3ce211c24&e38860fdbd33c3d11cee11a82c96b32d&d0ae26e8fa717391c42a8ec5385b84ab&577813b3bbec24d578b70f36e68447ac&4f25c19f368ee6475b23f4eb51c485c4&6c946ad8fe97e5fb6a1b2d97fc2c64bb&4627cd195b209b661a648582ea1afc8c,https://v19.tiktokcdn-us.com/2e94a7e9a4a58ee2c03a30bb6a726047/61e52c67/video/tos/useast2a/tos-useast2a-ve-0068c002/7eeeb48d29a048fb8a43c2e4f44e7786/?a=1233&br=4008&bt=2004&cd=0%7C0%7C0&ch=0&cr=3&cs=2&cv=1&dr=0&ds=3&er=&ft=c~.Zm4L-gXoInz7T&l=202201170244150101130061650136B585&lr=all&mime_type=video_mp4&net=0&pl=0&qs=14&rc=M3V0ZDxmOjtuNDMzMzczM0ApOmUzOjc6aGQ5N2k2O2c2ZmduZGVtNmVzMWRgLS02MTZzc2FeM2MtMTEvMy8uNDA2NmI6Yw%3D%3D&vl=&vr=
40,v09044g40000c4oflj3c77ue62ip6i7g,18829,1005587&678099&416779,a8f27873f87989507acf3a56d314953b&4a9383c5b6eb591d82c0562037f3b90e&7a829b899c5e40af2c9882cfa039a6d7&d0ec7ab33d18b43e3f44d8296fb15631&70625a47ab097ad200da1d5641c7e62a&a5239525a2c1addc4752069fce48f699,https://v39.tiktokcdn-us.com/a8f27873f87989507acf3a56d314953b/61e52cd3/video/tos/useast2a/tos-useast2a-ve-0068c004/ba81bb2590184a42916525640ac6a34f/?a=1233&br=1964&bt=982&cd=0%7C0%7C0&ch=0&cr=3&cs=2&cv=1&dr=0&ds=6&er=&ft=c~.Zm4L-gXoInz7T&l=20220117024552010113135050183D6507&lr=all&mime_type=video_mp4&net=0&pl=0&qs=11&rc=amxzNWg6Zm1pNzMzNzczM0ApOTpnNDZkZ2U3Nzc7Zzg4OWc0M2YzcjQwaWxgLS1kMTZzc2AyNmA1MTRgNS40LjViM186Yw%3D%3D&vl=&vr=
41,v09044fd0000buhfv1j9iufl0fi5ir5g,19502,568440&460718&327550,a96b0f49171f52bbb3b458372cbece4b&084e7928c070727f763baeb92dd8ebb8&4df2288ad15107678ac65fbaeae24596&8d0ed51b9354fb4b2e223ae0e23329af&9e4392bec49200b611d3ed584d912641&3792c42bf1641a44a763c2196b37b9d9,https://v39.tiktokcdn-us.com/a96b0f49171f52bbb3b458372cbece4b/61e52cd4/video/tos/useast2a/tos-useast2a-pve-0068/a27f7933c7584a20ab3fd6eb8b24a7cc/?a=1233&br=1110&bt=555&cd=0%7C0%7C0&ch=0&cr=3&cs=2&cv=1&dr=0&ds=6&er=&ft=c~.Zm4L-gXoInz7T&l=20220117024552010113135050183D6507&lr=all&mime_type=video_mp4&net=0&pl=0&qs=11&rc=anU4aW94PDRpeDMzZzczM0ApZ2U2ZTU7ZDw5NzNoZDg5NGcyZmYtY2Znc2VfLS1jMTZzc2MxMmJeL2BeMzM2XmIvMTQ6Yw%3D%3D&vl=&vr=
42,v09044g40000c3mrtfbc77uahb02m4jg,7149,1009186&814846&469416&322285,11f6405da07a6ab1f7d9049f7298abab&1f76cbe530db7bc20c3c70b3c80dcad4&51a1e5c120ef1a19581d3e336a88e8af&42dcafe99d177ba49e024ddfa20ba4f1&52b3f7fab4169966588cdbfa3d28e76e&98e6fb3a9382f777dbe502f500a9df30&57cccfea0f204830d0f9a41997723e39&b079cadc50244adce331648ab1fa9eeb,https://v39.tiktokcdn-us.com/11f6405da07a6ab1f7d9049f7298abab/61e52cc7/video/tos/useast2a/tos-useast2a-pve-0068/3ebc7ee2989f443883330b31dfab49f4/?a=1233&br=1970&bt=985&cd=0%7C0%7C0&ch=0&cr=3&cs=2&cv=1&dr=0&ds=3&er=&ft=c~.Zm4L-gXoInz7T&l=20220117024552010113135050183D6507&lr=all&mime_type=video_mp4&net=0&pl=0&qs=14&rc=ajc1ZWQ6Zml1NjMzNzczM0ApOWg2NjxmNDw2NzY8OTg4Z2dnai1lcjRfcWpgLS1kMTZzczA1LWJgYy9jYi9eMGIvXjY6Yw%3D%3D&vl=&vr=
43,v09044g40000c442udjc77u82pan8nr0,10773,532271&468564&315901,e0ae6aa8f3a5b53e98353cf2c925a69f&a8d7ce4b32c502ad4e4952d5ba0cf4d6&c5dcc5accc7de66fca4478e2838ad70e&c72146d09e7b6b8b61baebf7eead4674&5d2aee650238adc82662578eed2e82a4&dc4cea39b8179fcf6bd9bcbbc0cf6669,https://v39.tiktokcdn-us.com/e0ae6aa8f3a5b53e98353cf2c925a69f/61e52ccb/video/tos/useast2a/tos-useast2a-ve-0068c004/8ef5572352a949ec98150aec8025dd70/?a=1233&br=1038&bt=519&cd=0%7C0%7C0&ch=0&cr=3&cs=2&cv=1&dr=0&ds=6&er=&ft=c~.Zm4L-gXoInz7T&l=20220117024552010113135050183D6507&lr=all&mime_type=video_mp4&net=0&pl=0&qs=11&rc=M3Fxczs6Zmc1NzMzNzczM0ApOWdkPDllaDtlNzs0aDdmNmdvNV4vcjRncjFgLS1kMTZzczFiXzQzNjU0NV9fLWBfXl86Yw%3D%3D&vl=&vr=
44,v09044g40000c3r8kabc77u0jldggbg0,12769,2330361&1704943&1469448&996082,570184d6c48aadf35663f1eedc9a7c76&4e94b16e18cb4c8ff450eb4b8d57906b&c0cfff94dfaa94dd44a177638cbdba29&45809317eff978e43465e6c6f6054035&52ae556cbc31c1b74c9b633585e836e4&13a2d3b6816c126bb16fee4faee9fb48&89108bad640c212341338c855ee83cbe&34fb0a58d3c192d37ec2f1055f749c69,https://v39.tiktokcdn-us.com/570184d6c48aadf35663f1eedc9a7c76/61e52ccd/video/tos/useast2a/tos-useast2a-pve-0068/8cab7da36e664048988304d7ef7a47b7/?a=1233&br=4550&bt=2275&cd=0%7C0%7C0&ch=0&cr=3&cs=2&cv=1&dr=0&ds=3&er=&ft=c~.Zm4L-gXoInz7T&l=20220117024552010113135050183D6507&lr=all&mime_type=video_mp4&net=0&pl=0&qs=14&rc=M2VqbzM6ZmQ7NjMzNzczM0ApaDY2PGk8aTs8NzhpPDg8OmdkZGFncjRfaG9gLS1kMTZzcy1jY2BgMF5iMjQwLS8wYGA6Yw%3D%3D&vl=&vr=
45,v09025g40000c5tphj3c77u9non5uja0,11632,391326&216922&156694,c6177cff819e86da4988f6483e3a9ba9&90a0d0176eddc4f112723542c7fa734c&8da5d84d68434bd06ef6b9eb5f4ccda5&67cc4b130e65d776973afaaae6c81e58&f09e2abe85a869223b02c32b44f275ea&5bbea21571aca6c2d6ea1dc51b01f952,https://v39.tiktokcdn-us.com/c6177cff819e86da4988f6483e3a9ba9/61e52ccc/video/tos/useast2a/tos-useast2a-pve-0068/0db5a52be4814ca482755ba7b47a0966/?a=1233&br=764&bt=382&cd=0%7C0%7C0&ch=0&cr=3&cs=2&cv=1&dr=0&ds=6&er=&ft=c~.Zm4L-gXoInz7T&l=20220117024552010113135050183D6507&lr=all&mime_type=video_mp4&net=0&pl=0&qs=11&rc=M204cjw6Zm1zODMzNzgzM0ApZmZkOGdkaTs0NztmODk3aGdecmtrcjQwZXFgLS1kLzZzc2BjMWAwLTRfMC8wYmAuNGI6Yw%3D%3D&vl=&vr=
46,v09044g40000c4kh153c77u3i2t1e3f0,20710,790267&584037&389756&259282,9b4b8a7941f398894c84e55b3d1f4859&37311331476b32355d1fd1d9be29ae37&8985af0cf709aa8b1aa93a9231b7ea21&46494ac102bdbc13671770cc3887124d&42e4840e94a0d0e67392c8f6a14aac69&03f70ed305d5f3924f7538df6e414e4b&71fb5c8ec5d47cd12a2d6aea9d68ad0e&bb78f18ab72e5302ebd19e0bb56f0479,https://v39.tiktokcdn-us.com/9b4b8a7941f398894c84e55b3d1f4859/61e52cd5/video/tos/useast2a/tos-useast2a-ve-0068c004/fc7e9f17e2344ce89e8aa991b7d0e895/?a=1233&br=1542&bt=771&cd=0%7C0%7C0&ch=0&cr=3&cs=2&cv=1&dr=0&ds=3&er=&ft=c~.Zm4L-gXoInz7T&l=20220117024552010113135050183D6507&lr=all&mime_type=video_mp4&net=0&pl=0&qs=14&rc=MzY0NTY6ZjhrNzMzNzczM0ApOGY1OzNoNjs2NzZlM2UzOWdjYnFmcjQwLmhgLS1kMTZzc2IzLy1iNjNeYC4uMTIuLTA6Yw%3D%3D&vl=&vr=
47,v12044gd0000c6438f3c77uf5sb2qspg,7637,438273&308591&211521&145661,1b567a469eaf54bf1aed1bc3d53aa178&5e7947bab049fb2f03cd6b7e4f719cc4&87e8f459972d92ae02149dc784a0a822&0b96f7cbc59ef21a4d82106d6f99fcec&4f5a3982b3196a62b34d430213480bd8&57ce0c36d990dcdc35ac00173efd2365&2dcf8a93981721b29a2d0b2327f3b0b7&2615065f19bca4e9d861662068659241,https://v39.tiktokcdn-us.com/1b567a469eaf54bf1aed1bc3d53aa178/61e52cc8/video/tos/maliva/tos-maliva-ve-0068c799-us/76d2b8ec07e045ac97babd32e7849b66/?a=1233&br=856&bt=428&cd=0%7C0%7C0&ch=0&cr=3&cs=2&cv=1&dr=0&ds=3&er=&ft=c~.Zm4L-gXoInz7T&l=20220117024552010113135050183D6507&lr=all&mime_type=video_mp4&net=0&pl=0&qs=14&rc=anY1dmk6Zmk2OTMzZzczNEApNTM7PDplZDs3N2k3NTQ0NGdtbl8ycjQwNTFgLS1kMS9zcy1iMTNhMjVgXzFhX2MvNWI6Yw%3D%3D&vl=&vr=
48,v09044g40000c34mtnth8h41mpjnku00,7382,1175019&925927&534792&327161,6a4463e0ee6ea0157c28ce0cb3f032ce&3ca80d178ae4fcdbd213cfa4dbc27401&2cbc4916447f41fef081a3d354ab28fb&e2ef8a245b7542870c49712af79c00d6&887076ef995214027c7bb61869b818ca&31dde912807bfd0ad1e454795c12fe17&203468ea5679eadbb7bba0adc03d1c4e&025d5193fbcccc87e53a6f32008ea1bc,https://v39.tiktokcdn-us.com/6a4463e0ee6ea0157c28ce0cb3f032ce/61e52cc8/video/tos/useast2a/tos-useast2a-ve-0068c002/18dc538910c34b97b0ba2334398c0c1c/?a=1233&br=2294&bt=1147&cd=0%7C0%7C0&ch=0&cr=3&cs=2&cv=1&dr=0&ds=3&er=&ft=c~.Zm4L-gXoInz7T&l=20220117024552010113135050183D6507&lr=all&mime_type=video_mp4&net=0&pl=0&qs=14&rc=M3hxczRra3FwNjMzNzczM0ApOmVnZTNmPGVkNzg5OjMzZmctaGdqMTVxcTFgLS1kMTZzczBeYDMyMS1iXjE2L2BgYjU6Yw%3D%3D&vl=&vr=
49,v09044g40000c31h4berlhljq0la6gmg,11702,1276937&955175&436320&297005,12b2318b0fa9af121f222654a0daf82d&0fd5542706eca0a1cade9074e4cecb28&05dcc151a8d5294608870d36d57ce7ad&0f955ee1a2c4f79cfccde4bb5eddbe19&ad6037378abdebaddca4a1f8a8e249bd&d210d517805074d2c1cdf77859a4c81e&a657d533b5d124849f4d5bd0e5e583b0&def7f45a54d343596394b3bd867ddf9b,https://v39.tiktokcdn-us.com/12b2318b0fa9af121f222654a0daf82d/61e52ccc/video/tos/useast2a/tos-useast2a-ve-0068c001/c3efc14c6e3045bb9d9a7123d0c5447d/?a=1233&br=2494&bt=1247&cd=0%7C0%7C0&ch=0&cr=3&cs=2&cv=1&dr=0&ds=3&er=&ft=c~.Zm4L-gXoInz7T&l=20220117024552010113135050183D6507&lr=all&mime_type=video_mp4&net=0&pl=0&qs=14&rc=ampkM21rdWVrNjMzNzczM0ApZ2g5Njs0PGVoNzNkNzdoPGdqM2luaWliMS5gLS1kMTZzczBjYGMyLjQ2My4uLTYyMjE6Yw%3D%3D&vl=&vr=
50,v10044g50000c46ig0bc77u3svl4snj0,15439,1003742&711074&460554,ee0b03274e8af51d6bc4fab0d7a5822a&02ae158f1e96c1648d41ea3f0302f591&28ff9e84d51df5a00108c5012f90dbb8&dc26c9a2b6f8a2a0beffa6d39ca0a7ef&fa08fb2302aea2ebc1771ff3b627bebc&64c2a172eda5d3f5cdb52ca0ce744a3f,https://v19.tiktokcdn-us.com/ee0b03274e8af51d6bc4fab0d7a5822a/61e52d14/video/tos/alisg/tos-alisg-pve-0037c001/e423ff66fd7745cca108a9f2edb90248/?a=1233&br=1960&bt=980&cd=0%7C0%7C0&ch=0&cr=3&cs=2&cv=1&dr=0&ds=6&er=&ft=c~.Zm4L-gXoInz7T&l=202201170247010101131352140C4266F3&lr=all&mime_type=video_mp4&net=0&pl=0&qs=11&rc=M3E3eTY6ZjNsNzMzODczNEApOzk4M2Q2OTtoNzxpOWhoZGdncGlwcjRfZDNgLS1kMS1zczItY19iMzNhYzJfYTExYTI6Yw%3D%3D&vl=&vr=
51,v09044g40000c3odp7bc77u6gocp9d6g,6662,1213038&1048223&705115,ca899482f317170811927c14f341d17e&4b550e6d5ace0c6e92ef8509b2c4afaa&c1098ecdbcca3ddc4e5151fc4cdbaefb&dad10fa3d90ac19277045fbd768247c2&1d26e8694ba4287b411e7948a38a69c0&232b2ecb60d66a9776eddbbe6b2e7148,https://v19.tiktokcdn-us.com/ca899482f317170811927c14f341d17e/61e52d0b/video/tos/useast2a/tos-useast2a-ve-0068c003/de59c410050643d6ae007381bedffa4e/?a=1233&br=2368&bt=1184&cd=0%7C0%7C0&ch=0&cr=3&cs=2&cv=1&dr=0&ds=6&er=&ft=c~.Zm4L-gXoInz7T&l=202201170247010101131352140C4266F3&lr=all&mime_type=video_mp4&net=0&pl=0&qs=11&rc=amdzcjk6ZjpnNjMzNzczM0ApOTQ2NzdlPDs1N2Q8ZWc4N2czNmBkcjRfbWxgLS1kMTZzc2MvNS8tMy8zYDItXzIvLWA6Yw%3D%3D&vl=&vr=
52,v09044g40000c4ogfhrc77u057cokt50,11283,1788582&1332930&1009342&674293,e551b3f736184092e494fb445a21fb1d&9cdfa6304efcea14b728e093ff187d67&334e7255d42df8e02ddf579f6aeec832&24089ce1bfb5d29a1cc397eccc711d9c&242dd00b5940267ec2e9bf355aab49f8&6b42b9cc1a9dcd167feeac949a069e27&9ac17029bca4f95297904f33de8204b3&827f00e1b5c53a3b72264afc85c9dddb,https://v19.tiktokcdn-us.com/e551b3f736184092e494fb445a21fb1d/61e52d10/video/tos/useast2a/tos-useast2a-ve-0068c004/37fdace7ea5e47a28e67f8ddd291d8cf/?a=1233&br=3492&bt=1746&cd=0%7C0%7C0&ch=0&cr=3&cs=2&cv=1&dr=0&ds=3&er=&ft=c~.Zm4L-gXoInz7T&l=202201170247010101131352140C4266F3&lr=all&mime_type=video_mp4&net=0&pl=0&qs=14&rc=M3dyOjM6ZmtqNzMzNzczM0ApNTQ1PGg2NTxmN2dkOzc6ZGcyaGAycjRvY2xgLS1kMTZzczA1Xy9gMC5gXzZjMC9eMl86Yw%3D%3D&vl=&vr=
53,v09044310000bmoil77ho6foanv5jaj0,8267,1413832&978032&948578&551346,bab86a84516e38f015d247d5936e07a1&fa4596fdd1c11bb146e730ea7f276138&2b3ef9782069ca1e2635119ef9c4b855&5feeb5ba1c5bd7fa494bf5714da2b65c&49dcd90422c4446ca0b7d86b411a1081&5a7bc28a7e932e9c1a0d2400b6940963&6263371a267be5757c050cf71c871be1&644eeda947805039590517d5ffe3057d,https://v19.tiktokcdn-us.com/bab86a84516e38f015d247d5936e07a1/61e52d0d/video/tos/useast2a/tos-useast2a-ve-0068/ddd5955b873440ed8f5b7bf11392250d/?a=1233&br=2760&bt=1380&cd=0%7C0%7C0&ch=0&cr=3&cs=2&cv=1&dr=0&ds=3&er=&ft=c~.Zm4L-gXoInz7T&l=202201170247010101131352140C4266F3&lr=all&mime_type=video_mp4&net=0&pl=0&qs=14&rc=M2Q4cXI5azpscDMzNDczM0ApaWVmNDQ3NztoNztlODY4OWdnZ3NeY2w0aWxfLS0wMTZzc19fMi00Nl8zMTVjYy0yY146Yw%3D%3D&vl=&vr=
54,v09044g40000c2gsjnial962u1po35p0,6430,770553&599707&407073,b00f4e60f07625e28056468864ab3931&17705d287cea3b26ee1b247e31dd72fb&2afb2e30ee5248389aefdacac08c0ca1&2b941ed97c0aae30a27465e815275585&79c5ab2d4654eb9dc100d9bcbafd818c&e7c65b05353afe07ffbb0fd49164e000,https://v19.tiktokcdn-us.com/b00f4e60f07625e28056468864ab3931/61e52d0b/video/tos/useast2a/tos-useast2a-ve-0068c003/c87454664ebb4e1a9171e23979c58e98/?a=1233&br=1504&bt=752&cd=0%7C0%7C0&ch=0&cr=3&cs=2&cv=1&dr=0&ds=6&er=&ft=c~.Zm4L-gXoInz7T&l=202201170247010101131352140C4266F3&lr=all&mime_type=video_mp4&net=0&pl=0&qs=11&rc=MzhyNDU8ZHF2NTMzNzczM0ApZzg8Mzc7OjtmN2g4ZGdkOmdtMG1yM2lmZ2RgLS1kMTZzczAxMDY2LjI1Nl4zNS5iYDU6Yw%3D%3D&vl=&vr=
55,v09044g40000c3ai05e0nro67dgk3fbg,9286,1284202&756360&437868&275058,898e5a5876b2e374a1fdd70e8459ad6b&d1180153ee512dda64a7c9b1c95d6603&1c50d76b0365f20ba85bf231af7b80ca&0ffc64dfb12c7b43e271379fd2c6eb47&aacad8f1a6ea2f080df895da1e10cca5&bf7d3483b5beb4c09531681e84f7c510&bf16dd6a0b3d7e65520a07e153bcebdd&7733af8418e2cf3b650896dde9e51250,https://v19.tiktokcdn-us.com/898e5a5876b2e374a1fdd70e8459ad6b/61e52d0e/video/tos/useast2a/tos-useast2a-pve-0068/e6e3a6962bc94b55b4ea6c5013954c7f/?a=1233&br=2508&bt=1254&cd=0%7C0%7C0&ch=0&cr=3&cs=2&cv=1&dr=0&ds=3&er=&ft=c~.Zm4L-gXoInz7T&l=202201170247010101131352140C4266F3&lr=all&mime_type=video_mp4&net=0&pl=0&qs=14&rc=amluZzl1MzhsNjMzNzczM0ApNGc3Zmk5Zjw2NzxlZ2RnPGdfMGQ0bGtiLV5gLS1kMTZzczJjNS8tYGIvLmI1Y180YS86Yw%3D%3D&vl=&vr=
56,v09044g40000c410g73c77uf1vhdufc0,8635,1640421&1292537&1074754&697653,8c19c25e96125d8bd57b768ea8a568af&99943481c8fbbb27adae7339bff34772&0e1c32a9c2bd07644c81e8a33c0525e1&5fa3f41a977b60f5d60f5880921dffd9&6b36799843924eeb0f8548fd62b2adab&7dc58a7af73528b41bf67548fec07c28&b66ded0fdc41f245eab30b7306dcb579&5eaa969d9c06565ca5bf9d4583e4f7f0,https://v19.tiktokcdn-us.com/8c19c25e96125d8bd57b768ea8a568af/61e52d0d/video/tos/useast2a/tos-useast2a-pve-0068/186f2293eddc429e855872f618200d52/?a=1233&br=3202&bt=1601&cd=0%7C0%7C0&ch=0&cr=3&cs=2&cv=1&dr=0&ds=3&er=&ft=c~.Zm4L-gXoInz7T&l=202201170247010101131352140C4266F3&lr=all&mime_type=video_mp4&net=0&pl=0&qs=14&rc=M2lneWk6ZjozNzMzNzczM0ApaGc8OTNmNGU7NzUzODU8M2dgcmUucjQwZC5gLS1kMTZzczAyMS4zYjFgMC00M2AyLWA6Yw%3D%3D&vl=&vr=
57,v09044g40000c45clkjc77u4160srdj0,19781,594321&416882&283318&196864,e65cf1b57d9a40d4d7ccc7e8b7ba92e9&a6fadba07d2bfe740c598788ec959a5a&54160e95e99c15d1a7d2a91117114193&c0d8ccbcf10786fb9d9b5d6c93b12c46&eb92df6ed9d4b626510caf298b527305&6a44779eb8456b5ebb59160539925e32&d92e8dbdf67deb0ce4b81034b541d47f&2ee9072d74631845eb4a6750303bb19c,https://v19.tiktokcdn-us.com/e65cf1b57d9a40d4d7ccc7e8b7ba92e9/61e52d18/video/tos/useast2a/tos-useast2a-ve-0068c001/f9d901e8f28941f9bfce8994d038f273/?a=1233&br=1160&bt=580&cd=0%7C0%7C0&ch=0&cr=3&cs=2&cv=1&dr=0&ds=3&er=&ft=c~.Zm4L-gXoInz7T&l=202201170247010101131352140C4266F3&lr=all&mime_type=video_mp4&net=0&pl=0&qs=14&rc=M2d2OTc6Zm5mNzMzNzczM0ApZDw6PDg8OTw6NzpoOztmPGdnby0ucjRnaTJgLS1kMTZzc2ItYzZiMjQvXi8zYy4uNjA6Yw%3D%3D&vl=&vr=
58,v09044g40000c4aqt4bc77uek70jn260,14603,853714&490562&304377,aa194a695738ffb4f5b8be572c81ce98&8ad1789d7ddf6e36a85cf8e570b23be7&4edbf5fbe1354bc15b53c105ee9fee7d&6a1924a87050c5a34823e6652457db40&058db4aa03080ecb797e16f987c8e22c&aad0e14f47089b47cc20d161f267afcd,https://v19.tiktokcdn-us.com/aa194a695738ffb4f5b8be572c81ce98/61e52d13/video/tos/useast2a/tos-useast2a-ve-0068c003/f5ab0881c8614d2997fc3563a380cca5/?a=1233&br=1666&bt=833&cd=0%7C0%7C0&ch=0&cr=3&cs=2&cv=1&dr=0&ds=6&er=&ft=c~.Zm4L-gXoInz7T&l=202201170247010101131352140C4266F3&lr=all&mime_type=video_mp4&net=0&pl=0&qs=11&rc=MzVtOmg6Zjd0NzMzNzczM0ApZ2lnPGlkPDw8NzM6aGQ4aGczay1ocjRfcV5gLS1kMTZzcy0tX2JjX18yMzM2LmFhNTM6Yw%3D%3D&vl=&vr=
59,v09044g40000c3vdmejc77u7uoaiehrg,11330,566505&438577&226220&162988,184bfa3bbfd23417fd16c2fb7d521018&1af7c607fd763b09c9a92e4296e0e4e1&83a0c60fded07d8844f447615ba929b4&189b358e0270d64a7c5bbe2abe660ed4&a8785505734ef210ca2ea9f3612b91d3&5c48c79b3b91579364ca2e5613d3d67f&14946a1d1d7606c7c568fd4a90302803&f13d0a077f6af4e05af3c17d7cbd0f47,https://v19.tiktokcdn-us.com/184bfa3bbfd23417fd16c2fb7d521018/61e52d10/video/tos/useast2a/tos-useast2a-pve-0068/dd6af54476d34c538cb4008e341b415b/?a=1233&br=1106&bt=553&cd=0%7C0%7C0&ch=0&cr=3&cs=2&cv=1&dr=0&ds=3&er=&ft=c~.Zm4L-gXoInz7T&l=202201170247010101131352140C4266F3&lr=all&mime_type=video_mp4&net=0&pl=0&qs=14&rc=amtscjo6ZmhnNjMzNzczM0ApOzVmNDg0Ojs8N2g7OWk2ZmdvYl5ycjRnanNgLS1kMTZzc2A0YTQ2NDMtMjExNDQwLS06Yw%3D%3D&vl=&vr=
