video/mp4, bytesbytes 0-515060/515061, 1642391679.3325307, 1642391679.3335662, 1642391679.3475206, 1642391679.781544, v19-us.tiktokcdn.com, 3a43095de1c4ad77e140b5b3840b67b2, /3a43095de1c4ad77e140b5b3840b67b2/61e53ce4/video/tos/useast2a/tos-useast2a-ve-0068c001/6042bda545004101a544f860a33d8dca/?a=1233&br=1444&bt=722&cd=0%7C0%7C0&ch=0&cr=3&cs=2&cv=1&dr=0&ds=3&er=&ft=xo5uS4L-gXoInz7T&l=202201170354380102230980251DB3FD4B&lr=all&mime_type=video_mp4&net=0&pl=0&qs=14&rc=ajw6dmY6ZnNqOjMzNzczM0ApPDczOGU4PGQ8N2hkOzc1NWczMTRtcjRnci1gLS1kMTZzczQ2Yy4xYC02L15eYGFfMWA6Yw%3D%3D&vl=&vr=
video/mp4, bytesbytes 0-682076/682077, 1642391685.5122206, 1642391685.514096, 1642391685.5339804, 1642391686.1444302, v16m-us.tiktokcdn.com, 8a5c638f293cde9698279bfd6f2d109d, /8a5c638f293cde9698279bfd6f2d109d/61e53cec/video/tos/useast5/tos-useast5-ve-0068c003-tx/17364634d67642c28d77d02da2c562ce/?a=1233&br=1214&bt=607&cd=0%7C0%7C0&ch=0&cr=3&cs=2&cv=1&dr=0&ds=6&er=&ft=xo5uS4L-gXoInz7T&l=20220117035443010192043232022D03D7&lr=all&mime_type=video_mp4&net=0&pl=0&qs=11&rc=M3Rydjo6ZnJ3OjMzZzczNEApOzc8NTgzZTtlNzg3ZDZnO2dubW9tcjRncTJgLS1kMS9zc14zLTUyMi8vXy8vYy1jMWM6Yw%3D%3D&vl=&vr=
video/mp4, bytesbytes 0-348471/348472, 1642391689.9397168, 1642391689.9406161, 1642391689.963918, 1642391690.338435, v16m-us.tiktokcdn.com, 4a241073a89eb7b3b3df7e151d9728ff, /4a241073a89eb7b3b3df7e151d9728ff/61e53ce9/video/tos/maliva/tos-maliva-ve-0068c799-us/cdb48d76fd3943f2895ec919f9904b9b/?a=1233&br=938&bt=469&cd=0%7C0%7C0&ch=0&cr=3&cs=2&cv=1&dr=0&ds=6&er=&ft=xo5uS4L-gXoInz7T&l=20220117035443010192043232022D03D7&lr=all&mime_type=video_mp4&net=0&pl=0&qs=4&rc=M288Ozg6Zmt5OjMzZzczNEApNzhoZzxkNjxnNzpmODU2M2dsMWFwcjQwbWVgLS1kMS9zczUuYDJfLjUzLzFiYGI0L2A6Yw%3D%3D&vl=&vr=
video/mp4, bytes, 1642391726.9326863, 1642391726.9344957, 1642391726.9716377, 1642391727.4126267, v19.tiktokcdn-us.com, 428511eafca23063270c275c73f94c54, /428511eafca23063270c275c73f94c54/61e53d04/video/tos/useast2a/tos-useast2a-ve-0068c004/c0f25d1b31ba4b86a90cb22cfe1b1294/?a=1233&br=1116&bt=558&cd=0%7C0%7C0&ch=0&cr=3&cs=2&cv=1&dr=0&ds=6&er=&ft=c~.Zm4L-gXoInz7T&l=2022011703550801011300613523550F75&lr=all&mime_type=video_mp4&net=0&pl=0&qs=4&rc=anRuNnZvNHNodzMzODczM0ApZjk8NWg5PGVoNzZlZGQ3OmdtYnJpNTJzXnJfLS1iMTZzczMuMF5hMmBhM2NfMi1gYTY6Yw%3D%3D&vl=&vr=
video/mp4, bytesbytes 0-766503/766504, 1642391727.8939586, 1642391727.8952303, 1642391727.9044106, 1642391728.4920192, v19.tiktokcdn-us.com, 01d2971c4f3e716dbfb6ea9298f3734c, /01d2971c4f3e716dbfb6ea9298f3734c/61e53d09/video/tos/useast5/tos-useast5-ve-0068c001-tx/e0b5935a00244a96a26e97757fa0313d/?a=1233&br=952&bt=476&cd=0%7C0%7C0&ch=0&cr=3&cs=2&cv=1&dr=0&ds=3&er=&ft=c~.Zm4L-gXoInz7T&l=2022011703550801011300613523550F75&lr=all&mime_type=video_mp4&net=0&pl=0&qs=14&rc=M2RmZGQ6ZjNzOjMzZzczNEApOTtoZWk4ZTxpN2UzNzpnOWdrLWxocjRnc19gLS1kMS9zczRhMmNhYDE2YTQyMS5gMS86Yw%3D%3D&vl=&vr=
video/mp4, bytesbytes 0-1024000/2209343, 1642391728.9178994, 1642391728.9188983, 1642391728.9284358, 1642391729.7500439, v19.tiktokcdn-us.com, 653889521bf06711eaa559482006a4f0, /653889521bf06711eaa559482006a4f0/61e53d11/video/tos/useast2a/tos-useast2a-ve-0068c003/a3916a82751449e5bc996d3ea4c44e77/?a=1233&br=1710&bt=855&cd=0%7C0%7C0&ch=0&cr=3&cs=2&cv=1&dr=0&ds=6&er=&ft=c~.Zm4L-gXoInz7T&l=2022011703550801011300613523550F75&lr=all&mime_type=video_mp4&net=0&pl=0&qs=5&rc=ajx1NTU6ZmdqOTMzNzczM0ApZmk0NjlpOGQ4N2U4NTg8aGcwcTEucjQwbnJgLS1kMTZzc2EzYGBjLTYyNTNgYi1fNTY6Yw%3D%3D&vl=&vr=
video/mp4, bytesbytes 0-1024000/3199001, 1642391730.3520584, 1642391730.3531306, 1642391730.3661015, 1642391731.1906672, v19.tiktokcdn-us.com, ad3d65e1f235475a93a63993bcfc34a9, /ad3d65e1f235475a93a63993bcfc34a9/61e53d2a/video/tos/useast2a/tos-useast2a-pve-0068/d71c0e8d4bdd441cb28765ca3433472b/?a=1233&br=1084&bt=542&cd=0%7C0%7C0&ch=0&cr=3&cs=2&cv=1&dr=0&ds=3&er=&ft=c~.Zm4L-gXoInz7T&l=2022011703550801011300613523550F75&lr=all&mime_type=video_mp4&net=0&pl=0&qs=14&rc=M25oMzw6ZjhqNjMzNzczM0ApN2kzaWQ4NDtmN2c6ZTg8aWdrYjJlcjRfNmlgLS1kMTZzczA0YmNjY2AtYDI2MDBfNjY6Yw%3D%3D&vl=&vr=
video/mp4, bytesbytes 0-878633/878634, 1642391732.1944823, 1642391732.1954274, 1642391732.2074337, 1642391733.053005, v19.tiktokcdn-us.com, 960fd4bea396c75ad9c02dd486d0ad82, /960fd4bea396c75ad9c02dd486d0ad82/61e53d0e/video/tos/useast2a/tos-useast2a-pve-0068/52bbbd3d4f604a6c82a0b217a8755c8c/?a=1233&br=770&bt=385&cd=0%7C0%7C0&ch=0&cr=3&cs=2&cv=1&dr=0&ds=6&er=&ft=c~.Zm4L-gXoInz7T&l=2022011703550801011300613523550F75&lr=all&mime_type=video_mp4&net=0&pl=0&qs=4&rc=anZ3NmhraW1tNDMzNzczM0ApNzY5ZzdlZDs5NzRpNWU7Nmdubmg0Ml9oYGhgLS1kMTZzczE1NmMyNWJjX2JhMS8xNC46Yw%3D%3D&vl=&vr=
video/mp4, bytesbytes 0-1024000/1181632, 1642391733.6288807, 1642391733.6305707, 1642391733.6456568, 1642391734.5024402, v19.tiktokcdn-us.com, 38b2f44c533c871b63bd5a263221cb10, /38b2f44c533c871b63bd5a263221cb10/61e53d0d/video/tos/useast2a/tos-useast2a-pve-0068/353eea5c512a4e96bf4aed8f1a7c9fe9/?a=1233&br=1108&bt=554&cd=0%7C0%7C0&ch=0&cr=3&cs=2&cv=1&dr=0&ds=3&er=&ft=c~.Zm4L-gXoInz7T&l=2022011703550801011300613523550F75&lr=all&mime_type=video_mp4&net=0&pl=0&qs=14&rc=MzZ4bjQ6ZmtoNzMzNzczM0ApODc0NGk0NmVlN2Q7OjczM2c0MGRjcjQwci9gLS1kMTZzcy8tMWFiYS5fMzIyNTUxXy06Yw%3D%3D&vl=&vr=
video/mp4, bytesbytes 0-1024000/3653700, 1642391748.621564, 1642391748.6237588, 1642391748.637552, 1642391749.7677844, v19.tiktokcdn-us.com, 6f12f8bfc5e706873f93eb102b05b39e, /6f12f8bfc5e706873f93eb102b05b39e/61e53d2f/video/tos/useast2a/tos-useast2a-ve-0068c001/5bc95ee24c964e9b933f7770c02b2951/?a=1233&br=1136&bt=568&cd=0%7C0%7C0&ch=0&cr=3&cs=2&cv=1&dr=0&ds=6&er=&ft=c~.Zm4L-gXoInz7T&l=2022011703550801011300613523550F75&lr=all&mime_type=video_mp4&net=0&pl=0&qs=5&rc=M2plODQ6ZjllNjMzNzczM0ApNWUzOGQ7NTw4Nzg8ZWU8O2drLmJucjQwLnBgLS1kMTZzczBjNjQvMDZeYS8xNGEvMDA6Yw%3D%3D&vl=&vr=
video/mp4, bytesbytes 1024000-2209342/2209343, 1642391750.7457936, 1642391750.7488956, 1642391750.7793999, 1642391753.4059436, v19.tiktokcdn-us.com, 653889521bf06711eaa559482006a4f0, /653889521bf06711eaa559482006a4f0/61e53d11/video/tos/useast2a/tos-useast2a-ve-0068c003/a3916a82751449e5bc996d3ea4c44e77/?a=1233&br=1710&bt=855&cd=0%7C0%7C0&ch=0&cr=3&cs=2&cv=1&dr=0&ds=6&er=&ft=c~.Zm4L-gXoInz7T&l=2022011703550801011300613523550F75&lr=all&mime_type=video_mp4&net=0&pl=0&qs=5&rc=ajx1NTU6ZmdqOTMzNzczM0ApZmk0NjlpOGQ4N2U4NTg8aGcwcTEucjQwbnJgLS1kMTZzc2EzYGBjLTYyNTNgYi1fNTY6Yw%3D%3D&vl=&vr=
video/mp4, bytesbytes 1024000-3199000/3199001, 1642391753.8014429, 1642391753.8041563, 1642391753.8200684, 1642391756.3205554, v19.tiktokcdn-us.com, ad3d65e1f235475a93a63993bcfc34a9, /ad3d65e1f235475a93a63993bcfc34a9/61e53d2a/video/tos/useast2a/tos-useast2a-pve-0068/d71c0e8d4bdd441cb28765ca3433472b/?a=1233&br=1084&bt=542&cd=0%7C0%7C0&ch=0&cr=3&cs=2&cv=1&dr=0&ds=3&er=&ft=c~.Zm4L-gXoInz7T&l=2022011703550801011300613523550F75&lr=all&mime_type=video_mp4&net=0&pl=0&qs=14&rc=M25oMzw6ZjhqNjMzNzczM0ApN2kzaWQ4NDtmN2c6ZTg8aWdrYjJlcjRfNmlgLS1kMTZzczA0YmNjY2AtYDI2MDBfNjY6Yw%3D%3D&vl=&vr=
video/mp4, bytesbytes 0-1024000/1492687, 1642391757.1209717, 1642391757.1230857, 1642391757.155941, 1642391758.6607172, v19.tiktokcdn-us.com, d3b455a2cbf40134dc171dfafb7c041b, /d3b455a2cbf40134dc171dfafb7c041b/61e53d14/video/tos/useast2a/tos-useast2a-ve-0068c004/02c11bae6e0c4bbaa3a6e4b386e22249/?a=1233&br=980&bt=490&cd=0%7C0%7C0&ch=0&cr=3&cs=2&cv=1&dr=0&ds=6&er=&ft=c~.Zm4L-gXoInz7T&l=2022011703550801011300613523550F75&lr=all&mime_type=video_mp4&net=0&pl=0&qs=4&rc=amQ1NTN2aDpmNjMzNzczM0ApNmg5OTw2ODtnNzhoO2RlNWc0LmVxZWpmNjBgLS1kMTZzczQyLy8wYjAyLl9jL2JjXjQ6Yw%3D%3D&vl=&vr=
video/mp4, bytesbytes 0-283561/283562, 1642391759.1551385, 1642391759.1562843, 1642391759.1721115, 1642391759.5349336, v19.tiktokcdn-us.com, 64797917c7668def6c12e1e59f3ec361, /64797917c7668def6c12e1e59f3ec361/61e53d03/video/tos/useast2a/tos-useast2a-ve-0068c003/c82291f2f7744bbabb097f3a38918c6a/?a=1233&br=666&bt=333&cd=0%7C0%7C0&ch=0&cr=3&cs=2&cv=1&dr=0&ds=6&er=&ft=c~.Zm4L-gXoInz7T&l=2022011703550801011300613523550F75&lr=all&mime_type=video_mp4&net=0&pl=0&qs=4&rc=anVseHJvbmdtdTMzZjczM0ApZWc2M2g4PDs6N2g5ZDdkaWdwNDYwcnM0L3BfLS0yMTZzczE1MmBgYDNfYDYuMWM2YTE6Yw%3D%3D&vl=&vr=
video/mp4, bytesbytes 0-1024000/1412515, 1642391761.8909965, 1642391761.8976464, 1642391761.9213223, 1642391763.9077652, v19.tiktokcdn-us.com, e315d0483deec39e9b90d3f5fe13283a, /e315d0483deec39e9b90d3f5fe13283a/61e53d11/video/tos/useast2a/tos-useast2a-ve-0068c003/b2a74e92317c41a98ff396e61f505581/?a=1233&br=1092&bt=546&cd=0%7C0%7C0&ch=0&cr=3&cs=2&cv=1&dr=0&ds=6&er=&ft=c~.Zm4L-gXoInz7T&l=2022011703550801011300613523550F75&lr=all&mime_type=video_mp4&net=0&pl=0&qs=5&rc=MzhxNTo7OmluNTMzNzczM0ApaDNlODRpZzszNzc3NDk2NWdqYzQ1Z2RibzBgLS1kMTZzc2JjMmItYy5fLi9gY2EyM2A6Yw%3D%3D&vl=&vr=
video/mp4, bytesbytes 1024000-1181631/1181632, 1642391767.1885676, 1642391767.1913555, 1642391767.2273922, 1642391767.6382127, v19.tiktokcdn-us.com, 38b2f44c533c871b63bd5a263221cb10, /38b2f44c533c871b63bd5a263221cb10/61e53d0d/video/tos/useast2a/tos-useast2a-pve-0068/353eea5c512a4e96bf4aed8f1a7c9fe9/?a=1233&br=1108&bt=554&cd=0%7C0%7C0&ch=0&cr=3&cs=2&cv=1&dr=0&ds=3&er=&ft=c~.Zm4L-gXoInz7T&l=2022011703550801011300613523550F75&lr=all&mime_type=video_mp4&net=0&pl=0&qs=14&rc=MzZ4bjQ6ZmtoNzMzNzczM0ApODc0NGk0NmVlN2Q7OjczM2c0MGRjcjQwci9gLS1kMTZzcy8tMWFiYS5fMzIyNTUxXy06Yw%3D%3D&vl=&vr=
video/mp4, bytesbytes 1024000-3653699/3653700, 1642391771.6436236, 1642391771.6459866, 1642391771.671818, 1642391776.145544, v19.tiktokcdn-us.com, 6f12f8bfc5e706873f93eb102b05b39e, /6f12f8bfc5e706873f93eb102b05b39e/61e53d2f/video/tos/useast2a/tos-useast2a-ve-0068c001/5bc95ee24c964e9b933f7770c02b2951/?a=1233&br=1136&bt=568&cd=0%7C0%7C0&ch=0&cr=3&cs=2&cv=1&dr=0&ds=6&er=&ft=c~.Zm4L-gXoInz7T&l=2022011703550801011300613523550F75&lr=all&mime_type=video_mp4&net=0&pl=0&qs=5&rc=M2plODQ6ZjllNjMzNzczM0ApNWUzOGQ7NTw4Nzg8ZWU8O2drLmJucjQwLnBgLS1kMTZzczBjNjQvMDZeYS8xNGEvMDA6Yw%3D%3D&vl=&vr=
video/mp4, bytesbytes 1024000-1492686/1492687, 1642391788.8644588, 1642391788.8666315, 1642391788.8977082, 1642391789.787438, v19.tiktokcdn-us.com, d3b455a2cbf40134dc171dfafb7c041b, /d3b455a2cbf40134dc171dfafb7c041b/61e53d14/video/tos/useast2a/tos-useast2a-ve-0068c004/02c11bae6e0c4bbaa3a6e4b386e22249/?a=1233&br=980&bt=490&cd=0%7C0%7C0&ch=0&cr=3&cs=2&cv=1&dr=0&ds=6&er=&ft=c~.Zm4L-gXoInz7T&l=2022011703550801011300613523550F75&lr=all&mime_type=video_mp4&net=0&pl=0&qs=4&rc=amQ1NTN2aDpmNjMzNzczM0ApNmg5OTw2ODtnNzhoO2RlNWc0LmVxZWpmNjBgLS1kMTZzczQyLy8wYjAyLl9jL2JjXjQ6Yw%3D%3D&vl=&vr=
video/mp4, bytesbytes 0-1024000/1093114, 1642391790.1771646, 1642391790.1783357, 1642391790.2115915, 1642391791.485248, v39.tiktokcdn-us.com, 61dbffad86209bcfe150a4c5d74c7439, /61dbffad86209bcfe150a4c5d74c7439/61e53d5e/video/tos/useast2a/tos-useast2a-ve-0068c004/ebeda0edfad943b88c11b94bd99d0786/?a=1233&br=976&bt=488&cd=0%7C0%7C0&ch=0&cr=3&cs=2&cv=1&dr=0&ds=3&er=&ft=c~.Zm4L-gXoInz7T&l=20220117035628010113006233074FB107&lr=all&mime_type=video_mp4&net=0&pl=0&qs=14&rc=amo3a2g6ZnJoNzMzNzczM0ApNGhpNzppNmQ2NzRoNGk0OWcvb2IzcjRfZzBgLS1kMTZzczM1YzIvYWIzYC5iM2AvYDE6Yw%3D%3D&vl=&vr=
video/mp4, bytesbytes 0-1024000/2492421, 1642391791.880567, 1642391791.8821764, 1642391791.9063797, 1642391793.4646556, v39.tiktokcdn-us.com, 69f444a15f50d37c45589c277b3e0896, /69f444a15f50d37c45589c277b3e0896/61e53d74/video/tos/useast2a/tos-useast2a-pve-0068/85f26dad7c324228908ebbb101ade411/?a=1233&br=978&bt=489&cd=0%7C0%7C0&ch=0&cr=3&cs=2&cv=1&dr=0&ds=6&er=&ft=c~.Zm4L-gXoInz7T&l=20220117035628010113006233074FB107&lr=all&mime_type=video_mp4&net=0&pl=0&qs=5&rc=am5zdDw6ZmhqNjMzNzczM0ApOWRnZ2k2NmU0NzRoaGg5O2dtNGtncjRnb2hgLS1kMTZzczQxYF81MjRgM18wNjAxYV86Yw%3D%3D&vl=&vr=
video/mp4, bytesbytes 0-1024000/1130687, 1642391794.1153886, 1642391794.1173298, 1642391794.1425364, 1642391795.4773438, v39.tiktokcdn-us.com, 902eec5f55f80a36c09f340bdb9235a8, /902eec5f55f80a36c09f340bdb9235a8/61e53d5c/video/tos/useast2a/tos-useast2a-ve-0068c004/4dd3485cb1714c11939fbdd0790ecb0f/?a=1233&br=1160&bt=580&cd=0%7C0%7C0&ch=0&cr=3&cs=2&cv=1&dr=0&ds=6&er=&ft=c~.Zm4L-gXoInz7T&l=20220117035628010113006233074FB107&lr=all&mime_type=video_mp4&net=0&pl=0&qs=5&rc=MzlqN214NThwNTMzNzczM0ApNmQ5PGZnO2Q8N2VoN2ZkM2cubjNkcWZyam5gLS1kMTZzc2MyYTY2Yy4yLjYyXzMvMDA6Yw%3D%3D&vl=&vr=
video/mp4, bytesbytes 0-557503/557504, 1642391812.902755, 1642391812.9057233, 1642391812.922541, 1642391813.518388, v39.tiktokcdn-us.com, 7128ccba26bc785e8ac04de643323e1e, /7128ccba26bc785e8ac04de643323e1e/61e53d57/video/tos/useast2a/tos-useast2a-ve-0068c002/3b04e783681a450b960ddb8446dd3c3b/?a=1233&br=814&bt=407&cd=0%7C0%7C0&ch=0&cr=3&cs=2&cv=1&dr=0&ds=6&er=&ft=c~.Zm4L-gXoInz7T&l=20220117035628010113006233074FB107&lr=all&mime_type=video_mp4&net=0&pl=0&qs=4&rc=am53bnBmZ2Z2NDMzNzczM0ApOzU6ZGhlOmQ0Nzk6NmU2ZWduZmtiZy5pNG5gLS1kMTZzc18wMl9fNTAuMF9eMmMvNC06Yw%3D%3D&vl=&vr=
video/mp4, bytesbytes 1024000-1412514/1412515, 1642391819.7850156, 1642391819.7861116, 1642391819.799346, 1642391820.2673523, v19.tiktokcdn-us.com, e315d0483deec39e9b90d3f5fe13283a, /e315d0483deec39e9b90d3f5fe13283a/61e53d11/video/tos/useast2a/tos-useast2a-ve-0068c003/b2a74e92317c41a98ff396e61f505581/?a=1233&br=1092&bt=546&cd=0%7C0%7C0&ch=0&cr=3&cs=2&cv=1&dr=0&ds=6&er=&ft=c~.Zm4L-gXoInz7T&l=2022011703550801011300613523550F75&lr=all&mime_type=video_mp4&net=0&pl=0&qs=5&rc=MzhxNTo7OmluNTMzNzczM0ApaDNlODRpZzszNzc3NDk2NWdqYzQ1Z2RibzBgLS1kMTZzc2JjMmItYy5fLi9gY2EyM2A6Yw%3D%3D&vl=&vr=
video/mp4, bytesbytes 0-1024000/2121440, 1642391820.5671043, 1642391820.5684936, 1642391820.599842, 1642391821.5590374, v39.tiktokcdn-us.com, ea98c755fd25c61e92f47a58d37241b8, /ea98c755fd25c61e92f47a58d37241b8/61e53d62/video/tos/useast2a/tos-useast2a-pve-0068/bce660f83b4044319aeab83ae5a264f6/?a=1233&br=1562&bt=781&cd=0%7C0%7C0&ch=0&cr=3&cs=2&cv=1&dr=0&ds=6&er=&ft=c~.Zm4L-gXoInz7T&l=20220117035628010113006233074FB107&lr=all&mime_type=video_mp4&net=0&pl=0&qs=5&rc=ajtwaW9vZGt5NTMzNzczM0ApMzo0ZTNlNWQ4N2Y4Zjg5Z2djaTZlczNkM2dgLS1kMTZzc2A2MC4wYy9iYTQtMmBjNl46Yw%3D%3D&vl=&vr=
video/mp4, bytesbytes 1024000-1093113/1093114, 1642391828.222254, 1642391828.224308, 1642391828.2449365, 1642391828.311036, v39.tiktokcdn-us.com, 61dbffad86209bcfe150a4c5d74c7439, /61dbffad86209bcfe150a4c5d74c7439/61e53d5e/video/tos/useast2a/tos-useast2a-ve-0068c004/ebeda0edfad943b88c11b94bd99d0786/?a=1233&br=976&bt=488&cd=0%7C0%7C0&ch=0&cr=3&cs=2&cv=1&dr=0&ds=3&er=&ft=c~.Zm4L-gXoInz7T&l=20220117035628010113006233074FB107&lr=all&mime_type=video_mp4&net=0&pl=0&qs=14&rc=amo3a2g6ZnJoNzMzNzczM0ApNGhpNzppNmQ2NzRoNGk0OWcvb2IzcjRfZzBgLS1kMTZzczM1YzIvYWIzYC5iM2AvYDE6Yw%3D%3D&vl=&vr=
video/mp4, bytesbytes 0-573921/573922, 1642391828.4038632, 1642391828.4095821, 1642391828.4244936, 1642391829.2892857, v39.tiktokcdn-us.com, 3dee2ace11505bb5528bf74b9b1e6ce6, /3dee2ace11505bb5528bf74b9b1e6ce6/61e53d58/video/tos/useast5/tos-useast5-ve-0068c004-tx/d967a4df34444b62921fc5ac80467075/?a=1233&br=760&bt=380&cd=0%7C0%7C0&ch=0&cr=3&cs=2&cv=1&dr=0&ds=6&er=&ft=c~.Zm4L-gXoInz7T&l=20220117035628010113006233074FB107&lr=all&mime_type=video_mp4&net=0&pl=0&qs=4&rc=M29saWg6ZjczOjMzZzczNEApNDQ8MzQ1aGQ8N2lmMzQ3NmcyNGBocjRfX2FgLS1kMS9zczI2LTUxYWBeLzAwM2JfYC06Yw%3D%3D&vl=&vr=
video/mp4, bytesbytes 1024000-2492420/2492421, 1642391838.851176, 1642391838.8528981, 1642391838.8684494, 1642391840.1181169, v39.tiktokcdn-us.com, 69f444a15f50d37c45589c277b3e0896, /69f444a15f50d37c45589c277b3e0896/61e53d74/video/tos/useast2a/tos-useast2a-pve-0068/85f26dad7c324228908ebbb101ade411/?a=1233&br=978&bt=489&cd=0%7C0%7C0&ch=0&cr=3&cs=2&cv=1&dr=0&ds=6&er=&ft=c~.Zm4L-gXoInz7T&l=20220117035628010113006233074FB107&lr=all&mime_type=video_mp4&net=0&pl=0&qs=5&rc=am5zdDw6ZmhqNjMzNzczM0ApOWRnZ2k2NmU0NzRoaGg5O2dtNGtncjRnb2hgLS1kMTZzczQxYF81MjRgM18wNjAxYV86Yw%3D%3D&vl=&vr=
video/mp4, bytesbytes 0-1024000/1849898, 1642391840.6883817, 1642391840.6899736, 1642391840.7050455, 1642391841.6322262, v39.tiktokcdn-us.com, b9ab3e3af58360eaa1b3c87fe0ccb8d9, /b9ab3e3af58360eaa1b3c87fe0ccb8d9/61e53d66/video/tos/alisg/tos-alisg-pve-0037c001/0fcd2e46f8c24166a41b1a8f9f5a534e/?a=1233&br=1140&bt=570&cd=0%7C0%7C0&ch=0&cr=3&cs=2&cv=1&dr=0&ds=6&er=&ft=c~.Zm4L-gXoInz7T&l=20220117035628010113006233074FB107&lr=all&mime_type=video_mp4&net=0&pl=0&qs=11&rc=ajY3Njk6ZmU2OTMzODczNEApaDU1ODpnZzxmNzNmZGg4M2dsb25ucjRvM2BgLS1kMS1zczEuMDQxM2M0NS9jMWA0My46Yw%3D%3D&vl=&vr=
video/mp4, bytesbytes 1024000-1130686/1130687, 1642391873.713892, 1642391873.7152915, 1642391873.733588, 1642391873.888896, v39.tiktokcdn-us.com, 902eec5f55f80a36c09f340bdb9235a8, /902eec5f55f80a36c09f340bdb9235a8/61e53d5c/video/tos/useast2a/tos-useast2a-ve-0068c004/4dd3485cb1714c11939fbdd0790ecb0f/?a=1233&br=1160&bt=580&cd=0%7C0%7C0&ch=0&cr=3&cs=2&cv=1&dr=0&ds=6&er=&ft=c~.Zm4L-gXoInz7T&l=20220117035628010113006233074FB107&lr=all&mime_type=video_mp4&net=0&pl=0&qs=5&rc=MzlqN214NThwNTMzNzczM0ApNmQ5PGZnO2Q8N2VoN2ZkM2cubjNkcWZyam5gLS1kMTZzc2MyYTY2Yy4yLjYyXzMvMDA6Yw%3D%3D&vl=&vr=
video/mp4, bytesbytes 0-1024000/1245961, 1642391874.0335686, 1642391874.0398576, 1642391874.0603023, 1642391875.6715903, v39.tiktokcdn-us.com, 72c0d39739e9c64a3b24d768e0ccedf1, /72c0d39739e9c64a3b24d768e0ccedf1/61e53d5b/video/tos/useast5/tos-useast5-ve-0068c004-tx/288c2e7eff49415ba3911a0c11c53285/?a=1233&br=1292&bt=646&cd=0%7C0%7C0&ch=0&cr=3&cs=2&cv=1&dr=0&ds=3&er=&ft=c~.Zm4L-gXoInz7T&l=20220117035628010113006233074FB107&lr=all&mime_type=video_mp4&net=0&pl=0&qs=14&rc=amkzdjo6ZnY6OjMzZzczNEApODloODVnOmU6N2k8NzQ6OGdoXnNtcjRnNTVgLS1kMS9zc2NeMzYvYl8tXy4tM19gXjY6Yw%3D%3D&vl=&vr=
video/mp4, bytesbytes 1024000-2121439/2121440, 1642391876.5789008, 1642391876.5809965, 1642391876.6035035, 1642391878.9716363, v39.tiktokcdn-us.com, ea98c755fd25c61e92f47a58d37241b8, /ea98c755fd25c61e92f47a58d37241b8/61e53d62/video/tos/useast2a/tos-useast2a-pve-0068/bce660f83b4044319aeab83ae5a264f6/?a=1233&br=1562&bt=781&cd=0%7C0%7C0&ch=0&cr=3&cs=2&cv=1&dr=0&ds=6&er=&ft=c~.Zm4L-gXoInz7T&l=20220117035628010113006233074FB107&lr=all&mime_type=video_mp4&net=0&pl=0&qs=5&rc=ajtwaW9vZGt5NTMzNzczM0ApMzo0ZTNlNWQ4N2Y4Zjg5Z2djaTZlczNkM2dgLS1kMTZzc2A2MC4wYy9iYTQtMmBjNl46Yw%3D%3D&vl=&vr=
video/mp4, bytesbytes 0-1024000/1092150, 1642391879.0151546, 1642391879.02621, 1642391879.0448933, 1642391880.194416, v39.tiktokcdn-us.com, d5505f9778230bf64c2f0238844dc60c, /d5505f9778230bf64c2f0238844dc60c/61e53d5c/video/tos/useast2a/tos-useast2a-ve-0068c003/611da05dff2541bba24506d504120187/?a=1233&br=1106&bt=553&cd=0%7C0%7C0&ch=0&cr=3&cs=2&cv=1&dr=0&ds=6&er=&ft=c~.Zm4L-gXoInz7T&l=20220117035628010113006233074FB107&lr=all&mime_type=video_mp4&net=0&pl=0&qs=11&rc=ajo6ZzZyOmt2dDMzNzczM0ApaGc0OzY6N2VlNzM1OTw3aWdfbmYzbDAvYzBfLS1jMTZzc2NjNmA1NS0zLTE0MF80MGI6Yw%3D%3D&vl=&vr=
video/mp4, bytesbytes 0-558138/558139, 1642391880.5526507, 1642391880.5543125, 1642391880.5724237, 1642391881.060169, v39.tiktokcdn-us.com, 47312c5fc5b30d03681f2369f915523a, /47312c5fc5b30d03681f2369f915523a/61e53d55/video/tos/useast2a/tos-useast2a-pve-0068/060bd750fbeb462c8e674263b1a14cc8/?a=1233&br=1054&bt=527&cd=0%7C0%7C0&ch=0&cr=3&cs=2&cv=1&dr=0&ds=3&er=&ft=c~.Zm4L-gXoInz7T&l=20220117035628010113006233074FB107&lr=all&mime_type=video_mp4&net=0&pl=0&qs=14&rc=ajlncnh0bXY7NTMzNzczM0ApPDs8Nzk0ZmVmN2c3M2lkO2deNjU1MjFhZl5gLS1kMTZzcy8uXjMtYTJiX2BjMjIuNjQ6Yw%3D%3D&vl=&vr=
video/mp4, bytesbytes 1024000-1849897/1849898, 1642391891.2256937, 1642391891.2300448, 1642391891.4043412, 1642391893.2546122, v39.tiktokcdn-us.com, b9ab3e3af58360eaa1b3c87fe0ccb8d9, /b9ab3e3af58360eaa1b3c87fe0ccb8d9/61e53d66/video/tos/alisg/tos-alisg-pve-0037c001/0fcd2e46f8c24166a41b1a8f9f5a534e/?a=1233&br=1140&bt=570&cd=0%7C0%7C0&ch=0&cr=3&cs=2&cv=1&dr=0&ds=6&er=&ft=c~.Zm4L-gXoInz7T&l=20220117035628010113006233074FB107&lr=all&mime_type=video_mp4&net=0&pl=0&qs=11&rc=ajY3Njk6ZmU2OTMzODczNEApaDU1ODpnZzxmNzNmZGg4M2dsb25ucjRvM2BgLS1kMS1zczEuMDQxM2M0NS9jMWA0My46Yw%3D%3D&vl=&vr=
video/mp4, bytesbytes 1024000-1245960/1245961, 1642391916.5160992, 1642391916.5181503, 1642391916.5363014, 1642391916.7291896, v39.tiktokcdn-us.com, 72c0d39739e9c64a3b24d768e0ccedf1, /72c0d39739e9c64a3b24d768e0ccedf1/61e53d5b/video/tos/useast5/tos-useast5-ve-0068c004-tx/288c2e7eff49415ba3911a0c11c53285/?a=1233&br=1292&bt=646&cd=0%7C0%7C0&ch=0&cr=3&cs=2&cv=1&dr=0&ds=3&er=&ft=c~.Zm4L-gXoInz7T&l=20220117035628010113006233074FB107&lr=all&mime_type=video_mp4&net=0&pl=0&qs=14&rc=amkzdjo6ZnY6OjMzZzczNEApODloODVnOmU6N2k8NzQ6OGdoXnNtcjRnNTVgLS1kMS9zc2NeMzYvYl8tXy4tM19gXjY6Yw%3D%3D&vl=&vr=
video/mp4, bytesbytes 1024000-1092149/1092150, 1642391931.876388, 1642391931.8808763, 1642391931.9089608, 1642391931.9682019, v39.tiktokcdn-us.com, d5505f9778230bf64c2f0238844dc60c, /d5505f9778230bf64c2f0238844dc60c/61e53d5c/video/tos/useast2a/tos-useast2a-ve-0068c003/611da05dff2541bba24506d504120187/?a=1233&br=1106&bt=553&cd=0%7C0%7C0&ch=0&cr=3&cs=2&cv=1&dr=0&ds=6&er=&ft=c~.Zm4L-gXoInz7T&l=20220117035628010113006233074FB107&lr=all&mime_type=video_mp4&net=0&pl=0&qs=11&rc=ajo6ZzZyOmt2dDMzNzczM0ApaGc0OzY6N2VlNzM1OTw3aWdfbmYzbDAvYzBfLS1jMTZzc2NjNmA1NS0zLTE0MF80MGI6Yw%3D%3D&vl=&vr=
video/mp4, bytesbytes 0-572369/572370, 1642391932.0665023, 1642391932.068639, 1642391932.080434, 1642391932.7644908, v19.tiktokcdn-us.com, d9c46e5814159b4e9f2b9379f40a8d5c, /d9c46e5814159b4e9f2b9379f40a8d5c/61e53dd3/video/tos/useast2a/tos-useast2a-ve-0068c002/9a2794aa230541308cc5eca4e5bafa23/?a=1233&br=1170&bt=585&cd=0%7C0%7C0&ch=0&cr=3&cs=2&cv=1&dr=0&ds=3&er=&ft=c~.Zm4L-gXoInz7T&l=2022011703583601011313519311562259&lr=all&mime_type=video_mp4&net=0&pl=0&qs=14&rc=M3kzcms1NHd0NDMzOjczM0ApZGc7OjU6PGQ3Nzg4aTozZGc1a3NhbGowbDJgLS02MTZzcy82YjItMV9iLV8vYjEwNF86Yw%3D%3D&vl=&vr=
video/mp4, bytesbytes 0-785126/785127, 1642391933.029916, 1642391933.030813, 1642391933.0406735, 1642391933.7984643, v19.tiktokcdn-us.com, e7762749a48cd4239c61cfc2bd8a2621, /e7762749a48cd4239c61cfc2bd8a2621/61e53dda/video/tos/useast2a/tos-useast2a-ve-0068c002/6a64302591914e788873b4fa55cd0878/?a=1233&br=820&bt=410&cd=0%7C0%7C0&ch=0&cr=3&cs=2&cv=1&dr=0&ds=6&er=&ft=c~.Zm4L-gXoInz7T&l=2022011703583601011313519311562259&lr=all&mime_type=video_mp4&net=0&pl=0&qs=5&rc=ajhkeTtyNjM1NDMzNzczM0ApN2c3ODU4NmRnN2Y7ZWQ1OmcvamRjNGE2LmtgLS1kMTZzc2NiX2BiNi8uNTVeYzAtXjI6Yw%3D%3D&vl=&vr=
video/mp4, bytesbytes 0-1024000/1417688, 1642391934.2317002, 1642391934.23337, 1642391934.247065, 1642391935.5926526, v19.tiktokcdn-us.com, e89dd269e3a91246fe5fcf4406208e0f, /e89dd269e3a91246fe5fcf4406208e0f/61e53de0/video/tos/useast2a/tos-useast2a-ve-0068c003/ea7de911776840ddb16332a908d46e62/?a=1233&br=1060&bt=530&cd=0%7C0%7C0&ch=0&cr=3&cs=2&cv=1&dr=0&ds=6&er=&ft=c~.Zm4L-gXoInz7T&l=2022011703583601011313519311562259&lr=all&mime_type=video_mp4&net=0&pl=0&qs=5&rc=anZ0aGhoNG0zNTMzNzczM0ApNDRoOmc0ZGVpNzdnM2QzOWcvbGZhM3BoLm5gLS1kMTZzcy1fYDBeNS00NF8yYjZgYWE6Yw%3D%3D&vl=&vr=
video/mp4, bytesbytes 0-444670/444671, 1642391936.0973458, 1642391936.0990238, 1642391936.2002163, 1642391936.633954, v19.tiktokcdn-us.com, 17c363a51eeffe6d1fc35006f96af307, /17c363a51eeffe6d1fc35006f96af307/61e53dd3/video/tos/alisg/tos-alisg-pve-0037c001/483cae1dd53b40d999040db9dcbd2da8/?a=1233&br=864&bt=432&cd=0%7C0%7C0&ch=0&cr=3&cs=2&cv=1&dr=0&ds=6&er=&ft=c~.Zm4L-gXoInz7T&l=2022011703583601011313519311562259&lr=all&mime_type=video_mp4&net=0&pl=0&qs=4&rc=MzQzPHNnNjg8NDMzNTczM0ApZzo7OTg8OWVnN2dkM2Y6OmdnYW5ibTJwcjZgLS0xMTRzc2I0NWBfLmIwXi0vLTMxYTE6Yw%3D%3D&vl=&vr=
video/mp4, bytesbytes 0-621511/621512, 1642391936.8244307, 1642391936.8260715, 1642391936.8426218, 1642391937.3961594, v19.tiktokcdn-us.com, f565bc01eb7671b2a0d8b2d96d5e6c5b, /f565bc01eb7671b2a0d8b2d96d5e6c5b/61e53dda/video/tos/useast2a/tos-useast2a-ve-0068c003/8a331142577249c1871010195fd4a5f3/?a=1233&br=682&bt=341&cd=0%7C0%7C0&ch=0&cr=3&cs=2&cv=1&dr=0&ds=6&er=&ft=c~.Zm4L-gXoInz7T&l=2022011703583601011313519311562259&lr=all&mime_type=video_mp4&net=0&pl=0&qs=4&rc=MzRoaGV1czhxMzMzZzczM0ApMzZnPDZpNmRmN2RlZ2RkOGcvZDQxcDU1ZW5gLS1eMTZzczNgNGBhYl5jYzMyMzJgNDM6Yw%3D%3D&vl=&vr=
video/mp4, bytesbytes 0-599629/599630, 1642391937.7660432, 1642391937.768634, 1642391937.7808244, 1642391938.3933096, v19.tiktokcdn-us.com, e1503ac5a6d25db6e24619e8aa8f7a1c, /e1503ac5a6d25db6e24619e8aa8f7a1c/61e53dd3/video/tos/useast2a/tos-useast2a-ve-0068c004/53037072e7ea46719f71503983e53896/?a=1233&br=1180&bt=590&cd=0%7C0%7C0&ch=0&cr=3&cs=2&cv=1&dr=0&ds=3&er=&ft=c~.Zm4L-gXoInz7T&l=2022011703583601011313519311562259&lr=all&mime_type=video_mp4&net=0&pl=0&qs=14&rc=M2dvcmg6ZmZtOTMzNzczM0ApNWg6aWY2aGU8NzdpOWc7OWdsaGEucjRvZV9gLS1kMTZzc15hLjIzXmIxNWNeYjUwYGA6Yw%3D%3D&vl=&vr=
video/mp4, bytesbytes 1024000-1417687/1417688, 1642391938.9939146, 1642391938.9956942, 1642391939.014483, 1642391939.4953165, v19.tiktokcdn-us.com, e89dd269e3a91246fe5fcf4406208e0f, /e89dd269e3a91246fe5fcf4406208e0f/61e53de0/video/tos/useast2a/tos-useast2a-ve-0068c003/ea7de911776840ddb16332a908d46e62/?a=1233&br=1060&bt=530&cd=0%7C0%7C0&ch=0&cr=3&cs=2&cv=1&dr=0&ds=6&er=&ft=c~.Zm4L-gXoInz7T&l=2022011703583601011313519311562259&lr=all&mime_type=video_mp4&net=0&pl=0&qs=5&rc=anZ0aGhoNG0zNTMzNzczM0ApNDRoOmc0ZGVpNzdnM2QzOWcvbGZhM3BoLm5gLS1kMTZzcy1fYDBeNS00NF8yYjZgYWE6Yw%3D%3D&vl=&vr=
video/mp4, bytesbytes 0-473870/473871, 1642391939.7028062, 1642391939.705203, 1642391939.7168992, 1642391940.1347702, v19.tiktokcdn-us.com, 4770e326cfa297eb28e749e3dfb17943, /4770e326cfa297eb28e749e3dfb17943/61e53dd0/video/tos/useast2a/tos-useast2a-ve-0068c004/e99cb9d5a11d4ac7a496622b02f8a9ad/?a=1233&br=1476&bt=738&cd=0%7C0%7C0&ch=0&cr=3&cs=0&dr=0&ds=2&er=&ft=c~.Zm4L-gXoInz7T&l=2022011703583601011313519311562259&lr=all&mime_type=video_mp4&net=0&pl=0&qs=0&rc=MzN1NmdkcnU2NTMzNzczM0ApNjk0Z2c7Zzs4NzRmMzYzM2dwYmtrai5laXFgLS1kMTZzc2BiNV4zNTEyNjQ0XmEzMS86Yw%3D%3D&vl=&vr=
video/mp4, bytesbytes 0-1024000/1115179, 1642391940.3767004, 1642391940.3786423, 1642391940.3914652, 1642391941.2890153, v19.tiktokcdn-us.com, 904d67839f027b79346581e4e28b1e84, /904d67839f027b79346581e4e28b1e84/61e53ddc/video/tos/useast2a/tos-useast2a-pve-0068/b7bce4a37804449f9d2183c5933ac52d/?a=1233&br=1022&bt=511&cd=0%7C0%7C0&ch=0&cr=3&cs=2&cv=1&dr=0&ds=6&er=&ft=c~.Zm4L-gXoInz7T&l=2022011703583601011313519311562259&lr=all&mime_type=video_mp4&net=0&pl=0&qs=5&rc=M2k6OHV0cm5yNjMzNzczM0ApOTU1N2lpNjtmNzo2NTc4aWdtcC01azE1bzZgLS1kMTZzc2I0LTI0YjI1LmA0Ni4xYS86Yw%3D%3D&vl=&vr=
video/mp4, bytesbytes 0-533647/533648, 1642391948.3623896, 1642391948.3686955, 1642391948.3869507, 1642391948.8798816, v19.tiktokcdn-us.com, bc82d078069cbccbd0756d525402be5c, /bc82d078069cbccbd0756d525402be5c/61e53dd5/video/tos/useast2a/tos-useast2a-ve-0068c002/3de104e8920c42b783312742acf07bdb/?a=1233&br=872&bt=436&cd=0%7C0%7C0&ch=0&cr=3&cs=2&cv=1&dr=0&ds=6&er=&ft=c~.Zm4L-gXoInz7T&l=2022011703583601011313519311562259&lr=all&mime_type=video_mp4&net=0&pl=0&qs=4&rc=am52Zzs6ZndrNzMzNzczM0ApOGk2ZWU4Zzs1N2RoOmVpZ2dnZGk1cjQwXmxgLS1kMTZzczRgMWAyYmBeY2BhMWIxLl46Yw%3D%3D&vl=&vr=
video/mp4, bytesbytes 0-1024000/1492445, 1642391951.128312, 1642391951.1341023, 1642391951.1540797, 1642391952.1754496, v19.tiktokcdn-us.com, c710bb1e984570131d716802b774c516, /c710bb1e984570131d716802b774c516/61e53ddf/video/tos/useast2a/tos-useast2a-ve-0068c001/c5de9ff6392249969411ec47d9e78136/?a=1233&br=1208&bt=604&cd=0%7C0%7C0&ch=0&cr=3&cs=2&cv=1&dr=0&ds=6&er=&ft=c~.Zm4L-gXoInz7T&l=2022011703583601011313519311562259&lr=all&mime_type=video_mp4&net=0&pl=0&qs=4&rc=ampneXc6ZTR3NTMzNzczM0ApPDo7OjtpZzs6N2Y8ZWdmZGdzLWgwNmMtNGNgLS1kMTZzc2M0NTU2MDUyYDExXmE2Y146Yw%3D%3D&vl=&vr=
video/mp4, bytesbytes 1024000-1115178/1115179, 1642391958.8751905, 1642391958.876972, 1642391958.8878086, 1642391958.971735, v19.tiktokcdn-us.com, 904d67839f027b79346581e4e28b1e84, /904d67839f027b79346581e4e28b1e84/61e53ddc/video/tos/useast2a/tos-useast2a-pve-0068/b7bce4a37804449f9d2183c5933ac52d/?a=1233&br=1022&bt=511&cd=0%7C0%7C0&ch=0&cr=3&cs=2&cv=1&dr=0&ds=6&er=&ft=c~.Zm4L-gXoInz7T&l=2022011703583601011313519311562259&lr=all&mime_type=video_mp4&net=0&pl=0&qs=5&rc=M2k6OHV0cm5yNjMzNzczM0ApOTU1N2lpNjtmNzo2NTc4aWdtcC01azE1bzZgLS1kMTZzc2I0LTI0YjI1LmA0Ni4xYS86Yw%3D%3D&vl=&vr=
video/mp4, bytesbytes 0-265347/265348, 1642391964.2575505, 1642391964.2586706, 1642391964.2969818, 1642391964.6018348, v39.tiktokcdn-us.com, f84759a546d63d2cd622f34ff14be203, /f84759a546d63d2cd622f34ff14be203/61e53dff/video/tos/alisg/tos-alisg-pve-0037c001/88d0a2f0d8fd40f699e281a9c3b021f0/?a=1233&br=482&bt=241&cd=0%7C0%7C0&ch=0&cr=3&cs=2&cv=1&dr=0&ds=6&er=&ft=c~.Zm4L-gXoInz7T&l=2022011703591801011300611823582164&lr=all&mime_type=video_mp4&net=0&pl=0&qs=11&rc=ajdzOXE6bDNyMzMzODczM0ApNTk1aTU8OGRoNzdoM2Y5aWdgMzExMm9rcDRgLS0yMTRzcy0zMTEyXmAvYi81MzAxLWI6Yw%3D%3D&vl=&vr=
video/mp4, bytesbytes 0-1024000/1696741, 1642391964.7268589, 1642391964.728307, 1642391964.7469094, 1642391965.6571372, v39.tiktokcdn-us.com, db3797b67cf569ec8cc9b070d157b3af, /db3797b67cf569ec8cc9b070d157b3af/61e53e0a/video/tos/useast2a/tos-useast2a-ve-0068c003/f348836467bc49eaa857075d7c4a121e/?a=1233&br=1382&bt=691&cd=0%7C0%7C0&ch=0&cr=3&cs=2&cv=1&dr=0&ds=6&er=&ft=c~.Zm4L-gXoInz7T&l=2022011703591801011300611823582164&lr=all&mime_type=video_mp4&net=0&pl=0&qs=5&rc=anhwMzw6ZnRqNzMzNzczM0ApZmRlNzpnaGQ0NzloO2k6OWctZ2sycjQwLWpgLS1kMTZzczZeMzE0YWAzLTMuXi8xYWM6Yw%3D%3D&vl=&vr=
video/mp4, bytesbytes 0-1024000/3512906, 1642391966.078274, 1642391966.079283, 1642391966.1008387, 1642391967.072394, v39.tiktokcdn-us.com, e73121f76271c05d460fe6df165c934d, /e73121f76271c05d460fe6df165c934d/61e53e1f/video/tos/useast5/tos-useast5-ve-0068c001-tx/38bf562383a74abdb674e88e1fafda47/?a=1233&br=1342&bt=671&cd=0%7C0%7C0&ch=0&cr=3&cs=2&cv=1&dr=0&ds=6&er=&ft=c~.Zm4L-gXoInz7T&l=2022011703591801011300611823582164&lr=all&mime_type=video_mp4&net=0&pl=0&qs=11&rc=M3JsZGQ6Zjg5OjMzZzczNEApaDpoNTRlNzszNzU4OGg0OGdxY3BocjRfZTBgLS1kMS9zc18xMjItMTMtNjRgXzMwX2I6Yw%3D%3D&vl=&vr=
video/mp4, bytesbytes 0-633979/633980, 1642391967.5123835, 1642391967.5136583, 1642391967.5280273, 1642391968.1328177, v39.tiktokcdn-us.com, 4d363c26697ab6125f3fe406fb4e0459, /4d363c26697ab6125f3fe406fb4e0459/61e53e07/video/tos/useast5/tos-useast5-pve-0068-tx/f62e02f024c540c89a00998f535a6845/?a=1233&br=582&bt=291&cd=0%7C0%7C0&ch=0&cr=3&cs=2&cv=1&dr=0&ds=3&er=&ft=c~.Zm4L-gXoInz7T&l=2022011703591801011300611823582164&lr=all&mime_type=video_mp4&net=0&pl=0&qs=14&rc=anhtOmY6Zmo6OjMzZzczNEApOjM6NDc4aWRkNzVlODRpOWdybmZucjRfbTZgLS1kMS9zcy4vYmFhMV5jMzZeNjY1XjY6Yw%3D%3D&vl=&vr=
video/mp4, bytesbytes 1024000-1492444/1492445, 1642391974.171411, 1642391974.1811006, 1642391974.1970072, 1642391974.6964855, v19.tiktokcdn-us.com, c710bb1e984570131d716802b774c516, /c710bb1e984570131d716802b774c516/61e53ddf/video/tos/useast2a/tos-useast2a-ve-0068c001/c5de9ff6392249969411ec47d9e78136/?a=1233&br=1208&bt=604&cd=0%7C0%7C0&ch=0&cr=3&cs=2&cv=1&dr=0&ds=6&er=&ft=c~.Zm4L-gXoInz7T&l=2022011703583601011313519311562259&lr=all&mime_type=video_mp4&net=0&pl=0&qs=4&rc=ampneXc6ZTR3NTMzNzczM0ApPDo7OjtpZzs6N2Y8ZWdmZGdzLWgwNmMtNGNgLS1kMTZzc2M0NTU2MDUyYDExXmE2Y146Yw%3D%3D&vl=&vr=
video/mp4, bytesbytes 0-1024000/1086827, 1642391974.906457, 1642391974.907833, 1642391974.925484, 1642391975.8280787, v39.tiktokcdn-us.com, e918e0d1d66a3c223c02c7f18102e9bc, /e918e0d1d66a3c223c02c7f18102e9bc/61e53e07/video/tos/useast2a/tos-useast2a-ve-0068c001/295b332c110d4d928a200669b9671d6c/?a=1233&br=1022&bt=511&cd=0%7C0%7C0&ch=0&cr=3&cs=2&cv=1&dr=0&ds=6&er=&ft=c~.Zm4L-gXoInz7T&l=2022011703591801011300611823582164&lr=all&mime_type=video_mp4&net=0&pl=0&qs=4&rc=anA2NDg6Zmt2NzMzNzczM0ApPGc1Omg2ZWU3N2hmMzc4OWdhMXI2cjRfZy9gLS1kMTZzcy1eX14zLTUzYGNeYi9fNjE6Yw%3D%3D&vl=&vr=
video/mp4, bytesbytes 1024000-1696740/1696741, 1642391994.449602, 1642391994.4527907, 1642391994.4705665, 1642391995.1243625, v39.tiktokcdn-us.com, db3797b67cf569ec8cc9b070d157b3af, /db3797b67cf569ec8cc9b070d157b3af/61e53e0a/video/tos/useast2a/tos-useast2a-ve-0068c003/f348836467bc49eaa857075d7c4a121e/?a=1233&br=1382&bt=691&cd=0%7C0%7C0&ch=0&cr=3&cs=2&cv=1&dr=0&ds=6&er=&ft=c~.Zm4L-gXoInz7T&l=2022011703591801011300611823582164&lr=all&mime_type=video_mp4&net=0&pl=0&qs=5&rc=anhwMzw6ZnRqNzMzNzczM0ApZmRlNzpnaGQ0NzloO2k6OWctZ2sycjQwLWpgLS1kMTZzczZeMzE0YWAzLTMuXi8xYWM6Yw%3D%3D&vl=&vr=
video/mp4, bytesbytes 0-517792/517793, 1642391995.4666493, 1642391995.4688697, 1642391995.4865963, 1642391995.9552436, v39.tiktokcdn-us.com, 2f15eff4c07fd03f26c400a69edd3194, /2f15eff4c07fd03f26c400a69edd3194/61e53dff/video/tos/useast2a/tos-useast2a-ve-0068c004/61ddc728cfd74da9806df42f9f1aa3a3/?a=1233&br=926&bt=463&cd=0%7C0%7C0&ch=0&cr=3&cs=2&cv=1&dr=0&ds=6&er=&ft=c~.Zm4L-gXoInz7T&l=2022011703591801011300611823582164&lr=all&mime_type=video_mp4&net=0&pl=0&qs=5&rc=amRzOzp5aHRneDMzPDczM0ApNzVmaTk2N2RoNzc7ZDQ3aWdyaGs0YWpnLWRfLS0zMTZzczJjNDMwXy1hYzVjYmA1Nl46Yw%3D%3D&vl=&vr=
video/mp4, bytesbytes 0-1024000/1218626, 1642391996.1917458, 1642391996.193417, 1642391996.215689, 1642391997.1955225, v39.tiktokcdn-us.com, 50f02db68f5d2af453da9488421a074d, /50f02db68f5d2af453da9488421a074d/61e53e06/video/tos/useast2a/tos-useast2a-ve-0068c003/747444f35516410996c8d053f099c6cf/?a=1233&br=1246&bt=623&cd=0%7C0%7C0&ch=0&cr=3&cs=2&cv=1&dr=0&ds=6&er=&ft=c~.Zm4L-gXoInz7T&l=2022011703591801011300611823582164&lr=all&mime_type=video_mp4&net=0&pl=0&qs=4&rc=ajZ5OTtzbGo5NDMzNzczM0ApOmRmNzc0ZDs4NzszZ2RpZ2dqXjFga3NvY2tgLS1kMTZzczQzLTZjMV8uYS4wLmFgXjA6Yw%3D%3D&vl=&vr=
video/mp4, bytesbytes 1024000-3512905/3512906, 1642392008.7793732, 1642392008.7827783, 1642392008.8028245, 1642392011.1834416, v39.tiktokcdn-us.com, e73121f76271c05d460fe6df165c934d, /e73121f76271c05d460fe6df165c934d/61e53e1f/video/tos/useast5/tos-useast5-ve-0068c001-tx/38bf562383a74abdb674e88e1fafda47/?a=1233&br=1342&bt=671&cd=0%7C0%7C0&ch=0&cr=3&cs=2&cv=1&dr=0&ds=6&er=&ft=c~.Zm4L-gXoInz7T&l=2022011703591801011300611823582164&lr=all&mime_type=video_mp4&net=0&pl=0&qs=11&rc=M3JsZGQ6Zjg5OjMzZzczNEApaDpoNTRlNzszNzU4OGg0OGdxY3BocjRfZTBgLS1kMS9zc18xMjItMTMtNjRgXzMwX2I6Yw%3D%3D&vl=&vr=
video/mp4, bytesbytes 0-693192/693193, 1642392011.420708, 1642392011.4309354, 1642392011.4854264, 1642392012.5815601, v39.tiktokcdn-us.com, f5414bbbb76113409fafc9f7a8cd416c, /f5414bbbb76113409fafc9f7a8cd416c/61e53dff/video/tos/useast2a/tos-useast2a-ve-0068c004/a9eb81410a7f48f794f98e82aae77edb/?a=1233&br=1254&bt=627&cd=0%7C0%7C0&ch=0&cr=3&cs=2&cv=1&dr=0&ds=6&er=&ft=c~.Zm4L-gXoInz7T&l=2022011703591801011300611823582164&lr=all&mime_type=video_mp4&net=0&pl=0&qs=5&rc=M3V0ZDxmOjtuNDMzMzczM0ApOmdmZGg3OGQ3N2VnZzQ5NWduZGVtNmVzMWRgLS02MTZzc2EyLi4xYmEuMzU1YzFeNWI6Yw%3D%3D&vl=&vr=
video/mp4, bytesbytes 0-1024000/1341214, 1642392012.9861798, 1642392012.992801, 1642392013.0563982, 1642392014.1138253, v39.tiktokcdn-us.com, 3c338a5a7e6d53deca285934417a7eca, /3c338a5a7e6d53deca285934417a7eca/61e53e06/video/tos/useast2a/tos-useast2a-ve-0068c002/9e8ed43555484c4b83d5257edb9435d0/?a=1233&br=1346&bt=673&cd=0%7C0%7C0&ch=0&cr=3&cs=2&cv=1&dr=0&ds=6&er=&ft=c~.Zm4L-gXoInz7T&l=2022011703591801011300611823582164&lr=all&mime_type=video_mp4&net=0&pl=0&qs=11&rc=ajVyZzt5dGlreDMzZTczM0ApZzw0Ozk2OmQ0NzVoOWRnZmcuZWYxL3BuaDRfLS0wMTZzc2IyMC1jNF40XjY2LTAwLzQ6Yw%3D%3D&vl=&vr=
video/mp4, bytesbytes 1024000-1086826/1086827, 1642392028.5422497, 1642392028.5434809, 1642392028.5613103, 1642392028.6191556, v39.tiktokcdn-us.com, e918e0d1d66a3c223c02c7f18102e9bc, /e918e0d1d66a3c223c02c7f18102e9bc/61e53e07/video/tos/useast2a/tos-useast2a-ve-0068c001/295b332c110d4d928a200669b9671d6c/?a=1233&br=1022&bt=511&cd=0%7C0%7C0&ch=0&cr=3&cs=2&cv=1&dr=0&ds=6&er=&ft=c~.Zm4L-gXoInz7T&l=2022011703591801011300611823582164&lr=all&mime_type=video_mp4&net=0&pl=0&qs=4&rc=anA2NDg6Zmt2NzMzNzczM0ApPGc1Omg2ZWU3N2hmMzc4OWdhMXI2cjRfZy9gLS1kMTZzcy1eX14zLTUzYGNeYi9fNjE6Yw%3D%3D&vl=&vr=
video/mp4, bytesbytes 0-1024000/1468106, 1642392028.7441552, 1642392028.7458694, 1642392028.7652676, 1642392029.752283, v39.tiktokcdn-us.com, 0ec9964d613b334cbeeb05ea20ec3909, /0ec9964d613b334cbeeb05ea20ec3909/61e53e05/video/tos/useast2a/tos-useast2a-ve-0068c001/b21486bb7d81477baabd50d3c947dcf1/?a=1233&br=1530&bt=765&cd=0%7C0%7C0&ch=0&cr=3&cs=2&cv=1&dr=0&ds=6&er=&ft=c~.Zm4L-gXoInz7T&l=2022011703591801011300611823582164&lr=all&mime_type=video_mp4&net=0&pl=0&qs=5&rc=ajRwZTw7bGR2NjMzNzczM0ApaWhnOWZlO2U7N2ZoZDg5M2dvNmFvMXBvYGRgLS1kMTZzcy8xNmJfXzItNC42Yy5gXzQ6Yw%3D%3D&vl=&vr=
video/mp4, bytesbytes 1024000-1218625/1218626, 1642392036.0717325, 1642392036.073939, 1642392036.0947785, 1642392036.3203213, v39.tiktokcdn-us.com, 50f02db68f5d2af453da9488421a074d, /50f02db68f5d2af453da9488421a074d/61e53e06/video/tos/useast2a/tos-useast2a-ve-0068c003/747444f35516410996c8d053f099c6cf/?a=1233&br=1246&bt=623&cd=0%7C0%7C0&ch=0&cr=3&cs=2&cv=1&dr=0&ds=6&er=&ft=c~.Zm4L-gXoInz7T&l=2022011703591801011300611823582164&lr=all&mime_type=video_mp4&net=0&pl=0&qs=4&rc=ajZ5OTtzbGo5NDMzNzczM0ApOmRmNzc0ZDs4NzszZ2RpZ2dqXjFga3NvY2tgLS1kMTZzczQzLTZjMV8uYS4wLmFgXjA6Yw%3D%3D&vl=&vr=
video/mp4, bytesbytes 1024000-1341213/1341214, 1642392053.3249319, 1642392053.3267424, 1642392053.342962, 1642392053.6795816, v39.tiktokcdn-us.com, 3c338a5a7e6d53deca285934417a7eca, /3c338a5a7e6d53deca285934417a7eca/61e53e06/video/tos/useast2a/tos-useast2a-ve-0068c002/9e8ed43555484c4b83d5257edb9435d0/?a=1233&br=1346&bt=673&cd=0%7C0%7C0&ch=0&cr=3&cs=2&cv=1&dr=0&ds=6&er=&ft=c~.Zm4L-gXoInz7T&l=2022011703591801011300611823582164&lr=all&mime_type=video_mp4&net=0&pl=0&qs=11&rc=ajVyZzt5dGlreDMzZTczM0ApZzw0Ozk2OmQ0NzVoOWRnZmcuZWYxL3BuaDRfLS0wMTZzc2IyMC1jNF40XjY2LTAwLzQ6Yw%3D%3D&vl=&vr=
video/mp4, bytesbytes 0-1024000/1385717, 1642392053.849112, 1642392053.8506577, 1642392053.8640296, 1642392055.0230162, v19.tiktokcdn-us.com, b452f1e9313d4582f925f6439965f82b, /b452f1e9313d4582f925f6439965f82b/61e53e67/video/tos/useast2a/tos-useast2a-pve-0068/a27f7933c7584a20ab3fd6eb8b24a7cc/?a=1233&br=1110&bt=555&cd=0%7C0%7C0&ch=0&cr=3&cs=2&cv=1&dr=0&ds=6&er=&ft=c~.Zm4L-gXoInz7T&l=20220117040051010113006244144CCB2A&lr=all&mime_type=video_mp4&net=0&pl=0&qs=11&rc=anU4aW94PDRpeDMzZzczM0ApZ2U2ZTU7ZDw5NzNoZDg5NGcyZmYtY2Znc2VfLS1jMTZzc2MxMmJeL2BeMzM2XmIvMTQ6Yw%3D%3D&vl=&vr=
video/mp4, bytesbytes 0-980941/980942, 1642392055.4770296, 1642392055.4792354, 1642392055.4943724, 1642392056.4016192, v19.tiktokcdn-us.com, 1dcadc2fb9f661922dd25e452d7c70c1, /1dcadc2fb9f661922dd25e452d7c70c1/61e53e66/video/tos/useast2a/tos-useast2a-ve-0068c003/e03dc43dab0a4436b4e65c3f1e1c5f17/?a=1233&br=814&bt=407&cd=0%7C0%7C0&ch=0&cr=3&cs=2&cv=1&dr=0&ds=6&er=&ft=c~.Zm4L-gXoInz7T&l=20220117040051010113006244144CCB2A&lr=all&mime_type=video_mp4&net=0&pl=0&qs=5&rc=amxzNWg6Zm1pNzMzNzczM0ApMzs1aWZlOTw4NzM4OzdkNWc0M2YzcjQwaWxgLS1kMTZzcy1eNDFfNV41NDJeMi1eYjI6Yw%3D%3D&vl=&vr=
video/mp4, bytesbytes 0-419481/419482, 1642392056.8757315, 1642392056.877642, 1642392056.8971462, 1642392057.2826753, v19.tiktokcdn-us.com, 9dc04ca03cae648b44226fb68b98f162, /9dc04ca03cae648b44226fb68b98f162/61e53e5a/video/tos/useast2a/tos-useast2a-pve-0068/46543e7d809d430f8c7b431197bb09bf/?a=1233&br=916&bt=458&cd=0%7C0%7C0&ch=0&cr=3&cs=2&cv=1&dr=0&ds=6&er=&ft=c~.Zm4L-gXoInz7T&l=20220117040051010113006244144CCB2A&lr=all&mime_type=video_mp4&net=0&pl=0&qs=4&rc=ajc1ZWQ6Zml1NjMzNzczM0ApNDs7OWhnaDtoNzlkOTk4aWdnai1lcjRfcWpgLS1kMTZzc2M0YGBiYF8tYmA2Y2EuL2M6Yw%3D%3D&vl=&vr=
video/mp4, bytesbytes 0-716769/716770, 1642392057.5000455, 1642392057.50185, 1642392057.5130005, 1642392058.1609547, v19.tiktokcdn-us.com, 5f4332f3d5a06ce31ab949c8cfeac92a, /5f4332f3d5a06ce31ab949c8cfeac92a/61e53e5e/video/tos/useast2a/tos-useast2a-ve-0068c004/8ef5572352a949ec98150aec8025dd70/?a=1233&br=1038&bt=519&cd=0%7C0%7C0&ch=0&cr=3&cs=2&cv=1&dr=0&ds=6&er=&ft=c~.Zm4L-gXoInz7T&l=20220117040051010113006244144CCB2A&lr=all&mime_type=video_mp4&net=0&pl=0&qs=11&rc=M3Fxczs6Zmc1NzMzNzczM0ApOWdkPDllaDtlNzs0aDdmNmdvNV4vcjRncjFgLS1kMTZzczFiXzQzNjU0NV9fLWBfXl86Yw%3D%3D&vl=&vr=
video/mp4, bytesbytes 1024000-1468105/1468106, 1642392061.312015, 1642392061.312968, 1642392061.3265617, 1642392061.7598364, v39.tiktokcdn-us.com, 0ec9964d613b334cbeeb05ea20ec3909, /0ec9964d613b334cbeeb05ea20ec3909/61e53e05/video/tos/useast2a/tos-useast2a-ve-0068c001/b21486bb7d81477baabd50d3c947dcf1/?a=1233&br=1530&bt=765&cd=0%7C0%7C0&ch=0&cr=3&cs=2&cv=1&dr=0&ds=6&er=&ft=c~.Zm4L-gXoInz7T&l=2022011703591801011300611823582164&lr=all&mime_type=video_mp4&net=0&pl=0&qs=5&rc=ajRwZTw7bGR2NjMzNzczM0ApaWhnOWZlO2U7N2ZoZDg5M2dvNmFvMXBvYGRgLS1kMTZzcy8xNmJfXzItNC42Yy5gXzQ6Yw%3D%3D&vl=&vr=
video/mp4, bytesbytes 0-418386/418387, 1642392062.0278962, 1642392062.0295177, 1642392062.0437057, 1642392062.43049, v19.tiktokcdn-us.com, 23f634759c3ce55a9c6fcae6be455563, /23f634759c3ce55a9c6fcae6be455563/61e53e5b/video/tos/maliva/tos-maliva-ve-0068c799-us/76d2b8ec07e045ac97babd32e7849b66/?a=1233&br=856&bt=428&cd=0%7C0%7C0&ch=0&cr=3&cs=2&cv=1&dr=0&ds=3&er=&ft=c~.Zm4L-gXoInz7T&l=20220117040051010113006244144CCB2A&lr=all&mime_type=video_mp4&net=0&pl=0&qs=14&rc=anY1dmk6Zmk2OTMzZzczNEApNTM7PDplZDs3N2k3NTQ0NGdtbl8ycjQwNTFgLS1kMS9zcy1iMTNhMjVgXzFhX2MvNWI6Yw%3D%3D&vl=&vr=
video/mp4, bytesbytes 1024000-1385716/1385717, 1642392064.7952032, 1642392064.797715, 1642392064.8224018, 1642392065.2355754, v19.tiktokcdn-us.com, b452f1e9313d4582f925f6439965f82b, /b452f1e9313d4582f925f6439965f82b/61e53e67/video/tos/useast2a/tos-useast2a-pve-0068/a27f7933c7584a20ab3fd6eb8b24a7cc/?a=1233&br=1110&bt=555&cd=0%7C0%7C0&ch=0&cr=3&cs=2&cv=1&dr=0&ds=6&er=&ft=c~.Zm4L-gXoInz7T&l=20220117040051010113006244144CCB2A&lr=all&mime_type=video_mp4&net=0&pl=0&qs=11&rc=anU4aW94PDRpeDMzZzczM0ApZ2U2ZTU7ZDw5NzNoZDg5NGcyZmYtY2Znc2VfLS1jMTZzc2MxMmJeL2BeMzM2XmIvMTQ6Yw%3D%3D&vl=&vr=
video/mp4, bytesbytes 0-1024000/1589872, 1642392065.4314792, 1642392065.433028, 1642392065.4631064, 1642392066.5553584, v19.tiktokcdn-us.com, e9558982c1a4e0960c3ddf3d98043f71, /e9558982c1a4e0960c3ddf3d98043f71/61e53e60/video/tos/useast2a/tos-useast2a-ve-0068c003/91c724bf933b40f5903e337d94f8f6a7/?a=1233&br=1944&bt=972&cd=0%7C0%7C0&ch=0&cr=3&cs=2&cv=1&dr=0&ds=6&er=&ft=c~.Zm4L-gXoInz7T&l=20220117040051010113006244144CCB2A&lr=all&mime_type=video_mp4&net=0&pl=0&qs=5&rc=M2VqbzM6ZmQ7NjMzNzczM0ApZGU1aGc7ZGU2NzhoZTNoZ2dkZGFncjRfaG9gLS1kMTZzcy4zYmA1MmE0NmEzLV8tYjQ6Yw%3D%3D&vl=&vr=
video/mp4, bytesbytes 0-568988/568989, 1642392084.6587188, 1642392084.662873, 1642392084.6801507, 1642392085.3224921, v19.tiktokcdn-us.com, edb1990e74d25270e3a37ea023a5e6a4, /edb1990e74d25270e3a37ea023a5e6a4/61e53e5f/video/tos/useast2a/tos-useast2a-pve-0068/0db5a52be4814ca482755ba7b47a0966/?a=1233&br=764&bt=382&cd=0%7C0%7C0&ch=0&cr=3&cs=2&cv=1&dr=0&ds=6&er=&ft=c~.Zm4L-gXoInz7T&l=20220117040051010113006244144CCB2A&lr=all&mime_type=video_mp4&net=0&pl=0&qs=11&rc=M204cjw6Zm1zODMzNzgzM0ApZmZkOGdkaTs0NztmODk3aGdecmtrcjQwZXFgLS1kLzZzc2BjMWAwLTRfMC8wYmAuNGI6Yw%3D%3D&vl=&vr=
video/mp4, bytesbytes 0-1024000/1511927, 1642392089.942476, 1642392089.9440932, 1642392089.9566526, 1642392090.9141724, v19.tiktokcdn-us.com, 93cdcd4520464e6ae2da163af186ac19, /93cdcd4520464e6ae2da163af186ac19/61e53e68/video/tos/useast2a/tos-useast2a-pve-0068/fcb55ec68264411daa7a8140759786fd/?a=1233&br=1140&bt=570&cd=0%7C0%7C0&ch=0&cr=3&cs=2&cv=1&dr=0&ds=6&er=&ft=c~.Zm4L-gXoInz7T&l=20220117040051010113006244144CCB2A&lr=all&mime_type=video_mp4&net=0&pl=0&qs=11&rc=MzY0NTY6ZjhrNzMzNzczM0ApaWQzOTZlNzw2NzQ6aWloaWdjYnFmcjQwLmhgLS1kMTZzcy1jX2FfYDFhNGEtX2E1LS46Yw%3D%3D&vl=&vr=
video/mp4, bytesbytes 0-638227/638228, 1642392091.3152075, 1642392091.3162444, 1642392091.3295212, 1642392091.8626018, v19.tiktokcdn-us.com, 25de6737256a9a64e657193fbf6ddf08, /25de6737256a9a64e657193fbf6ddf08/61e53e5f/video/tos/useast2a/tos-useast2a-pve-0068/757a2f8b19044ed39ac6674811366bc1/?a=1233&br=852&bt=426&cd=0%7C0%7C0&ch=0&cr=3&cs=2&cv=1&dr=0&ds=6&er=&ft=c~.Zm4L-gXoInz7T&l=20220117040051010113006244144CCB2A&lr=all&mime_type=video_mp4&net=0&pl=0&qs=4&rc=ampkM21rdWVrNjMzNzczM0ApOztlZjVkZWQ1N2UzaTRnNWdqM2luaWliMS5gLS1kMTZzczEzYzQ0NS4uLjUvYDQxLjU6Yw%3D%3D&vl=&vr=
video/mp4, bytesbytes 0-587184/587185, 1642392101.6570961, 1642392101.6626346, 1642392101.6815867, 1642392102.394306, v19.tiktokcdn-us.com, ea6b0f43ebefbf1c2428cbbb054af9b0, /ea6b0f43ebefbf1c2428cbbb054af9b0/61e53e5a/video/tos/useast2a/tos-useast2a-ve-0068c001/0c2f08bc79c247508bee147852570e44/?a=1233&br=1376&bt=688&cd=0%7C0%7C0&ch=0&cr=3&cs=2&cv=1&dr=0&ds=6&er=&ft=c~.Zm4L-gXoInz7T&l=20220117040051010113006244144CCB2A&lr=all&mime_type=video_mp4&net=0&pl=0&qs=5&rc=amdzcjk6ZjpnNjMzNzczM0ApNDdoMzwzNjtkNztnNjc5ZWczNmBkcjRfbWxgLS1kMTZzc2IvYF41M2AtLS4wXl9iLzM6Yw%3D%3D&vl=&vr=
video/mp4, bytesbytes 1024000-1589871/1589872, 1642392105.3433564, 1642392105.3449225, 1642392105.3658216, 1642392106.2148857, v19.tiktokcdn-us.com, e9558982c1a4e0960c3ddf3d98043f71, /e9558982c1a4e0960c3ddf3d98043f71/61e53e60/video/tos/useast2a/tos-useast2a-ve-0068c003/91c724bf933b40f5903e337d94f8f6a7/?a=1233&br=1944&bt=972&cd=0%7C0%7C0&ch=0&cr=3&cs=2&cv=1&dr=0&ds=6&er=&ft=c~.Zm4L-gXoInz7T&l=20220117040051010113006244144CCB2A&lr=all&mime_type=video_mp4&net=0&pl=0&qs=5&rc=M2VqbzM6ZmQ7NjMzNzczM0ApZGU1aGc7ZGU2NzhoZTNoZ2dkZGFncjRfaG9gLS1kMTZzcy4zYmA1MmE0NmEzLV8tYjQ6Yw%3D%3D&vl=&vr=
video/mp4, bytesbytes 1024000-1511926/1511927, 1642392108.5439763, 1642392108.5456767, 1642392108.5591395, 1642392109.0473545, v19.tiktokcdn-us.com, 93cdcd4520464e6ae2da163af186ac19, /93cdcd4520464e6ae2da163af186ac19/61e53e68/video/tos/useast2a/tos-useast2a-pve-0068/fcb55ec68264411daa7a8140759786fd/?a=1233&br=1140&bt=570&cd=0%7C0%7C0&ch=0&cr=3&cs=2&cv=1&dr=0&ds=6&er=&ft=c~.Zm4L-gXoInz7T&l=20220117040051010113006244144CCB2A&lr=all&mime_type=video_mp4&net=0&pl=0&qs=11&rc=MzY0NTY6ZjhrNzMzNzczM0ApaWQzOTZlNzw2NzQ6aWloaWdjYnFmcjQwLmhgLS1kMTZzcy1jX2FfYDFhNGEtX2E1LS46Yw%3D%3D&vl=&vr=
video/mp4, bytesbytes 0-888812/888813, 1642392109.461021, 1642392109.4627693, 1642392109.490366, 1642392110.361691, v16m.tiktokcdn-us.com, c60feedfcc639319ecd831d52fcafa99, /c60feedfcc639319ecd831d52fcafa99/61e53e9b/video/tos/alisg/tos-alisg-pve-0037c001/528ecdee582c401d94082a44d9ece479/?a=1233&br=898&bt=449&cd=0%7C0%7C0&ch=0&cr=3&cs=2&cv=1&dr=0&ds=6&er=&ft=c~.Zm4L-gXoInz7T&l=202201170401480101131350412259DA8C&lr=all&mime_type=video_mp4&net=0&pl=0&qs=5&rc=M3E3eTY6ZjNsNzMzODczNEApOjRnNjNpO2U2NzxkMzU6OWdncGlwcjRfZDNgLS1kMS1zczUuNGEwLzEzXzAyYC00LjQ6Yw%3D%3D&vl=&vr=
video/mp4, bytesbytes 0-493479/493480, 1642392110.6775992, 1642392110.6789303, 1642392110.693201, 1642392111.131172, v16m.tiktokcdn-us.com, f278166ab015e399d40908f3a95c4f8d, /f278166ab015e399d40908f3a95c4f8d/61e53e93/video/tos/useast2a/tos-useast2a-ve-0068c001/2e99d8cb79244ae99f25ae3ac8163fed/?a=1233&br=1044&bt=522&cd=0%7C0%7C0&ch=0&cr=3&cs=2&cv=1&dr=0&ds=6&er=&ft=c~.Zm4L-gXoInz7T&l=202201170401480101131350412259DA8C&lr=all&mime_type=video_mp4&net=0&pl=0&qs=4&rc=M3hxczRra3FwNjMzNzczM0ApZWVkM2lnaWVmNzk0OjVoZmctaGdqMTVxcTFgLS1kMTZzcy1eMDQ0YTVgNl8yLTMvMGE6Yw%3D%3D&vl=&vr=
video/mp4, bytesbytes 0-951005/951006, 1642392111.3797061, 1642392111.3809507, 1642392111.3991845, 1642392112.3113859, v16m.tiktokcdn-us.com, 38b03bb42618b5a1b973bcce863387ee, /38b03bb42618b5a1b973bcce863387ee/61e53e97/video/tos/useast2a/tos-useast2a-ve-0068c001/5f3422e45d71461f903cd1d7b939af71/?a=1233&br=1316&bt=658&cd=0%7C0%7C0&ch=0&cr=3&cs=2&cv=1&dr=0&ds=6&er=&ft=c~.Zm4L-gXoInz7T&l=202201170401480101131350412259DA8C&lr=all&mime_type=video_mp4&net=0&pl=0&qs=5&rc=M3dyOjM6ZmtqNzMzNzczM0ApODszNGY3PDw4N2Y0O2g4ZGcyaGAycjRvY2xgLS1kMTZzc2JjXy8wX14xYWEyYjAxXy86Yw%3D%3D&vl=&vr=
video/mp4, bytesbytes 0-569747/569748, 1642392112.6863847, 1642392112.688061, 1642392112.706305, 1642392113.214792, v16m.tiktokcdn-us.com, a8507f6a881007ea38915ed58d1f011c, /a8507f6a881007ea38915ed58d1f011c/61e53e94/video/tos/useast2a/tos-useast2a-ve-0068/ca60c61655f549038fb6212a2048fcff/?a=1233&br=1076&bt=538&cd=0%7C0%7C0&ch=0&cr=3&cs=2&cv=1&dr=0&ds=6&er=&ft=c~.Zm4L-gXoInz7T&l=202201170401480101131350412259DA8C&lr=all&mime_type=video_mp4&net=0&pl=0&qs=4&rc=M2Q4cXI5azpscDMzNDczM0ApPDRkNjtnNTtmN2dpaTk4O2dnZ3NeY2w0aWxfLS0wMTZzc18yYzQyLTRhX14tNDNgMjA6Yw%3D%3D&vl=&vr=
video/mp4, bytesbytes 0-482014/482015, 1642392113.5346699, 1642392113.5367997, 1642392113.5762417, 1642392113.996089, v16m.tiktokcdn-us.com, 58535c2274ef8504764e3def08e95ec0, /58535c2274ef8504764e3def08e95ec0/61e53e92/video/tos/useast2a/tos-useast2a-pve-0068/df18bace2f3c4085b8e5d7ca2f3d31ab/?a=1233&br=1170&bt=585&cd=0%7C0%7C0&ch=0&cr=3&cs=2&cv=1&dr=0&ds=6&er=&ft=c~.Zm4L-gXoInz7T&l=202201170401480101131350412259DA8C&lr=all&mime_type=video_mp4&net=0&pl=0&qs=4&rc=MzhyNDU8ZHF2NTMzNzczM0ApaDY7OGVkNTw7Nzk1NTg0N2dtMG1yM2lmZ2RgLS1kMTZzc2NgMF8vYzAxMTI0YjVeLmA6Yw%3D%3D&vl=&vr=
video/mp4, bytesbytes 0-753029/753030, 1642392114.3537588, 1642392114.3548398, 1642392114.3729622, 1642392115.0229485, v16m.tiktokcdn-us.com, e48617efc20847d8eb8a0adcc4dac78c, /e48617efc20847d8eb8a0adcc4dac78c/61e53e94/video/tos/useast2a/tos-useast2a-pve-0068/631008cbb021410e9a05d0ff85d95e96/?a=1233&br=1362&bt=681&cd=0%7C0%7C0&ch=0&cr=3&cs=2&cv=1&dr=0&ds=6&er=&ft=c~.Zm4L-gXoInz7T&l=202201170401480101131350412259DA8C&lr=all&mime_type=video_mp4&net=0&pl=0&qs=5&rc=M2lneWk6ZjozNzMzNzczM0ApZmlkPGQ4aDw8NzQ2ZzY7aWdgcmUucjQwZC5gLS1kMTZzczQvMmAzY14wYTU2MTI0YDM6Yw%3D%3D&vl=&vr=
