0,v09044e50000btueapv15l8sl3ukeqpg,8077,1038069&571816&372444,e3d8535848a02259a3cf929c22b3a325&e9ee8a7436a6f134a0eb5395f9a4f613&428511eafca23063270c275c73f94c54&69ce5d14cc8cf47da29bdd0b7acaf649&cdb00799134e3fd6ba2b45cdbe6dafd1&f215325675cc242b4374a115254c7ba1,https://v19.tiktokcdn-us.com/e3d8535848a02259a3cf929c22b3a325/61e53d04/video/tos/useast2a/tos-useast2a-ve-0068c004/13370ab11f50451d9ac6b44b0fed7e9d/?a=1233&br=2026&bt=1013&cd=0%7C0%7C0&ch=0&cr=3&cs=2&cv=1&dr=0&ds=6&er=&ft=c~.Zm4L-gXoInz7T&l=2022011703550801011300613523550F75&lr=all&mime_type=video_mp4&net=0&pl=0&qs=11&rc=anRuNnZvNHNodzMzODczM0ApOGQ1aDlnM2U6N2k4ZjRmZ2dtYnJpNTJzXnJfLS1iMTZzcy0zMzQvYy81MmM1LS8uYzQ6Yw%3D%3D&vl=&vr=
1,v12044gd0000c7bpv0jc77uakaoc0an0,12560,640394&488219&247339&213602,d6a45c0a099586156908f0448f337903&97916b7f57f8fac3cbe76c1ce2f1efa2&01d2971c4f3e716dbfb6ea9298f3734c&6f4d563fcfdc215efedff32e04f9017b&b813916219d78aff1ef8bc5fd9bfa9b1&455e854c814259c93856a2a39fd32744&32b3e475da5883a568e2067775fe37b8&7a020ecea3ed92455ee01ffb55f43388,https://v19.tiktokcdn-us.com/d6a45c0a099586156908f0448f337903/61e53d09/video/tos/useast5/tos-useast5-ve-0068c004-tx/7fb7755292e94b97ae2acf9bbfa03fe3/?a=1233&br=1250&bt=625&cd=0%7C0%7C0&ch=0&cr=3&cs=2&cv=1&dr=0&ds=6&er=&ft=c~.Zm4L-gXoInz7T&l=2022011703550801011300613523550F75&lr=all&mime_type=video_mp4&net=0&pl=0&qs=11&rc=M2RmZGQ6ZjNzOjMzZzczNEApMzY7PDVoNWVlNzQ5aTppN2drLWxocjRnc19gLS1kMS9zcy4vYF5hMDA0NjI2MzNhYC86Yw%3D%3D&vl=&vr=
2,v09044g40000c6ugqd3c77u2124rt93g,20176,2319302&1902672&1030452&876028,ff3e7e53dd643113bb6fd7f64e736ab7&ea7def1e7e0c86796d6ea1d93dbc18ec&7a25f86fafa706fc0c0d198bf70c877e&3e294ca19a3ea4e84ca0044f0a4ab3a7&121d8f4eebab64bc3115fe583c23ba3e&829ac0f46da58c2b6d7f2ea207577aa8&653889521bf06711eaa559482006a4f0&d48a67255afaa4eac61905ea8a840b47,https://v19.tiktokcdn-us.com/ff3e7e53dd643113bb6fd7f64e736ab7/61e53d11/video/tos/useast2a/tos-useast2a-pve-0068/9cf3926d23504f68ba3b97edcdc97826/?a=1233&br=4528&bt=2264&cd=0%7C0%7C0&ch=0&cr=3&cs=2&cv=1&dr=0&ds=3&er=&ft=c~.Zm4L-gXoInz7T&l=2022011703550801011300613523550F75&lr=all&mime_type=video_mp4&net=0&pl=0&qs=14&rc=ajx1NTU6ZmdqOTMzNzczM0ApNGkzaWQ1Nzs2NzU3NTQ6OmcwcTEucjQwbnJgLS1kMTZzczM2YjVgLy01YC0tXl40LWM6Yw%3D%3D&vl=&vr=
3,v09044g40000c3lg95bc77u9h05eekn0,46089,555273&414793&370651&261713,ad3d65e1f235475a93a63993bcfc34a9&4076a4aa9330dbd234b9f9d004052830&f2137c419f9e2cdd7c3ca90c2b69be7d&b3d9b1b41d3ab2216781698ecc5307d5&19b1621daa249986410b738f7327911b&2d94f4cc04a64edf95c06eec554f1316&38ede0888a49b18f8af8fb1a1a4ac5de&0666119c5ed0992d3bc24acf44ef3c4b,https://v19.tiktokcdn-us.com/ad3d65e1f235475a93a63993bcfc34a9/61e53d2a/video/tos/useast2a/tos-useast2a-pve-0068/d71c0e8d4bdd441cb28765ca3433472b/?a=1233&br=1084&bt=542&cd=0%7C0%7C0&ch=0&cr=3&cs=2&cv=1&dr=0&ds=3&er=&ft=c~.Zm4L-gXoInz7T&l=2022011703550801011300613523550F75&lr=all&mime_type=video_mp4&net=0&pl=0&qs=14&rc=M25oMzw6ZjhqNjMzNzczM0ApN2kzaWQ4NDtmN2c6ZTg8aWdrYjJlcjRfNmlgLS1kMTZzczA0YmNjY2AtYDI2MDBfNjY6Yw%3D%3D&vl=&vr=
4,v09044g40000c1kjcjkfbh5e73ktqsqg,17807,788255&644665&394736&273289,194c3a5ab9360be5e13cb6f687e85c44&d724e1d9b10519631c3ad0af804d7188&41c81e66b84152a88b1e6273f3d3dcf3&7b18097be50f70a944066cc2e822b4b5&960fd4bea396c75ad9c02dd486d0ad82&a0f3e2ef15894c3f97f2e8a5eb44adf8&cedd9b63eec2cad2148c1e6ed136afed&2a2eedeafe8cc2ffc51e2b3a209e3516,https://v19.tiktokcdn-us.com/194c3a5ab9360be5e13cb6f687e85c44/61e53d0e/video/tos/useast2a/tos-useast2a-pve-0068/28e9383b8a8843d19cdf71afb36ba310/?a=1233&br=1538&bt=769&cd=0%7C0%7C0&ch=0&cr=3&cs=2&cv=1&dr=0&ds=3&er=&ft=c~.Zm4L-gXoInz7T&l=2022011703550801011300613523550F75&lr=all&mime_type=video_mp4&net=0&pl=0&qs=14&rc=anZ3NmhraW1tNDMzNzczM0ApZGQ8ZzZkNDxkN2QzNzg7ZWdubmg0Ml9oYGhgLS1kMTZzczYyYV8zNS0vMC9hX2M1Y2E6Yw%3D%3D&vl=&vr=
5,v09044g40000c42euh3c77u1fkgu3370,16646,567887&444282&223592&160019,38b2f44c533c871b63bd5a263221cb10&7a674442c07b9f105584dd57305bb264&c1a88f46d35baabc9f32bf21478187cd&8763125d51900133ffe2e523b0da366d&e05abd9be9c061eb01edc59709486ee1&01540f178b580aad1924edbce5393847&b3c55219f05463d060b9ac9b1c24c875&b8097c8ce6be98a40a1c91ce38c6186e,https://v19.tiktokcdn-us.com/38b2f44c533c871b63bd5a263221cb10/61e53d0d/video/tos/useast2a/tos-useast2a-pve-0068/353eea5c512a4e96bf4aed8f1a7c9fe9/?a=1233&br=1108&bt=554&cd=0%7C0%7C0&ch=0&cr=3&cs=2&cv=1&dr=0&ds=3&er=&ft=c~.Zm4L-gXoInz7T&l=2022011703550801011300613523550F75&lr=all&mime_type=video_mp4&net=0&pl=0&qs=14&rc=MzZ4bjQ6ZmtoNzMzNzczM0ApODc0NGk0NmVlN2Q7OjczM2c0MGRjcjQwci9gLS1kMTZzcy8tMWFiYS5fMzIyNTUxXy06Yw%3D%3D&vl=&vr=
6,v09044g40000c3sb163c77u1q5eb1gn0,50199,2384648&1679789&1035368&582274,d8c0a630f29a0b82b20cb73e09883bcc&2f8fe7aac002a7db23b76d149814d6f9&85cf126a8862b4149e62e35d02863484&aa4d4d37c607263516773bf3b99666e7&8d9f5b7d49db4a6699123eceb9d71d5c&571e3857fcf8b5b4ccf4f4a57f73c806&6f12f8bfc5e706873f93eb102b05b39e&d7ff1d1c1a325c6c7558e2ce8cf8852b,https://v19.tiktokcdn-us.com/d8c0a630f29a0b82b20cb73e09883bcc/61e53d2f/video/tos/useast2a/tos-useast2a-pve-0068/f8286e158fda4ed7bdaec686e27037e0/?a=1233&br=4656&bt=2328&cd=0%7C0%7C0&ch=0&cr=3&cs=2&cv=1&dr=0&ds=3&er=&ft=c~.Zm4L-gXoInz7T&l=2022011703550801011300613523550F75&lr=all&mime_type=video_mp4&net=0&pl=0&qs=14&rc=M2plODQ6ZjllNjMzNzczM0ApZTtmM2Y4ZmU4Nzg0ZTxlOGdrLmJucjQwLnBgLS1kMTZzc2AwYWAzNjBfNDEzXy8uLjU6Yw%3D%3D&vl=&vr=
7,v09044g40000c33c97iemsh0t2h21a7g,23752,1481860&967805&502757&322580&298757,94f15a2062141d3b4f3d2383b391052f&98395aea5584d39431fcad2871210ef9&d9f08bd8b0d6793cb7fccfff74f9a2b1&be7aeccb54f57fe822560e4dc00b218f&d3b455a2cbf40134dc171dfafb7c041b&28d64ebb661a0be152fc941fee1dbfcc&089158085ca3f4f0c0adadade858010a&d1f94e23a72ef0a9b539748aff0e90b4&fc7674723b7338e24eaf6c4532f1a429&0b3be52e508fd37712308d112c9ef2ad,https://v19.tiktokcdn-us.com/94f15a2062141d3b4f3d2383b391052f/61e53d14/video/tos/useast2a/tos-useast2a-pve-0068/6db60453f1e54ed6a6763c05f1e88f44/?a=1233&br=2894&bt=1447&cd=0%7C0%7C0&ch=0&cr=3&cs=2&cv=1&dr=0&ds=3&er=&ft=c~.Zm4L-gXoInz7T&l=2022011703550801011300613523550F75&lr=all&mime_type=video_mp4&net=0&pl=0&qs=14&rc=amQ1NTN2aDpmNjMzNzczM0ApZjRkZzc6NzxkN2U4Ozg4O2c0LmVxZWpmNjBgLS1kMTZzczEvYWE1NDVhMjUvMTMyMzY6Yw%3D%3D&vl=&vr=
8,v090445c0000brsj2d7kvluo3u9i7rsg,6639,1025429&793373&341692&224755,9cb808e2a74dfeed22878d56a9ec31fe&cf54f343b341aa212292c72fa42daac5&30233f1fac3d91da64a0f688ecefe67e&52ec2360eb0fcef0dc30e71da7ee5190&64797917c7668def6c12e1e59f3ec361&ff4b85fd0b205b26798d222c6d5662c4&ab49e1dcd7e8d5d57887e3f8c8d150f6&5957c146563a1e0747b7071b852a5d9e,https://v19.tiktokcdn-us.com/9cb808e2a74dfeed22878d56a9ec31fe/61e53d03/video/tos/useast2a/tos-useast2a-ve-0068c003/a61a2fdecc7f4812a7e9dcb661f65801/?a=1233&br=2002&bt=1001&cd=0%7C0%7C0&ch=0&cr=3&cs=2&cv=1&dr=0&ds=3&er=&ft=c~.Zm4L-gXoInz7T&l=2022011703550801011300613523550F75&lr=all&mime_type=video_mp4&net=0&pl=0&qs=14&rc=anVseHJvbmdtdTMzZjczM0ApaDZpNzQ0ZTw1N2YzOGk7OmdwNDYwcnM0L3BfLS0yMTZzc2IvYzAvMC8yNDJgNWBhYF86Yw%3D%3D&vl=&vr=
9,v09044g40000c23krfe7g8j7827nf5m0,20176,1391827&955897&832763&560077,b1147f163e606a90a5e5ffb4a308e9b6&3e76911cd6330ecd787c2dc1c14a9ca9&544e1a3c6517b02620f1ff944cd32414&251e62cf6e4c87899b1d6d452a7746a3&162c9c6f071b5d3b79f1784693e00ec3&92b34edba8b81e62c9957c6e7517e491&e315d0483deec39e9b90d3f5fe13283a&5ddd09a6b0cfdfb4caf69460f4740ca6,https://v19.tiktokcdn-us.com/b1147f163e606a90a5e5ffb4a308e9b6/61e53d11/video/tos/useast2a/tos-useast2a-ve-0068c003/0ed2412d233a49eba49e4af52e6d8eb1/?a=1233&br=2718&bt=1359&cd=0%7C0%7C0&ch=0&cr=3&cs=2&cv=1&dr=0&ds=3&er=&ft=c~.Zm4L-gXoInz7T&l=2022011703550801011300613523550F75&lr=all&mime_type=video_mp4&net=0&pl=0&qs=14&rc=MzhxNTo7OmluNTMzNzczM0ApZGY3OjgzaTw0NzU7Z2k7OWdqYzQ1Z2RibzBgLS1kMTZzczNjYl4xXmNiXmEvMl9hMWE6Yw%3D%3D&vl=&vr=
10,v09044g40000c43ejobc77ue6he4rg2g,17482,500223&416016&227615&166397,61dbffad86209bcfe150a4c5d74c7439&642a8d8a50407e77bed96b82e4cf232d&ad57fae2e7804bb387d4836f51b9afd0&ae8bb3bcc8dbcc136b5b70c7845af9bb&8790b94c916146301a4a9b24c642e552&60b8fe0cba293ebf75ba773b1677ff07&f1ce6a54bf4ddc2b92be04ff1143cc24&fae2c993732ac33a510bd8ffa265014a,https://v39.tiktokcdn-us.com/61dbffad86209bcfe150a4c5d74c7439/61e53d5e/video/tos/useast2a/tos-useast2a-ve-0068c004/ebeda0edfad943b88c11b94bd99d0786/?a=1233&br=976&bt=488&cd=0%7C0%7C0&ch=0&cr=3&cs=2&cv=1&dr=0&ds=3&er=&ft=c~.Zm4L-gXoInz7T&l=20220117035628010113006233074FB107&lr=all&mime_type=video_mp4&net=0&pl=0&qs=14&rc=amo3a2g6ZnJoNzMzNzczM0ApNGhpNzppNmQ2NzRoNGk0OWcvb2IzcjRfZzBgLS1kMTZzczM1YzIvYWIzYC5iM2AvYDE6Yw%3D%3D&vl=&vr=
11,v09044g40000c3kgrejc77u9jqnp7kpg,39820,1450795&1047947&813997&500737,f010d7e6f9b90a88c13d34d3bc815cb6&109a7064206e816f72b5c95a60dc688d&567a3e79d4ea56c7bb9b41e26c378530&6ed477baa08b72f981efdf56d7124893&ef1bccbe656d3240851751ea5bb0a0cb&ecbc2249ca81e9c855d50a0db5b8ed94&69f444a15f50d37c45589c277b3e0896&e91b61e2f920a51517548cbd9eb64c2c,https://v39.tiktokcdn-us.com/f010d7e6f9b90a88c13d34d3bc815cb6/61e53d74/video/tos/useast2a/tos-useast2a-ve-0068c001/99d27d54a7b143af86fa5f55f0b033eb/?a=1233&br=2832&bt=1416&cd=0%7C0%7C0&ch=0&cr=3&cs=2&cv=1&dr=0&ds=3&er=&ft=c~.Zm4L-gXoInz7T&l=20220117035628010113006233074FB107&lr=all&mime_type=video_mp4&net=0&pl=0&qs=14&rc=am5zdDw6ZmhqNjMzNzczM0ApNGk2aTVmZWU7N2U7Zzk7O2dtNGtncjRnb2hgLS1kMTZzc2I2LS8vNDUwX2A0My8xLjU6Yw%3D%3D&vl=&vr=
12,v09044g40000c2qmm5u2iutjg46gq610,15230,1793520&1235045&889186&593926,919302c1a4e237ce6c48f9b20425b306&bb3a773ca01ebe01b718c149f25cd1d5&f449e7dddfa64ae71287dfa8d6cfae8a&fc9bf82e40347c407e18822a721148df&9a61115c02570c28cefa57e032240543&f88a6bf0a4d9ea1d45c04493cf319e97&902eec5f55f80a36c09f340bdb9235a8&72ddee9a048d50cd687c90db44b61ead,https://v39.tiktokcdn-us.com/919302c1a4e237ce6c48f9b20425b306/61e53d5c/video/tos/useast2a/tos-useast2a-ve-0068c004/8c2392560472467faadd751cb7757143/?a=1233&br=3502&bt=1751&cd=0%7C0%7C0&ch=0&cr=3&cs=2&cv=1&dr=0&ds=3&er=&ft=c~.Zm4L-gXoInz7T&l=20220117035628010113006233074FB107&lr=all&mime_type=video_mp4&net=0&pl=0&qs=14&rc=MzlqN214NThwNTMzNzczM0ApZGdlO2c7O2VpNzRnZWYzNGcubjNkcWZyam5gLS1kMTZzc14yXzNgLS1gYzI2NjY2YzY6Yw%3D%3D&vl=&vr=
13,v09044g40000c1qs7cld1cjmekntikqg,10679,864376&417645&264892,4368582750b1456d6ac58afea11c512f&44ab57818f088310501290a54a8ee265&7128ccba26bc785e8ac04de643323e1e&3fa34c7f3327b205cf401c4f027a63c8&b7e7d1879d6d950712cf41e03cd1c58e&798158794b4ef15b76168246efdca6c6,https://v39.tiktokcdn-us.com/4368582750b1456d6ac58afea11c512f/61e53d57/video/tos/useast2a/tos-useast2a-pve-0068/250df16a02a94b9187bfb0c9e76bfd7c/?a=1233&br=1688&bt=844&cd=0%7C0%7C0&ch=0&cr=3&cs=2&cv=1&dr=0&ds=6&er=&ft=c~.Zm4L-gXoInz7T&l=20220117035628010113006233074FB107&lr=all&mime_type=video_mp4&net=0&pl=0&qs=11&rc=am53bnBmZ2Z2NDMzNzczM0ApNTY0Z2ZoNWVoN2U8NWhoNGduZmtiZy5pNG5gLS1kMTZzczUzMF5jNTYxNl8tLTIuNl86Yw%3D%3D&vl=&vr=
14,v09044g40000c2jv6hga6lvlhf9ml8fg,21221,1844886&1518566&799751,b9ff6e48cac97161b8a73e3064245ee0&d3855c1545681379c6cddb5be137c8e2&a4346aec208e7f4febdf87aa32a74bd0&b2e5b4fe3a12b0c145734e2f00f2e4cf&ea98c755fd25c61e92f47a58d37241b8&3333c14dcd3843725cad6fbfdbec7c79,https://v39.tiktokcdn-us.com/b9ff6e48cac97161b8a73e3064245ee0/61e53d62/video/tos/useast2a/tos-useast2a-ve-0068c001/5b760373d72949838db6ae7478a36a43/?a=1233&br=3602&bt=1801&cd=0%7C0%7C0&ch=0&cr=3&cs=2&cv=1&dr=0&ds=6&er=&ft=c~.Zm4L-gXoInz7T&l=20220117035628010113006233074FB107&lr=all&mime_type=video_mp4&net=0&pl=0&qs=11&rc=ajtwaW9vZGt5NTMzNzczM0ApNGZmZmg1aGU3Nzk2PDo8ZWdjaTZlczNkM2dgLS1kMTZzczY2YGAyMzAwMjIzMWBjYDY6Yw%3D%3D&vl=&vr=
15,v12044gd0000c7d0b4bc77uekfci7l50,11770,680590&563748&390091&298756,9a3f60febcf1cff6b99ba878e5380e78&f579d52f26cfc6d0808fa72e1d4d6c3f&c3a5b356ed4e6799c41aeb1080183586&bd1c8c2d74dcae4f3fdf169c7345b66e&3dee2ace11505bb5528bf74b9b1e6ce6&8d7e784924002f5e5a6aa07df794d68f&07ec1d4dc69cb003c48122a63ea2b699&d3ef7b4bf0622a7bae0a9c28585ca27c,https://v39.tiktokcdn-us.com/9a3f60febcf1cff6b99ba878e5380e78/61e53d58/video/tos/useast5/tos-useast5-ve-0068c003-tx/724514e92b8043a6947f02201f7c50ab/?a=1233&br=1328&bt=664&cd=0%7C0%7C0&ch=0&cr=3&cs=2&cv=1&dr=0&ds=3&er=&ft=c~.Zm4L-gXoInz7T&l=20220117035628010113006233074FB107&lr=all&mime_type=video_mp4&net=0&pl=0&qs=14&rc=M29saWg6ZjczOjMzZzczNEApZ2hkaDY8NmQ7N2hnNjplaGcyNGBocjRfX2FgLS1kMS9zc2I2YzFeNTYyMTAyL2ItMmA6Yw%3D%3D&vl=&vr=
16,v10044g50000c6c36brc77u6q3q4r3og,25354,583702&337395&211799,b9ab3e3af58360eaa1b3c87fe0ccb8d9&5e386b65e5e50c46503c4ff58e84e6d4&8919931f82aee4dbf9008eaca3e8c587&789a929b2b618681c23381b565a61049&b9ace640a0b1737885f83651076f6596&776b396a0a4df9deb8bbfc861466c3f0,https://v39.tiktokcdn-us.com/b9ab3e3af58360eaa1b3c87fe0ccb8d9/61e53d66/video/tos/alisg/tos-alisg-pve-0037c001/0fcd2e46f8c24166a41b1a8f9f5a534e/?a=1233&br=1140&bt=570&cd=0%7C0%7C0&ch=0&cr=3&cs=2&cv=1&dr=0&ds=6&er=&ft=c~.Zm4L-gXoInz7T&l=20220117035628010113006233074FB107&lr=all&mime_type=video_mp4&net=0&pl=0&qs=11&rc=ajY3Njk6ZmU2OTMzODczNEApaDU1ODpnZzxmNzNmZGg4M2dsb25ucjRvM2BgLS1kMS1zczEuMDQxM2M0NS9jMWA0My46Yw%3D%3D&vl=&vr=
17,v12044gd0000c7878sjc77u7psv0afkg,15067,661557&552707&464615&385418,72c0d39739e9c64a3b24d768e0ccedf1&71b400db9d28b63a14dbb8e353da7f78&6ae64510650eb66d8dbade26fd46f7d2&420ce6ac9a5ea33e4af8d15640e38b4f&a7da2f523b60b0984426a6cf230dda1a&fd9ba896626a3baa90cedbe9202afcab&6fbfa136633f1551f8b89ecfe44e6dd4&8553dacf0222f302872e3a6f7258e1cc,https://v39.tiktokcdn-us.com/72c0d39739e9c64a3b24d768e0ccedf1/61e53d5b/video/tos/useast5/tos-useast5-ve-0068c004-tx/288c2e7eff49415ba3911a0c11c53285/?a=1233&br=1292&bt=646&cd=0%7C0%7C0&ch=0&cr=3&cs=2&cv=1&dr=0&ds=3&er=&ft=c~.Zm4L-gXoInz7T&l=20220117035628010113006233074FB107&lr=all&mime_type=video_mp4&net=0&pl=0&qs=14&rc=amkzdjo6ZnY6OjMzZzczNEApODloODVnOmU6N2k8NzQ6OGdoXnNtcjRnNTVgLS1kMS9zc2NeMzYvYl8tXy4tM19gXjY6Yw%3D%3D&vl=&vr=
18,v09044f40000bq3sfh273oo36di7q7bg,15416,735858&566761&327403,7deed87f2e5d2a8d925eec0578285c47&1e0054e152a5c000999aae90ac48d1bf&d5505f9778230bf64c2f0238844dc60c&381849ff23fa9b636403ba4c264f5234&69ef61f33cd6b325cc51dbc84e227d5c&fd83cc7279b3f03187d2491a731aec6c,https://v39.tiktokcdn-us.com/7deed87f2e5d2a8d925eec0578285c47/61e53d5c/video/tos/useast2a/tos-useast2a-pve-0068/1a4eb2b04b464350bb484bfe194ad9cb/?a=1233&br=1436&bt=718&cd=0%7C0%7C0&ch=0&cr=3&cs=2&cv=1&dr=0&ds=3&er=&ft=c~.Zm4L-gXoInz7T&l=20220117035628010113006233074FB107&lr=all&mime_type=video_mp4&net=0&pl=0&qs=14&rc=ajo6ZzZyOmt2dDMzNzczM0ApZGkzNmk6MzszNzs8NGRlOGdfbmYzbDAvYzBfLS1jMTZzczEyLy9fMDFjMWBiXmFjM2A6Yw%3D%3D&vl=&vr=
19,v09044g40000c2a8isdj4q5u8o8d96ag,8264,540308&478499&311419&223721,47312c5fc5b30d03681f2369f915523a&815c858ddbab59ee911fe97ded2954ae&e15e6127de342664d1cdfb1e6fce4219&b7fcf49403f27a5561209f049d45fc6f&abc279fca2935c7a1a78a930c818fbf2&916ea03577d0845e9f8cc7aed75e803a&9c442dc2431dcdc3832f980f4653ecbb&ed548b5a08a3fb2e4e2458826269322f,https://v39.tiktokcdn-us.com/47312c5fc5b30d03681f2369f915523a/61e53d55/video/tos/useast2a/tos-useast2a-pve-0068/060bd750fbeb462c8e674263b1a14cc8/?a=1233&br=1054&bt=527&cd=0%7C0%7C0&ch=0&cr=3&cs=2&cv=1&dr=0&ds=3&er=&ft=c~.Zm4L-gXoInz7T&l=20220117035628010113006233074FB107&lr=all&mime_type=video_mp4&net=0&pl=0&qs=14&rc=ajlncnh0bXY7NTMzNzczM0ApPDs8Nzk0ZmVmN2c3M2lkO2deNjU1MjFhZl5gLS1kMTZzcy8uXjMtYTJiX2BjMjIuNjQ6Yw%3D%3D&vl=&vr=
20,v09044970000c15qot31m2ohdov0nv80,7637,599575&441121&262117&179080,d9c46e5814159b4e9f2b9379f40a8d5c&1c15ef6165db53e7628574efd5543dff&46d731b3a369548fd1ae0a3038de2358&7aaacc0a0b3e0fc06636d3bc6a58798e&1e1fe2989f20096668c53de56bb87fc9&c60ac5e25a0736369074465c746e656d&378916042d208ba4c402a71b22d7ff1f&90f866fbf1f40c405b5efa509b459749,https://v19.tiktokcdn-us.com/d9c46e5814159b4e9f2b9379f40a8d5c/61e53dd3/video/tos/useast2a/tos-useast2a-ve-0068c002/9a2794aa230541308cc5eca4e5bafa23/?a=1233&br=1170&bt=585&cd=0%7C0%7C0&ch=0&cr=3&cs=2&cv=1&dr=0&ds=3&er=&ft=c~.Zm4L-gXoInz7T&l=2022011703583601011313519311562259&lr=all&mime_type=video_mp4&net=0&pl=0&qs=14&rc=M3kzcms1NHd0NDMzOjczM0ApZGc7OjU6PGQ3Nzg4aTozZGc1a3NhbGowbDJgLS02MTZzcy82YjItMV9iLV8vYjEwNF86Yw%3D%3D&vl=&vr=
21,v09044g40000c1n21093do78fvgam52g,14928,1985159&1630658&653285&420754,b153d739c0a305ee3712f86f7e68842a&d64d4892f2ca72b8db0433a22a62af61&c70676b2b6a672dd60360f4c6c7c4fd3&738bf70df34fb2418863087d32468cba&17ce4b9603d9eada1afa4135ab9b6467&6f69069f8bed9be55211714e27e71c66&e7762749a48cd4239c61cfc2bd8a2621&9bd9f1654b47fe70d1828a7e62721856,https://v19.tiktokcdn-us.com/b153d739c0a305ee3712f86f7e68842a/61e53dda/video/tos/useast2a/tos-useast2a-pve-0068/21c531d693a240fbb4c2d8a41a8caa19/?a=1233&br=3876&bt=1938&cd=0%7C0%7C0&ch=0&cr=3&cs=2&cv=1&dr=0&ds=3&er=&ft=c~.Zm4L-gXoInz7T&l=2022011703583601011313519311562259&lr=all&mime_type=video_mp4&net=0&pl=0&qs=14&rc=ajhkeTtyNjM1NDMzNzczM0ApZjY7NmdpO2U3N2c0ZWlnZWcvamRjNGE2LmtgLS1kMTZzc18xMmMuLzMuLy4xMGMwYWI6Yw%3D%3D&vl=&vr=
22,v09044g40000c2q01jk1se6edeiqos2g,20896,1262211&1035288&794761&542759,1e4b719f7305b1f190a4f20bd5ea638e&c997377a08fa8f6e61fce2102049ea35&f1c92113c39b75205ec5cc07aef2e962&aae5724ca2dfb028b23e28652d34d790&e0f77e2c912c45abc9c1436fb61d39fe&1d631e51369c0d01da55417780d1cb85&e89dd269e3a91246fe5fcf4406208e0f&6fcaef640ecd4081039f41c03eed9e9f,https://v19.tiktokcdn-us.com/1e4b719f7305b1f190a4f20bd5ea638e/61e53de0/video/tos/useast2a/tos-useast2a-ve-0068c001/032f2f8815304c9394dd37c63db334a2/?a=1233&br=2464&bt=1232&cd=0%7C0%7C0&ch=0&cr=3&cs=2&cv=1&dr=0&ds=3&er=&ft=c~.Zm4L-gXoInz7T&l=2022011703583601011313519311562259&lr=all&mime_type=video_mp4&net=0&pl=0&qs=14&rc=anZ0aGhoNG0zNTMzNzczM0ApOWRpPDxnOGVoN2Y3OTVmO2cvbGZhM3BoLm5gLS1kMTZzczFhYjU2NWAzXjAuLS8uLi46Yw%3D%3D&vl=&vr=
23,v07044420000c199u5s35dppe9q0d1j0,8032,700067&442899&309569,21f8c2e6e6ce223364f602b4db8bb14b&0632b85b45adfbbe9aadcd010db3c6b8&17c363a51eeffe6d1fc35006f96af307&f4c23bd65f08621c24df0c017f827293&91bf3e0817f9be5d47bbef6dd226c568&12580a609b957eb228956ea753a0b38d,https://v19.tiktokcdn-us.com/21f8c2e6e6ce223364f602b4db8bb14b/61e53dd3/video/tos/alisg/tos-alisg-pve-0037c001/202e295a089748c1b884ab25998a2b3a/?a=1233&br=1366&bt=683&cd=0%7C0%7C0&ch=0&cr=3&cs=2&cv=1&dr=0&ds=6&er=&ft=c~.Zm4L-gXoInz7T&l=2022011703583601011313519311562259&lr=all&mime_type=video_mp4&net=0&pl=0&qs=11&rc=MzQzPHNnNjg8NDMzNTczM0ApOTk5aGRlOjw6Nzg7NTxnZmdnYW5ibTJwcjZgLS0xMTRzczZfMTZjMGEyYDA0LmJfMWM6Yw%3D%3D&vl=&vr=
24,v09044ad0000c0qnh58p8rsb4e7eg120,14208,881638&644122&349950&209351,71fc685e4bb3b3be25ccfd51eb8d35ac&8439ae32baf289dcad0e01a98b39b92a&2bfa1365ce5a4f3021e3d9c3bbfbdca5&cf9b850495ad29bbf9fc15d21e0abe01&f565bc01eb7671b2a0d8b2d96d5e6c5b&40e61c09b431de643d973198e63b249c&ac46849fa50dda85a4c75a90340c40e1&7a70089e4ec50a685d9adbac7b9d8187,https://v19.tiktokcdn-us.com/71fc685e4bb3b3be25ccfd51eb8d35ac/61e53dda/video/tos/useast2a/tos-useast2a-ve-0068c002/78aa8b14fb054a35b79487b137b29b3c/?a=1233&br=1720&bt=860&cd=0%7C0%7C0&ch=0&cr=3&cs=2&cv=1&dr=0&ds=3&er=&ft=c~.Zm4L-gXoInz7T&l=2022011703583601011313519311562259&lr=all&mime_type=video_mp4&net=0&pl=0&qs=14&rc=MzRoaGV1czhxMzMzZzczM0ApO2Y3aDtkPDxpNzQ5ZmQ3OGcvZDQxcDU1ZW5gLS1eMTZzcy5gMS4wXzJiLWM0MDAvMTI6Yw%3D%3D&vl=&vr=
25,v09044g40000c6bjhcrc77ue1odlkdo0,7940,604161&439135&296553&183383,e1503ac5a6d25db6e24619e8aa8f7a1c&d9a11baefc7d54e05798bdf8186c367e&885ec9f689ddae9ab5f64135f7eb1c26&51c22c6438dc26dca2a9c99671802d76&865e32e2d9fad15c99ea8b830a0434e7&736ade2353d923ba60a789bc3e151b33&18b71490ec8dc555e0ac597349d7b32c&49d899098cafb83bbdbc2fc751518c42,https://v19.tiktokcdn-us.com/e1503ac5a6d25db6e24619e8aa8f7a1c/61e53dd3/video/tos/useast2a/tos-useast2a-ve-0068c004/53037072e7ea46719f71503983e53896/?a=1233&br=1180&bt=590&cd=0%7C0%7C0&ch=0&cr=3&cs=2&cv=1&dr=0&ds=3&er=&ft=c~.Zm4L-gXoInz7T&l=2022011703583601011313519311562259&lr=all&mime_type=video_mp4&net=0&pl=0&qs=14&rc=M2dvcmg6ZmZtOTMzNzczM0ApNWg6aWY2aGU8NzdpOWc7OWdsaGEucjRvZV9gLS1kMTZzc15hLjIzXmIxNWNeYjUwYGA6Yw%3D%3D&vl=&vr=
26,v09044g40000c2t3lrho1amdn3nre0s0,5013,756227,4770e326cfa297eb28e749e3dfb17943&a04a4e5612a40f452342483694b48862,https://v19.tiktokcdn-us.com/4770e326cfa297eb28e749e3dfb17943/61e53dd0/video/tos/useast2a/tos-useast2a-ve-0068c004/e99cb9d5a11d4ac7a496622b02f8a9ad/?a=1233&br=1476&bt=738&cd=0%7C0%7C0&ch=0&cr=3&cs=0&dr=0&ds=2&er=&ft=c~.Zm4L-gXoInz7T&l=2022011703583601011313519311562259&lr=all&mime_type=video_mp4&net=0&pl=0&qs=0&rc=MzN1NmdkcnU2NTMzNzczM0ApNjk0Z2c7Zzs4NzRmMzYzM2dwYmtrai5laXFgLS1kMTZzc2BiNV4zNTEyNjQ0XmEzMS86Yw%3D%3D&vl=&vr=
27,v09044g40000c39ork8o4qnr8507sfp0,17019,2400024&1680624&812197&524204,2f50b3e584f9687d6301cae20923be08&301d52d762446050c9b184380c9fbc87&c16f90ad7bfeb8d26ea479e36d30fe14&ce0230acc8c7dd1c0cea5be508ab04e0&9d6cbb361401ff78d969eb3cf6160ffb&22d378d2599a3fc7055f9229a53be1a8&904d67839f027b79346581e4e28b1e84&f18ebcdbcf88a526c10a5ad79005d9dc,https://v19.tiktokcdn-us.com/2f50b3e584f9687d6301cae20923be08/61e53ddc/video/tos/useast2a/tos-useast2a-ve-0068c003/b2f1a5a1d3f0448f9fb4b5a037c92027/?a=1233&br=4686&bt=2343&cd=0%7C0%7C0&ch=0&cr=3&cs=2&cv=1&dr=0&ds=3&er=&ft=c~.Zm4L-gXoInz7T&l=2022011703583601011313519311562259&lr=all&mime_type=video_mp4&net=0&pl=0&qs=14&rc=M2k6OHV0cm5yNjMzNzczM0ApZWg8aDs6N2Q1NzYzOzk5NmdtcC01azE1bzZgLS1kMTZzcy82LzUtNjIxLWJiY141Ly46Yw%3D%3D&vl=&vr=
28,v09044g40000c4ohat3c77u88dlsgkjg,9542,942322&447409&317248,b26f6f22d6161ae5d738e1c160b93c41&5031ac23fefb6f6fcaf795eb7595e855&bc82d078069cbccbd0756d525402be5c&826aec7179e1120c728448d8b7556a17&972c2179cbea53672f3889334eec1a7e&2648d31071aecc473283b9174ad88da4,https://v19.tiktokcdn-us.com/b26f6f22d6161ae5d738e1c160b93c41/61e53dd5/video/tos/useast2a/tos-useast2a-ve-0068c004/c54e4db20e74481fa121eb15af5f85e5/?a=1233&br=1840&bt=920&cd=0%7C0%7C0&ch=0&cr=3&cs=2&cv=1&dr=0&ds=6&er=&ft=c~.Zm4L-gXoInz7T&l=2022011703583601011313519311562259&lr=all&mime_type=video_mp4&net=0&pl=0&qs=11&rc=am52Zzs6ZndrNzMzNzczM0ApaTU3PGc5N2U1NzM1Nzk1OmdnZGk1cjQwXmxgLS1kMTZzc2AtXjAxXy8yMGIwNS5jXzA6Yw%3D%3D&vl=&vr=
29,v09044g40000c2ft710bf79t3vkd0gvg,19293,1718431&1264133&618854&381743,a5d7ff356e398116c78d0f69190426f4&ea2268ec248757406154a17a69196803&7932937d6c633062b6fbeb707c710615&cddd2dbd9a9976bba953b12d93276963&c710bb1e984570131d716802b774c516&d6a406485b5499ae6a4dfa8b8fa4f883&74351bc9db8b634c341eb831d69c64d1&3ac7dcc3b8e1927b6ca0b29737cd50ba,https://v19.tiktokcdn-us.com/a5d7ff356e398116c78d0f69190426f4/61e53ddf/video/tos/useast2a/tos-useast2a-pve-0068/4b429b6507504a9cba99f12e0d4afe8a/?a=1233&br=3356&bt=1678&cd=0%7C0%7C0&ch=0&cr=3&cs=2&cv=1&dr=0&ds=3&er=&ft=c~.Zm4L-gXoInz7T&l=2022011703583601011313519311562259&lr=all&mime_type=video_mp4&net=0&pl=0&qs=14&rc=ampneXc6ZTR3NTMzNzczM0ApN2ZlPDdlaGUzNzM2OmU6PGdzLWgwNmMtNGNgLS1kMTZzcy8uMDEtLTJiMWAyM181LTU6Yw%3D%3D&vl=&vr=
30,v07044550000c07os0nir75n464p64cg,8589,247151&169174&126295,f84759a546d63d2cd622f34ff14be203&a401688c347db84eabe053e8518f6a73&68697aa143e018335d01497b6851d94c&bf3f7a7ffb48cebb0afccb8c957f3bfe&c015b9b97ca800b7b427625b4b9ea685&957bbe51987a78eec05bf057ed9fe6c8,https://v39.tiktokcdn-us.com/f84759a546d63d2cd622f34ff14be203/61e53dff/video/tos/alisg/tos-alisg-pve-0037c001/88d0a2f0d8fd40f699e281a9c3b021f0/?a=1233&br=482&bt=241&cd=0%7C0%7C0&ch=0&cr=3&cs=2&cv=1&dr=0&ds=6&er=&ft=c~.Zm4L-gXoInz7T&l=2022011703591801011300611823582164&lr=all&mime_type=video_mp4&net=0&pl=0&qs=11&rc=ajdzOXE6bDNyMzMzODczM0ApNTk1aTU8OGRoNzdoM2Y5aWdgMzExMm9rcDRgLS0yMTRzcy0zMTEyXmAvYi81MzAxLWI6Yw%3D%3D&vl=&vr=
31,v09044g40000c4mg0q3c77u950nmju0g,19177,3191109&1932525&1342438&707823,52b9fa7f752c7009d8993e4f78638fd0&7325adb835c42fc57decc1d2bc60e12b&3765032d71852d8e0c4ae773d9525a14&fd84f05a7f7c6053625fb969490d54b0&3017bab35c0c6943d109efd3bf43e631&5e24572ac223bcfb5a498da76d03430d&db3797b67cf569ec8cc9b070d157b3af&c15fe61a7e353313a9a0d816911bce25,https://v39.tiktokcdn-us.com/52b9fa7f752c7009d8993e4f78638fd0/61e53e0a/video/tos/useast2a/tos-useast2a-ve-0068c003/1578429937b3407ab574c8a84355dafb/?a=1233&br=6232&bt=3116&cd=0%7C0%7C0&ch=0&cr=3&cs=2&cv=1&dr=0&ds=3&er=&ft=c~.Zm4L-gXoInz7T&l=2022011703591801011300611823582164&lr=all&mime_type=video_mp4&net=0&pl=0&qs=14&rc=anhwMzw6ZnRqNzMzNzczM0ApOTxoaWhlOjs6NzM3OzQzO2ctZ2sycjQwLWpgLS1kMTZzcy1hXy9jXmIyMjFjXzIyMS06Yw%3D%3D&vl=&vr=
32,v12044gd0000c736h5bc77uakasifot0,40843,832150&688079&457089&341092,6c3139b7583421fcd3885d239f158504&80eb2546d562c0068556e52b9e128010&e73121f76271c05d460fe6df165c934d&0f3fdb92146d2d28ad59d3889d4e70cc&82fff1de20f5506e1166b86b8df33e81&234e46c21272fdff20b8541926e811cb&d6091bcc4c17e39e2e24b38c78765be5&bce8f7156168fe6fce2f4f1c49822755,https://v39.tiktokcdn-us.com/6c3139b7583421fcd3885d239f158504/61e53e1f/video/tos/useast5/tos-useast5-pve-0068-tx/967c907d787f47d1ba726183ac03a2a0/?a=1233&br=1624&bt=812&cd=0%7C0%7C0&ch=0&cr=3&cs=2&cv=1&dr=0&ds=3&er=&ft=c~.Zm4L-gXoInz7T&l=2022011703591801011300611823582164&lr=all&mime_type=video_mp4&net=0&pl=0&qs=14&rc=M3JsZGQ6Zjg5OjMzZzczNEApNDlkOjo5ZjxmNzc8NjVpOGdxY3BocjRfZTBgLS1kMS9zczY2NjAyXjBfYi8xLzIuY2A6Yw%3D%3D&vl=&vr=
33,v12044gd0000c797pgbc77ucq7ijquug,16995,298431&235242&154197&125184,4d363c26697ab6125f3fe406fb4e0459&d1d540d8c4ac235e5e1a137bc87c483b&5add5e7de62eeb29ab54a268aa504b64&1c018d36bfd836a63b33e08847454103&d1ac3a17d0e90a9633dc4fccaf2018ff&b42e1d6f8dd1781899c6fd510fdc1b09&3c82609121e502d3a0485b555c0e5968&f3dd0a8a00317e63496b47d04e38b35a,https://v39.tiktokcdn-us.com/4d363c26697ab6125f3fe406fb4e0459/61e53e07/video/tos/useast5/tos-useast5-pve-0068-tx/f62e02f024c540c89a00998f535a6845/?a=1233&br=582&bt=291&cd=0%7C0%7C0&ch=0&cr=3&cs=2&cv=1&dr=0&ds=3&er=&ft=c~.Zm4L-gXoInz7T&l=2022011703591801011300611823582164&lr=all&mime_type=video_mp4&net=0&pl=0&qs=14&rc=anhtOmY6Zmo6OjMzZzczNEApOjM6NDc4aWRkNzVlODRpOWdybmZucjRfbTZgLS1kMS9zcy4vYmFhMV5jMzZeNjY1XjY6Yw%3D%3D&vl=&vr=
34,v09044g40000c42sjhbc77u591u34mdg,16600,1143137&860555&523772&365504,a75e9552cb5f439e7025b553dd3f43c4&f781ebc07c9ea702532e0462c8510e6b&f02a1a9c4a87f716af02ef5d5394f2a6&cadf4a60926da7049f117affc39ba4a5&e918e0d1d66a3c223c02c7f18102e9bc&3ea96684fa52652c411f91916f116f59&345673a6cbe90b92a12da998cb15165e&21a1595847c9b632299236f24685e44e,https://v39.tiktokcdn-us.com/a75e9552cb5f439e7025b553dd3f43c4/61e53e07/video/tos/useast2a/tos-useast2a-ve-0068c002/7da2afaad80f404fb164f84d77c8ba4d/?a=1233&br=2232&bt=1116&cd=0%7C0%7C0&ch=0&cr=3&cs=2&cv=1&dr=0&ds=3&er=&ft=c~.Zm4L-gXoInz7T&l=2022011703591801011300611823582164&lr=all&mime_type=video_mp4&net=0&pl=0&qs=14&rc=anA2NDg6Zmt2NzMzNzczM0ApOzs7ZGQ5ZzxkNztlNTlnaGdhMXI2cjRfZy9gLS1kMTZzczUuLjJjMTFeNTIyMC0vYy46Yw%3D%3D&vl=&vr=
35,v09044690000bugd0qjemvd778npkaug,8728,1625869&1015423&736932&474604,b68735723f9654def37fdb1f004358a8&7e2e9a676718018ed1ead400dfc5102f&c1d59c47a5a07d154332e7191437e745&0c50fc9f32e045757447d3668c8f68c1&68742910ed5596fb514bbb0e205d4f47&e22784c13b7faa26dfa5c7ad26ab0973&2f15eff4c07fd03f26c400a69edd3194&04d3bbb17e4f4ad813d8c0d28e109192,https://v39.tiktokcdn-us.com/b68735723f9654def37fdb1f004358a8/61e53dff/video/tos/useast2a/tos-useast2a-ve-0068c003/577f7868462848419672cfb56e32c139/?a=1233&br=3174&bt=1587&cd=0%7C0%7C0&ch=0&cr=3&cs=2&cv=1&dr=0&ds=3&er=&ft=c~.Zm4L-gXoInz7T&l=2022011703591801011300611823582164&lr=all&mime_type=video_mp4&net=0&pl=0&qs=14&rc=amRzOzp5aHRneDMzPDczM0ApZGc2NmRoZDxpN2hlOTw1NWdyaGs0YWpnLWRfLS0zMTZzc2IzYV8xMmBiLTAuMC4wNC86Yw%3D%3D&vl=&vr=
36,v09044g40000c1n6fgrivpn8c64va3mg,15276,1055778&904129&638191&402855,56349e66d4a934c2765308785229ede7&2bb46c726eb3b21d8c59827d88ccbd32&37c904dca36ff314e878c3c3becc32b4&8da5a97c4499a699db7884c4eca54951&50f02db68f5d2af453da9488421a074d&a0f070984fc5f6d9cf21dfb71d2aead1&6eaf524d4ae2ca2ad5b3c23392e57c53&a1370b87559e855261f1839992d0467b,https://v39.tiktokcdn-us.com/56349e66d4a934c2765308785229ede7/61e53e06/video/tos/useast2a/tos-useast2a-pve-0068/0d6b12d875944f93abce543a86449ffc/?a=1233&br=2062&bt=1031&cd=0%7C0%7C0&ch=0&cr=3&cs=2&cv=1&dr=0&ds=3&er=&ft=c~.Zm4L-gXoInz7T&l=2022011703591801011300611823582164&lr=all&mime_type=video_mp4&net=0&pl=0&qs=14&rc=ajZ5OTtzbGo5NDMzNzczM0ApPDc3ZTw6OzszN2UzO2Q1ZWdqXjFga3NvY2tgLS1kMTZzcy8wNTQwLy41L2BiYjEzMzI6Yw%3D%3D&vl=&vr=
37,v09044900000c1gk48v7hc99pahqgrq0,8637,2052471&1561356&980982&642068,1198c198103c9d72cdba60ec4ebd0d9b&a3d8615b35e75f39add21ef8029d42aa&234538e572d7ef618b48686e900459df&b995118837d14ada85eecfa4b7bfd5d8&4913cedfa5f085be7c8329407e7faf0f&0d76bcc43819b5990aa1eb863d31236e&f5414bbbb76113409fafc9f7a8cd416c&ae18a4329fd96d4b38a49b0a7a33727e,https://v39.tiktokcdn-us.com/1198c198103c9d72cdba60ec4ebd0d9b/61e53dff/video/tos/useast2a/tos-useast2a-ve-0068c002/7eeeb48d29a048fb8a43c2e4f44e7786/?a=1233&br=4008&bt=2004&cd=0%7C0%7C0&ch=0&cr=3&cs=2&cv=1&dr=0&ds=3&er=&ft=c~.Zm4L-gXoInz7T&l=2022011703591801011300611823582164&lr=all&mime_type=video_mp4&net=0&pl=0&qs=14&rc=M3V0ZDxmOjtuNDMzMzczM0ApOmUzOjc6aGQ5N2k2O2c2ZmduZGVtNmVzMWRgLS02MTZzc2FeM2MtMTEvMy8uNDA2NmI6Yw%3D%3D&vl=&vr=
38,v090443b0000bu7hkfqqsv284dioh21g,15555,689791&625195&437373,3c338a5a7e6d53deca285934417a7eca&496f564ea3dc87f502cd453a1611e322&4b8e709ba8e71d782dcc1ec4de2dbb7c&25683e1064d55911cdf787a74857f884&5e459a0eb56d24a9f201a40c9f0419f0&62248ae33cf332296558e87510176982,https://v39.tiktokcdn-us.com/3c338a5a7e6d53deca285934417a7eca/61e53e06/video/tos/useast2a/tos-useast2a-ve-0068c002/9e8ed43555484c4b83d5257edb9435d0/?a=1233&br=1346&bt=673&cd=0%7C0%7C0&ch=0&cr=3&cs=2&cv=1&dr=0&ds=6&er=&ft=c~.Zm4L-gXoInz7T&l=2022011703591801011300611823582164&lr=all&mime_type=video_mp4&net=0&pl=0&qs=11&rc=ajVyZzt5dGlreDMzZTczM0ApZzw0Ozk2OmQ0NzVoOWRnZmcuZWYxL3BuaDRfLS0wMTZzc2IyMC1jNF40XjY2LTAwLzQ6Yw%3D%3D&vl=&vr=
39,v09044g40000c3gscaris849rbdm91rg,14975,1649189&1352918&1157202&784297,1d9c07042bca7f70ee4549efb43891fc&532e3e0931d562f31d6b1513aa42fc58&e91d5cc8cd0b3a12f3f5f7471d0d3d66&fe7a63bd5782ef7e6e55755c10f99815&b08b939213d616b90e27ac64b8c6267b&fa9be2ac40a91fac99badc5328623e72&0ec9964d613b334cbeeb05ea20ec3909&7411ca632ff7b60ae1701b306d57c12f,https://v39.tiktokcdn-us.com/1d9c07042bca7f70ee4549efb43891fc/61e53e05/video/tos/useast2a/tos-useast2a-pve-0068/9d511f5263d34272a97a3e7ab284c1ce/?a=1233&br=3220&bt=1610&cd=0%7C0%7C0&ch=0&cr=3&cs=2&cv=1&dr=0&ds=3&er=&ft=c~.Zm4L-gXoInz7T&l=2022011703591801011300611823582164&lr=all&mime_type=video_mp4&net=0&pl=0&qs=14&rc=ajRwZTw7bGR2NjMzNzczM0ApNGg7ODYzNTxpNzw8aTllNGdvNmFvMXBvYGRgLS1kMTZzczIxXi1hNmJeNS02YS1gXjU6Yw%3D%3D&vl=&vr=
40,v09044fd0000buhfv1j9iufl0fi5ir5g,19502,568440&460718&327550,b452f1e9313d4582f925f6439965f82b&e0907f6f7eb41f985264d92383431494&851ca944b9a43d59da6796accde9d32c&814cb612544fafe11a0abf1efa5e4005&096d797d8ae08079fa2c7418d1914485&c87ce95d936abb1c5334ef210d648964,https://v19.tiktokcdn-us.com/b452f1e9313d4582f925f6439965f82b/61e53e67/video/tos/useast2a/tos-useast2a-pve-0068/a27f7933c7584a20ab3fd6eb8b24a7cc/?a=1233&br=1110&bt=555&cd=0%7C0%7C0&ch=0&cr=3&cs=2&cv=1&dr=0&ds=6&er=&ft=c~.Zm4L-gXoInz7T&l=20220117040051010113006244144CCB2A&lr=all&mime_type=video_mp4&net=0&pl=0&qs=11&rc=anU4aW94PDRpeDMzZzczM0ApZ2U2ZTU7ZDw5NzNoZDg5NGcyZmYtY2Znc2VfLS1jMTZzc2MxMmJeL2BeMzM2XmIvMTQ6Yw%3D%3D&vl=&vr=
41,v09044g40000c4oflj3c77ue62ip6i7g,18829,1005587&678099&416779,c91b028abd78f54b7e2b2dc71796c2d1&4a485fc8fe7e791b053889a31858d6dd&6d8ac348a915e675493614d85d96b1b3&48730e849bcc2699017ad0f7cfa45fa4&1dcadc2fb9f661922dd25e452d7c70c1&677966f598b8eae7e57d7d2a11f4f288,https://v19.tiktokcdn-us.com/c91b028abd78f54b7e2b2dc71796c2d1/61e53e66/video/tos/useast2a/tos-useast2a-ve-0068c004/ba81bb2590184a42916525640ac6a34f/?a=1233&br=1964&bt=982&cd=0%7C0%7C0&ch=0&cr=3&cs=2&cv=1&dr=0&ds=6&er=&ft=c~.Zm4L-gXoInz7T&l=20220117040051010113006244144CCB2A&lr=all&mime_type=video_mp4&net=0&pl=0&qs=11&rc=amxzNWg6Zm1pNzMzNzczM0ApOTpnNDZkZ2U3Nzc7Zzg4OWc0M2YzcjQwaWxgLS1kMTZzc2AyNmA1MTRgNS40LjViM186Yw%3D%3D&vl=&vr=
42,v09044g40000c3mrtfbc77uahb02m4jg,7149,1009186&814846&469416&322285,a7d501b542a7d760b263be2309d829c1&0778e2474cb2d592b62111e4f7ac1ddc&b43d5e0fb7a61c2d0095b5db2489d417&8972a820356bc9b996f4d905cebfc8f2&9dc04ca03cae648b44226fb68b98f162&bbbc3e4c5656adae80a4a02277b3486c&18ca8a0f5a39a91815a65e0c8fb19648&a301ed6e907a6d763bcd44e87da7e1b4,https://v19.tiktokcdn-us.com/a7d501b542a7d760b263be2309d829c1/61e53e5a/video/tos/useast2a/tos-useast2a-pve-0068/3ebc7ee2989f443883330b31dfab49f4/?a=1233&br=1970&bt=985&cd=0%7C0%7C0&ch=0&cr=3&cs=2&cv=1&dr=0&ds=3&er=&ft=c~.Zm4L-gXoInz7T&l=20220117040051010113006244144CCB2A&lr=all&mime_type=video_mp4&net=0&pl=0&qs=14&rc=ajc1ZWQ6Zml1NjMzNzczM0ApOWg2NjxmNDw2NzY8OTg4Z2dnai1lcjRfcWpgLS1kMTZzczA1LWJgYy9jYi9eMGIvXjY6Yw%3D%3D&vl=&vr=
43,v09044g40000c442udjc77u82pan8nr0,10773,532271&468564&315901,5f4332f3d5a06ce31ab949c8cfeac92a&23ed491688548bd4648a0ff741abacdd&f38b72642592463e50eb5778b3e538b8&7494851f03417877792481aa82b10be1&73b348eb7ba78bf80bc40e8817526725&3af66240f68c91bfe797a8499332e361,https://v19.tiktokcdn-us.com/5f4332f3d5a06ce31ab949c8cfeac92a/61e53e5e/video/tos/useast2a/tos-useast2a-ve-0068c004/8ef5572352a949ec98150aec8025dd70/?a=1233&br=1038&bt=519&cd=0%7C0%7C0&ch=0&cr=3&cs=2&cv=1&dr=0&ds=6&er=&ft=c~.Zm4L-gXoInz7T&l=20220117040051010113006244144CCB2A&lr=all&mime_type=video_mp4&net=0&pl=0&qs=11&rc=M3Fxczs6Zmc1NzMzNzczM0ApOWdkPDllaDtlNzs0aDdmNmdvNV4vcjRncjFgLS1kMTZzczFiXzQzNjU0NV9fLWBfXl86Yw%3D%3D&vl=&vr=
44,v12044gd0000c6438f3c77uf5sb2qspg,7637,438273&308591&211521&145661,23f634759c3ce55a9c6fcae6be455563&7276b8b1f090bd700903cb6d52bf19ed&06c2671066370093a7cb8f6684b01da8&655ec39ab89075af37b62580e45da3ef&7f113bbc1373d8d91cf80a1201f6c349&51bef08bddcce3d71ca1140576f3751a&45acf0de56693f7015b04d3aa23732fa&f8db897c8daa9956e92289b1b214df4f,https://v19.tiktokcdn-us.com/23f634759c3ce55a9c6fcae6be455563/61e53e5b/video/tos/maliva/tos-maliva-ve-0068c799-us/76d2b8ec07e045ac97babd32e7849b66/?a=1233&br=856&bt=428&cd=0%7C0%7C0&ch=0&cr=3&cs=2&cv=1&dr=0&ds=3&er=&ft=c~.Zm4L-gXoInz7T&l=20220117040051010113006244144CCB2A&lr=all&mime_type=video_mp4&net=0&pl=0&qs=14&rc=anY1dmk6Zmk2OTMzZzczNEApNTM7PDplZDs3N2k3NTQ0NGdtbl8ycjQwNTFgLS1kMS9zcy1iMTNhMjVgXzFhX2MvNWI6Yw%3D%3D&vl=&vr=
45,v09044g40000c3r8kabc77u0jldggbg0,12769,2330361&1704943&1469448&996082,f10f3ea19e3aad24f726ba0049f62554&dbc9bc9436283279bb07604730339482&9690a1a37928c05ece6e3dbe6c1f5b29&7ed784429e2841c5d7c0da8dc73aa01e&790cc479e4a54e05131b5df6d8f4800e&b5d8011554a09e83a426e6c08753fded&e9558982c1a4e0960c3ddf3d98043f71&13ed8c4e6ca04a3df56d00d70017fa88,https://v19.tiktokcdn-us.com/f10f3ea19e3aad24f726ba0049f62554/61e53e60/video/tos/useast2a/tos-useast2a-pve-0068/8cab7da36e664048988304d7ef7a47b7/?a=1233&br=4550&bt=2275&cd=0%7C0%7C0&ch=0&cr=3&cs=2&cv=1&dr=0&ds=3&er=&ft=c~.Zm4L-gXoInz7T&l=20220117040051010113006244144CCB2A&lr=all&mime_type=video_mp4&net=0&pl=0&qs=14&rc=M2VqbzM6ZmQ7NjMzNzczM0ApaDY2PGk8aTs8NzhpPDg8OmdkZGFncjRfaG9gLS1kMTZzcy1jY2BgMF5iMjQwLS8wYGA6Yw%3D%3D&vl=&vr=
46,v09025g40000c5tphj3c77u9non5uja0,11632,391326&216922&156694,edb1990e74d25270e3a37ea023a5e6a4&39990fe583499e4338e3088669431f1c&4621dfbbd7ce5e4a1611b9a43bf612d7&7636a808c57f04d6d838949544bdc139&31bb10ad71a2d45865e53de3821041bf&cce0096a5e7cf297decb16f077057403,https://v19.tiktokcdn-us.com/edb1990e74d25270e3a37ea023a5e6a4/61e53e5f/video/tos/useast2a/tos-useast2a-pve-0068/0db5a52be4814ca482755ba7b47a0966/?a=1233&br=764&bt=382&cd=0%7C0%7C0&ch=0&cr=3&cs=2&cv=1&dr=0&ds=6&er=&ft=c~.Zm4L-gXoInz7T&l=20220117040051010113006244144CCB2A&lr=all&mime_type=video_mp4&net=0&pl=0&qs=11&rc=M204cjw6Zm1zODMzNzgzM0ApZmZkOGdkaTs0NztmODk3aGdecmtrcjQwZXFgLS1kLzZzc2BjMWAwLTRfMC8wYmAuNGI6Yw%3D%3D&vl=&vr=
47,v09044g40000c4kh153c77u3i2t1e3f0,20710,790267&584037&389756&259282,3d80316b4bf453b3775b1d41220e2b7b&d76ebf34242d939d1794664a79920e1e&93cdcd4520464e6ae2da163af186ac19&1e1167f590b76ab244d0e15e34506099&ea60a165e2b19b9e225adb096d59e68b&f02cd7bd4509e7da40d83230e4f14d21&62edd308351db5dc8144436438dea074&05b36e851e814e2cd470831f3712a61c,https://v19.tiktokcdn-us.com/3d80316b4bf453b3775b1d41220e2b7b/61e53e68/video/tos/useast2a/tos-useast2a-ve-0068c004/fc7e9f17e2344ce89e8aa991b7d0e895/?a=1233&br=1542&bt=771&cd=0%7C0%7C0&ch=0&cr=3&cs=2&cv=1&dr=0&ds=3&er=&ft=c~.Zm4L-gXoInz7T&l=20220117040051010113006244144CCB2A&lr=all&mime_type=video_mp4&net=0&pl=0&qs=14&rc=MzY0NTY6ZjhrNzMzNzczM0ApOGY1OzNoNjs2NzZlM2UzOWdjYnFmcjQwLmhgLS1kMTZzc2IzLy1iNjNeYC4uMTIuLTA6Yw%3D%3D&vl=&vr=
48,v09044g40000c31h4berlhljq0la6gmg,11702,1276937&955175&436320&297005,a5e74a846911e7ff4d0152160d3eb63d&83f7408504e4ed7b2f6337fa567c93e9&88a18a83e11f6529189c32cfd1b86f59&42555c0238b43960abfb833c793381e4&25de6737256a9a64e657193fbf6ddf08&f9e2e31c9eb3f61637e99820ced4ba5f&3b316a85f3d92dcae121bf219aef7955&efd50bc7d39f8db5422ece68602c392b,https://v19.tiktokcdn-us.com/a5e74a846911e7ff4d0152160d3eb63d/61e53e5f/video/tos/useast2a/tos-useast2a-ve-0068c001/c3efc14c6e3045bb9d9a7123d0c5447d/?a=1233&br=2494&bt=1247&cd=0%7C0%7C0&ch=0&cr=3&cs=2&cv=1&dr=0&ds=3&er=&ft=c~.Zm4L-gXoInz7T&l=20220117040051010113006244144CCB2A&lr=all&mime_type=video_mp4&net=0&pl=0&qs=14&rc=ampkM21rdWVrNjMzNzczM0ApZ2g5Njs0PGVoNzNkNzdoPGdqM2luaWliMS5gLS1kMTZzczBjYGMyLjQ2My4uLTYyMjE6Yw%3D%3D&vl=&vr=
49,v09044g40000c3odp7bc77u6gocp9d6g,6662,1213038&1048223&705115,81e540b3da4db84dabb03b9ab03567a0&013c3a6a046ee3e12ad536bbcc155552&1e1953a67eaaa7b791841c5cf70f8e3f&a4212f63a95d9b9e08e6962109191d06&ea6b0f43ebefbf1c2428cbbb054af9b0&56f5ba52508786990a19abfb88f73429,https://v19.tiktokcdn-us.com/81e540b3da4db84dabb03b9ab03567a0/61e53e5a/video/tos/useast2a/tos-useast2a-ve-0068c003/de59c410050643d6ae007381bedffa4e/?a=1233&br=2368&bt=1184&cd=0%7C0%7C0&ch=0&cr=3&cs=2&cv=1&dr=0&ds=6&er=&ft=c~.Zm4L-gXoInz7T&l=20220117040051010113006244144CCB2A&lr=all&mime_type=video_mp4&net=0&pl=0&qs=11&rc=amdzcjk6ZjpnNjMzNzczM0ApOTQ2NzdlPDs1N2Q8ZWc4N2czNmBkcjRfbWxgLS1kMTZzc2MvNS8tMy8zYDItXzIvLWA6Yw%3D%3D&vl=&vr=
50,v10044g50000c46ig0bc77u3svl4snj0,15439,1003742&711074&460554,5fc4bfcd26e7e8b3d79af58a316424b0&1e5fea704aa64dfd2f6326befc13bea6&de25eb15120c0b54cd6684240637f2df&2aeb2e29b89fc55b2b55051a8f06cfd9&c60feedfcc639319ecd831d52fcafa99&2674feb724cb7271ae7511814893cca4,https://v16m.tiktokcdn-us.com/5fc4bfcd26e7e8b3d79af58a316424b0/61e53e9b/video/tos/alisg/tos-alisg-pve-0037c001/e423ff66fd7745cca108a9f2edb90248/?a=1233&br=1960&bt=980&cd=0%7C0%7C0&ch=0&cr=3&cs=2&cv=1&dr=0&ds=6&er=&ft=c~.Zm4L-gXoInz7T&l=202201170401480101131350412259DA8C&lr=all&mime_type=video_mp4&net=0&pl=0&qs=11&rc=M3E3eTY6ZjNsNzMzODczNEApOzk4M2Q2OTtoNzxpOWhoZGdncGlwcjRfZDNgLS1kMS1zczItY19iMzNhYzJfYTExYTI6Yw%3D%3D&vl=&vr=
51,v09044g40000c34mtnth8h41mpjnku00,7382,1175019&925927&534792&327161,bb62a15df00b0e227a1f3f21c87835c8&a4277376f810456348b9e45bf88b8f33&3c7ad810646672b8ceca6ebd9b88d0f6&ca61f40869f09abd093e6d9894048a8c&f278166ab015e399d40908f3a95c4f8d&5474e7ff70ae7705463159713a960173&c5090077c8546d1f60d8ae15d024b08e&6e9fc135e926499dbd43267780345867,https://v16m.tiktokcdn-us.com/bb62a15df00b0e227a1f3f21c87835c8/61e53e93/video/tos/useast2a/tos-useast2a-ve-0068c002/18dc538910c34b97b0ba2334398c0c1c/?a=1233&br=2294&bt=1147&cd=0%7C0%7C0&ch=0&cr=3&cs=2&cv=1&dr=0&ds=3&er=&ft=c~.Zm4L-gXoInz7T&l=202201170401480101131350412259DA8C&lr=all&mime_type=video_mp4&net=0&pl=0&qs=14&rc=M3hxczRra3FwNjMzNzczM0ApOmVnZTNmPGVkNzg5OjMzZmctaGdqMTVxcTFgLS1kMTZzczBeYDMyMS1iXjE2L2BgYjU6Yw%3D%3D&vl=&vr=
52,v09044g40000c4ogfhrc77u057cokt50,11283,1788582&1332930&1009342&674293,6471c68c9a1e4c4ef777c3240f5fad76&64c7d2f123b3315f56ad15b796596aff&afc33f41f6e664e621de0f8e4d6b7109&8aa25db9d1694c77f8b7c2be6088a2e6&6a9df795536629fd91e1d7ec21c217c0&fa905728c19fbfed1db43bee10c8042c&38b03bb42618b5a1b973bcce863387ee&2b92f6439444666c1ceffb885dd4370c,https://v16m.tiktokcdn-us.com/6471c68c9a1e4c4ef777c3240f5fad76/61e53e97/video/tos/useast2a/tos-useast2a-ve-0068c004/37fdace7ea5e47a28e67f8ddd291d8cf/?a=1233&br=3492&bt=1746&cd=0%7C0%7C0&ch=0&cr=3&cs=2&cv=1&dr=0&ds=3&er=&ft=c~.Zm4L-gXoInz7T&l=202201170401480101131350412259DA8C&lr=all&mime_type=video_mp4&net=0&pl=0&qs=14&rc=M3dyOjM6ZmtqNzMzNzczM0ApNTQ1PGg2NTxmN2dkOzc6ZGcyaGAycjRvY2xgLS1kMTZzczA1Xy9gMC5gXzZjMC9eMl86Yw%3D%3D&vl=&vr=
53,v09044310000bmoil77ho6foanv5jaj0,8267,1413832&978032&948578&551346,1c4516a579fb30e540dbf82d1c085ac1&5f8aaab06466327b035638e45bf4c48b&5159d61dae2e88c18e9ba52236582042&3200751d7b54799768252c4bf23777eb&f91b0ad4c9cea937662d72085f0bd58e&2dc84f8b83fb83bddd4c2fa251163175&a8507f6a881007ea38915ed58d1f011c&c6c8be7fc55f84a1799fa90f62f36e58,https://v16m.tiktokcdn-us.com/1c4516a579fb30e540dbf82d1c085ac1/61e53e94/video/tos/useast2a/tos-useast2a-ve-0068/ddd5955b873440ed8f5b7bf11392250d/?a=1233&br=2760&bt=1380&cd=0%7C0%7C0&ch=0&cr=3&cs=2&cv=1&dr=0&ds=3&er=&ft=c~.Zm4L-gXoInz7T&l=202201170401480101131350412259DA8C&lr=all&mime_type=video_mp4&net=0&pl=0&qs=14&rc=M2Q4cXI5azpscDMzNDczM0ApaWVmNDQ3NztoNztlODY4OWdnZ3NeY2w0aWxfLS0wMTZzc19fMi00Nl8zMTVjYy0yY146Yw%3D%3D&vl=&vr=
54,v09044g40000c2gsjnial962u1po35p0,6430,770553&599707&407073,7c25c3787159e85696496269d741c113&27729bccf5f85d0c09946d35427c0052&58535c2274ef8504764e3def08e95ec0&0e37aee3c42ccaae1612ae98e0c237fb&54d4b593ddfe7e2bd5c6914015ecfca1&2855b0e8f8f8e1bef352a59bd5dd3d87,https://v16m.tiktokcdn-us.com/7c25c3787159e85696496269d741c113/61e53e92/video/tos/useast2a/tos-useast2a-ve-0068c003/c87454664ebb4e1a9171e23979c58e98/?a=1233&br=1504&bt=752&cd=0%7C0%7C0&ch=0&cr=3&cs=2&cv=1&dr=0&ds=6&er=&ft=c~.Zm4L-gXoInz7T&l=202201170401480101131350412259DA8C&lr=all&mime_type=video_mp4&net=0&pl=0&qs=11&rc=MzhyNDU8ZHF2NTMzNzczM0ApZzg8Mzc7OjtmN2g4ZGdkOmdtMG1yM2lmZ2RgLS1kMTZzczAxMDY2LjI1Nl4zNS5iYDU6Yw%3D%3D&vl=&vr=
55,v09044g40000c410g73c77uf1vhdufc0,8635,1640421&1292537&1074754&697653,b53e61210dd22c9c301f5a8966831035&4d7225a38a9ec03cb15e5dc8369dc9dc&e00dfae1905641e58467846cc0ee3faf&7b13705ba8f4a4576cfa1fa3141f3ba1&0453dc06febfae0336846fc426e77f81&d80d7b838d67c388a75d8fd4df93a917&e48617efc20847d8eb8a0adcc4dac78c&77380377150b8317958ef4a138b6c97c,https://v16m.tiktokcdn-us.com/b53e61210dd22c9c301f5a8966831035/61e53e94/video/tos/useast2a/tos-useast2a-pve-0068/186f2293eddc429e855872f618200d52/?a=1233&br=3202&bt=1601&cd=0%7C0%7C0&ch=0&cr=3&cs=2&cv=1&dr=0&ds=3&er=&ft=c~.Zm4L-gXoInz7T&l=202201170401480101131350412259DA8C&lr=all&mime_type=video_mp4&net=0&pl=0&qs=14&rc=M2lneWk6ZjozNzMzNzczM0ApaGc8OTNmNGU7NzUzODU8M2dgcmUucjQwZC5gLS1kMTZzczAyMS4zYjFgMC00M2AyLWA6Yw%3D%3D&vl=&vr=
56,v09044g40000c3ai05e0nro67dgk3fbg,9286,1284202&756360&437868&275058,363783bd57f74a946d2efb78884bdb2f&8b5908788d89abeb67a80419e42f9e6e&ca1ccc8019dd76f6ddb6978df53019e9&e8c68ea5f28daec2c3b225f0ecbd27b1&2f41924541cf5e95b1e5ce1a1fbb9f5c&0222f5a70f23fd2ab60d2a0ae450d076&aed5447b012a254916c72edf5aca3834&1ce909bb4c7db2c2e50ee6e920e854e8,https://v16m.tiktokcdn-us.com/363783bd57f74a946d2efb78884bdb2f/61e53e95/video/tos/useast2a/tos-useast2a-pve-0068/e6e3a6962bc94b55b4ea6c5013954c7f/?a=1233&br=2508&bt=1254&cd=0%7C0%7C0&ch=0&cr=3&cs=2&cv=1&dr=0&ds=3&er=&ft=c~.Zm4L-gXoInz7T&l=202201170401480101131350412259DA8C&lr=all&mime_type=video_mp4&net=0&pl=0&qs=14&rc=amluZzl1MzhsNjMzNzczM0ApNGc3Zmk5Zjw2NzxlZ2RnPGdfMGQ0bGtiLV5gLS1kMTZzczJjNS8tYGIvLmI1Y180YS86Yw%3D%3D&vl=&vr=
57,v09044g40000c45clkjc77u4160srdj0,19781,594321&416882&283318&196864,d89cfe8038c35638d1729c382b663447&f2b11573f3c85d2530121303240a6e0c&9f0918272d0150f4ada8d6d51ac88183&05a377a1a577bb4fb1996fb59dea1948&15f77d17ed183a13ef5ef4604b15f926&05ec509a85dcbf339e841af4cd117c88&de1ca604943e35704f65230e32ecbb57&0c1924408a1d8a318bb6177a3f9896cf,https://v16m.tiktokcdn-us.com/d89cfe8038c35638d1729c382b663447/61e53e9f/video/tos/useast2a/tos-useast2a-ve-0068c001/f9d901e8f28941f9bfce8994d038f273/?a=1233&br=1160&bt=580&cd=0%7C0%7C0&ch=0&cr=3&cs=2&cv=1&dr=0&ds=3&er=&ft=c~.Zm4L-gXoInz7T&l=202201170401480101131350412259DA8C&lr=all&mime_type=video_mp4&net=0&pl=0&qs=14&rc=M2d2OTc6Zm5mNzMzNzczM0ApZDw6PDg8OTw6NzpoOztmPGdnby0ucjRnaTJgLS1kMTZzc2ItYzZiMjQvXi8zYy4uNjA6Yw%3D%3D&vl=&vr=
58,v09044g40000c4aqt4bc77uek70jn260,14603,853714&490562&304377,29599433aabdfbefda22ae4bf5fb5d86&615d62135acb133fa193bffde5f81ff4&f0dfe34ce4e3dc9d0b5d29ce56f2f1f9&980a1f6f08bd8d00ab5b31437c9093cb&60ee6d72977212ad1c0cea1a492a3ea5&2294b963430a3a0d704c5e5f8416ba9b,https://v16m.tiktokcdn-us.com/29599433aabdfbefda22ae4bf5fb5d86/61e53e9a/video/tos/useast2a/tos-useast2a-ve-0068c003/f5ab0881c8614d2997fc3563a380cca5/?a=1233&br=1666&bt=833&cd=0%7C0%7C0&ch=0&cr=3&cs=2&cv=1&dr=0&ds=6&er=&ft=c~.Zm4L-gXoInz7T&l=202201170401480101131350412259DA8C&lr=all&mime_type=video_mp4&net=0&pl=0&qs=11&rc=MzVtOmg6Zjd0NzMzNzczM0ApZ2lnPGlkPDw8NzM6aGQ4aGczay1ocjRfcV5gLS1kMTZzcy0tX2JjX18yMzM2LmFhNTM6Yw%3D%3D&vl=&vr=
59,v09044g40000c3vdmejc77u7uoaiehrg,11330,566505&438577&226220&162988,9abd9f8d03fbb85b97ad6d2b782af630&7c9f1730236982608c9dc9fef746765f&6ff798c6561424a429c12686d5f9a772&2ad003a45873e078c0b0a2e14788b0db&a0ff04eaee22ce0faca13e7a14a0dc59&c0a1d8ae59aa50485945c642c53e391b&5c1ee3ee52bc234304ca0c2f2fdc02c4&453ad81ce8555ed3c7bb49a56c9fc483,https://v16m.tiktokcdn-us.com/9abd9f8d03fbb85b97ad6d2b782af630/61e53e97/video/tos/useast2a/tos-useast2a-pve-0068/dd6af54476d34c538cb4008e341b415b/?a=1233&br=1106&bt=553&cd=0%7C0%7C0&ch=0&cr=3&cs=2&cv=1&dr=0&ds=3&er=&ft=c~.Zm4L-gXoInz7T&l=202201170401480101131350412259DA8C&lr=all&mime_type=video_mp4&net=0&pl=0&qs=14&rc=amtscjo6ZmhnNjMzNzczM0ApOzVmNDg0Ojs8N2g7OWk2ZmdvYl5ycjRnanNgLS1kMTZzc2A0YTQ2NDMtMjExNDQwLS06Yw%3D%3D&vl=&vr=
