video/mp4, bytes 0-2516112/2516113, 1642387650.5217702, 1642387650.5226562, 1642387650.5577512, 1642387653.1886244, v25-us.tiktokcdn.com, 743abfa0d7136da8694bf39026ea9645, /743abfa0d7136da8694bf39026ea9645/61e52d36/video/tos/useast5/tos-useast5-ve-0068c004-tx/a62d08acb13a4b6ca7c0adb24b7f217d/?a=1233&br=1886&bt=943&cd=0%7C0%7C0&ch=0&cr=3&cs=2&cv=1&dr=0&ds=3&er=&ft=xo5uS4L-gXoInz7T&l=202201170247290101890720721CAE4AA1&lr=all&mime_type=video_mp4&net=0&pl=0&qs=14&rc=am48Ojs6Zm8zOTMzZzczNEApO2hoZWY8N2Q8NzQ1O2ZpNGc0LmtqcjQwZ2xgLS1kMS9zczBeYjUyX2FgNF5iYi4zYS06Yw%3D%3D&vl=&vr=
video/mp4, bytes 0-755684/755685, 1642387656.2603288, 1642387656.2677133, 1642387656.4704897, 1642387657.1887605, v25-us.tiktokcdn.com, 69fd5875567b235262260dbec3460d34, /69fd5875567b235262260dbec3460d34/61e52d31/video/tos/useast5/tos-useast5-ve-0068c002-tx/77744a8279264a1d917a9730a274fe34/?a=1233&br=1112&bt=556&cd=0%7C0%7C0&ch=0&cr=3&cs=2&cv=1&dr=0&ds=6&er=&ft=xo5uS4L-gXoInz7T&l=202201170247340101910650791129207C&lr=all&mime_type=video_mp4&net=0&pl=0&qs=4&rc=Mzw0aTs6ZnVwOjMzZzczNEApOjtpOzU7N2RmNzs6NDtoPGcyZHNwcjRnaS5gLS1kMS9zcy4tLy0xYl4yX15fLi1eMzM6Yw%3D%3D&vl=&vr=
video/mp4, bytes 0-988620/988621, 1642387660.9467494, 1642387660.9480212, 1642387660.9749362, 1642387661.84658, v25-us.tiktokcdn.com, 4ede8f3bd69eecf55df3334752f911c8, /4ede8f3bd69eecf55df3334752f911c8/61e52d34/video/tos/useast5/tos-useast5-pve-0068-tx/8e7241bb02684d249f35ffddec736e0c/?a=1233&br=1122&bt=561&cd=0%7C0%7C0&ch=0&cr=3&cs=2&cv=1&dr=0&ds=6&er=&ft=xo5uS4L-gXoInz7T&l=202201170247340101910650791129207C&lr=all&mime_type=video_mp4&net=0&pl=0&qs=4&rc=ajdndGc6Zm87OjMzZzczNEApNjxpOTk8Z2U5NzQ3ZzlnOWdqMmQ2cjRvLmBgLS1kMS9zc180Mi4zLjAyMjIyM2A1NTQ6Yw%3D%3D&vl=&vr=
video/mp4, bytes, 1642387698.8089082, 1642387698.8097038, 1642387698.8318403, 1642387699.397038, v16m.tiktokcdn-us.com, 08167ebadebd128baf8b9d658ce531fb, /08167ebadebd128baf8b9d658ce531fb/61e52d47/video/tos/useast2a/tos-useast2a-ve-0068c004/c0f25d1b31ba4b86a90cb22cfe1b1294/?a=1233&br=1116&bt=558&cd=0%7C0%7C0&ch=0&cr=3&cs=2&cv=1&dr=0&ds=6&er=&ft=c~.Zm4L-gXoInz7T&l=202201170247590101131351682446B699&lr=all&mime_type=video_mp4&net=0&pl=0&qs=4&rc=anRuNnZvNHNodzMzODczM0ApZjk8NWg5PGVoNzZlZGQ3OmdtYnJpNTJzXnJfLS1iMTZzczMuMF5hMmBhM2NfMi1gYTY6Yw%3D%3D&vl=&vr=
video/mp4, bytesbytes 0-1005419/1005420, 1642387699.7350035, 1642387699.7362711, 1642387699.782993, 1642387700.7388747, v16m.tiktokcdn-us.com, b621183e837b30e8d85d4b9c5b1bbae7, /b621183e837b30e8d85d4b9c5b1bbae7/61e52d4c/video/tos/useast5/tos-useast5-ve-0068c004-tx/7fb7755292e94b97ae2acf9bbfa03fe3/?a=1233&br=1250&bt=625&cd=0%7C0%7C0&ch=0&cr=3&cs=2&cv=1&dr=0&ds=6&er=&ft=c~.Zm4L-gXoInz7T&l=202201170247590101131351682446B699&lr=all&mime_type=video_mp4&net=0&pl=0&qs=11&rc=M2RmZGQ6ZjNzOjMzZzczNEApMzY7PDVoNWVlNzQ5aTppN2drLWxocjRnc19gLS1kMS9zcy4vYF5hMDA0NjI2MzNhYC86Yw%3D%3D&vl=&vr=
video/mp4, bytesbytes 0-1024000/2209343, 1642387701.2470078, 1642387701.2479768, 1642387701.2840903, 1642387702.2703495, v16m.tiktokcdn-us.com, e3e35e92bdbb43e2fb473a211d5dd471, /e3e35e92bdbb43e2fb473a211d5dd471/61e52d54/video/tos/useast2a/tos-useast2a-ve-0068c003/a3916a82751449e5bc996d3ea4c44e77/?a=1233&br=1710&bt=855&cd=0%7C0%7C0&ch=0&cr=3&cs=2&cv=1&dr=0&ds=6&er=&ft=c~.Zm4L-gXoInz7T&l=202201170247590101131351682446B699&lr=all&mime_type=video_mp4&net=0&pl=0&qs=5&rc=ajx1NTU6ZmdqOTMzNzczM0ApZmk0NjlpOGQ4N2U4NTg8aGcwcTEucjQwbnJgLS1kMTZzc2EzYGBjLTYyNTNgYi1fNTY6Yw%3D%3D&vl=&vr=
video/mp4, bytesbytes 0-1024000/1434945, 1642387703.0333955, 1642387703.0345485, 1642387703.055053, 1642387704.0239902, v16m.tiktokcdn-us.com, 9bc105dfaa32bffd7ec1398644afdb61, /9bc105dfaa32bffd7ec1398644afdb61/61e52d51/video/tos/useast2a/tos-useast2a-ve-0068c003/50066f8f4d2b488ba152414c82b60e3c/?a=1233&br=1258&bt=629&cd=0%7C0%7C0&ch=0&cr=3&cs=2&cv=1&dr=0&ds=6&er=&ft=c~.Zm4L-gXoInz7T&l=202201170247590101131351682446B699&lr=all&mime_type=video_mp4&net=0&pl=0&qs=11&rc=anZ3NmhraW1tNDMzNzczM0ApZjw7NmQ1OWQ8N2hoZjU2OGdubmg0Ml9oYGhgLS1kMTZzczZhNi8tMDJiMzRfMTRiNTY6Yw%3D%3D&vl=&vr=
video/mp4, bytesbytes 0-1024000/3199001, 1642387704.4682293, 1642387704.4694674, 1642387704.4983609, 1642387705.4733238, v16m.tiktokcdn-us.com, 073d4a0e533673f6f016cadd4493be41, /073d4a0e533673f6f016cadd4493be41/61e52d6d/video/tos/useast2a/tos-useast2a-pve-0068/d71c0e8d4bdd441cb28765ca3433472b/?a=1233&br=1084&bt=542&cd=0%7C0%7C0&ch=0&cr=3&cs=2&cv=1&dr=0&ds=3&er=&ft=c~.Zm4L-gXoInz7T&l=202201170247590101131351682446B699&lr=all&mime_type=video_mp4&net=0&pl=0&qs=14&rc=M25oMzw6ZjhqNjMzNzczM0ApN2kzaWQ4NDtmN2c6ZTg8aWdrYjJlcjRfNmlgLS1kMTZzczA0YmNjY2AtYDI2MDBfNjY6Yw%3D%3D&vl=&vr=
video/mp4, bytesbytes 0-1024000/1181632, 1642387706.1057758, 1642387706.1068907, 1642387706.138097, 1642387707.1238937, v16m.tiktokcdn-us.com, 8333b7c2e3891e0bc8f632c440c23369, /8333b7c2e3891e0bc8f632c440c23369/61e52d50/video/tos/useast2a/tos-useast2a-pve-0068/353eea5c512a4e96bf4aed8f1a7c9fe9/?a=1233&br=1108&bt=554&cd=0%7C0%7C0&ch=0&cr=3&cs=2&cv=1&dr=0&ds=3&er=&ft=c~.Zm4L-gXoInz7T&l=202201170247590101131351682446B699&lr=all&mime_type=video_mp4&net=0&pl=0&qs=14&rc=MzZ4bjQ6ZmtoNzMzNzczM0ApODc0NGk0NmVlN2Q7OjczM2c0MGRjcjQwci9gLS1kMTZzcy8tMWFiYS5fMzIyNTUxXy06Yw%3D%3D&vl=&vr=
video/mp4, bytesbytes 0-1024000/1492687, 1642387719.6242554, 1642387719.6316946, 1642387719.729522, 1642387720.7041202, v16m.tiktokcdn-us.com, e441f1d1c8ff8fe60ededaa059a4b413, /e441f1d1c8ff8fe60ededaa059a4b413/61e52d57/video/tos/useast2a/tos-useast2a-ve-0068c004/02c11bae6e0c4bbaa3a6e4b386e22249/?a=1233&br=980&bt=490&cd=0%7C0%7C0&ch=0&cr=3&cs=2&cv=1&dr=0&ds=6&er=&ft=c~.Zm4L-gXoInz7T&l=202201170247590101131351682446B699&lr=all&mime_type=video_mp4&net=0&pl=0&qs=4&rc=amQ1NTN2aDpmNjMzNzczM0ApNmg5OTw2ODtnNzhoO2RlNWc0LmVxZWpmNjBgLS1kMTZzczQyLy8wYjAyLl9jL2JjXjQ6Yw%3D%3D&vl=&vr=
video/mp4, bytesbytes 1024000-2209342/2209343, 1642387721.6472633, 1642387721.64943, 1642387721.742316, 1642387723.4334538, v16m.tiktokcdn-us.com, e3e35e92bdbb43e2fb473a211d5dd471, /e3e35e92bdbb43e2fb473a211d5dd471/61e52d54/video/tos/useast2a/tos-useast2a-ve-0068c003/a3916a82751449e5bc996d3ea4c44e77/?a=1233&br=1710&bt=855&cd=0%7C0%7C0&ch=0&cr=3&cs=2&cv=1&dr=0&ds=6&er=&ft=c~.Zm4L-gXoInz7T&l=202201170247590101131351682446B699&lr=all&mime_type=video_mp4&net=0&pl=0&qs=5&rc=ajx1NTU6ZmdqOTMzNzczM0ApZmk0NjlpOGQ4N2U4NTg8aGcwcTEucjQwbnJgLS1kMTZzc2EzYGBjLTYyNTNgYi1fNTY6Yw%3D%3D&vl=&vr=
video/mp4, bytesbytes 1024000-1434944/1434945, 1642387724.31888, 1642387724.3209534, 1642387724.3595228, 1642387724.779171, v16m.tiktokcdn-us.com, 9bc105dfaa32bffd7ec1398644afdb61, /9bc105dfaa32bffd7ec1398644afdb61/61e52d51/video/tos/useast2a/tos-useast2a-ve-0068c003/50066f8f4d2b488ba152414c82b60e3c/?a=1233&br=1258&bt=629&cd=0%7C0%7C0&ch=0&cr=3&cs=2&cv=1&dr=0&ds=6&er=&ft=c~.Zm4L-gXoInz7T&l=202201170247590101131351682446B699&lr=all&mime_type=video_mp4&net=0&pl=0&qs=11&rc=anZ3NmhraW1tNDMzNzczM0ApZjw7NmQ1OWQ8N2hoZjU2OGdubmg0Ml9oYGhgLS1kMTZzczZhNi8tMDJiMzRfMTRiNTY6Yw%3D%3D&vl=&vr=
video/mp4, bytesbytes 0-1024000/3653700, 1642387725.0402937, 1642387725.0414255, 1642387725.0902607, 1642387726.4244754, v16m.tiktokcdn-us.com, 70e5f5284aebe06014e1a874caf4d2f1, /70e5f5284aebe06014e1a874caf4d2f1/61e52d72/video/tos/useast2a/tos-useast2a-ve-0068c001/5bc95ee24c964e9b933f7770c02b2951/?a=1233&br=1136&bt=568&cd=0%7C0%7C0&ch=0&cr=3&cs=2&cv=1&dr=0&ds=6&er=&ft=c~.Zm4L-gXoInz7T&l=202201170247590101131351682446B699&lr=all&mime_type=video_mp4&net=0&pl=0&qs=5&rc=M2plODQ6ZjllNjMzNzczM0ApNWUzOGQ7NTw4Nzg8ZWU8O2drLmJucjQwLnBgLS1kMTZzczBjNjQvMDZeYS8xNGEvMDA6Yw%3D%3D&vl=&vr=
video/mp4, bytesbytes 0-283561/283562, 1642387726.9637644, 1642387726.9660945, 1642387726.9962175, 1642387727.3701932, v16m.tiktokcdn-us.com, b9a4646980118a54edf27a6d65ebe670, /b9a4646980118a54edf27a6d65ebe670/61e52d46/video/tos/useast2a/tos-useast2a-ve-0068c003/c82291f2f7744bbabb097f3a38918c6a/?a=1233&br=666&bt=333&cd=0%7C0%7C0&ch=0&cr=3&cs=2&cv=1&dr=0&ds=6&er=&ft=c~.Zm4L-gXoInz7T&l=202201170247590101131351682446B699&lr=all&mime_type=video_mp4&net=0&pl=0&qs=4&rc=anVseHJvbmdtdTMzZjczM0ApZWc2M2g4PDs6N2g5ZDdkaWdwNDYwcnM0L3BfLS0yMTZzczE1MmBgYDNfYDYuMWM2YTE6Yw%3D%3D&vl=&vr=
video/mp4, bytesbytes 1024000-3199000/3199001, 1642387727.6759198, 1642387727.6788785, 1642387727.7548168, 1642387731.2286546, v16m.tiktokcdn-us.com, 073d4a0e533673f6f016cadd4493be41, /073d4a0e533673f6f016cadd4493be41/61e52d6d/video/tos/useast2a/tos-useast2a-pve-0068/d71c0e8d4bdd441cb28765ca3433472b/?a=1233&br=1084&bt=542&cd=0%7C0%7C0&ch=0&cr=3&cs=2&cv=1&dr=0&ds=3&er=&ft=c~.Zm4L-gXoInz7T&l=202201170247590101131351682446B699&lr=all&mime_type=video_mp4&net=0&pl=0&qs=14&rc=M25oMzw6ZjhqNjMzNzczM0ApN2kzaWQ4NDtmN2c6ZTg8aWdrYjJlcjRfNmlgLS1kMTZzczA0YmNjY2AtYDI2MDBfNjY6Yw%3D%3D&vl=&vr=
video/mp4, bytesbytes 0-1024000/1412515, 1642387732.0866168, 1642387732.0886142, 1642387732.124537, 1642387733.661217, v16m.tiktokcdn-us.com, f6709e5abaeba1f78e7c0a5a727cc31f, /f6709e5abaeba1f78e7c0a5a727cc31f/61e52d54/video/tos/useast2a/tos-useast2a-ve-0068c003/b2a74e92317c41a98ff396e61f505581/?a=1233&br=1092&bt=546&cd=0%7C0%7C0&ch=0&cr=3&cs=2&cv=1&dr=0&ds=6&er=&ft=c~.Zm4L-gXoInz7T&l=202201170247590101131351682446B699&lr=all&mime_type=video_mp4&net=0&pl=0&qs=5&rc=MzhxNTo7OmluNTMzNzczM0ApaDNlODRpZzszNzc3NDk2NWdqYzQ1Z2RibzBgLS1kMTZzc2JjMmItYy5fLi9gY2EyM2A6Yw%3D%3D&vl=&vr=
video/mp4, bytesbytes 1024000-1181631/1181632, 1642387740.9850533, 1642387740.9881403, 1642387741.0468903, 1642387741.3234081, v16m.tiktokcdn-us.com, 8333b7c2e3891e0bc8f632c440c23369, /8333b7c2e3891e0bc8f632c440c23369/61e52d50/video/tos/useast2a/tos-useast2a-pve-0068/353eea5c512a4e96bf4aed8f1a7c9fe9/?a=1233&br=1108&bt=554&cd=0%7C0%7C0&ch=0&cr=3&cs=2&cv=1&dr=0&ds=3&er=&ft=c~.Zm4L-gXoInz7T&l=202201170247590101131351682446B699&lr=all&mime_type=video_mp4&net=0&pl=0&qs=14&rc=MzZ4bjQ6ZmtoNzMzNzczM0ApODc0NGk0NmVlN2Q7OjczM2c0MGRjcjQwci9gLS1kMTZzcy8tMWFiYS5fMzIyNTUxXy06Yw%3D%3D&vl=&vr=
video/mp4, bytesbytes 1024000-1492686/1492687, 1642387745.5006192, 1642387745.5034623, 1642387745.5685518, 1642387746.2155693, v16m.tiktokcdn-us.com, e441f1d1c8ff8fe60ededaa059a4b413, /e441f1d1c8ff8fe60ededaa059a4b413/61e52d57/video/tos/useast2a/tos-useast2a-ve-0068c004/02c11bae6e0c4bbaa3a6e4b386e22249/?a=1233&br=980&bt=490&cd=0%7C0%7C0&ch=0&cr=3&cs=2&cv=1&dr=0&ds=6&er=&ft=c~.Zm4L-gXoInz7T&l=202201170247590101131351682446B699&lr=all&mime_type=video_mp4&net=0&pl=0&qs=4&rc=amQ1NTN2aDpmNjMzNzczM0ApNmg5OTw2ODtnNzhoO2RlNWc0LmVxZWpmNjBgLS1kMTZzczQyLy8wYjAyLl9jL2JjXjQ6Yw%3D%3D&vl=&vr=
video/mp4, bytesbytes 1024000-3653699/3653700, 1642387753.768945, 1642387753.7706115, 1642387753.8786588, 1642387757.2702596, v16m.tiktokcdn-us.com, 70e5f5284aebe06014e1a874caf4d2f1, /70e5f5284aebe06014e1a874caf4d2f1/61e52d72/video/tos/useast2a/tos-useast2a-ve-0068c001/5bc95ee24c964e9b933f7770c02b2951/?a=1233&br=1136&bt=568&cd=0%7C0%7C0&ch=0&cr=3&cs=2&cv=1&dr=0&ds=6&er=&ft=c~.Zm4L-gXoInz7T&l=202201170247590101131351682446B699&lr=all&mime_type=video_mp4&net=0&pl=0&qs=5&rc=M2plODQ6ZjllNjMzNzczM0ApNWUzOGQ7NTw4Nzg8ZWU8O2drLmJucjQwLnBgLS1kMTZzczBjNjQvMDZeYS8xNGEvMDA6Yw%3D%3D&vl=&vr=
video/mp4, bytesbytes 0-1024000/1093114, 1642387758.5053205, 1642387758.5132341, 1642387758.5428114, 1642387759.8128474, v19.tiktokcdn-us.com, 5280a2c101d69133ec9a81fde90d9ff7, /5280a2c101d69133ec9a81fde90d9ff7/61e52d9b/video/tos/useast2a/tos-useast2a-ve-0068c004/ebeda0edfad943b88c11b94bd99d0786/?a=1233&br=976&bt=488&cd=0%7C0%7C0&ch=0&cr=3&cs=2&cv=1&dr=0&ds=3&er=&ft=c~.Zm4L-gXoInz7T&l=2022011702491301011300606219403E07&lr=all&mime_type=video_mp4&net=0&pl=0&qs=14&rc=amo3a2g6ZnJoNzMzNzczM0ApNGhpNzppNmQ2NzRoNGk0OWcvb2IzcjRfZzBgLS1kMTZzczM1YzIvYWIzYC5iM2AvYDE6Yw%3D%3D&vl=&vr=
video/mp4, bytesbytes 0-1024000/2492421, 1642387760.2772875, 1642387760.2785027, 1642387760.3021307, 1642387761.557065, v19.tiktokcdn-us.com, 29d72dbcbfdfe50f7987a8e72cb91b34, /29d72dbcbfdfe50f7987a8e72cb91b34/61e52db1/video/tos/useast2a/tos-useast2a-pve-0068/85f26dad7c324228908ebbb101ade411/?a=1233&br=978&bt=489&cd=0%7C0%7C0&ch=0&cr=3&cs=2&cv=1&dr=0&ds=6&er=&ft=c~.Zm4L-gXoInz7T&l=2022011702491301011300606219403E07&lr=all&mime_type=video_mp4&net=0&pl=0&qs=5&rc=am5zdDw6ZmhqNjMzNzczM0ApOWRnZ2k2NmU0NzRoaGg5O2dtNGtncjRnb2hgLS1kMTZzczQxYF81MjRgM18wNjAxYV86Yw%3D%3D&vl=&vr=
video/mp4, bytesbytes 0-1024000/1130687, 1642387762.0212922, 1642387762.022577, 1642387762.0589428, 1642387763.6865253, v19.tiktokcdn-us.com, 333fc0e46dea53c0600112ff8f992115, /333fc0e46dea53c0600112ff8f992115/61e52d99/video/tos/useast2a/tos-useast2a-ve-0068c004/4dd3485cb1714c11939fbdd0790ecb0f/?a=1233&br=1160&bt=580&cd=0%7C0%7C0&ch=0&cr=3&cs=2&cv=1&dr=0&ds=6&er=&ft=c~.Zm4L-gXoInz7T&l=2022011702491301011300606219403E07&lr=all&mime_type=video_mp4&net=0&pl=0&qs=5&rc=MzlqN214NThwNTMzNzczM0ApNmQ5PGZnO2Q8N2VoN2ZkM2cubjNkcWZyam5gLS1kMTZzc2MyYTY2Yy4yLjYyXzMvMDA6Yw%3D%3D&vl=&vr=
video/mp4, bytesbytes 0-875044/875045, 1642387804.424406, 1642387804.4328709, 1642387804.5676224, 1642387805.5269666, v19.tiktokcdn-us.com, d033a81a682e99ce25afe42bd1332b9e, /d033a81a682e99ce25afe42bd1332b9e/61e52d98/video/tos/useast5/tos-useast5-ve-0068c002-tx/0aa462b0cc9e4571a40dc25f2481c9e5/?a=1233&br=906&bt=453&cd=0%7C0%7C0&ch=0&cr=3&cs=2&cv=1&dr=0&ds=6&er=&ft=c~.Zm4L-gXoInz7T&l=2022011702491301011300606219403E07&lr=all&mime_type=video_mp4&net=0&pl=0&qs=4&rc=amkzdjo6ZnY6OjMzZzczNEApOTdkZzQ4NGQ8NzY3aWRnO2doXnNtcjRnNTVgLS1kMS9zcy5jLy8tYTA0NmMxMzY2LS86Yw%3D%3D&vl=&vr=
video/mp4, bytesbytes 1024000-1412514/1412515, 1642387811.199882, 1642387811.2019691, 1642387811.2430217, 1642387811.6752195, v16m.tiktokcdn-us.com, f6709e5abaeba1f78e7c0a5a727cc31f, /f6709e5abaeba1f78e7c0a5a727cc31f/61e52d54/video/tos/useast2a/tos-useast2a-ve-0068c003/b2a74e92317c41a98ff396e61f505581/?a=1233&br=1092&bt=546&cd=0%7C0%7C0&ch=0&cr=3&cs=2&cv=1&dr=0&ds=6&er=&ft=c~.Zm4L-gXoInz7T&l=202201170247590101131351682446B699&lr=all&mime_type=video_mp4&net=0&pl=0&qs=5&rc=MzhxNTo7OmluNTMzNzczM0ApaDNlODRpZzszNzc3NDk2NWdqYzQ1Z2RibzBgLS1kMTZzc2JjMmItYy5fLi9gY2EyM2A6Yw%3D%3D&vl=&vr=
video/mp4, bytesbytes 0-1024000/1069291, 1642387811.9023945, 1642387811.9043615, 1642387811.9162028, 1642387812.843486, v19.tiktokcdn-us.com, 00cbb04a653b8382501a083f8831796f, /00cbb04a653b8382501a083f8831796f/61e52da3/video/tos/alisg/tos-alisg-pve-0037c001/4a0a9e195fa24116ac3ca1661083a252/?a=1233&br=658&bt=329&cd=0%7C0%7C0&ch=0&cr=3&cs=2&cv=1&dr=0&ds=6&er=&ft=c~.Zm4L-gXoInz7T&l=2022011702491301011300606219403E07&lr=all&mime_type=video_mp4&net=0&pl=0&qs=4&rc=ajY3Njk6ZmU2OTMzODczNEApaDZmNjs7NWQ0NzlmM2g2ZGdsb25ucjRvM2BgLS1kMS1zczQ0MC9jNC5jMWMzNmMtLy46Yw%3D%3D&vl=&vr=
video/mp4, bytesbytes 1024000-1093113/1093114, 1642387819.6732907, 1642387819.6746166, 1642387819.6880999, 1642387819.8839078, v19.tiktokcdn-us.com, 5280a2c101d69133ec9a81fde90d9ff7, /5280a2c101d69133ec9a81fde90d9ff7/61e52d9b/video/tos/useast2a/tos-useast2a-ve-0068c004/ebeda0edfad943b88c11b94bd99d0786/?a=1233&br=976&bt=488&cd=0%7C0%7C0&ch=0&cr=3&cs=2&cv=1&dr=0&ds=3&er=&ft=c~.Zm4L-gXoInz7T&l=2022011702491301011300606219403E07&lr=all&mime_type=video_mp4&net=0&pl=0&qs=14&rc=amo3a2g6ZnJoNzMzNzczM0ApNGhpNzppNmQ2NzRoNGk0OWcvb2IzcjRfZzBgLS1kMTZzczM1YzIvYWIzYC5iM2AvYDE6Yw%3D%3D&vl=&vr=
video/mp4, bytesbytes 0-557503/557504, 1642387820.0491962, 1642387820.0523264, 1642387820.093889, 1642387821.6254306, v19.tiktokcdn-us.com, ea1f391aa9147cfd48e8abefd20f906e, /ea1f391aa9147cfd48e8abefd20f906e/61e52d94/video/tos/useast2a/tos-useast2a-ve-0068c002/3b04e783681a450b960ddb8446dd3c3b/?a=1233&br=814&bt=407&cd=0%7C0%7C0&ch=0&cr=3&cs=2&cv=1&dr=0&ds=6&er=&ft=c~.Zm4L-gXoInz7T&l=2022011702491301011300606219403E07&lr=all&mime_type=video_mp4&net=0&pl=0&qs=4&rc=am53bnBmZ2Z2NDMzNzczM0ApOzU6ZGhlOmQ0Nzk6NmU2ZWduZmtiZy5pNG5gLS1kMTZzc18wMl9fNTAuMF9eMmMvNC06Yw%3D%3D&vl=&vr=
video/mp4, bytesbytes 1024000-2492420/2492421, 1642387830.3249936, 1642387830.3272958, 1642387830.3473725, 1642387834.787525, v19.tiktokcdn-us.com, 29d72dbcbfdfe50f7987a8e72cb91b34, /29d72dbcbfdfe50f7987a8e72cb91b34/61e52db1/video/tos/useast2a/tos-useast2a-pve-0068/85f26dad7c324228908ebbb101ade411/?a=1233&br=978&bt=489&cd=0%7C0%7C0&ch=0&cr=3&cs=2&cv=1&dr=0&ds=6&er=&ft=c~.Zm4L-gXoInz7T&l=2022011702491301011300606219403E07&lr=all&mime_type=video_mp4&net=0&pl=0&qs=5&rc=am5zdDw6ZmhqNjMzNzczM0ApOWRnZ2k2NmU0NzRoaGg5O2dtNGtncjRnb2hgLS1kMTZzczQxYF81MjRgM18wNjAxYV86Yw%3D%3D&vl=&vr=
video/mp4, bytesbytes 0-829414/829415, 1642387835.4224522, 1642387835.4246695, 1642387835.4373188, 1642387836.163941, v19.tiktokcdn-us.com, 3aa4bf73313f40a9184cc46be2efacd7, /3aa4bf73313f40a9184cc46be2efacd7/61e52d95/video/tos/useast5/tos-useast5-ve-0068c001-tx/a5750ac544c0489d9dc41c02107a19b2/?a=1233&br=1100&bt=550&cd=0%7C0%7C0&ch=0&cr=3&cs=2&cv=1&dr=0&ds=6&er=&ft=c~.Zm4L-gXoInz7T&l=2022011702491301011300606219403E07&lr=all&mime_type=video_mp4&net=0&pl=0&qs=11&rc=M29saWg6ZjczOjMzZzczNEApODk4NDs5O2VlNzY3aDszaGcyNGBocjRfX2FgLS1kMS9zczRgMTRhNDA1NC1jYzNiMy86Yw%3D%3D&vl=&vr=
video/mp4, bytesbytes 1024000-1130686/1130687, 1642387865.1349719, 1642387865.136661, 1642387865.2395031, 1642387865.3798697, v19.tiktokcdn-us.com, 333fc0e46dea53c0600112ff8f992115, /333fc0e46dea53c0600112ff8f992115/61e52d99/video/tos/useast2a/tos-useast2a-ve-0068c004/4dd3485cb1714c11939fbdd0790ecb0f/?a=1233&br=1160&bt=580&cd=0%7C0%7C0&ch=0&cr=3&cs=2&cv=1&dr=0&ds=6&er=&ft=c~.Zm4L-gXoInz7T&l=2022011702491301011300606219403E07&lr=all&mime_type=video_mp4&net=0&pl=0&qs=5&rc=MzlqN214NThwNTMzNzczM0ApNmQ5PGZnO2Q8N2VoN2ZkM2cubjNkcWZyam5gLS1kMTZzc2MyYTY2Yy4yLjYyXzMvMDA6Yw%3D%3D&vl=&vr=
video/mp4, bytesbytes 0-1024000/2121440, 1642387865.4937537, 1642387865.4953818, 1642387865.5141072, 1642387866.5543685, v19.tiktokcdn-us.com, 7ef312bcbb08ac21b0921eb9244a2f2e, /7ef312bcbb08ac21b0921eb9244a2f2e/61e52d9f/video/tos/useast2a/tos-useast2a-pve-0068/bce660f83b4044319aeab83ae5a264f6/?a=1233&br=1562&bt=781&cd=0%7C0%7C0&ch=0&cr=3&cs=2&cv=1&dr=0&ds=6&er=&ft=c~.Zm4L-gXoInz7T&l=2022011702491301011300606219403E07&lr=all&mime_type=video_mp4&net=0&pl=0&qs=5&rc=ajtwaW9vZGt5NTMzNzczM0ApMzo0ZTNlNWQ4N2Y4Zjg5Z2djaTZlczNkM2dgLS1kMTZzc2A2MC4wYy9iYTQtMmBjNl46Yw%3D%3D&vl=&vr=
video/mp4, bytesbytes 0-630905/630906, 1642387866.978557, 1642387866.9801974, 1642387866.9910283, 1642387867.5956788, v19.tiktokcdn-us.com, d4da05180b24af71fdf6565e6bd37c60, /d4da05180b24af71fdf6565e6bd37c60/61e52d99/video/tos/useast2a/tos-useast2a-ve-0068c004/d81012df6a39444f87aa77a0bbf58acc/?a=1233&br=638&bt=319&cd=0%7C0%7C0&ch=0&cr=3&cs=2&cv=1&dr=0&ds=6&er=&ft=c~.Zm4L-gXoInz7T&l=2022011702491301011300606219403E07&lr=all&mime_type=video_mp4&net=0&pl=0&qs=4&rc=ajo6ZzZyOmt2dDMzNzczM0ApZTY2NTY6OmU1NzM4OTpoNmdfbmYzbDAvYzBfLS1jMTZzczYvYzYxYmJhYzAxNi1gXi06Yw%3D%3D&vl=&vr=
video/mp4, bytesbytes 1024000-1069290/1069291, 1642387868.19431, 1642387868.1959257, 1642387868.2064312, 1642387868.2490337, v19.tiktokcdn-us.com, 00cbb04a653b8382501a083f8831796f, /00cbb04a653b8382501a083f8831796f/61e52da3/video/tos/alisg/tos-alisg-pve-0037c001/4a0a9e195fa24116ac3ca1661083a252/?a=1233&br=658&bt=329&cd=0%7C0%7C0&ch=0&cr=3&cs=2&cv=1&dr=0&ds=6&er=&ft=c~.Zm4L-gXoInz7T&l=2022011702491301011300606219403E07&lr=all&mime_type=video_mp4&net=0&pl=0&qs=4&rc=ajY3Njk6ZmU2OTMzODczNEApaDZmNjs7NWQ0NzlmM2g2ZGdsb25ucjRvM2BgLS1kMS1zczQ0MC9jNC5jMWMzNmMtLy46Yw%3D%3D&vl=&vr=
video/mp4, bytesbytes 0-558138/558139, 1642387868.3407888, 1642387868.3430862, 1642387868.3549495, 1642387869.0468328, v19.tiktokcdn-us.com, fd8d02958e7d756bfb656814fd4e3899, /fd8d02958e7d756bfb656814fd4e3899/61e52d92/video/tos/useast2a/tos-useast2a-pve-0068/060bd750fbeb462c8e674263b1a14cc8/?a=1233&br=1054&bt=527&cd=0%7C0%7C0&ch=0&cr=3&cs=2&cv=1&dr=0&ds=3&er=&ft=c~.Zm4L-gXoInz7T&l=2022011702491301011300606219403E07&lr=all&mime_type=video_mp4&net=0&pl=0&qs=14&rc=ajlncnh0bXY7NTMzNzczM0ApPDs8Nzk0ZmVmN2c3M2lkO2deNjU1MjFhZl5gLS1kMTZzcy8uXjMtYTJiX2BjMjIuNjQ6Yw%3D%3D&vl=&vr=
video/mp4, bytesbytes 1024000-2121439/2121440, 1642387894.1146605, 1642387894.1158984, 1642387894.1325502, 1642387895.2827597, v19.tiktokcdn-us.com, 7ef312bcbb08ac21b0921eb9244a2f2e, /7ef312bcbb08ac21b0921eb9244a2f2e/61e52d9f/video/tos/useast2a/tos-useast2a-pve-0068/bce660f83b4044319aeab83ae5a264f6/?a=1233&br=1562&bt=781&cd=0%7C0%7C0&ch=0&cr=3&cs=2&cv=1&dr=0&ds=6&er=&ft=c~.Zm4L-gXoInz7T&l=2022011702491301011300606219403E07&lr=all&mime_type=video_mp4&net=0&pl=0&qs=5&rc=ajtwaW9vZGt5NTMzNzczM0ApMzo0ZTNlNWQ4N2Y4Zjg5Z2djaTZlczNkM2dgLS1kMTZzc2A2MC4wYy9iYTQtMmBjNl46Yw%3D%3D&vl=&vr=
video/mp4, bytesbytes 0-572369/572370, 1642387895.8555965, 1642387895.8565001, 1642387895.8714488, 1642387896.4015148, v39.tiktokcdn-us.com, 14db956746f65c24d2675ec691f5b952, /14db956746f65c24d2675ec691f5b952/61e52e1d/video/tos/useast2a/tos-useast2a-ve-0068c002/9a2794aa230541308cc5eca4e5bafa23/?a=1233&br=1170&bt=585&cd=0%7C0%7C0&ch=0&cr=3&cs=2&cv=1&dr=0&ds=3&er=&ft=c~.Zm4L-gXoInz7T&l=202201170251340101131352280341DD70&lr=all&mime_type=video_mp4&net=0&pl=0&qs=14&rc=M3kzcms1NHd0NDMzOjczM0ApZGc7OjU6PGQ3Nzg4aTozZGc1a3NhbGowbDJgLS02MTZzcy82YjItMV9iLV8vYjEwNF86Yw%3D%3D&vl=&vr=
video/mp4, bytesbytes 0-1024000/1115179, 1642387896.6915781, 1642387896.693471, 1642387896.7147667, 1642387897.7269533, v39.tiktokcdn-us.com, 36c774eb3631b1c489cc39cbcd019f0d, /36c774eb3631b1c489cc39cbcd019f0d/61e52e26/video/tos/useast2a/tos-useast2a-pve-0068/b7bce4a37804449f9d2183c5933ac52d/?a=1233&br=1022&bt=511&cd=0%7C0%7C0&ch=0&cr=3&cs=2&cv=1&dr=0&ds=6&er=&ft=c~.Zm4L-gXoInz7T&l=202201170251340101131352280341DD70&lr=all&mime_type=video_mp4&net=0&pl=0&qs=5&rc=M2k6OHV0cm5yNjMzNzczM0ApOTU1N2lpNjtmNzo2NTc4aWdtcC01azE1bzZgLS1kMTZzc2I0LTI0YjI1LmA0Ni4xYS86Yw%3D%3D&vl=&vr=
video/mp4, bytesbytes 0-1024000/1219030, 1642387898.2109897, 1642387898.2119615, 1642387898.2280629, 1642387899.2606, v39.tiktokcdn-us.com, 8dd1dd5bec334cd9ef0612bcd9095086, /8dd1dd5bec334cd9ef0612bcd9095086/61e52e24/video/tos/useast2a/tos-useast2a-ve-0068c004/634f17cf046d4f1ea70aa47fb2057d65/?a=1233&br=1274&bt=637&cd=0%7C0%7C0&ch=0&cr=3&cs=2&cv=1&dr=0&ds=6&er=&ft=c~.Zm4L-gXoInz7T&l=202201170251340101131352280341DD70&lr=all&mime_type=video_mp4&net=0&pl=0&qs=4&rc=ajhkeTtyNjM1NDMzNzczM0ApMzk8aTU5NmQ4NzM5Njk2aWcvamRjNGE2LmtgLS1kMTZzczMwYC9jYWIuXy9iMGMzNS86Yw%3D%3D&vl=&vr=
video/mp4, bytesbytes 0-444670/444671, 1642387915.7215889, 1642387915.724134, 1642387915.7422178, 1642387916.3603656, v39.tiktokcdn-us.com, 15c3ae8a4a2d21e9e0b008bd20af7020, /15c3ae8a4a2d21e9e0b008bd20af7020/61e52e1d/video/tos/alisg/tos-alisg-pve-0037c001/483cae1dd53b40d999040db9dcbd2da8/?a=1233&br=864&bt=432&cd=0%7C0%7C0&ch=0&cr=3&cs=2&cv=1&dr=0&ds=6&er=&ft=c~.Zm4L-gXoInz7T&l=202201170251340101131352280341DD70&lr=all&mime_type=video_mp4&net=0&pl=0&qs=4&rc=MzQzPHNnNjg8NDMzNTczM0ApZzo7OTg8OWVnN2dkM2Y6OmdnYW5ibTJwcjZgLS0xMTRzc2I0NWBfLmIwXi0vLTMxYTE6Yw%3D%3D&vl=&vr=
video/mp4, bytesbytes 0-1024000/1417688, 1642387919.6116712, 1642387919.613059, 1642387919.6341634, 1642387920.6294854, v39.tiktokcdn-us.com, f3218230317e1361a9a8fbf26501072b, /f3218230317e1361a9a8fbf26501072b/61e52e2a/video/tos/useast2a/tos-useast2a-ve-0068c003/ea7de911776840ddb16332a908d46e62/?a=1233&br=1060&bt=530&cd=0%7C0%7C0&ch=0&cr=3&cs=2&cv=1&dr=0&ds=6&er=&ft=c~.Zm4L-gXoInz7T&l=202201170251340101131352280341DD70&lr=all&mime_type=video_mp4&net=0&pl=0&qs=5&rc=anZ0aGhoNG0zNTMzNzczM0ApNDRoOmc0ZGVpNzdnM2QzOWcvbGZhM3BoLm5gLS1kMTZzcy1fYDBeNS00NF8yYjZgYWE6Yw%3D%3D&vl=&vr=
video/mp4, bytesbytes 1024000-1115178/1115179, 1642387922.2278292, 1642387922.2310266, 1642387922.2493892, 1642387922.3793983, v39.tiktokcdn-us.com, 36c774eb3631b1c489cc39cbcd019f0d, /36c774eb3631b1c489cc39cbcd019f0d/61e52e26/video/tos/useast2a/tos-useast2a-pve-0068/b7bce4a37804449f9d2183c5933ac52d/?a=1233&br=1022&bt=511&cd=0%7C0%7C0&ch=0&cr=3&cs=2&cv=1&dr=0&ds=6&er=&ft=c~.Zm4L-gXoInz7T&l=202201170251340101131352280341DD70&lr=all&mime_type=video_mp4&net=0&pl=0&qs=5&rc=M2k6OHV0cm5yNjMzNzczM0ApOTU1N2lpNjtmNzo2NTc4aWdtcC01azE1bzZgLS1kMTZzc2I0LTI0YjI1LmA0Ni4xYS86Yw%3D%3D&vl=&vr=
video/mp4, bytesbytes 1024000-1219029/1219030, 1642387923.0046878, 1642387923.0108707, 1642387923.0435414, 1642387923.2117097, v39.tiktokcdn-us.com, 8dd1dd5bec334cd9ef0612bcd9095086, /8dd1dd5bec334cd9ef0612bcd9095086/61e52e24/video/tos/useast2a/tos-useast2a-ve-0068c004/634f17cf046d4f1ea70aa47fb2057d65/?a=1233&br=1274&bt=637&cd=0%7C0%7C0&ch=0&cr=3&cs=2&cv=1&dr=0&ds=6&er=&ft=c~.Zm4L-gXoInz7T&l=202201170251340101131352280341DD70&lr=all&mime_type=video_mp4&net=0&pl=0&qs=4&rc=ajhkeTtyNjM1NDMzNzczM0ApMzk8aTU5NmQ4NzM5Njk2aWcvamRjNGE2LmtgLS1kMTZzczMwYC9jYWIuXy9iMGMzNS86Yw%3D%3D&vl=&vr=
video/mp4, bytesbytes 0-1024000/1143962, 1642387923.3454394, 1642387923.3468595, 1642387923.3678653, 1642387924.2688823, v39.tiktokcdn-us.com, 69799e3218c3e0ad259ce7bc0fe4047b, /69799e3218c3e0ad259ce7bc0fe4047b/61e52e24/video/tos/useast2a/tos-useast2a-pve-0068/b637ca2b83ce47c2ac2e48d883388487/?a=1233&br=1258&bt=629&cd=0%7C0%7C0&ch=0&cr=3&cs=2&cv=1&dr=0&ds=6&er=&ft=c~.Zm4L-gXoInz7T&l=202201170251340101131352280341DD70&lr=all&mime_type=video_mp4&net=0&pl=0&qs=11&rc=MzRoaGV1czhxMzMzZzczM0ApZjM0ZztmOmRnN2ZkOjw4PGcvZDQxcDU1ZW5gLS1eMTZzczRgYWE1MzNeLjYxXmFgMWA6Yw%3D%3D&vl=&vr=
video/mp4, bytesbytes 0-599629/599630, 1642387924.7363892, 1642387924.7391312, 1642387924.7628324, 1642387925.8016531, v39.tiktokcdn-us.com, ebb82966e306b371c41a3e4b8788792c, /ebb82966e306b371c41a3e4b8788792c/61e52e1d/video/tos/useast2a/tos-useast2a-ve-0068c004/53037072e7ea46719f71503983e53896/?a=1233&br=1180&bt=590&cd=0%7C0%7C0&ch=0&cr=3&cs=2&cv=1&dr=0&ds=3&er=&ft=c~.Zm4L-gXoInz7T&l=202201170251340101131352280341DD70&lr=all&mime_type=video_mp4&net=0&pl=0&qs=14&rc=M2dvcmg6ZmZtOTMzNzczM0ApNWg6aWY2aGU8NzdpOWc7OWdsaGEucjRvZV9gLS1kMTZzc15hLjIzXmIxNWNeYjUwYGA6Yw%3D%3D&vl=&vr=
video/mp4, bytesbytes 0-473870/473871, 1642387926.093377, 1642387926.094417, 1642387926.1136224, 1642387926.9329278, v39.tiktokcdn-us.com, 7414f920bf3b9f4c190c878490df9501, /7414f920bf3b9f4c190c878490df9501/61e52e1a/video/tos/useast2a/tos-useast2a-ve-0068c004/e99cb9d5a11d4ac7a496622b02f8a9ad/?a=1233&br=1476&bt=738&cd=0%7C0%7C0&ch=0&cr=3&cs=0&dr=0&ds=2&er=&ft=c~.Zm4L-gXoInz7T&l=202201170251340101131352280341DD70&lr=all&mime_type=video_mp4&net=0&pl=0&qs=0&rc=MzN1NmdkcnU2NTMzNzczM0ApNjk0Z2c7Zzs4NzRmMzYzM2dwYmtrai5laXFgLS1kMTZzc2BiNV4zNTEyNjQ0XmEzMS86Yw%3D%3D&vl=&vr=
video/mp4, bytesbytes 0-1024000/1492445, 1642387929.5443704, 1642387929.5460885, 1642387929.5672803, 1642387930.626417, v39.tiktokcdn-us.com, fe729012d140d52f686f766cb5c0e2ba, /fe729012d140d52f686f766cb5c0e2ba/61e52e29/video/tos/useast2a/tos-useast2a-ve-0068c001/c5de9ff6392249969411ec47d9e78136/?a=1233&br=1208&bt=604&cd=0%7C0%7C0&ch=0&cr=3&cs=2&cv=1&dr=0&ds=6&er=&ft=c~.Zm4L-gXoInz7T&l=202201170251340101131352280341DD70&lr=all&mime_type=video_mp4&net=0&pl=0&qs=4&rc=ampneXc6ZTR3NTMzNzczM0ApPDo7OjtpZzs6N2Y8ZWdmZGdzLWgwNmMtNGNgLS1kMTZzc2M0NTU2MDUyYDExXmE2Y146Yw%3D%3D&vl=&vr=
video/mp4, bytesbytes 1024000-1417687/1417688, 1642387932.3109162, 1642387932.3157384, 1642387932.3378172, 1642387932.75554, v39.tiktokcdn-us.com, f3218230317e1361a9a8fbf26501072b, /f3218230317e1361a9a8fbf26501072b/61e52e2a/video/tos/useast2a/tos-useast2a-ve-0068c003/ea7de911776840ddb16332a908d46e62/?a=1233&br=1060&bt=530&cd=0%7C0%7C0&ch=0&cr=3&cs=2&cv=1&dr=0&ds=6&er=&ft=c~.Zm4L-gXoInz7T&l=202201170251340101131352280341DD70&lr=all&mime_type=video_mp4&net=0&pl=0&qs=5&rc=anZ0aGhoNG0zNTMzNzczM0ApNDRoOmc0ZGVpNzdnM2QzOWcvbGZhM3BoLm5gLS1kMTZzcy1fYDBeNS00NF8yYjZgYWE6Yw%3D%3D&vl=&vr=
video/mp4, bytesbytes 0-633979/633980, 1642387932.958946, 1642387932.9604092, 1642387932.9756508, 1642387933.5411046, v39.tiktokcdn-us.com, d815ddf940fc32c3b958664f4f7ab952, /d815ddf940fc32c3b958664f4f7ab952/61e52e26/video/tos/useast5/tos-useast5-pve-0068-tx/f62e02f024c540c89a00998f535a6845/?a=1233&br=582&bt=291&cd=0%7C0%7C0&ch=0&cr=3&cs=2&cv=1&dr=0&ds=3&er=&ft=c~.Zm4L-gXoInz7T&l=202201170251340101131352280341DD70&lr=all&mime_type=video_mp4&net=0&pl=0&qs=14&rc=anhtOmY6Zmo6OjMzZzczNEApOjM6NDc4aWRkNzVlODRpOWdybmZucjRfbTZgLS1kMS9zcy4vYmFhMV5jMzZeNjY1XjY6Yw%3D%3D&vl=&vr=
video/mp4, bytesbytes 1024000-1143961/1143962, 1642387933.6472056, 1642387933.6508212, 1642387933.6751573, 1642387933.7920063, v39.tiktokcdn-us.com, 69799e3218c3e0ad259ce7bc0fe4047b, /69799e3218c3e0ad259ce7bc0fe4047b/61e52e24/video/tos/useast2a/tos-useast2a-pve-0068/b637ca2b83ce47c2ac2e48d883388487/?a=1233&br=1258&bt=629&cd=0%7C0%7C0&ch=0&cr=3&cs=2&cv=1&dr=0&ds=6&er=&ft=c~.Zm4L-gXoInz7T&l=202201170251340101131352280341DD70&lr=all&mime_type=video_mp4&net=0&pl=0&qs=11&rc=MzRoaGV1czhxMzMzZzczM0ApZjM0ZztmOmRnN2ZkOjw4PGcvZDQxcDU1ZW5gLS1eMTZzczRgYWE1MzNeLjYxXmFgMWA6Yw%3D%3D&vl=&vr=
video/mp4, bytesbytes 0-633979/633980, 1642387933.910563, 1642387933.9120083, 1642387933.9289877, 1642387934.493892, v39.tiktokcdn-us.com, d815ddf940fc32c3b958664f4f7ab952, /d815ddf940fc32c3b958664f4f7ab952/61e52e26/video/tos/useast5/tos-useast5-pve-0068-tx/f62e02f024c540c89a00998f535a6845/?a=1233&br=582&bt=291&cd=0%7C0%7C0&ch=0&cr=3&cs=2&cv=1&dr=0&ds=3&er=&ft=c~.Zm4L-gXoInz7T&l=202201170251340101131352280341DD70&lr=all&mime_type=video_mp4&net=0&pl=0&qs=14&rc=anhtOmY6Zmo6OjMzZzczNEApOjM6NDc4aWRkNzVlODRpOWdybmZucjRfbTZgLS1kMS9zcy4vYmFhMV5jMzZeNjY1XjY6Yw%3D%3D&vl=&vr=
video/mp4, bytesbytes 1024000-1492444/1492445, 1642387946.2372618, 1642387946.2424212, 1642387946.3098373, 1642387946.8235285, v39.tiktokcdn-us.com, fe729012d140d52f686f766cb5c0e2ba, /fe729012d140d52f686f766cb5c0e2ba/61e52e29/video/tos/useast2a/tos-useast2a-ve-0068c001/c5de9ff6392249969411ec47d9e78136/?a=1233&br=1208&bt=604&cd=0%7C0%7C0&ch=0&cr=3&cs=2&cv=1&dr=0&ds=6&er=&ft=c~.Zm4L-gXoInz7T&l=202201170251340101131352280341DD70&lr=all&mime_type=video_mp4&net=0&pl=0&qs=4&rc=ampneXc6ZTR3NTMzNzczM0ApPDo7OjtpZzs6N2Y8ZWdmZGdzLWgwNmMtNGNgLS1kMTZzc2M0NTU2MDUyYDExXmE2Y146Yw%3D%3D&vl=&vr=
video/mp4, bytesbytes 0-1024000/1696741, 1642387947.0195208, 1642387947.0214498, 1642387947.0818286, 1642387948.861777, v16m.tiktokcdn-us.com, d2622f235314f684f97262cde22920f6, /d2622f235314f684f97262cde22920f6/61e52e5b/video/tos/useast2a/tos-useast2a-ve-0068c003/f348836467bc49eaa857075d7c4a121e/?a=1233&br=1382&bt=691&cd=0%7C0%7C0&ch=0&cr=3&cs=2&cv=1&dr=0&ds=6&er=&ft=c~.Zm4L-gXoInz7T&l=20220117025224010113006132024AA497&lr=all&mime_type=video_mp4&net=0&pl=0&qs=5&rc=anhwMzw6ZnRqNzMzNzczM0ApZmRlNzpnaGQ0NzloO2k6OWctZ2sycjQwLWpgLS1kMTZzczZeMzE0YWAzLTMuXi8xYWM6Yw%3D%3D&vl=&vr=
video/mp4, bytesbytes 0-1024000/1086827, 1642387949.3101878, 1642387949.3114371, 1642387949.337311, 1642387950.4356923, v16m.tiktokcdn-us.com, e7e306cd15495d27da2e47b315461a55, /e7e306cd15495d27da2e47b315461a55/61e52e58/video/tos/useast2a/tos-useast2a-ve-0068c001/295b332c110d4d928a200669b9671d6c/?a=1233&br=1022&bt=511&cd=0%7C0%7C0&ch=0&cr=3&cs=2&cv=1&dr=0&ds=6&er=&ft=c~.Zm4L-gXoInz7T&l=20220117025224010113006132024AA497&lr=all&mime_type=video_mp4&net=0&pl=0&qs=4&rc=anA2NDg6Zmt2NzMzNzczM0ApPGc1Omg2ZWU3N2hmMzc4OWdhMXI2cjRfZy9gLS1kMTZzcy1eX14zLTUzYGNeYi9fNjE6Yw%3D%3D&vl=&vr=
video/mp4, bytesbytes 0-265347/265348, 1642387950.9047294, 1642387950.9067712, 1642387950.9323735, 1642387951.1751485, v16m.tiktokcdn-us.com, 4b2b21084c290a8f43a15636f64b6284, /4b2b21084c290a8f43a15636f64b6284/61e52e50/video/tos/alisg/tos-alisg-pve-0037c001/88d0a2f0d8fd40f699e281a9c3b021f0/?a=1233&br=482&bt=241&cd=0%7C0%7C0&ch=0&cr=3&cs=2&cv=1&dr=0&ds=6&er=&ft=c~.Zm4L-gXoInz7T&l=20220117025224010113006132024AA497&lr=all&mime_type=video_mp4&net=0&pl=0&qs=11&rc=ajdzOXE6bDNyMzMzODczM0ApNTk1aTU8OGRoNzdoM2Y5aWdgMzExMm9rcDRgLS0yMTRzcy0zMTEyXmAvYi81MzAxLWI6Yw%3D%3D&vl=&vr=
video/mp4, bytesbytes 0-517792/517793, 1642387951.3872445, 1642387951.3885849, 1642387951.419204, 1642387951.8952615, v16m.tiktokcdn-us.com, 66c2d4b014c907991d250897ef1b71fc, /66c2d4b014c907991d250897ef1b71fc/61e52e50/video/tos/useast2a/tos-useast2a-ve-0068c004/61ddc728cfd74da9806df42f9f1aa3a3/?a=1233&br=926&bt=463&cd=0%7C0%7C0&ch=0&cr=3&cs=2&cv=1&dr=0&ds=6&er=&ft=c~.Zm4L-gXoInz7T&l=20220117025224010113006132024AA497&lr=all&mime_type=video_mp4&net=0&pl=0&qs=5&rc=amRzOzp5aHRneDMzPDczM0ApNzVmaTk2N2RoNzc7ZDQ3aWdyaGs0YWpnLWRfLS0zMTZzczJjNDMwXy1hYzVjYmA1Nl46Yw%3D%3D&vl=&vr=
video/mp4, bytesbytes 0-1024000/2333612, 1642387965.7948434, 1642387965.7959056, 1642387965.819393, 1642387967.248537, v16m.tiktokcdn-us.com, 2f74e0dc052a29cee4f4fb6ad9772c25, /2f74e0dc052a29cee4f4fb6ad9772c25/61e52e70/video/tos/useast5/tos-useast5-ve-0068c004-tx/178c4bb4832b4526b15de9a07d6089a6/?a=1233&br=892&bt=446&cd=0%7C0%7C0&ch=0&cr=3&cs=2&cv=1&dr=0&ds=6&er=&ft=c~.Zm4L-gXoInz7T&l=20220117025224010113006132024AA497&lr=all&mime_type=video_mp4&net=0&pl=0&qs=4&rc=M3JsZGQ6Zjg5OjMzZzczNEApZGhnODs1N2U8NzNlZjRkNGdxY3BocjRfZTBgLS1kMS9zczAvMi1jNl8wLzMwY2MuLTI6Yw%3D%3D&vl=&vr=
video/mp4, bytesbytes 1024000-1696740/1696741, 1642387983.1022213, 1642387983.104517, 1642387983.1450913, 1642387983.7556233, v16m.tiktokcdn-us.com, d2622f235314f684f97262cde22920f6, /d2622f235314f684f97262cde22920f6/61e52e5b/video/tos/useast2a/tos-useast2a-ve-0068c003/f348836467bc49eaa857075d7c4a121e/?a=1233&br=1382&bt=691&cd=0%7C0%7C0&ch=0&cr=3&cs=2&cv=1&dr=0&ds=6&er=&ft=c~.Zm4L-gXoInz7T&l=20220117025224010113006132024AA497&lr=all&mime_type=video_mp4&net=0&pl=0&qs=5&rc=anhwMzw6ZnRqNzMzNzczM0ApZmRlNzpnaGQ0NzloO2k6OWctZ2sycjQwLWpgLS1kMTZzczZeMzE0YWAzLTMuXi8xYWM6Yw%3D%3D&vl=&vr=
video/mp4, bytesbytes 1024000-1086826/1086827, 1642387983.9706233, 1642387983.9730134, 1642387984.0120347, 1642387984.066628, v16m.tiktokcdn-us.com, e7e306cd15495d27da2e47b315461a55, /e7e306cd15495d27da2e47b315461a55/61e52e58/video/tos/useast2a/tos-useast2a-ve-0068c001/295b332c110d4d928a200669b9671d6c/?a=1233&br=1022&bt=511&cd=0%7C0%7C0&ch=0&cr=3&cs=2&cv=1&dr=0&ds=6&er=&ft=c~.Zm4L-gXoInz7T&l=20220117025224010113006132024AA497&lr=all&mime_type=video_mp4&net=0&pl=0&qs=4&rc=anA2NDg6Zmt2NzMzNzczM0ApPGc1Omg2ZWU3N2hmMzc4OWdhMXI2cjRfZy9gLS1kMTZzcy1eX14zLTUzYGNeYi9fNjE6Yw%3D%3D&vl=&vr=
video/mp4, bytesbytes 0-769252/769253, 1642387984.1648214, 1642387984.1664371, 1642387984.2211394, 1642387984.8718436, v16m.tiktokcdn-us.com, e894684cc7b06abef2934f88f9560a1a, /e894684cc7b06abef2934f88f9560a1a/61e52e57/video/tos/useast2a/tos-useast2a-ve-0068c004/efbfd78c2abf4559a766c6d6de5511bc/?a=1233&br=786&bt=393&cd=0%7C0%7C0&ch=0&cr=3&cs=2&cv=1&dr=0&ds=6&er=&ft=c~.Zm4L-gXoInz7T&l=20220117025224010113006132024AA497&lr=all&mime_type=video_mp4&net=0&pl=0&qs=5&rc=ajZ5OTtzbGo5NDMzNzczM0ApMzc7PDo3OzxpNzQ8ZTc4NmdqXjFga3NvY2tgLS1kMTZzc2MuY180MzUuYjExLzI2LTE6Yw%3D%3D&vl=&vr=
video/mp4, bytesbytes 0-533647/533648, 1642387985.2525086, 1642387985.2544796, 1642387985.2822502, 1642387985.728912, v16m.tiktokcdn-us.com, a873a87edc3b140b13b97e99923e2483, /a873a87edc3b140b13b97e99923e2483/61e52e51/video/tos/useast2a/tos-useast2a-ve-0068c002/3de104e8920c42b783312742acf07bdb/?a=1233&br=872&bt=436&cd=0%7C0%7C0&ch=0&cr=3&cs=2&cv=1&dr=0&ds=6&er=&ft=c~.Zm4L-gXoInz7T&l=20220117025224010113006132024AA497&lr=all&mime_type=video_mp4&net=0&pl=0&qs=4&rc=am52Zzs6ZndrNzMzNzczM0ApOGk2ZWU4Zzs1N2RoOmVpZ2dnZGk1cjQwXmxgLS1kMTZzczRgMWAyYmBeY2BhMWIxLl46Yw%3D%3D&vl=&vr=
video/mp4, bytesbytes 0-850417/850418, 1642387996.475064, 1642387996.4769146, 1642387996.519007, 1642387997.4450614, v16m.tiktokcdn-us.com, 1c6b1c4a6f1bb3aacc4c1a5d0554d2ab, /1c6b1c4a6f1bb3aacc4c1a5d0554d2ab/61e52e57/video/tos/useast2a/tos-useast2a-pve-0068/33def16ebd18444989dc7993a37978dd/?a=1233&br=854&bt=427&cd=0%7C0%7C0&ch=0&cr=3&cs=2&cv=1&dr=0&ds=6&er=&ft=c~.Zm4L-gXoInz7T&l=20220117025224010113006132024AA497&lr=all&mime_type=video_mp4&net=0&pl=0&qs=5&rc=ajVyZzt5dGlreDMzZTczM0ApZzM0NDNmO2RnNzM5MzVlM2cuZWYxL3BuaDRfLS0wMTZzczQtNjBeMzIwMi4tYDI1L186Yw%3D%3D&vl=&vr=
video/mp4, bytesbytes 0-1024000/1468106, 1642387997.846165, 1642387997.8475792, 1642387997.8827918, 1642387998.8128276, v16m.tiktokcdn-us.com, 4f7ee2b59f30efaf1a7861ab182bd177, /4f7ee2b59f30efaf1a7861ab182bd177/61e52e56/video/tos/useast2a/tos-useast2a-ve-0068c001/b21486bb7d81477baabd50d3c947dcf1/?a=1233&br=1530&bt=765&cd=0%7C0%7C0&ch=0&cr=3&cs=2&cv=1&dr=0&ds=6&er=&ft=c~.Zm4L-gXoInz7T&l=20220117025224010113006132024AA497&lr=all&mime_type=video_mp4&net=0&pl=0&qs=5&rc=ajRwZTw7bGR2NjMzNzczM0ApaWhnOWZlO2U7N2ZoZDg5M2dvNmFvMXBvYGRgLS1kMTZzcy8xNmJfXzItNC42Yy5gXzQ6Yw%3D%3D&vl=&vr=
video/mp4, bytesbytes 1024000-2333611/2333612, 1642388006.2427418, 1642388006.2440925, 1642388006.3129888, 1642388007.6643982, v16m.tiktokcdn-us.com, 2f74e0dc052a29cee4f4fb6ad9772c25, /2f74e0dc052a29cee4f4fb6ad9772c25/61e52e70/video/tos/useast5/tos-useast5-ve-0068c004-tx/178c4bb4832b4526b15de9a07d6089a6/?a=1233&br=892&bt=446&cd=0%7C0%7C0&ch=0&cr=3&cs=2&cv=1&dr=0&ds=6&er=&ft=c~.Zm4L-gXoInz7T&l=20220117025224010113006132024AA497&lr=all&mime_type=video_mp4&net=0&pl=0&qs=4&rc=M3JsZGQ6Zjg5OjMzZzczNEApZGhnODs1N2U8NzNlZjRkNGdxY3BocjRfZTBgLS1kMS9zczAvMi1jNl8wLzMwY2MuLTI6Yw%3D%3D&vl=&vr=
video/mp4, bytesbytes 0-693192/693193, 1642388008.2909994, 1642388008.2927055, 1642388008.329924, 1642388009.0324216, v16m.tiktokcdn-us.com, 7fc65d5c91e39370361f98a38c61cf49, /7fc65d5c91e39370361f98a38c61cf49/61e52e50/video/tos/useast2a/tos-useast2a-ve-0068c004/a9eb81410a7f48f794f98e82aae77edb/?a=1233&br=1254&bt=627&cd=0%7C0%7C0&ch=0&cr=3&cs=2&cv=1&dr=0&ds=6&er=&ft=c~.Zm4L-gXoInz7T&l=20220117025224010113006132024AA497&lr=all&mime_type=video_mp4&net=0&pl=0&qs=5&rc=M3V0ZDxmOjtuNDMzMzczM0ApOmdmZGg3OGQ3N2VnZzQ5NWduZGVtNmVzMWRgLS02MTZzc2EyLi4xYmEuMzU1YzFeNWI6Yw%3D%3D&vl=&vr=
video/mp4, bytesbytes 1024000-1468105/1468106, 1642388034.303812, 1642388034.3054602, 1642388034.3496974, 1642388035.180824, v16m.tiktokcdn-us.com, 4f7ee2b59f30efaf1a7861ab182bd177, /4f7ee2b59f30efaf1a7861ab182bd177/61e52e56/video/tos/useast2a/tos-useast2a-ve-0068c001/b21486bb7d81477baabd50d3c947dcf1/?a=1233&br=1530&bt=765&cd=0%7C0%7C0&ch=0&cr=3&cs=2&cv=1&dr=0&ds=6&er=&ft=c~.Zm4L-gXoInz7T&l=20220117025224010113006132024AA497&lr=all&mime_type=video_mp4&net=0&pl=0&qs=5&rc=ajRwZTw7bGR2NjMzNzczM0ApaWhnOWZlO2U7N2ZoZDg5M2dvNmFvMXBvYGRgLS1kMTZzcy8xNmJfXzItNC42Yy5gXzQ6Yw%3D%3D&vl=&vr=
video/mp4, bytesbytes 0-980941/980942, 1642388035.4075577, 1642388035.4100022, 1642388035.506151, 1642388037.281616, v19.tiktokcdn-us.com, 9710e425dcc552a82f5b934093989482, /9710e425dcc552a82f5b934093989482/61e52eb1/video/tos/useast2a/tos-useast2a-ve-0068c003/e03dc43dab0a4436b4e65c3f1e1c5f17/?a=1233&br=814&bt=407&cd=0%7C0%7C0&ch=0&cr=3&cs=2&cv=1&dr=0&ds=6&er=&ft=c~.Zm4L-gXoInz7T&l=2022011702535101011300611401528D92&lr=all&mime_type=video_mp4&net=0&pl=0&qs=5&rc=amxzNWg6Zm1pNzMzNzczM0ApMzs1aWZlOTw4NzM4OzdkNWc0M2YzcjQwaWxgLS1kMTZzcy1eNDFfNV41NDJeMi1eYjI6Yw%3D%3D&vl=&vr=
video/mp4, bytesbytes 0-1024000/1385717, 1642388037.7843552, 1642388037.7861965, 1642388037.8053567, 1642388038.8256798, v19.tiktokcdn-us.com, 684df177dd5330465315ddcec5d5f6d2, /684df177dd5330465315ddcec5d5f6d2/61e52eb2/video/tos/useast2a/tos-useast2a-pve-0068/a27f7933c7584a20ab3fd6eb8b24a7cc/?a=1233&br=1110&bt=555&cd=0%7C0%7C0&ch=0&cr=3&cs=2&cv=1&dr=0&ds=6&er=&ft=c~.Zm4L-gXoInz7T&l=2022011702535101011300611401528D92&lr=all&mime_type=video_mp4&net=0&pl=0&qs=11&rc=anU4aW94PDRpeDMzZzczM0ApZ2U2ZTU7ZDw5NzNoZDg5NGcyZmYtY2Znc2VfLS1jMTZzc2MxMmJeL2BeMzM2XmIvMTQ6Yw%3D%3D&vl=&vr=
video/mp4, bytesbytes 0-419481/419482, 1642388039.3188257, 1642388039.320156, 1642388039.3353465, 1642388040.888425, v19.tiktokcdn-us.com, 5f2882eebe30cb826799015144454455, /5f2882eebe30cb826799015144454455/61e52ea5/video/tos/useast2a/tos-useast2a-pve-0068/46543e7d809d430f8c7b431197bb09bf/?a=1233&br=916&bt=458&cd=0%7C0%7C0&ch=0&cr=3&cs=2&cv=1&dr=0&ds=6&er=&ft=c~.Zm4L-gXoInz7T&l=2022011702535101011300611401528D92&lr=all&mime_type=video_mp4&net=0&pl=0&qs=4&rc=ajc1ZWQ6Zml1NjMzNzczM0ApNDs7OWhnaDtoNzlkOTk4aWdnai1lcjRfcWpgLS1kMTZzc2M0YGBiYF8tYmA2Y2EuL2M6Yw%3D%3D&vl=&vr=
video/mp4, bytesbytes 0-716769/716770, 1642388041.1374772, 1642388041.1396575, 1642388041.225239, 1642388042.9652128, v19.tiktokcdn-us.com, 91db159265099c9745e7116655b4568e, /91db159265099c9745e7116655b4568e/61e52ea9/video/tos/useast2a/tos-useast2a-ve-0068c004/8ef5572352a949ec98150aec8025dd70/?a=1233&br=1038&bt=519&cd=0%7C0%7C0&ch=0&cr=3&cs=2&cv=1&dr=0&ds=6&er=&ft=c~.Zm4L-gXoInz7T&l=2022011702535101011300611401528D92&lr=all&mime_type=video_mp4&net=0&pl=0&qs=11&rc=M3Fxczs6Zmc1NzMzNzczM0ApOWdkPDllaDtlNzs0aDdmNmdvNV4vcjRncjFgLS1kMTZzczFiXzQzNjU0NV9fLWBfXl86Yw%3D%3D&vl=&vr=
video/mp4, bytesbytes 0-1024000/1589872, 1642388043.3127856, 1642388043.3141794, 1642388043.3293056, 1642388044.1950507, v19.tiktokcdn-us.com, be735a585459bec0db450ee634462894, /be735a585459bec0db450ee634462894/61e52eab/video/tos/useast2a/tos-useast2a-ve-0068c003/91c724bf933b40f5903e337d94f8f6a7/?a=1233&br=1944&bt=972&cd=0%7C0%7C0&ch=0&cr=3&cs=2&cv=1&dr=0&ds=6&er=&ft=c~.Zm4L-gXoInz7T&l=2022011702535101011300611401528D92&lr=all&mime_type=video_mp4&net=0&pl=0&qs=5&rc=M2VqbzM6ZmQ7NjMzNzczM0ApZGU1aGc7ZGU2NzhoZTNoZ2dkZGFncjRfaG9gLS1kMTZzcy4zYmA1MmE0NmEzLV8tYjQ6Yw%3D%3D&vl=&vr=
video/mp4, bytesbytes 0-568988/568989, 1642388044.5884447, 1642388044.5899076, 1642388044.6023982, 1642388045.1515586, v19.tiktokcdn-us.com, 06d505cd036f5bd809c1d5c0619d7534, /06d505cd036f5bd809c1d5c0619d7534/61e52eaa/video/tos/useast2a/tos-useast2a-pve-0068/0db5a52be4814ca482755ba7b47a0966/?a=1233&br=764&bt=382&cd=0%7C0%7C0&ch=0&cr=3&cs=2&cv=1&dr=0&ds=6&er=&ft=c~.Zm4L-gXoInz7T&l=2022011702535101011300611401528D92&lr=all&mime_type=video_mp4&net=0&pl=0&qs=11&rc=M204cjw6Zm1zODMzNzgzM0ApZmZkOGdkaTs0NztmODk3aGdecmtrcjQwZXFgLS1kLzZzc2BjMWAwLTRfMC8wYmAuNGI6Yw%3D%3D&vl=&vr=
video/mp4, bytesbytes 1024000-1385716/1385717, 1642388063.3823035, 1642388063.386967, 1642388063.4014127, 1642388063.8784842, v19.tiktokcdn-us.com, 684df177dd5330465315ddcec5d5f6d2, /684df177dd5330465315ddcec5d5f6d2/61e52eb2/video/tos/useast2a/tos-useast2a-pve-0068/a27f7933c7584a20ab3fd6eb8b24a7cc/?a=1233&br=1110&bt=555&cd=0%7C0%7C0&ch=0&cr=3&cs=2&cv=1&dr=0&ds=6&er=&ft=c~.Zm4L-gXoInz7T&l=2022011702535101011300611401528D92&lr=all&mime_type=video_mp4&net=0&pl=0&qs=11&rc=anU4aW94PDRpeDMzZzczM0ApZ2U2ZTU7ZDw5NzNoZDg5NGcyZmYtY2Znc2VfLS1jMTZzc2MxMmJeL2BeMzM2XmIvMTQ6Yw%3D%3D&vl=&vr=
video/mp4, bytesbytes 0-1024000/1511927, 1642388064.0990605, 1642388064.1005557, 1642388064.1153095, 1642388065.1122937, v19.tiktokcdn-us.com, edc71e83b812aeaeef68e0231589eeb9, /edc71e83b812aeaeef68e0231589eeb9/61e52eb3/video/tos/useast2a/tos-useast2a-pve-0068/fcb55ec68264411daa7a8140759786fd/?a=1233&br=1140&bt=570&cd=0%7C0%7C0&ch=0&cr=3&cs=2&cv=1&dr=0&ds=6&er=&ft=c~.Zm4L-gXoInz7T&l=2022011702535101011300611401528D92&lr=all&mime_type=video_mp4&net=0&pl=0&qs=11&rc=MzY0NTY6ZjhrNzMzNzczM0ApaWQzOTZlNzw2NzQ6aWloaWdjYnFmcjQwLmhgLS1kMTZzcy1jX2FfYDFhNGEtX2E1LS46Yw%3D%3D&vl=&vr=
video/mp4, bytesbytes 0-418386/418387, 1642388068.8217878, 1642388068.8229296, 1642388068.8402128, 1642388069.3405786, v19.tiktokcdn-us.com, 6ba354b8ad149e655c6edd20c2e6f3a9, /6ba354b8ad149e655c6edd20c2e6f3a9/61e52ea6/video/tos/useast5/tos-useast5-ve-0068c004-tx/76d2b8ec07e045ac97babd32e7849b66/?a=1233&br=856&bt=428&cd=0%7C0%7C0&ch=0&cr=3&cs=2&cv=1&dr=0&ds=3&er=&ft=c~.Zm4L-gXoInz7T&l=2022011702535101011300611401528D92&lr=all&mime_type=video_mp4&net=0&pl=0&qs=14&rc=anY1dmk6Zmk2OTMzZzczNEApNTM7PDplZDs3N2k3NTQ0NGdtbl8ycjQwNTFgLS1kMS9zcy1iMTNhMjVgXzFhX2MvNWI6Yw%3D%3D&vl=&vr=
video/mp4, bytesbytes 0-493479/493480, 1642388069.5828466, 1642388069.58788, 1642388069.6063077, 1642388070.0768912, v19.tiktokcdn-us.com, ac82c6ce31a09425c9441c02dfd65144, /ac82c6ce31a09425c9441c02dfd65144/61e52ea6/video/tos/useast2a/tos-useast2a-ve-0068c001/2e99d8cb79244ae99f25ae3ac8163fed/?a=1233&br=1044&bt=522&cd=0%7C0%7C0&ch=0&cr=3&cs=2&cv=1&dr=0&ds=6&er=&ft=c~.Zm4L-gXoInz7T&l=2022011702535101011300611401528D92&lr=all&mime_type=video_mp4&net=0&pl=0&qs=4&rc=M3hxczRra3FwNjMzNzczM0ApZWVkM2lnaWVmNzk0OjVoZmctaGdqMTVxcTFgLS1kMTZzcy1eMDQ0YTVgNl8yLTMvMGE6Yw%3D%3D&vl=&vr=
video/mp4, bytesbytes 1024000-1589871/1589872, 1642388080.48445, 1642388080.487948, 1642388080.502341, 1642388081.5629709, v19.tiktokcdn-us.com, be735a585459bec0db450ee634462894, /be735a585459bec0db450ee634462894/61e52eab/video/tos/useast2a/tos-useast2a-ve-0068c003/91c724bf933b40f5903e337d94f8f6a7/?a=1233&br=1944&bt=972&cd=0%7C0%7C0&ch=0&cr=3&cs=2&cv=1&dr=0&ds=6&er=&ft=c~.Zm4L-gXoInz7T&l=2022011702535101011300611401528D92&lr=all&mime_type=video_mp4&net=0&pl=0&qs=5&rc=M2VqbzM6ZmQ7NjMzNzczM0ApZGU1aGc7ZGU2NzhoZTNoZ2dkZGFncjRfaG9gLS1kMTZzcy4zYmA1MmE0NmEzLV8tYjQ6Yw%3D%3D&vl=&vr=
video/mp4, bytesbytes 0-638227/638228, 1642388081.8744204, 1642388081.8753908, 1642388081.8970187, 1642388083.0481577, v19.tiktokcdn-us.com, fc1934d7637da5fdacee65616bfd9649, /fc1934d7637da5fdacee65616bfd9649/61e52eaa/video/tos/useast2a/tos-useast2a-pve-0068/757a2f8b19044ed39ac6674811366bc1/?a=1233&br=852&bt=426&cd=0%7C0%7C0&ch=0&cr=3&cs=2&cv=1&dr=0&ds=6&er=&ft=c~.Zm4L-gXoInz7T&l=2022011702535101011300611401528D92&lr=all&mime_type=video_mp4&net=0&pl=0&qs=4&rc=ampkM21rdWVrNjMzNzczM0ApOztlZjVkZWQ1N2UzaTRnNWdqM2luaWliMS5gLS1kMTZzczEzYzQ0NS4uLjUvYDQxLjU6Yw%3D%3D&vl=&vr=
video/mp4, bytesbytes 1024000-1511926/1511927, 1642388087.2488985, 1642388087.2524993, 1642388087.2768142, 1642388089.6510408, v19.tiktokcdn-us.com, edc71e83b812aeaeef68e0231589eeb9, /edc71e83b812aeaeef68e0231589eeb9/61e52eb3/video/tos/useast2a/tos-useast2a-pve-0068/fcb55ec68264411daa7a8140759786fd/?a=1233&br=1140&bt=570&cd=0%7C0%7C0&ch=0&cr=3&cs=2&cv=1&dr=0&ds=6&er=&ft=c~.Zm4L-gXoInz7T&l=2022011702535101011300611401528D92&lr=all&mime_type=video_mp4&net=0&pl=0&qs=11&rc=MzY0NTY6ZjhrNzMzNzczM0ApaWQzOTZlNzw2NzQ6aWloaWdjYnFmcjQwLmhgLS1kMTZzcy1jX2FfYDFhNGEtX2E1LS46Yw%3D%3D&vl=&vr=
video/mp4, bytesbytes 0-888812/888813, 1642388092.157256, 1642388092.1600888, 1642388092.2203705, 1642388093.8147507, v39.tiktokcdn-us.com, bc33993479782b704f0a7f32bb22d3e5, /bc33993479782b704f0a7f32bb22d3e5/61e52eea/video/tos/alisg/tos-alisg-pve-0037c001/528ecdee582c401d94082a44d9ece479/?a=1233&br=898&bt=449&cd=0%7C0%7C0&ch=0&cr=3&cs=2&cv=1&dr=0&ds=6&er=&ft=c~.Zm4L-gXoInz7T&l=202201170254510101131352111D501861&lr=all&mime_type=video_mp4&net=0&pl=0&qs=5&rc=M3E3eTY6ZjNsNzMzODczNEApOjRnNjNpO2U2NzxkMzU6OWdncGlwcjRfZDNgLS1kMS1zczUuNGEwLzEzXzAyYC00LjQ6Yw%3D%3D&vl=&vr=
video/mp4, bytesbytes 598016-888812/888813, 1642388094.1679213, 1642388094.1755922, 1642388094.2249212, 1642388094.6381555, v39.tiktokcdn-us.com, bc33993479782b704f0a7f32bb22d3e5, /bc33993479782b704f0a7f32bb22d3e5/61e52eea/video/tos/alisg/tos-alisg-pve-0037c001/528ecdee582c401d94082a44d9ece479/?a=1233&br=898&bt=449&cd=0%7C0%7C0&ch=0&cr=3&cs=2&cv=1&dr=0&ds=6&er=&ft=c~.Zm4L-gXoInz7T&l=202201170254510101131352111D501861&lr=all&mime_type=video_mp4&net=0&pl=0&qs=5&rc=M3E3eTY6ZjNsNzMzODczNEApOjRnNjNpO2U2NzxkMzU6OWdncGlwcjRfZDNgLS1kMS1zczUuNGEwLzEzXzAyYC00LjQ6Yw%3D%3D&vl=&vr=
video/mp4, bytesbytes 0-587184/587185, 1642388094.8714223, 1642388094.8723876, 1642388094.89307, 1642388095.4417896, v39.tiktokcdn-us.com, e793625c3b15627fb04f03a3b75eab3c, /e793625c3b15627fb04f03a3b75eab3c/61e52ee1/video/tos/useast2a/tos-useast2a-ve-0068c001/0c2f08bc79c247508bee147852570e44/?a=1233&br=1376&bt=688&cd=0%7C0%7C0&ch=0&cr=3&cs=2&cv=1&dr=0&ds=6&er=&ft=c~.Zm4L-gXoInz7T&l=202201170254510101131352111D501861&lr=all&mime_type=video_mp4&net=0&pl=0&qs=5&rc=amdzcjk6ZjpnNjMzNzczM0ApNDdoMzwzNjtkNztnNjc5ZWczNmBkcjRfbWxgLS1kMTZzc2IvYF41M2AtLS4wXl9iLzM6Yw%3D%3D&vl=&vr=
video/mp4, bytesbytes 0-951005/951006, 1642388095.7075973, 1642388095.7092817, 1642388095.7281497, 1642388096.615942, v39.tiktokcdn-us.com, 36bdcf1511cf7fb9aeae50798c07ddc6, /36bdcf1511cf7fb9aeae50798c07ddc6/61e52ee6/video/tos/useast2a/tos-useast2a-ve-0068c001/5f3422e45d71461f903cd1d7b939af71/?a=1233&br=1316&bt=658&cd=0%7C0%7C0&ch=0&cr=3&cs=2&cv=1&dr=0&ds=6&er=&ft=c~.Zm4L-gXoInz7T&l=202201170254510101131352111D501861&lr=all&mime_type=video_mp4&net=0&pl=0&qs=5&rc=M3dyOjM6ZmtqNzMzNzczM0ApODszNGY3PDw4N2Y0O2g4ZGcyaGAycjRvY2xgLS1kMTZzc2JjXy8wX14xYWEyYjAxXy86Yw%3D%3D&vl=&vr=
video/mp4, bytesbytes 0-569747/569748, 1642388096.9924822, 1642388096.9935818, 1642388097.0128992, 1642388097.4919574, v39.tiktokcdn-us.com, 3fb5fc3f92d0154e79a5e314931686ea, /3fb5fc3f92d0154e79a5e314931686ea/61e52ee3/video/tos/useast2a/tos-useast2a-ve-0068/ca60c61655f549038fb6212a2048fcff/?a=1233&br=1076&bt=538&cd=0%7C0%7C0&ch=0&cr=3&cs=2&cv=1&dr=0&ds=6&er=&ft=c~.Zm4L-gXoInz7T&l=202201170254510101131352111D501861&lr=all&mime_type=video_mp4&net=0&pl=0&qs=4&rc=M2Q4cXI5azpscDMzNDczM0ApPDRkNjtnNTtmN2dpaTk4O2dnZ3NeY2w0aWxfLS0wMTZzc18yYzQyLTRhX14tNDNgMjA6Yw%3D%3D&vl=&vr=
