video/mp4, bytesbytes 0-449698/449699, 1642371824.8975708, 1642371824.899346, 1642371824.911942, 1642371825.371514, v19-us.tiktokcdn.com, ad2c7aa2a4dd97fa1d7b20fb45001b0d, /ad2c7aa2a4dd97fa1d7b20fb45001b0d/61e4ef59/video/tos/maliva/tos-maliva-ve-0068c799-us/61e0e1714b96414ebe2c06bd7275066a/?a=1233&br=738&bt=369&cd=0%7C0%7C0&ch=0&cr=3&cs=2&cv=1&dr=0&ds=3&er=&ft=xo5uS4L-gXoInz7T&l=20220116222343010190186029269B241D&lr=all&mime_type=video_mp4&net=0&pl=0&qs=14&rc=MzxkNDM6ZnQ5OjMzZzczNEApaGZmZmk2aTxlN2VmZmgzaGdncS4ycjRvb2FgLS1kMS9zczUxYzZeNTVjLTReYTQuMjU6Yw%3D%3D&vl=&vr=
video/mp4, bytesbytes 0-469320/469321, 1642371830.1296868, 1642371830.1339185, 1642371830.1604178, 1642371830.5877728, v19-us.tiktokcdn.com, 958c8c11f0bdeec5a934f4609081f84c, /958c8c11f0bdeec5a934f4609081f84c/61e4ef5e/video/tos/maliva/tos-maliva-ve-0068c799-us/286440cbfd9d44e483517af2bd749f7a/?a=1233&br=778&bt=389&cd=0%7C0%7C0&ch=0&cr=3&cs=2&cv=1&dr=0&ds=6&er=&ft=xo5uS4L-gXoInz7T&l=202201162223480101910510660B13C9B3&lr=all&mime_type=video_mp4&net=0&pl=0&qs=5&rc=ajt0NGg6ZmhrOjMzZzczNEApZDY6O2U6ZmQ6N2U8NTY6ZWcvNGpkcjRvMGNgLS1kMS9zc2E1MjRgMTMvNWEuLWIzMzI6Yw%3D%3D&vl=&vr=
video/mp4, bytesbytes 0-1312463/1312464, 1642371834.7922902, 1642371834.794304, 1642371834.813152, 1642371841.4897451, v19-us.tiktokcdn.com, 5c8e8c7afe26733c91ca0e42b37e9a17, /5c8e8c7afe26733c91ca0e42b37e9a17/61e4ef5f/video/tos/useast2a/tos-useast2a-ve-0068c002/30b4fdd4485b4cebb733d54b53c54260/?a=1233&br=1944&bt=972&cd=0%7C0%7C0&ch=0&cr=3&cs=2&cv=1&dr=0&ds=6&er=&ft=xo5uS4L-gXoInz7T&l=202201162223480101910510660B13C9B3&lr=all&mime_type=video_mp4&net=0&pl=0&qs=5&rc=ajZ1ZzM6ZmtqOjMzNzczM0ApNzw0MzRoNTtmNzRmZzRoM2c1bjYwcjRvYDZgLS1kMTZzcy4zXjMzNDQwXzYvNi9hXzI6Yw%3D%3D&vl=&vr=
video/mp4, bytes, 1642371871.918489, 1642371871.919898, 1642371871.9833913, 1642371872.3741798, v25.tiktokcdn-us.com, 03f7ee65970c252e089d3c618254fdaf, /03f7ee65970c252e089d3c618254fdaf/61e4ef75/video/tos/useast2a/tos-useast2a-pve-0068/1ff73ed8995540e392ee5ef1f90c1730/?a=1233&br=726&bt=363&cd=0%7C0%7C0&ch=0&cr=3&cs=2&cv=1&dr=0&ds=6&er=&ft=c~.Zm4L-gXoInz7T&l=20220116222413010113006062210FE429&lr=all&mime_type=video_mp4&net=0&pl=0&qs=5&rc=anRuNnZvNHNodzMzODczM0ApN2k1OTw3NWVlNzg2Omc6OGdtYnJpNTJzXnJfLS1iMTZzczBhNC4yX2IuYmMuMWBjLzE6Yw%3D%3D&vl=&vr=
video/mp4, bytes 0-388322/388323, 1642371872.7272387, 1642371872.729054, 1642371872.7659433, 1642371873.1693983, v25.tiktokcdn-us.com, 181744e7f30bc2168a9b5c1f19126035, /181744e7f30bc2168a9b5c1f19126035/61e4ef7a/video/tos/useast5/tos-useast5-pve-0068-tx/7f390b6056b34dfaad417a55d3f276de/?a=1233&br=482&bt=241&cd=0%7C0%7C0&ch=0&cr=3&cs=2&cv=1&dr=0&ds=6&er=&ft=c~.Zm4L-gXoInz7T&l=20220116222413010113006062210FE429&lr=all&mime_type=video_mp4&net=0&pl=0&qs=4&rc=M2RmZGQ6ZjNzOjMzZzczNEApPGU2NTw4Ozw5N2VoZTU1PGdrLWxocjRnc19gLS1kMS9zczAuNDQvNDIyLTA0My1eL2I6Yw%3D%3D&vl=&vr=
video/mp4, bytes 0-1024000/2209343, 1642371873.659339, 1642371873.6609886, 1642371873.6972127, 1642371874.7804286, v25.tiktokcdn-us.com, f3a6f36b9bf5c272fc4c01a64bfa37fc, /f3a6f36b9bf5c272fc4c01a64bfa37fc/61e4ef82/video/tos/useast2a/tos-useast2a-ve-0068c003/a3916a82751449e5bc996d3ea4c44e77/?a=1233&br=1710&bt=855&cd=0%7C0%7C0&ch=0&cr=3&cs=2&cv=1&dr=0&ds=6&er=&ft=c~.Zm4L-gXoInz7T&l=20220116222413010113006062210FE429&lr=all&mime_type=video_mp4&net=0&pl=0&qs=5&rc=ajx1NTU6ZmdqOTMzNzczM0ApZmk0NjlpOGQ4N2U4NTg8aGcwcTEucjQwbnJgLS1kMTZzc2EzYGBjLTYyNTNgYi1fNTY6Yw%3D%3D&vl=&vr=
video/mp4, bytes 0-878633/878634, 1642371875.222406, 1642371875.2234237, 1642371875.291765, 1642371876.179462, v25.tiktokcdn-us.com, 97eb0e1597391ad964de3f585267a360, /97eb0e1597391ad964de3f585267a360/61e4ef7f/video/tos/useast2a/tos-useast2a-pve-0068/52bbbd3d4f604a6c82a0b217a8755c8c/?a=1233&br=770&bt=385&cd=0%7C0%7C0&ch=0&cr=3&cs=2&cv=1&dr=0&ds=6&er=&ft=c~.Zm4L-gXoInz7T&l=20220116222413010113006062210FE429&lr=all&mime_type=video_mp4&net=0&pl=0&qs=4&rc=anZ3NmhraW1tNDMzNzczM0ApNzY5ZzdlZDs5NzRpNWU7Nmdubmg0Ml9oYGhgLS1kMTZzczE1NmMyNWJjX2JhMS8xNC46Yw%3D%3D&vl=&vr=
video/mp4, bytes 0-1024000/2389680, 1642371876.6958165, 1642371876.6971776, 1642371876.7684546, 1642371877.7704272, v25.tiktokcdn-us.com, db5f37646bbb17a0c3bf01110eb63116, /db5f37646bbb17a0c3bf01110eb63116/61e4ef9b/video/tos/useast2a/tos-useast2a-ve-0068c003/c55f43b17e504c7bbf092aa4cbaf43fc/?a=1233&br=810&bt=405&cd=0%7C0%7C0&ch=0&cr=3&cs=2&cv=1&dr=0&ds=6&er=&ft=c~.Zm4L-gXoInz7T&l=20220116222413010113006062210FE429&lr=all&mime_type=video_mp4&net=0&pl=0&qs=11&rc=M25oMzw6ZjhqNjMzNzczM0ApOjM4Nzg4ZjszN2lpPDYzaWdrYjJlcjRfNmlgLS1kMTZzc2JiNDEtNS8vLjAvMzM1MzA6Yw%3D%3D&vl=&vr=
video/mp4, bytes 0-1024000/1181632, 1642371878.266803, 1642371878.2683926, 1642371878.2990003, 1642371879.159754, v25.tiktokcdn-us.com, a117eb039226ea5b03799b904120240b, /a117eb039226ea5b03799b904120240b/61e4ef7e/video/tos/useast2a/tos-useast2a-pve-0068/353eea5c512a4e96bf4aed8f1a7c9fe9/?a=1233&br=1108&bt=554&cd=0%7C0%7C0&ch=0&cr=3&cs=2&cv=1&dr=0&ds=3&er=&ft=c~.Zm4L-gXoInz7T&l=20220116222413010113006062210FE429&lr=all&mime_type=video_mp4&net=0&pl=0&qs=14&rc=MzZ4bjQ6ZmtoNzMzNzczM0ApODc0NGk0NmVlN2Q7OjczM2c0MGRjcjQwci9gLS1kMTZzcy8tMWFiYS5fMzIyNTUxXy06Yw%3D%3D&vl=&vr=
video/mp4, bytes 0-1024000/1492687, 1642371893.5255697, 1642371893.5278132, 1642371893.7133431, 1642371894.7115865, v25.tiktokcdn-us.com, e0998f957558c705347b18e650d2959f, /e0998f957558c705347b18e650d2959f/61e4ef85/video/tos/useast2a/tos-useast2a-ve-0068c004/02c11bae6e0c4bbaa3a6e4b386e22249/?a=1233&br=980&bt=490&cd=0%7C0%7C0&ch=0&cr=3&cs=2&cv=1&dr=0&ds=6&er=&ft=c~.Zm4L-gXoInz7T&l=20220116222413010113006062210FE429&lr=all&mime_type=video_mp4&net=0&pl=0&qs=4&rc=amQ1NTN2aDpmNjMzNzczM0ApNmg5OTw2ODtnNzhoO2RlNWc0LmVxZWpmNjBgLS1kMTZzczQyLy8wYjAyLl9jL2JjXjQ6Yw%3D%3D&vl=&vr=
video/mp4, bytes 1024000-2209342/2209343, 1642371896.2262924, 1642371896.2286415, 1642371896.3079815, 1642371898.7017272, v25.tiktokcdn-us.com, f3a6f36b9bf5c272fc4c01a64bfa37fc, /f3a6f36b9bf5c272fc4c01a64bfa37fc/61e4ef82/video/tos/useast2a/tos-useast2a-ve-0068c003/a3916a82751449e5bc996d3ea4c44e77/?a=1233&br=1710&bt=855&cd=0%7C0%7C0&ch=0&cr=3&cs=2&cv=1&dr=0&ds=6&er=&ft=c~.Zm4L-gXoInz7T&l=20220116222413010113006062210FE429&lr=all&mime_type=video_mp4&net=0&pl=0&qs=5&rc=ajx1NTU6ZmdqOTMzNzczM0ApZmk0NjlpOGQ4N2U4NTg8aGcwcTEucjQwbnJgLS1kMTZzc2EzYGBjLTYyNTNgYi1fNTY6Yw%3D%3D&vl=&vr=
video/mp4, bytes 0-1024000/3653700, 1642371899.7573037, 1642371899.7638109, 1642371899.8183653, 1642371901.698309, v25.tiktokcdn-us.com, 7561650abe08aeaff5583b506dc09d18, /7561650abe08aeaff5583b506dc09d18/61e4efa0/video/tos/useast2a/tos-useast2a-ve-0068c001/5bc95ee24c964e9b933f7770c02b2951/?a=1233&br=1136&bt=568&cd=0%7C0%7C0&ch=0&cr=3&cs=2&cv=1&dr=0&ds=6&er=&ft=c~.Zm4L-gXoInz7T&l=20220116222413010113006062210FE429&lr=all&mime_type=video_mp4&net=0&pl=0&qs=5&rc=M2plODQ6ZjllNjMzNzczM0ApNWUzOGQ7NTw4Nzg8ZWU8O2drLmJucjQwLnBgLS1kMTZzczBjNjQvMDZeYS8xNGEvMDA6Yw%3D%3D&vl=&vr=
video/mp4, bytes 0-283561/283562, 1642371902.4099517, 1642371902.411818, 1642371902.4691608, 1642371903.007613, v25.tiktokcdn-us.com, ea5a230261195a344323f19179451c0d, /ea5a230261195a344323f19179451c0d/61e4ef74/video/tos/useast2a/tos-useast2a-ve-0068c003/c82291f2f7744bbabb097f3a38918c6a/?a=1233&br=666&bt=333&cd=0%7C0%7C0&ch=0&cr=3&cs=2&cv=1&dr=0&ds=6&er=&ft=c~.Zm4L-gXoInz7T&l=20220116222413010113006062210FE429&lr=all&mime_type=video_mp4&net=0&pl=0&qs=4&rc=anVseHJvbmdtdTMzZjczM0ApZWc2M2g4PDs6N2g5ZDdkaWdwNDYwcnM0L3BfLS0yMTZzczE1MmBgYDNfYDYuMWM2YTE6Yw%3D%3D&vl=&vr=
video/mp4, bytes 1024000-2389679/2389680, 1642371904.0605652, 1642371904.0615325, 1642371904.1493962, 1642371906.153516, v25.tiktokcdn-us.com, db5f37646bbb17a0c3bf01110eb63116, /db5f37646bbb17a0c3bf01110eb63116/61e4ef9b/video/tos/useast2a/tos-useast2a-ve-0068c003/c55f43b17e504c7bbf092aa4cbaf43fc/?a=1233&br=810&bt=405&cd=0%7C0%7C0&ch=0&cr=3&cs=2&cv=1&dr=0&ds=6&er=&ft=c~.Zm4L-gXoInz7T&l=20220116222413010113006062210FE429&lr=all&mime_type=video_mp4&net=0&pl=0&qs=11&rc=M25oMzw6ZjhqNjMzNzczM0ApOjM4Nzg4ZjszN2lpPDYzaWdrYjJlcjRfNmlgLS1kMTZzc2JiNDEtNS8vLjAvMzM1MzA6Yw%3D%3D&vl=&vr=
video/mp4, bytes 0-557503/557504, 1642371906.7626579, 1642371906.7643561, 1642371906.9166589, 1642371907.832968, v25.tiktokcdn-us.com, b1eb8ff9672d9222dc990fd056f925fa, /b1eb8ff9672d9222dc990fd056f925fa/61e4ef78/video/tos/useast2a/tos-useast2a-ve-0068c002/3b04e783681a450b960ddb8446dd3c3b/?a=1233&br=814&bt=407&cd=0%7C0%7C0&ch=0&cr=3&cs=2&cv=1&dr=0&ds=6&er=&ft=c~.Zm4L-gXoInz7T&l=20220116222413010113006062210FE429&lr=all&mime_type=video_mp4&net=0&pl=0&qs=4&rc=am53bnBmZ2Z2NDMzNzczM0ApOzU6ZGhlOmQ0Nzk6NmU2ZWduZmtiZy5pNG5gLS1kMTZzc18wMl9fNTAuMF9eMmMvNC06Yw%3D%3D&vl=&vr=
video/mp4, bytes 1024000-1181631/1181632, 1642371921.7362556, 1642371921.738916, 1642371921.8447444, 1642371922.0843797, v25.tiktokcdn-us.com, a117eb039226ea5b03799b904120240b, /a117eb039226ea5b03799b904120240b/61e4ef7e/video/tos/useast2a/tos-useast2a-pve-0068/353eea5c512a4e96bf4aed8f1a7c9fe9/?a=1233&br=1108&bt=554&cd=0%7C0%7C0&ch=0&cr=3&cs=2&cv=1&dr=0&ds=3&er=&ft=c~.Zm4L-gXoInz7T&l=20220116222413010113006062210FE429&lr=all&mime_type=video_mp4&net=0&pl=0&qs=14&rc=MzZ4bjQ6ZmtoNzMzNzczM0ApODc0NGk0NmVlN2Q7OjczM2c0MGRjcjQwci9gLS1kMTZzcy8tMWFiYS5fMzIyNTUxXy06Yw%3D%3D&vl=&vr=
video/mp4, bytes 1024000-1492686/1492687, 1642371927.7874599, 1642371927.7900982, 1642371927.8372686, 1642371928.5400355, v25.tiktokcdn-us.com, e0998f957558c705347b18e650d2959f, /e0998f957558c705347b18e650d2959f/61e4ef85/video/tos/useast2a/tos-useast2a-ve-0068c004/02c11bae6e0c4bbaa3a6e4b386e22249/?a=1233&br=980&bt=490&cd=0%7C0%7C0&ch=0&cr=3&cs=2&cv=1&dr=0&ds=6&er=&ft=c~.Zm4L-gXoInz7T&l=20220116222413010113006062210FE429&lr=all&mime_type=video_mp4&net=0&pl=0&qs=4&rc=amQ1NTN2aDpmNjMzNzczM0ApNmg5OTw2ODtnNzhoO2RlNWc0LmVxZWpmNjBgLS1kMTZzczQyLy8wYjAyLl9jL2JjXjQ6Yw%3D%3D&vl=&vr=
video/mp4, bytes 1024000-3653699/3653700, 1642371938.7327523, 1642371938.7344697, 1642371938.7824202, 1642371944.0885108, v25.tiktokcdn-us.com, 7561650abe08aeaff5583b506dc09d18, /7561650abe08aeaff5583b506dc09d18/61e4efa0/video/tos/useast2a/tos-useast2a-ve-0068c001/5bc95ee24c964e9b933f7770c02b2951/?a=1233&br=1136&bt=568&cd=0%7C0%7C0&ch=0&cr=3&cs=2&cv=1&dr=0&ds=6&er=&ft=c~.Zm4L-gXoInz7T&l=20220116222413010113006062210FE429&lr=all&mime_type=video_mp4&net=0&pl=0&qs=5&rc=M2plODQ6ZjllNjMzNzczM0ApNWUzOGQ7NTw4Nzg8ZWU8O2drLmJucjQwLnBgLS1kMTZzczBjNjQvMDZeYS8xNGEvMDA6Yw%3D%3D&vl=&vr=
video/mp4, bytesbytes 0-1024000/1412515, 1642371945.6478798, 1642371945.6546183, 1642371945.7153141, 1642371946.8516815, v39.tiktokcdn-us.com, b5a04d0da8e40b6263a473cb678633fe, /b5a04d0da8e40b6263a473cb678633fe/61e4efd7/video/tos/useast2a/tos-useast2a-ve-0068c003/b2a74e92317c41a98ff396e61f505581/?a=1233&br=1092&bt=546&cd=0%7C0%7C0&ch=0&cr=3&cs=2&cv=1&dr=0&ds=6&er=&ft=c~.Zm4L-gXoInz7T&l=2022011622253801011300615621119570&lr=all&mime_type=video_mp4&net=0&pl=0&qs=5&rc=MzhxNTo7OmluNTMzNzczM0ApaDNlODRpZzszNzc3NDk2NWdqYzQ1Z2RibzBgLS1kMTZzc2JjMmItYy5fLi9gY2EyM2A6Yw%3D%3D&vl=&vr=
video/mp4, bytesbytes 0-909099/909100, 1642371947.3477266, 1642371947.3877668, 1642371947.4736428, 1642371948.775709, v39.tiktokcdn-us.com, 3447493466b6a8ed77cb1a7b75c5f0ef, /3447493466b6a8ed77cb1a7b75c5f0ef/61e4efd4/video/tos/useast2a/tos-useast2a-ve-0068c004/f34f762b9db54ae98cc0c41b2e426aee/?a=1233&br=812&bt=406&cd=0%7C0%7C0&ch=0&cr=3&cs=2&cv=1&dr=0&ds=6&er=&ft=c~.Zm4L-gXoInz7T&l=2022011622253801011300615621119570&lr=all&mime_type=video_mp4&net=0&pl=0&qs=11&rc=amo3a2g6ZnJoNzMzNzczM0ApaGU0OWhmNDxnN2g1NjQ5Z2cvb2IzcjRfZzBgLS1kMTZzc2JjYTFgLzMvLS0wY2IyXy46Yw%3D%3D&vl=&vr=
video/mp4, bytesbytes 0-1024000/1130687, 1642371949.1651123, 1642371949.167223, 1642371949.1839824, 1642371949.8322349, v39.tiktokcdn-us.com, 29afb7342de3104ab8dae697299e328c, /29afb7342de3104ab8dae697299e328c/61e4efd2/video/tos/useast2a/tos-useast2a-ve-0068c004/4dd3485cb1714c11939fbdd0790ecb0f/?a=1233&br=1160&bt=580&cd=0%7C0%7C0&ch=0&cr=3&cs=2&cv=1&dr=0&ds=6&er=&ft=c~.Zm4L-gXoInz7T&l=2022011622253801011300615621119570&lr=all&mime_type=video_mp4&net=0&pl=0&qs=5&rc=MzlqN214NThwNTMzNzczM0ApNmQ5PGZnO2Q8N2VoN2ZkM2cubjNkcWZyam5gLS1kMTZzc2MyYTY2Yy4yLjYyXzMvMDA6Yw%3D%3D&vl=&vr=
video/mp4, bytesbytes 0-875044/875045, 1642371989.3729758, 1642371989.3744192, 1642371989.3954191, 1642371990.4087784, v39.tiktokcdn-us.com, 1b162ff6c1688fff1c2eeac34d776ce7, /1b162ff6c1688fff1c2eeac34d776ce7/61e4efd1/video/tos/useast5/tos-useast5-ve-0068c002-tx/0aa462b0cc9e4571a40dc25f2481c9e5/?a=1233&br=906&bt=453&cd=0%7C0%7C0&ch=0&cr=3&cs=2&cv=1&dr=0&ds=6&er=&ft=c~.Zm4L-gXoInz7T&l=2022011622253801011300615621119570&lr=all&mime_type=video_mp4&net=0&pl=0&qs=4&rc=amkzdjo6ZnY6OjMzZzczNEApOTdkZzQ4NGQ8NzY3aWRnO2doXnNtcjRnNTVgLS1kMS9zcy5jLy8tYTA0NmMxMzY2LS86Yw%3D%3D&vl=&vr=
video/mp4, bytesbytes 0-1024000/2492421, 1642371996.3364174, 1642371996.3425686, 1642371996.3635316, 1642371997.4189246, v39.tiktokcdn-us.com, d6f7efac346a72a3db24cc54ab70a9ca, /d6f7efac346a72a3db24cc54ab70a9ca/61e4efea/video/tos/useast2a/tos-useast2a-pve-0068/85f26dad7c324228908ebbb101ade411/?a=1233&br=978&bt=489&cd=0%7C0%7C0&ch=0&cr=3&cs=2&cv=1&dr=0&ds=6&er=&ft=c~.Zm4L-gXoInz7T&l=2022011622253801011300615621119570&lr=all&mime_type=video_mp4&net=0&pl=0&qs=5&rc=am5zdDw6ZmhqNjMzNzczM0ApOWRnZ2k2NmU0NzRoaGg5O2dtNGtncjRnb2hgLS1kMTZzczQxYF81MjRgM18wNjAxYV86Yw%3D%3D&vl=&vr=
video/mp4, bytesbytes 1024000-1412514/1412515, 1642372002.274966, 1642372002.2777035, 1642372002.3002903, 1642372002.7488198, v39.tiktokcdn-us.com, b5a04d0da8e40b6263a473cb678633fe, /b5a04d0da8e40b6263a473cb678633fe/61e4efd7/video/tos/useast2a/tos-useast2a-ve-0068c003/b2a74e92317c41a98ff396e61f505581/?a=1233&br=1092&bt=546&cd=0%7C0%7C0&ch=0&cr=3&cs=2&cv=1&dr=0&ds=6&er=&ft=c~.Zm4L-gXoInz7T&l=2022011622253801011300615621119570&lr=all&mime_type=video_mp4&net=0&pl=0&qs=5&rc=MzhxNTo7OmluNTMzNzczM0ApaDNlODRpZzszNzc3NDk2NWdqYzQ1Z2RibzBgLS1kMTZzc2JjMmItYy5fLi9gY2EyM2A6Yw%3D%3D&vl=&vr=
video/mp4, bytesbytes 0-1024000/2121440, 1642372002.9854357, 1642372002.986561, 1642372003.0071435, 1642372003.9921148, v39.tiktokcdn-us.com, 2aeb64454b0863b2317bfcaf4e7cf4ff, /2aeb64454b0863b2317bfcaf4e7cf4ff/61e4efd8/video/tos/useast2a/tos-useast2a-pve-0068/bce660f83b4044319aeab83ae5a264f6/?a=1233&br=1562&bt=781&cd=0%7C0%7C0&ch=0&cr=3&cs=2&cv=1&dr=0&ds=6&er=&ft=c~.Zm4L-gXoInz7T&l=2022011622253801011300615621119570&lr=all&mime_type=video_mp4&net=0&pl=0&qs=5&rc=ajtwaW9vZGt5NTMzNzczM0ApMzo0ZTNlNWQ4N2Y4Zjg5Z2djaTZlczNkM2dgLS1kMTZzc2A2MC4wYy9iYTQtMmBjNl46Yw%3D%3D&vl=&vr=
video/mp4, bytesbytes 0-494289/494290, 1642372018.5425346, 1642372018.5456061, 1642372018.6084933, 1642372019.176017, v39.tiktokcdn-us.com, dc61a9421198d64b735330d3cb97c175, /dc61a9421198d64b735330d3cb97c175/61e4efcb/video/tos/useast2a/tos-useast2a-ve-0068c001/65b1561629fe48f1b92446c24ec02bcb/?a=1233&br=934&bt=467&cd=0%7C0%7C0&ch=0&cr=3&cs=2&cv=1&dr=0&ds=6&er=&ft=c~.Zm4L-gXoInz7T&l=2022011622253801011300615621119570&lr=all&mime_type=video_mp4&net=0&pl=0&qs=11&rc=ajlncnh0bXY7NTMzNzczM0ApOmlmOGloOzs2Nzg6aDtpZ2deNjU1MjFhZl5gLS1kMTZzc2M0NmEwNF8zXmFiYy4vLzM6Yw%3D%3D&vl=&vr=
video/mp4, bytesbytes 1024000-1130686/1130687, 1642372036.173625, 1642372036.176226, 1642372036.1995258, 1642372036.573733, v39.tiktokcdn-us.com, 29afb7342de3104ab8dae697299e328c, /29afb7342de3104ab8dae697299e328c/61e4efd2/video/tos/useast2a/tos-useast2a-ve-0068c004/4dd3485cb1714c11939fbdd0790ecb0f/?a=1233&br=1160&bt=580&cd=0%7C0%7C0&ch=0&cr=3&cs=2&cv=1&dr=0&ds=6&er=&ft=c~.Zm4L-gXoInz7T&l=2022011622253801011300615621119570&lr=all&mime_type=video_mp4&net=0&pl=0&qs=5&rc=MzlqN214NThwNTMzNzczM0ApNmQ5PGZnO2Q8N2VoN2ZkM2cubjNkcWZyam5gLS1kMTZzc2MyYTY2Yy4yLjYyXzMvMDA6Yw%3D%3D&vl=&vr=
video/mp4, bytesbytes 0-573921/573922, 1642372036.8735814, 1642372036.8752375, 1642372036.909778, 1642372039.1140344, v39.tiktokcdn-us.com, 9beec8a9ecaeb5fbbb6503b3ec6a4820, /9beec8a9ecaeb5fbbb6503b3ec6a4820/61e4efce/video/tos/useast5/tos-useast5-ve-0068c004-tx/d967a4df34444b62921fc5ac80467075/?a=1233&br=760&bt=380&cd=0%7C0%7C0&ch=0&cr=3&cs=2&cv=1&dr=0&ds=6&er=&ft=c~.Zm4L-gXoInz7T&l=2022011622253801011300615621119570&lr=all&mime_type=video_mp4&net=0&pl=0&qs=4&rc=M29saWg6ZjczOjMzZzczNEApNDQ8MzQ1aGQ8N2lmMzQ3NmcyNGBocjRfX2FgLS1kMS9zczI2LTUxYWBeLzAwM2JfYC06Yw%3D%3D&vl=&vr=
video/mp4, bytesbytes 1024000-2492420/2492421, 1642372040.4578276, 1642372040.46147, 1642372040.4923067, 1642372044.4751127, v39.tiktokcdn-us.com, d6f7efac346a72a3db24cc54ab70a9ca, /d6f7efac346a72a3db24cc54ab70a9ca/61e4efea/video/tos/useast2a/tos-useast2a-pve-0068/85f26dad7c324228908ebbb101ade411/?a=1233&br=978&bt=489&cd=0%7C0%7C0&ch=0&cr=3&cs=2&cv=1&dr=0&ds=6&er=&ft=c~.Zm4L-gXoInz7T&l=2022011622253801011300615621119570&lr=all&mime_type=video_mp4&net=0&pl=0&qs=5&rc=am5zdDw6ZmhqNjMzNzczM0ApOWRnZ2k2NmU0NzRoaGg5O2dtNGtncjRnb2hgLS1kMTZzczQxYF81MjRgM18wNjAxYV86Yw%3D%3D&vl=&vr=
video/mp4, bytesbytes 1024000-2121439/2121440, 1642372046.5431807, 1642372046.544949, 1642372046.5933042, 1642372050.7021527, v39.tiktokcdn-us.com, 2aeb64454b0863b2317bfcaf4e7cf4ff, /2aeb64454b0863b2317bfcaf4e7cf4ff/61e4efd8/video/tos/useast2a/tos-useast2a-pve-0068/bce660f83b4044319aeab83ae5a264f6/?a=1233&br=1562&bt=781&cd=0%7C0%7C0&ch=0&cr=3&cs=2&cv=1&dr=0&ds=6&er=&ft=c~.Zm4L-gXoInz7T&l=2022011622253801011300615621119570&lr=all&mime_type=video_mp4&net=0&pl=0&qs=5&rc=ajtwaW9vZGt5NTMzNzczM0ApMzo0ZTNlNWQ4N2Y4Zjg5Z2djaTZlczNkM2dgLS1kMTZzc2A2MC4wYy9iYTQtMmBjNl46Yw%3D%3D&vl=&vr=
video/mp4, bytesbytes 0-1024000/1069291, 1642372051.2624965, 1642372051.2641666, 1642372051.2965176, 1642372054.9633346, v39.tiktokcdn-us.com, 137cae50453a360b7966604c9d5a4b50, /137cae50453a360b7966604c9d5a4b50/61e4efdc/video/tos/alisg/tos-alisg-pve-0037c001/4a0a9e195fa24116ac3ca1661083a252/?a=1233&br=658&bt=329&cd=0%7C0%7C0&ch=0&cr=3&cs=2&cv=1&dr=0&ds=6&er=&ft=c~.Zm4L-gXoInz7T&l=2022011622253801011300615621119570&lr=all&mime_type=video_mp4&net=0&pl=0&qs=4&rc=ajY3Njk6ZmU2OTMzODczNEApaDZmNjs7NWQ0NzlmM2g2ZGdsb25ucjRvM2BgLS1kMS1zczQ0MC9jNC5jMWMzNmMtLy46Yw%3D%3D&vl=&vr=
video/mp4, bytesbytes 0-421105/421106, 1642372055.4429405, 1642372055.44567, 1642372055.5368047, 1642372056.9509387, v39.tiktokcdn-us.com, a28e6a5f292b842e9cc826694ffb9c62, /a28e6a5f292b842e9cc826694ffb9c62/61e4efca/video/tos/useast2a/tos-useast2a-ve-0068c001/9efacd2babf644c7ba107b101959f243/?a=1233&br=860&bt=430&cd=0%7C0%7C0&ch=0&cr=3&cs=2&cv=1&dr=0&ds=6&er=&ft=c~.Zm4L-gXoInz7T&l=2022011622253801011300615621119570&lr=all&mime_type=video_mp4&net=0&pl=0&qs=11&rc=M3kzcms1NHd0NDMzOjczM0ApMzhoOWU2NmQ4N2g2O2dlPGc1a3NhbGowbDJgLS02MTZzcy4yLzM1YjZiXzAyNF41LjI6Yw%3D%3D&vl=&vr=
video/mp4, bytesbytes 1024000-1069290/1069291, 1642372088.189181, 1642372088.1941307, 1642372088.2519686, 1642372088.43882, v39.tiktokcdn-us.com, 137cae50453a360b7966604c9d5a4b50, /137cae50453a360b7966604c9d5a4b50/61e4efdc/video/tos/alisg/tos-alisg-pve-0037c001/4a0a9e195fa24116ac3ca1661083a252/?a=1233&br=658&bt=329&cd=0%7C0%7C0&ch=0&cr=3&cs=2&cv=1&dr=0&ds=6&er=&ft=c~.Zm4L-gXoInz7T&l=2022011622253801011300615621119570&lr=all&mime_type=video_mp4&net=0&pl=0&qs=4&rc=ajY3Njk6ZmU2OTMzODczNEApaDZmNjs7NWQ0NzlmM2g2ZGdsb25ucjRvM2BgLS1kMS1zczQ0MC9jNC5jMWMzNmMtLy46Yw%3D%3D&vl=&vr=
video/mp4, bytesbytes 0-630905/630906, 1642372088.7128348, 1642372088.7144578, 1642372088.8420966, 1642372092.264557, v39.tiktokcdn-us.com, 28d98db6f7542b80daedcb5b682e408e, /28d98db6f7542b80daedcb5b682e408e/61e4f05b/video/tos/useast2a/tos-useast2a-ve-0068c004/d81012df6a39444f87aa77a0bbf58acc/?a=1233&br=638&bt=319&cd=0%7C0%7C0&ch=0&cr=3&cs=2&cv=1&dr=0&ds=6&er=&ft=c~.Zm4L-gXoInz7T&l=202201162227560101131350181B10C168&lr=all&mime_type=video_mp4&net=0&pl=0&qs=4&rc=ajo6ZzZyOmt2dDMzNzczM0ApZTY2NTY6OmU1NzM4OTpoNmdfbmYzbDAvYzBfLS1jMTZzczYvYzYxYmJhYzAxNi1gXi06Yw%3D%3D&vl=&vr=
video/mp4, bytesbytes 0-310807/310808, 1642372092.5820844, 1642372092.5833318, 1642372092.6678975, 1642372094.1483352, v39.tiktokcdn-us.com, 70c7c5112f0282c89105eaf93bdf37d0, /70c7c5112f0282c89105eaf93bdf37d0/61e4f053/video/tos/alisg/tos-alisg-pve-0037c001/89f8f33d4040490e8e75caa5309a3c1c/?a=1233&br=604&bt=302&cd=0%7C0%7C0&ch=0&cr=3&cs=2&cv=1&dr=0&ds=6&er=&ft=c~.Zm4L-gXoInz7T&l=202201162227560101131350181B10C168&lr=all&mime_type=video_mp4&net=0&pl=0&qs=5&rc=MzQzPHNnNjg8NDMzNTczM0ApODlkZTdpN2UzN2VlOjs8ZmdnYW5ibTJwcjZgLS0xMTRzcy8uLjViNTReXy4wXzYzXzQ6Yw%3D%3D&vl=&vr=
video/mp4, bytesbytes 0-785126/785127, 1642372094.395063, 1642372094.3964596, 1642372094.4314704, 1642372096.8870914, v39.tiktokcdn-us.com, c9d75cdbaff06a2220667279813038c6, /c9d75cdbaff06a2220667279813038c6/61e4f05a/video/tos/useast2a/tos-useast2a-ve-0068c002/6a64302591914e788873b4fa55cd0878/?a=1233&br=820&bt=410&cd=0%7C0%7C0&ch=0&cr=3&cs=2&cv=1&dr=0&ds=6&er=&ft=c~.Zm4L-gXoInz7T&l=202201162227560101131350181B10C168&lr=all&mime_type=video_mp4&net=0&pl=0&qs=5&rc=ajhkeTtyNjM1NDMzNzczM0ApN2c3ODU4NmRnN2Y7ZWQ1OmcvamRjNGE2LmtgLS1kMTZzc2NiX2BiNi8uNTVeYzAtXjI6Yw%3D%3D&vl=&vr=
video/mp4, bytesbytes 0-371807/371808, 1642372097.236017, 1642372097.2372198, 1642372097.3100953, 1642372098.2613342, v39.tiktokcdn-us.com, 153cf92b1a0a427f6e6985eaf07b34c8, /153cf92b1a0a427f6e6985eaf07b34c8/61e4f05a/video/tos/useast2a/tos-useast2a-pve-0068/283a2665344745c78e825ce01778d92b/?a=1233&br=408&bt=204&cd=0%7C0%7C0&ch=0&cr=3&cs=2&cv=1&dr=0&ds=6&er=&ft=c~.Zm4L-gXoInz7T&l=202201162227560101131350181B10C168&lr=all&mime_type=video_mp4&net=0&pl=0&qs=5&rc=MzRoaGV1czhxMzMzZzczM0ApZWk5ZjU5OTw6NzQ2Njw3N2cvZDQxcDU1ZW5gLS1eMTZzc14tLy1hNDI2YTIxXjRfLTI6Yw%3D%3D&vl=&vr=
video/mp4, bytesbytes 0-294328/294329, 1642372098.5128615, 1642372098.514424, 1642372098.5460787, 1642372099.7016659, v39.tiktokcdn-us.com, a676c5e10aecc40c33fac51575ed7ecb, /a676c5e10aecc40c33fac51575ed7ecb/61e4f053/video/tos/useast2a/tos-useast2a-ve-0068c002/96030d9ce31e45dfb0e5e1b54b5f8428/?a=1233&br=578&bt=289&cd=0%7C0%7C0&ch=0&cr=3&cs=2&cv=1&dr=0&ds=6&er=&ft=c~.Zm4L-gXoInz7T&l=202201162227560101131350181B10C168&lr=all&mime_type=video_mp4&net=0&pl=0&qs=4&rc=M2dvcmg6ZmZtOTMzNzczM0ApaDU8Zzg3aDtlNzZmNTc6NGdsaGEucjRvZV9gLS1kMTZzc14wMzNjMC4yL15fMF5jLl46Yw%3D%3D&vl=&vr=
video/mp4, bytesbytes 0-473870/473871, 1642372100.0797303, 1642372100.0940242, 1642372100.142875, 1642372101.4264631, v39.tiktokcdn-us.com, e99b3c83ba7f37c756e01aa519f1f034, /e99b3c83ba7f37c756e01aa519f1f034/61e4f050/video/tos/useast2a/tos-useast2a-ve-0068c004/e99cb9d5a11d4ac7a496622b02f8a9ad/?a=1233&br=1476&bt=738&cd=0%7C0%7C0&ch=0&cr=3&cs=0&dr=0&ds=2&er=&ft=c~.Zm4L-gXoInz7T&l=202201162227560101131350181B10C168&lr=all&mime_type=video_mp4&net=0&pl=0&qs=0&rc=MzN1NmdkcnU2NTMzNzczM0ApNjk0Z2c7Zzs4NzRmMzYzM2dwYmtrai5laXFgLS1kMTZzc2BiNV4zNTEyNjQ0XmEzMS86Yw%3D%3D&vl=&vr=
video/mp4, bytesbytes 0-1024000/1696741, 1642372101.8130016, 1642372101.8140194, 1642372101.8447585, 1642372104.5410483, v39.tiktokcdn-us.com, 048c2b2589a46dc9c00555eb5a0ec5f7, /048c2b2589a46dc9c00555eb5a0ec5f7/61e4f05f/video/tos/useast2a/tos-useast2a-ve-0068c003/f348836467bc49eaa857075d7c4a121e/?a=1233&br=1382&bt=691&cd=0%7C0%7C0&ch=0&cr=3&cs=2&cv=1&dr=0&ds=6&er=&ft=c~.Zm4L-gXoInz7T&l=202201162227560101131350181B10C168&lr=all&mime_type=video_mp4&net=0&pl=0&qs=5&rc=anhwMzw6ZnRqNzMzNzczM0ApZmRlNzpnaGQ0NzloO2k6OWctZ2sycjQwLWpgLS1kMTZzczZeMzE0YWAzLTMuXi8xYWM6Yw%3D%3D&vl=&vr=
video/mp4, bytesbytes 0-1024000/1417688, 1642372104.9997287, 1642372105.0013247, 1642372105.035183, 1642372108.6747928, v39.tiktokcdn-us.com, f341809faf6dc583870e8e2ea85043fe, /f341809faf6dc583870e8e2ea85043fe/61e4f060/video/tos/useast2a/tos-useast2a-ve-0068c003/ea7de911776840ddb16332a908d46e62/?a=1233&br=1060&bt=530&cd=0%7C0%7C0&ch=0&cr=3&cs=2&cv=1&dr=0&ds=6&er=&ft=c~.Zm4L-gXoInz7T&l=202201162227560101131350181B10C168&lr=all&mime_type=video_mp4&net=0&pl=0&qs=5&rc=anZ0aGhoNG0zNTMzNzczM0ApNDRoOmc0ZGVpNzdnM2QzOWcvbGZhM3BoLm5gLS1kMTZzcy1fYDBeNS00NF8yYjZgYWE6Yw%3D%3D&vl=&vr=
video/mp4, bytesbytes 0-378397/378398, 1642372109.8512695, 1642372109.8525453, 1642372109.8907802, 1642372112.3997421, v39.tiktokcdn-us.com, ab94725f7a65cf27d0cb3bf407aa728e, /ab94725f7a65cf27d0cb3bf407aa728e/61e4f055/video/tos/useast2a/tos-useast2a-ve-0068c002/da6204c267744dc49cc565b2ab43563d/?a=1233&br=618&bt=309&cd=0%7C0%7C0&ch=0&cr=3&cs=2&cv=1&dr=0&ds=6&er=&ft=c~.Zm4L-gXoInz7T&l=202201162227560101131350181B10C168&lr=all&mime_type=video_mp4&net=0&pl=0&qs=5&rc=am52Zzs6ZndrNzMzNzczM0ApOzY0ZTtpNWU0NzdmNWc4ZWdnZGk1cjQwXmxgLS1kMTZzczRjYjI0YDRiLjNhNF8vYzU6Yw%3D%3D&vl=&vr=
video/mp4, bytesbytes 1024000-1696740/1696741, 1642372119.0366166, 1642372119.0380974, 1642372119.0653105, 1642372121.1678023, v39.tiktokcdn-us.com, 048c2b2589a46dc9c00555eb5a0ec5f7, /048c2b2589a46dc9c00555eb5a0ec5f7/61e4f05f/video/tos/useast2a/tos-useast2a-ve-0068c003/f348836467bc49eaa857075d7c4a121e/?a=1233&br=1382&bt=691&cd=0%7C0%7C0&ch=0&cr=3&cs=2&cv=1&dr=0&ds=6&er=&ft=c~.Zm4L-gXoInz7T&l=202201162227560101131350181B10C168&lr=all&mime_type=video_mp4&net=0&pl=0&qs=5&rc=anhwMzw6ZnRqNzMzNzczM0ApZmRlNzpnaGQ0NzloO2k6OWctZ2sycjQwLWpgLS1kMTZzczZeMzE0YWAzLTMuXi8xYWM6Yw%3D%3D&vl=&vr=
video/mp4, bytesbytes 0-1024000/1115179, 1642372121.6282914, 1642372121.629653, 1642372121.681216, 1642372125.1722083, v39.tiktokcdn-us.com, d530cb7b99b60a5ebefff456e91e458c, /d530cb7b99b60a5ebefff456e91e458c/61e4f05c/video/tos/useast2a/tos-useast2a-pve-0068/b7bce4a37804449f9d2183c5933ac52d/?a=1233&br=1022&bt=511&cd=0%7C0%7C0&ch=0&cr=3&cs=2&cv=1&dr=0&ds=6&er=&ft=c~.Zm4L-gXoInz7T&l=202201162227560101131350181B10C168&lr=all&mime_type=video_mp4&net=0&pl=0&qs=5&rc=M2k6OHV0cm5yNjMzNzczM0ApOTU1N2lpNjtmNzo2NTc4aWdtcC01azE1bzZgLS1kMTZzc2I0LTI0YjI1LmA0Ni4xYS86Yw%3D%3D&vl=&vr=
video/mp4, bytesbytes 1024000-1417687/1417688, 1642372137.659489, 1642372137.6629128, 1642372137.6999273, 1642372138.964776, v39.tiktokcdn-us.com, f341809faf6dc583870e8e2ea85043fe, /f341809faf6dc583870e8e2ea85043fe/61e4f060/video/tos/useast2a/tos-useast2a-ve-0068c003/ea7de911776840ddb16332a908d46e62/?a=1233&br=1060&bt=530&cd=0%7C0%7C0&ch=0&cr=3&cs=2&cv=1&dr=0&ds=6&er=&ft=c~.Zm4L-gXoInz7T&l=202201162227560101131350181B10C168&lr=all&mime_type=video_mp4&net=0&pl=0&qs=5&rc=anZ0aGhoNG0zNTMzNzczM0ApNDRoOmc0ZGVpNzdnM2QzOWcvbGZhM3BoLm5gLS1kMTZzcy1fYDBeNS00NF8yYjZgYWE6Yw%3D%3D&vl=&vr=
video/mp4, bytesbytes 0-850417/850418, 1642372139.3789713, 1642372139.380432, 1642372139.4136107, 1642372141.5463457, v19.tiktokcdn-us.com, 42be51a7c89e3e73b73584bcfcff02d4, /42be51a7c89e3e73b73584bcfcff02d4/61e4f098/video/tos/useast2a/tos-useast2a-pve-0068/33def16ebd18444989dc7993a37978dd/?a=1233&br=854&bt=427&cd=0%7C0%7C0&ch=0&cr=3&cs=2&cv=1&dr=0&ds=6&er=&ft=c~.Zm4L-gXoInz7T&l=202201162228570101130060711F10C5F4&lr=all&mime_type=video_mp4&net=0&pl=0&qs=5&rc=ajVyZzt5dGlreDMzZTczM0ApZzM0NDNmO2RnNzM5MzVlM2cuZWYxL3BuaDRfLS0wMTZzczQtNjBeMzIwMi4tYDI1L186Yw%3D%3D&vl=&vr=
video/mp4, bytesbytes 0-920621/920622, 1642372141.967013, 1642372141.9688246, 1642372142.0075133, 1642372144.6433518, v19.tiktokcdn-us.com, a99c8ff04066c1a4cef85865fb663947, /a99c8ff04066c1a4cef85865fb663947/61e4f09c/video/tos/useast2a/tos-useast2a-ve-0068c004/79b1b3f341fd40b0b1ece1a7d0931fa7/?a=1233&br=744&bt=372&cd=0%7C0%7C0&ch=0&cr=3&cs=2&cv=1&dr=0&ds=6&er=&ft=c~.Zm4L-gXoInz7T&l=202201162228570101130060711F10C5F4&lr=all&mime_type=video_mp4&net=0&pl=0&qs=5&rc=ampneXc6ZTR3NTMzNzczM0ApNzU8OjhlaWRoN2g3ZWkzM2dzLWgwNmMtNGNgLS1kMTZzc19fNmEtYzYzYS4vLTE0LzI6Yw%3D%3D&vl=&vr=
video/mp4, bytesbytes 0-758420/758421, 1642372145.125356, 1642372145.1269274, 1642372145.1412778, 1642372148.0585938, v19.tiktokcdn-us.com, 4a79939bdcf3964e981cb2a9580caef5, /4a79939bdcf3964e981cb2a9580caef5/61e4f099/video/tos/useast2a/tos-useast2a-pve-0068/aeef7600a288471fae3bb636b1330a2c/?a=1233&br=712&bt=356&cd=0%7C0%7C0&ch=0&cr=3&cs=2&cv=1&dr=0&ds=6&er=&ft=c~.Zm4L-gXoInz7T&l=202201162228570101130060711F10C5F4&lr=all&mime_type=video_mp4&net=0&pl=0&qs=5&rc=anA2NDg6Zmt2NzMzNzczM0ApZ2c8ZzlnPDtoN2Y6aTg2PGdhMXI2cjRfZy9gLS1kMTZzcy4zYmE1NmNiMTAuMDAtXmM6Yw%3D%3D&vl=&vr=
video/mp4, bytesbytes 0-769252/769253, 1642372148.50468, 1642372148.5061836, 1642372148.5232837, 1642372151.0421317, v19.tiktokcdn-us.com, ecb8585a38e1bdabcabd3efd46a97a90, /ecb8585a38e1bdabcabd3efd46a97a90/61e4f098/video/tos/useast2a/tos-useast2a-ve-0068c004/efbfd78c2abf4559a766c6d6de5511bc/?a=1233&br=786&bt=393&cd=0%7C0%7C0&ch=0&cr=3&cs=2&cv=1&dr=0&ds=6&er=&ft=c~.Zm4L-gXoInz7T&l=202201162228570101130060711F10C5F4&lr=all&mime_type=video_mp4&net=0&pl=0&qs=5&rc=ajZ5OTtzbGo5NDMzNzczM0ApMzc7PDo3OzxpNzQ8ZTc4NmdqXjFga3NvY2tgLS1kMTZzc2MuY180MzUuYjExLzI2LTE6Yw%3D%3D&vl=&vr=
video/mp4, bytesbytes 1024000-1115178/1115179, 1642372156.288073, 1642372156.2920818, 1642372156.318957, 1642372156.5806181, v39.tiktokcdn-us.com, d530cb7b99b60a5ebefff456e91e458c, /d530cb7b99b60a5ebefff456e91e458c/61e4f05c/video/tos/useast2a/tos-useast2a-pve-0068/b7bce4a37804449f9d2183c5933ac52d/?a=1233&br=1022&bt=511&cd=0%7C0%7C0&ch=0&cr=3&cs=2&cv=1&dr=0&ds=6&er=&ft=c~.Zm4L-gXoInz7T&l=202201162227560101131350181B10C168&lr=all&mime_type=video_mp4&net=0&pl=0&qs=5&rc=M2k6OHV0cm5yNjMzNzczM0ApOTU1N2lpNjtmNzo2NTc4aWdtcC01azE1bzZgLS1kMTZzc2I0LTI0YjI1LmA0Ni4xYS86Yw%3D%3D&vl=&vr=
video/mp4, bytesbytes 0-1024000/1741406, 1642372156.7752554, 1642372156.776889, 1642372156.7880108, 1642372159.1243107, v19.tiktokcdn-us.com, 4e1cf3971a1d99de172964706553a7b3, /4e1cf3971a1d99de172964706553a7b3/61e4f0b1/video/tos/useast5/tos-useast5-pve-0068-tx/279c8bd1ac134019914bb4a75c00f1df/?a=1233&br=666&bt=333&cd=0%7C0%7C0&ch=0&cr=3&cs=2&cv=1&dr=0&ds=6&er=&ft=c~.Zm4L-gXoInz7T&l=202201162228570101130060711F10C5F4&lr=all&mime_type=video_mp4&net=0&pl=0&qs=5&rc=M3JsZGQ6Zjg5OjMzZzczNEApOGk3ZTlmOjs5NzkzNjVnPGdxY3BocjRfZTBgLS1kMS9zc2MtNWMxNDNjY2I2MTAuNGA6Yw%3D%3D&vl=&vr=
video/mp4, bytesbytes 0-265347/265348, 1642372173.696935, 1642372173.6980793, 1642372173.7105196, 1642372174.6982048, v19.tiktokcdn-us.com, 3abf1f7d7488ef1eda48ea4fff6c0392, /3abf1f7d7488ef1eda48ea4fff6c0392/61e4f091/video/tos/alisg/tos-alisg-pve-0037c001/88d0a2f0d8fd40f699e281a9c3b021f0/?a=1233&br=482&bt=241&cd=0%7C0%7C0&ch=0&cr=3&cs=2&cv=1&dr=0&ds=6&er=&ft=c~.Zm4L-gXoInz7T&l=202201162228570101130060711F10C5F4&lr=all&mime_type=video_mp4&net=0&pl=0&qs=11&rc=ajdzOXE6bDNyMzMzODczM0ApNTk1aTU8OGRoNzdoM2Y5aWdgMzExMm9rcDRgLS0yMTRzcy0zMTEyXmAvYi81MzAxLWI6Yw%3D%3D&vl=&vr=
video/mp4, bytesbytes 0-517792/517793, 1642372174.8514545, 1642372174.8661072, 1642372174.9733987, 1642372176.2791767, v19.tiktokcdn-us.com, 3a4048b0f4476277a1521a82c158b82e, /3a4048b0f4476277a1521a82c158b82e/61e4f091/video/tos/useast2a/tos-useast2a-ve-0068c004/61ddc728cfd74da9806df42f9f1aa3a3/?a=1233&br=926&bt=463&cd=0%7C0%7C0&ch=0&cr=3&cs=2&cv=1&dr=0&ds=6&er=&ft=c~.Zm4L-gXoInz7T&l=202201162228570101130060711F10C5F4&lr=all&mime_type=video_mp4&net=0&pl=0&qs=5&rc=amRzOzp5aHRneDMzPDczM0ApNzVmaTk2N2RoNzc7ZDQ3aWdyaGs0YWpnLWRfLS0zMTZzczJjNDMwXy1hYzVjYmA1Nl46Yw%3D%3D&vl=&vr=
video/mp4, bytesbytes 0-980941/980942, 1642372193.9475737, 1642372193.950056, 1642372193.96465, 1642372197.2693946, v19.tiktokcdn-us.com, 207cbc74fb3283f1cdaa03b3f7c3a6a1, /207cbc74fb3283f1cdaa03b3f7c3a6a1/61e4f09b/video/tos/useast2a/tos-useast2a-ve-0068c003/e03dc43dab0a4436b4e65c3f1e1c5f17/?a=1233&br=814&bt=407&cd=0%7C0%7C0&ch=0&cr=3&cs=2&cv=1&dr=0&ds=6&er=&ft=c~.Zm4L-gXoInz7T&l=202201162228570101130060711F10C5F4&lr=all&mime_type=video_mp4&net=0&pl=0&qs=5&rc=amxzNWg6Zm1pNzMzNzczM0ApMzs1aWZlOTw4NzM4OzdkNWc0M2YzcjQwaWxgLS1kMTZzcy1eNDFfNV41NDJeMi1eYjI6Yw%3D%3D&vl=&vr=
video/mp4, bytesbytes 0-693192/693193, 1642372198.3982275, 1642372198.4006538, 1642372198.5345805, 1642372203.1570618, v19.tiktokcdn-us.com, f75705a5b74e445fbcba1fd414aecef3, /f75705a5b74e445fbcba1fd414aecef3/61e4f091/video/tos/useast2a/tos-useast2a-ve-0068c004/a9eb81410a7f48f794f98e82aae77edb/?a=1233&br=1254&bt=627&cd=0%7C0%7C0&ch=0&cr=3&cs=2&cv=1&dr=0&ds=6&er=&ft=c~.Zm4L-gXoInz7T&l=202201162228570101130060711F10C5F4&lr=all&mime_type=video_mp4&net=0&pl=0&qs=5&rc=M3V0ZDxmOjtuNDMzMzczM0ApOmdmZGg3OGQ3N2VnZzQ5NWduZGVtNmVzMWRgLS02MTZzc2EyLi4xYmEuMzU1YzFeNWI6Yw%3D%3D&vl=&vr=
video/mp4, bytesbytes 1024000-1741405/1741406, 1642372210.933205, 1642372210.934811, 1642372210.9534822, 1642372214.3968427, v19.tiktokcdn-us.com, 4e1cf3971a1d99de172964706553a7b3, /4e1cf3971a1d99de172964706553a7b3/61e4f0b1/video/tos/useast5/tos-useast5-pve-0068-tx/279c8bd1ac134019914bb4a75c00f1df/?a=1233&br=666&bt=333&cd=0%7C0%7C0&ch=0&cr=3&cs=2&cv=1&dr=0&ds=6&er=&ft=c~.Zm4L-gXoInz7T&l=202201162228570101130060711F10C5F4&lr=all&mime_type=video_mp4&net=0&pl=0&qs=5&rc=M3JsZGQ6Zjg5OjMzZzczNEApOGk3ZTlmOjs5NzkzNjVnPGdxY3BocjRfZTBgLS1kMS9zc2MtNWMxNDNjY2I2MTAuNGA6Yw%3D%3D&vl=&vr=
video/mp4, bytesbytes 0-798486/798487, 1642372214.7683816, 1642372214.7702937, 1642372214.7948816, 1642372217.1960347, v19.tiktokcdn-us.com, 18440b5418282f9eabc98a8bd02ccc5b, /18440b5418282f9eabc98a8bd02ccc5b/61e4f09c/video/tos/useast2a/tos-useast2a-ve-0068c001/93def875131f4cfdac3da9c8d5663b46/?a=1233&br=638&bt=319&cd=0%7C0%7C0&ch=0&cr=3&cs=2&cv=1&dr=0&ds=6&er=&ft=c~.Zm4L-gXoInz7T&l=202201162228570101130060711F10C5F4&lr=all&mime_type=video_mp4&net=0&pl=0&qs=5&rc=anU4aW94PDRpeDMzZzczM0ApaTY8O2hlODwzNzU7PDo5ZWcyZmYtY2Znc2VfLS1jMTZzczQ0MWM1Mi8zMDEuXmItMGA6Yw%3D%3D&vl=&vr=
video/mp4, bytesbytes 0-633979/633980, 1642372241.5914001, 1642372241.5936909, 1642372241.6130977, 1642372244.0300262, v19.tiktokcdn-us.com, 06fe65163bde2f29f1557ce6af5e2ced, /06fe65163bde2f29f1557ce6af5e2ced/61e4f0fd/video/tos/useast5/tos-useast5-pve-0068-tx/f62e02f024c540c89a00998f535a6845/?a=1233&br=582&bt=291&cd=0%7C0%7C0&ch=0&cr=3&cs=2&cv=1&dr=0&ds=3&er=&ft=c~.Zm4L-gXoInz7T&l=202201162230370101130062071A035FE8&lr=all&mime_type=video_mp4&net=0&pl=0&qs=14&rc=anhtOmY6Zmo6OjMzZzczNEApOjM6NDc4aWRkNzVlODRpOWdybmZucjRfbTZgLS1kMS9zcy4vYmFhMV5jMzZeNjY1XjY6Yw%3D%3D&vl=&vr=
video/mp4, bytesbytes 0-1024000/1468106, 1642372244.4123964, 1642372244.414643, 1642372244.4479904, 1642372247.4228725, v19.tiktokcdn-us.com, bd29fb5e502158fad9ebd4273a712200, /bd29fb5e502158fad9ebd4273a712200/61e4f0fb/video/tos/useast2a/tos-useast2a-ve-0068c001/b21486bb7d81477baabd50d3c947dcf1/?a=1233&br=1530&bt=765&cd=0%7C0%7C0&ch=0&cr=3&cs=2&cv=1&dr=0&ds=6&er=&ft=c~.Zm4L-gXoInz7T&l=202201162230370101130062071A035FE8&lr=all&mime_type=video_mp4&net=0&pl=0&qs=5&rc=ajRwZTw7bGR2NjMzNzczM0ApaWhnOWZlO2U7N2ZoZDg5M2dvNmFvMXBvYGRgLS1kMTZzcy8xNmJfXzItNC42Yy5gXzQ6Yw%3D%3D&vl=&vr=
video/mp4, bytesbytes 0-288001/288002, 1642372247.9464357, 1642372247.9634566, 1642372247.9992912, 1642372249.1334743, v19.tiktokcdn-us.com, 75567b9e6a1b7a65336f0d52fca33382, /75567b9e6a1b7a65336f0d52fca33382/61e4f0f3/video/tos/useast2a/tos-useast2a-ve-0068c001/5952da63183a46f283d3a1be28cbc9cb/?a=1233&br=628&bt=314&cd=0%7C0%7C0&ch=0&cr=3&cs=2&cv=1&dr=0&ds=6&er=&ft=c~.Zm4L-gXoInz7T&l=202201162230370101130062071A035FE8&lr=all&mime_type=video_mp4&net=0&pl=0&qs=5&rc=ajc1ZWQ6Zml1NjMzNzczM0ApOjk5NjVoNDw7Nzg3MzVlaGdnai1lcjRfcWpgLS1kMTZzc2IxXi0wLzI1YGFgY18wNDY6Yw%3D%3D&vl=&vr=
video/mp4, bytesbytes 0-425400/425401, 1642372249.3031201, 1642372249.304812, 1642372249.3468626, 1642372250.9913433, v19.tiktokcdn-us.com, b1f0afe983b57d4f71c31366a947c3b4, /b1f0afe983b57d4f71c31366a947c3b4/61e4f0f7/video/tos/useast2a/tos-useast2a-ve-0068c002/c5ad9170dbb141c483b5fbdfd8828886/?a=1233&br=616&bt=308&cd=0%7C0%7C0&ch=0&cr=3&cs=2&cv=1&dr=0&ds=6&er=&ft=c~.Zm4L-gXoInz7T&l=202201162230370101130062071A035FE8&lr=all&mime_type=video_mp4&net=0&pl=0&qs=5&rc=M3Fxczs6Zmc1NzMzNzczM0ApaDtoMzY8Mzw2N2Y7OGY4NWdvNV4vcjRncjFgLS1kMTZzcy4tMS8vLTVhYDFjNjQvNTU6Yw%3D%3D&vl=&vr=
video/mp4, bytesbytes 0-315404/315405, 1642372251.3084414, 1642372251.3098302, 1642372251.3270109, 1642372252.1203408, v19.tiktokcdn-us.com, 8339f3a6f83655bb1eca365258fea750, /8339f3a6f83655bb1eca365258fea750/61e4f0f8/video/tos/useast2a/tos-useast2a-pve-0068/ce758054d06e4e5fb05db956a85159fc/?a=1233&br=422&bt=211&cd=0%7C0%7C0&ch=0&cr=3&cs=2&cv=1&dr=0&ds=6&er=&ft=c~.Zm4L-gXoInz7T&l=202201162230370101130062071A035FE8&lr=all&mime_type=video_mp4&net=0&pl=0&qs=4&rc=M204cjw6Zm1zODMzNzgzM0ApNjw5aTo6NTs3Nzc7NTc7OmdecmtrcjQwZXFgLS1kLzZzc2AvYjViMjM2YV42Y2AuMDE6Yw%3D%3D&vl=&vr=
video/mp4, bytesbytes 0-434444/434445, 1642372253.57539, 1642372253.5777693, 1642372253.625924, 1642372256.0876317, v19.tiktokcdn-us.com, e2aaca513f5512ad2995cd8a4af0cf89, /e2aaca513f5512ad2995cd8a4af0cf89/61e4f0f8/video/tos/useast2a/tos-useast2a-ve-0068c001/bf28981904014137853b7b34d02bb149/?a=1233&br=580&bt=290&cd=0%7C0%7C0&ch=0&cr=3&cs=2&cv=1&dr=0&ds=6&er=&ft=c~.Zm4L-gXoInz7T&l=202201162230370101130062071A035FE8&lr=all&mime_type=video_mp4&net=0&pl=0&qs=5&rc=ampkM21rdWVrNjMzNzczM0ApOztpNTllO2U4N2c2ZTc5OWdqM2luaWliMS5gLS1kMTZzczFjYTBeNS9eXmAtMy5iMWA6Yw%3D%3D&vl=&vr=
video/mp4, bytesbytes 1024000-1468105/1468106, 1642372270.790279, 1642372270.791331, 1642372270.8040838, 1642372272.4413457, v19.tiktokcdn-us.com, bd29fb5e502158fad9ebd4273a712200, /bd29fb5e502158fad9ebd4273a712200/61e4f0fb/video/tos/useast2a/tos-useast2a-ve-0068c001/b21486bb7d81477baabd50d3c947dcf1/?a=1233&br=1530&bt=765&cd=0%7C0%7C0&ch=0&cr=3&cs=2&cv=1&dr=0&ds=6&er=&ft=c~.Zm4L-gXoInz7T&l=202201162230370101130062071A035FE8&lr=all&mime_type=video_mp4&net=0&pl=0&qs=5&rc=ajRwZTw7bGR2NjMzNzczM0ApaWhnOWZlO2U7N2ZoZDg5M2dvNmFvMXBvYGRgLS1kMTZzcy8xNmJfXzItNC42Yy5gXzQ6Yw%3D%3D&vl=&vr=
video/mp4, bytesbytes 0-1024000/1589872, 1642372272.739649, 1642372272.7422483, 1642372272.7685542, 1642372274.5628424, v19.tiktokcdn-us.com, b0908ec21289a08699ebc83c322953a2, /b0908ec21289a08699ebc83c322953a2/61e4f0f9/video/tos/useast2a/tos-useast2a-ve-0068c003/91c724bf933b40f5903e337d94f8f6a7/?a=1233&br=1944&bt=972&cd=0%7C0%7C0&ch=0&cr=3&cs=2&cv=1&dr=0&ds=6&er=&ft=c~.Zm4L-gXoInz7T&l=202201162230370101130062071A035FE8&lr=all&mime_type=video_mp4&net=0&pl=0&qs=5&rc=M2VqbzM6ZmQ7NjMzNzczM0ApZGU1aGc7ZGU2NzhoZTNoZ2dkZGFncjRfaG9gLS1kMTZzcy4zYmA1MmE0NmEzLV8tYjQ6Yw%3D%3D&vl=&vr=
video/mp4, bytesbytes 0-671216/671217, 1642372276.4434543, 1642372276.4447637, 1642372276.4609172, 1642372278.1169431, v19.tiktokcdn-us.com, a6cb1f5b3e3d9e0eb3758280d2473c27, /a6cb1f5b3e3d9e0eb3758280d2473c27/61e4f101/video/tos/useast2a/tos-useast2a-pve-0068/1cf87e26fafc4d01acd6b935b03fa0c1/?a=1233&br=506&bt=253&cd=0%7C0%7C0&ch=0&cr=3&cs=2&cv=1&dr=0&ds=6&er=&ft=c~.Zm4L-gXoInz7T&l=202201162230370101130062071A035FE8&lr=all&mime_type=video_mp4&net=0&pl=0&qs=5&rc=MzY0NTY6ZjhrNzMzNzczM0ApaGVkZ2k2OztkNzM6aWQ5ZWdjYnFmcjQwLmhgLS1kMTZzczI2MmAyYmEtNF4uYS1iNF86Yw%3D%3D&vl=&vr=
video/mp4, bytesbytes 0-888812/888813, 1642372278.3880324, 1642372278.3899608, 1642372278.4025636, 1642372280.76006, v19.tiktokcdn-us.com, 5c5d31e86fbd4d129b4f6d22a46308bf, /5c5d31e86fbd4d129b4f6d22a46308bf/61e4f0fc/video/tos/alisg/tos-alisg-pve-0037c001/528ecdee582c401d94082a44d9ece479/?a=1233&br=898&bt=449&cd=0%7C0%7C0&ch=0&cr=3&cs=2&cv=1&dr=0&ds=6&er=&ft=c~.Zm4L-gXoInz7T&l=202201162230370101130062071A035FE8&lr=all&mime_type=video_mp4&net=0&pl=0&qs=5&rc=M3E3eTY6ZjNsNzMzODczNEApOjRnNjNpO2U2NzxkMzU6OWdncGlwcjRfZDNgLS1kMS1zczUuNGEwLzEzXzAyYC00LjQ6Yw%3D%3D&vl=&vr=
video/mp4, bytesbytes 0-301887/301888, 1642372288.1363769, 1642372288.1375387, 1642372288.171884, 1642372289.2083275, v19.tiktokcdn-us.com, 0b8d28b2222ef54ba0f5d537f1dcbb24, /0b8d28b2222ef54ba0f5d537f1dcbb24/61e4f0f4/video/tos/useast2a/tos-useast2a-pve-0068/6f7f256df4ac448b841cb880cb1c8805/?a=1233&br=638&bt=319&cd=0%7C0%7C0&ch=0&cr=3&cs=2&cv=1&dr=0&ds=6&er=&ft=c~.Zm4L-gXoInz7T&l=202201162230370101130062071A035FE8&lr=all&mime_type=video_mp4&net=0&pl=0&qs=5&rc=M3hxczRra3FwNjMzNzczM0ApMzxlODM3OmU6NzU4OmZpaWctaGdqMTVxcTFgLS1kMTZzc2I0MGExMDQxMy9jMjUtNl86Yw%3D%3D&vl=&vr=
video/mp4, bytesbytes 1024000-1589871/1589872, 1642372296.1659887, 1642372296.1668375, 1642372296.1802444, 1642372300.922083, v19.tiktokcdn-us.com, b0908ec21289a08699ebc83c322953a2, /b0908ec21289a08699ebc83c322953a2/61e4f0f9/video/tos/useast2a/tos-useast2a-ve-0068c003/91c724bf933b40f5903e337d94f8f6a7/?a=1233&br=1944&bt=972&cd=0%7C0%7C0&ch=0&cr=3&cs=2&cv=1&dr=0&ds=6&er=&ft=c~.Zm4L-gXoInz7T&l=202201162230370101130062071A035FE8&lr=all&mime_type=video_mp4&net=0&pl=0&qs=5&rc=M2VqbzM6ZmQ7NjMzNzczM0ApZGU1aGc7ZGU2NzhoZTNoZ2dkZGFncjRfaG9gLS1kMTZzcy4zYmA1MmE0NmEzLV8tYjQ6Yw%3D%3D&vl=&vr=
video/mp4, bytesbytes 0-294588/294589, 1642372302.1498601, 1642372302.150858, 1642372302.3280275, 1642372303.3093574, v16m.tiktokcdn-us.com, e2cba5b46b9315749bc2b14f78da0dab, /e2cba5b46b9315749bc2b14f78da0dab/61e4f133/video/tos/useast5/tos-useast5-ve-0068c004-tx/175802b59ea74d358f8e89a61a22fffb/?a=1233&br=602&bt=301&cd=0%7C0%7C0&ch=0&cr=3&cs=2&cv=1&dr=0&ds=6&er=&ft=c~.Zm4L-gXoInz7T&l=20220116223140010113006209220FA79E&lr=all&mime_type=video_mp4&net=0&pl=0&qs=11&rc=anY1dmk6Zmk2OTMzZzczNEApZzw8OTdnZTs8NzM7ZDVmZWdtbl8ycjQwNTFgLS1kMS9zczUxYzIuYzI0Xi4yMWAzNS86Yw%3D%3D&vl=&vr=
video/mp4, bytesbytes 0-587184/587185, 1642372303.4527726, 1642372303.454025, 1642372303.5055535, 1642372306.2450395, v16m.tiktokcdn-us.com, 34b36381ae45f4401a80b119ad28cd38, /34b36381ae45f4401a80b119ad28cd38/61e4f132/video/tos/useast2a/tos-useast2a-ve-0068c001/0c2f08bc79c247508bee147852570e44/?a=1233&br=1376&bt=688&cd=0%7C0%7C0&ch=0&cr=3&cs=2&cv=1&dr=0&ds=6&er=&ft=c~.Zm4L-gXoInz7T&l=20220116223140010113006209220FA79E&lr=all&mime_type=video_mp4&net=0&pl=0&qs=5&rc=amdzcjk6ZjpnNjMzNzczM0ApNDdoMzwzNjtkNztnNjc5ZWczNmBkcjRfbWxgLS1kMTZzc2IvYF41M2AtLS4wXl9iLzM6Yw%3D%3D&vl=&vr=
video/mp4, bytesbytes 0-951005/951006, 1642372306.4760563, 1642372306.476978, 1642372306.5386398, 1642372308.3046238, v16m.tiktokcdn-us.com, e5fc66e1eee349d7e47ab3394431fd12, /e5fc66e1eee349d7e47ab3394431fd12/61e4f137/video/tos/useast2a/tos-useast2a-ve-0068c001/5f3422e45d71461f903cd1d7b939af71/?a=1233&br=1316&bt=658&cd=0%7C0%7C0&ch=0&cr=3&cs=2&cv=1&dr=0&ds=6&er=&ft=c~.Zm4L-gXoInz7T&l=20220116223140010113006209220FA79E&lr=all&mime_type=video_mp4&net=0&pl=0&qs=5&rc=M3dyOjM6ZmtqNzMzNzczM0ApODszNGY3PDw4N2Y0O2g4ZGcyaGAycjRvY2xgLS1kMTZzc2JjXy8wX14xYWEyYjAxXy86Yw%3D%3D&vl=&vr=
