0,v09044e50000btueapv15l8sl3ukeqpg,8077,1038069&571816&372444,dca9b83d4418adfed310d352017b616e&9aee427d2968ffb031208245addd2c45&8df3d0290e7f0ec3e87ed0980faa6cdc&c5a9fe23e3e42f60e3af9ba267e34bb9&e600acbe290d00852f14583220cd8393&c3dae1b882ae342a9aef1f759eeb747e,https://v39.tiktokcdn-us.com/dca9b83d4418adfed310d352017b616e/61e500d6/video/tos/useast2a/tos-useast2a-ve-0068c004/13370ab11f50451d9ac6b44b0fed7e9d/?a=1233&br=2026&bt=1013&cd=0%7C0%7C0&ch=0&cr=3&cs=2&cv=1&dr=0&ds=6&er=&ft=c~.Zm4L-gXoInz7T&l=2022011623382301011300624107196537&lr=all&mime_type=video_mp4&net=0&pl=0&qs=11&rc=anRuNnZvNHNodzMzODczM0ApOGQ1aDlnM2U6N2k4ZjRmZ2dtYnJpNTJzXnJfLS1iMTZzcy0zMzQvYy81MmM1LS8uYzQ6Yw%3D%3D&vl=&vr=
1,v12044gd0000c7bpv0jc77uakaoc0an0,12560,640394&488219&247339&213602,d920820eaff41a76fc46425e24e3886a&1306fc27c9d83640dbf764e960d354fe&087381aa341bdc4c68fd07b81304b589&785ef19382e744d8b1bca36dc023f3e4&801c0af79edddd991ea2cd57ae81ee4a&7ca56fea2bcb9c69ea4cdfd256229878&d1319e3a94ba0fe70c52f930fe2dea7f&e626c14fecdf2defc43e5e1c14a3abc1,https://v39.tiktokcdn-us.com/d920820eaff41a76fc46425e24e3886a/61e500db/video/tos/useast5/tos-useast5-ve-0068c004-tx/7fb7755292e94b97ae2acf9bbfa03fe3/?a=1233&br=1250&bt=625&cd=0%7C0%7C0&ch=0&cr=3&cs=2&cv=1&dr=0&ds=6&er=&ft=c~.Zm4L-gXoInz7T&l=2022011623382301011300624107196537&lr=all&mime_type=video_mp4&net=0&pl=0&qs=11&rc=M2RmZGQ6ZjNzOjMzZzczNEApMzY7PDVoNWVlNzQ5aTppN2drLWxocjRnc19gLS1kMS9zcy4vYF5hMDA0NjI2MzNhYC86Yw%3D%3D&vl=&vr=
2,v09044g40000c6ugqd3c77u2124rt93g,20176,2319302&1902672&1030452&876028,535bcec0e6da595f8237cd9b8964fea6&711ec4c1b9a2bde5e0e5d4259f750712&3bda29cf90d97529e1fc13018424ca4e&8905cb4bf0937539047f1b4fb1f42135&2b4e1674d70f9370dcd74e793ae886d6&0334c592b068b59c90475d9f6f8eb746&7ee6ff93d75ba2b8b5358bbcfe51b26b&f2c7653447777f724954ae19459b7ad1,https://v39.tiktokcdn-us.com/535bcec0e6da595f8237cd9b8964fea6/61e500e3/video/tos/useast2a/tos-useast2a-pve-0068/9cf3926d23504f68ba3b97edcdc97826/?a=1233&br=4528&bt=2264&cd=0%7C0%7C0&ch=0&cr=3&cs=2&cv=1&dr=0&ds=3&er=&ft=c~.Zm4L-gXoInz7T&l=2022011623382301011300624107196537&lr=all&mime_type=video_mp4&net=0&pl=0&qs=14&rc=ajx1NTU6ZmdqOTMzNzczM0ApNGkzaWQ1Nzs2NzU3NTQ6OmcwcTEucjQwbnJgLS1kMTZzczM2YjVgLy01YC0tXl40LWM6Yw%3D%3D&vl=&vr=
3,v09044g40000c1kjcjkfbh5e73ktqsqg,17807,788255&644665&394736&273289,071e97a5afa47d7506e7a567cbfc29d9&848a5a7cb664e891f734d3786eb535ef&61491347de7ab5ae89316b0bafbe9e55&23a0962cc9a02597d00962b31f8f1cd5&8f90b220a5604736c478f4701b53f910&f0bf1c1f720488beb4994c0bba519462&159ddc6e12e30647d1f5537e389957eb&020f69fb815e9886f1ec75c0c830f81d,https://v39.tiktokcdn-us.com/071e97a5afa47d7506e7a567cbfc29d9/61e500e0/video/tos/useast2a/tos-useast2a-pve-0068/28e9383b8a8843d19cdf71afb36ba310/?a=1233&br=1538&bt=769&cd=0%7C0%7C0&ch=0&cr=3&cs=2&cv=1&dr=0&ds=3&er=&ft=c~.Zm4L-gXoInz7T&l=2022011623382301011300624107196537&lr=all&mime_type=video_mp4&net=0&pl=0&qs=14&rc=anZ3NmhraW1tNDMzNzczM0ApZGQ8ZzZkNDxkN2QzNzg7ZWdubmg0Ml9oYGhgLS1kMTZzczYyYV8zNS0vMC9hX2M1Y2E6Yw%3D%3D&vl=&vr=
4,v09044g40000c3lg95bc77u9h05eekn0,46089,555273&414793&370651&261713,84533c2595ff8681a28ac1a13b60ac36&13fab867767ebd671f3c3aba648ef2d8&a7da9bedbce3845836eeb4c4ccc298dd&4eacab40cae1f3109d489922d966cac4&f43c7a02d96549ed199c917adfdbe29d&75adc7c70db4ec501d05574f5b83b483&c30df9d7d441376cac2986d106d92a16&378b840cdd3956414c5fda68c88ee177,https://v39.tiktokcdn-us.com/84533c2595ff8681a28ac1a13b60ac36/61e500fc/video/tos/useast2a/tos-useast2a-pve-0068/d71c0e8d4bdd441cb28765ca3433472b/?a=1233&br=1084&bt=542&cd=0%7C0%7C0&ch=0&cr=3&cs=2&cv=1&dr=0&ds=3&er=&ft=c~.Zm4L-gXoInz7T&l=2022011623382301011300624107196537&lr=all&mime_type=video_mp4&net=0&pl=0&qs=14&rc=M25oMzw6ZjhqNjMzNzczM0ApN2kzaWQ4NDtmN2c6ZTg8aWdrYjJlcjRfNmlgLS1kMTZzczA0YmNjY2AtYDI2MDBfNjY6Yw%3D%3D&vl=&vr=
5,v09044g40000c42euh3c77u1fkgu3370,16646,567887&444282&223592&160019,2e89c980487582ac03f6f6272183adbb&3c259864c7c254fc1f1442c1bfa9a0cd&5a1a919f1092360f022fcbd9c7e13604&5cc23bb5160f9a49716d80cadcd33912&ded9e41bd4cb2ff03c2c873756d416c9&c99ff5d0e193a2f9d8b12700b18fbc24&6c46d1c542daa0dc32b368cdc5983dc0&a627527a15f64f7959350efa8c429ed8,https://v39.tiktokcdn-us.com/2e89c980487582ac03f6f6272183adbb/61e500df/video/tos/useast2a/tos-useast2a-pve-0068/353eea5c512a4e96bf4aed8f1a7c9fe9/?a=1233&br=1108&bt=554&cd=0%7C0%7C0&ch=0&cr=3&cs=2&cv=1&dr=0&ds=3&er=&ft=c~.Zm4L-gXoInz7T&l=2022011623382301011300624107196537&lr=all&mime_type=video_mp4&net=0&pl=0&qs=14&rc=MzZ4bjQ6ZmtoNzMzNzczM0ApODc0NGk0NmVlN2Q7OjczM2c0MGRjcjQwci9gLS1kMTZzcy8tMWFiYS5fMzIyNTUxXy06Yw%3D%3D&vl=&vr=
6,v09044g40000c33c97iemsh0t2h21a7g,23752,1481860&967805&502757&322580&298757,fb429f3db55e3ad9677e49e59b5ac523&f8ccf827e9ab06d37ff275d32f812f83&47396b012e1b39b1270591ab1e0a0825&d1b45ed740341576a02243ad3af93250&f79ce04324778c49f9333d19664f348b&cac64835185236229ccf0dd0cebbce41&06c11fd91596dfa754ef60802ddf6ab9&47d87cb69e0760c34ac1e052a7f8925c&94d0b8141f91a77baec5c052ce1718ed&caa0ce96816e3fe70198f863d5355a6f,https://v39.tiktokcdn-us.com/fb429f3db55e3ad9677e49e59b5ac523/61e500e6/video/tos/useast2a/tos-useast2a-pve-0068/6db60453f1e54ed6a6763c05f1e88f44/?a=1233&br=2894&bt=1447&cd=0%7C0%7C0&ch=0&cr=3&cs=2&cv=1&dr=0&ds=3&er=&ft=c~.Zm4L-gXoInz7T&l=2022011623382301011300624107196537&lr=all&mime_type=video_mp4&net=0&pl=0&qs=14&rc=amQ1NTN2aDpmNjMzNzczM0ApZjRkZzc6NzxkN2U4Ozg4O2c0LmVxZWpmNjBgLS1kMTZzczEvYWE1NDVhMjUvMTMyMzY6Yw%3D%3D&vl=&vr=
7,v09044g40000c3sb163c77u1q5eb1gn0,50199,2384648&1679789&1035368&582274,bd8d7a57c22027a1aeec074cda914fdb&d4c1d11ff283d5074559bb6639ef7bf3&fc391e6f4b1b22efc82fb9a35cdb5e30&7857f71f48ada966925298fb3bb70091&8d8e926dea537c55cfecbb39712b9360&78001800f5e62374c21097574e67e32a&990042f91695fb6168b9d7fb13529bda&96b753705e42a6052fa46d66d7522c2e,https://v39.tiktokcdn-us.com/bd8d7a57c22027a1aeec074cda914fdb/61e50101/video/tos/useast2a/tos-useast2a-pve-0068/f8286e158fda4ed7bdaec686e27037e0/?a=1233&br=4656&bt=2328&cd=0%7C0%7C0&ch=0&cr=3&cs=2&cv=1&dr=0&ds=3&er=&ft=c~.Zm4L-gXoInz7T&l=2022011623382301011300624107196537&lr=all&mime_type=video_mp4&net=0&pl=0&qs=14&rc=M2plODQ6ZjllNjMzNzczM0ApZTtmM2Y4ZmU4Nzg0ZTxlOGdrLmJucjQwLnBgLS1kMTZzc2AwYWAzNjBfNDEzXy8uLjU6Yw%3D%3D&vl=&vr=
8,v090445c0000brsj2d7kvluo3u9i7rsg,6639,1025429&793373&341692&224755,831ccae90e5fd39f5d6299f12e91fd2b&d05a5f189bda53e433ec5f4b58079236&8100af6854d914daf0ed4b22e845652f&dc9a0e324da0baba907ce94b7e8c5986&bc969c53c7a8d52bacbc11a19a7836c2&35ee9a0b7065a359cb163beeae2578b7&cabea34cbdc47f524912182af56bc3cc&a2db8a960b67b018b8c3bd7aee99b832,https://v39.tiktokcdn-us.com/831ccae90e5fd39f5d6299f12e91fd2b/61e500d5/video/tos/useast2a/tos-useast2a-ve-0068c003/a61a2fdecc7f4812a7e9dcb661f65801/?a=1233&br=2002&bt=1001&cd=0%7C0%7C0&ch=0&cr=3&cs=2&cv=1&dr=0&ds=3&er=&ft=c~.Zm4L-gXoInz7T&l=2022011623382301011300624107196537&lr=all&mime_type=video_mp4&net=0&pl=0&qs=14&rc=anVseHJvbmdtdTMzZjczM0ApaDZpNzQ0ZTw1N2YzOGk7OmdwNDYwcnM0L3BfLS0yMTZzc2IvYzAvMC8yNDJgNWBhYF86Yw%3D%3D&vl=&vr=
9,v09044g40000c1qs7cld1cjmekntikqg,10679,864376&417645&264892,2abcded962a4fea4d581e696f868d537&7e8ad193533b0ec431b8bbc900143bc0&2016ad10f90671d63523357d6dd3a4f1&f2fb58fc3f21aef1d20ded50ab3c5cc9&5fb807010a718e48c7f4dc3f64e15592&1591276edd5889dbe070ee5d5e1b7a7c,https://v39.tiktokcdn-us.com/2abcded962a4fea4d581e696f868d537/61e500d9/video/tos/useast2a/tos-useast2a-pve-0068/250df16a02a94b9187bfb0c9e76bfd7c/?a=1233&br=1688&bt=844&cd=0%7C0%7C0&ch=0&cr=3&cs=2&cv=1&dr=0&ds=6&er=&ft=c~.Zm4L-gXoInz7T&l=2022011623382301011300624107196537&lr=all&mime_type=video_mp4&net=0&pl=0&qs=11&rc=am53bnBmZ2Z2NDMzNzczM0ApNTY0Z2ZoNWVoN2U8NWhoNGduZmtiZy5pNG5gLS1kMTZzczUzMF5jNTYxNl8tLTIuNl86Yw%3D%3D&vl=&vr=
10,v09044g40000c23krfe7g8j7827nf5m0,20176,1391827&955897&832763&560077,164354ecfaa4a9d83afec3d9d665e9cf&2eb123d3fa50f6b7820cfbb437cd2b97&c70544a501bc04522c802895fef88c62&4b71c4c4dd34104f0c11ca40fc943b28&9d0e7e71c2af952a45008bab917ae2de&2046ee43924d3164b3fe4a44fbe24b6d&5414f6050d9e18dea427777394a7af7d&e9e8f84ebc57e1ea59b2a265f95cb44b,https://v16m.tiktokcdn-us.com/164354ecfaa4a9d83afec3d9d665e9cf/61e5012d/video/tos/useast2a/tos-useast2a-ve-0068c003/0ed2412d233a49eba49e4af52e6d8eb1/?a=1233&br=2718&bt=1359&cd=0%7C0%7C0&ch=0&cr=3&cs=2&cv=1&dr=0&ds=3&er=&ft=c~.Zm4L-gXoInz7T&l=20220116233937010113006155001F831B&lr=all&mime_type=video_mp4&net=0&pl=0&qs=14&rc=MzhxNTo7OmluNTMzNzczM0ApZGY3OjgzaTw0NzU7Z2k7OWdqYzQ1Z2RibzBgLS1kMTZzczNjYl4xXmNiXmEvMl9hMWE6Yw%3D%3D&vl=&vr=
11,v09044g40000c43ejobc77ue6he4rg2g,17482,500223&416016&227615&166397,a0e88adadc1928b39ad206e30be97129&5ab681b61f4e526e20eab2686ab933d6&356f8d2d4852d954b4bf6f1d8185d070&30361685e389d3cfdd2dcbc570bd2f9f&712d01c701de0aff44f35de130cf78de&da7e27347ec43b3006d5458766b430e5&31a140b3f1e6d601082d3063722850b2&ee866cc539c3b5e8825c6ac5300ad08d,https://v16m.tiktokcdn-us.com/a0e88adadc1928b39ad206e30be97129/61e5012a/video/tos/useast2a/tos-useast2a-ve-0068c004/ebeda0edfad943b88c11b94bd99d0786/?a=1233&br=976&bt=488&cd=0%7C0%7C0&ch=0&cr=3&cs=2&cv=1&dr=0&ds=3&er=&ft=c~.Zm4L-gXoInz7T&l=20220116233937010113006155001F831B&lr=all&mime_type=video_mp4&net=0&pl=0&qs=14&rc=amo3a2g6ZnJoNzMzNzczM0ApNGhpNzppNmQ2NzRoNGk0OWcvb2IzcjRfZzBgLS1kMTZzczM1YzIvYWIzYC5iM2AvYDE6Yw%3D%3D&vl=&vr=
12,v09044g40000c2qmm5u2iutjg46gq610,15230,1793520&1235045&889186&593926,63a4706c5588a0ba984360cb971b28d6&5c95bdcdef10aac7504923bd89bb1a60&7a39fdef205c724da681dd5d244b64fa&9bec2cd78174a7f883c966e46c380236&d2515e90824f611ec88b0ffb59da0c8e&5aab35e4c3f1128f69bbe1022b71563b&fac8b93a3c7bd676b85e890f7fdfd681&957448d5e7f2e9170c7c421ed225a3c0,https://v16m.tiktokcdn-us.com/63a4706c5588a0ba984360cb971b28d6/61e50128/video/tos/useast2a/tos-useast2a-ve-0068c004/8c2392560472467faadd751cb7757143/?a=1233&br=3502&bt=1751&cd=0%7C0%7C0&ch=0&cr=3&cs=2&cv=1&dr=0&ds=3&er=&ft=c~.Zm4L-gXoInz7T&l=20220116233937010113006155001F831B&lr=all&mime_type=video_mp4&net=0&pl=0&qs=14&rc=MzlqN214NThwNTMzNzczM0ApZGdlO2c7O2VpNzRnZWYzNGcubjNkcWZyam5gLS1kMTZzc14yXzNgLS1gYzI2NjY2YzY6Yw%3D%3D&vl=&vr=
13,v12044gd0000c7878sjc77u7psv0afkg,15067,661557&552707&464615&385418,23de1bad021a02ea6b25d901ae52fabb&2e9101d8ebdd420abb5e43fccc0e5c4f&5aead4d5a192a5de2ddfef7399a90693&97b7d5a1de4433ca90d2f3de3bfe3d41&32dcf04aa0b799df4dc25c51b329aa72&c30476c2b02b294f43c6a0e961af2107&3f79b7221ff45dcccbd35ac7301ac7da&67a4e8e5ff148b72dfb311b253c81ea2,https://v16m.tiktokcdn-us.com/23de1bad021a02ea6b25d901ae52fabb/61e50127/video/tos/useast5/tos-useast5-ve-0068c004-tx/288c2e7eff49415ba3911a0c11c53285/?a=1233&br=1292&bt=646&cd=0%7C0%7C0&ch=0&cr=3&cs=2&cv=1&dr=0&ds=3&er=&ft=c~.Zm4L-gXoInz7T&l=20220116233937010113006155001F831B&lr=all&mime_type=video_mp4&net=0&pl=0&qs=14&rc=amkzdjo6ZnY6OjMzZzczNEApODloODVnOmU6N2k8NzQ6OGdoXnNtcjRnNTVgLS1kMS9zc2NeMzYvYl8tXy4tM19gXjY6Yw%3D%3D&vl=&vr=
14,v09044g40000c3kgrejc77u9jqnp7kpg,39820,1450795&1047947&813997&500737,19163c10edcaff7c4f98c06fc453b1fa&317828f9766c6d0bf7d3f4e8950cf70e&bf95ff52736e871dc4762d375fba9f72&466e46bd0e0e9ca3ee741b63cc8a66fa&cae035117522c9b5d1342ddcaa8bc9a8&416dbfa5820be2d42310bbbd98894654&a0546587a1722587bcce2456f471af5e&b6e1965eb45c3973de538c8505757d3c,https://v16m.tiktokcdn-us.com/19163c10edcaff7c4f98c06fc453b1fa/61e50140/video/tos/useast2a/tos-useast2a-ve-0068c001/99d27d54a7b143af86fa5f55f0b033eb/?a=1233&br=2832&bt=1416&cd=0%7C0%7C0&ch=0&cr=3&cs=2&cv=1&dr=0&ds=3&er=&ft=c~.Zm4L-gXoInz7T&l=20220116233937010113006155001F831B&lr=all&mime_type=video_mp4&net=0&pl=0&qs=14&rc=am5zdDw6ZmhqNjMzNzczM0ApNGk2aTVmZWU7N2U7Zzk7O2dtNGtncjRnb2hgLS1kMTZzc2I2LS8vNDUwX2A0My8xLjU6Yw%3D%3D&vl=&vr=
15,v09044g40000c2jv6hga6lvlhf9ml8fg,21221,1844886&1518566&799751,803c858e78fa1bacffcd4f0c1e9b92ac&88c34ef06e1a987bbc3f8ed185b51de1&372b3aa1289a32908171947a48b3f5ad&9cc7630d5fa780d1890c884e3f685379&42c883428febec27b016e6dbcd74cece&2e614ad05661d49c468022256b672a41,https://v16m.tiktokcdn-us.com/803c858e78fa1bacffcd4f0c1e9b92ac/61e5012e/video/tos/useast2a/tos-useast2a-ve-0068c001/5b760373d72949838db6ae7478a36a43/?a=1233&br=3602&bt=1801&cd=0%7C0%7C0&ch=0&cr=3&cs=2&cv=1&dr=0&ds=6&er=&ft=c~.Zm4L-gXoInz7T&l=20220116233937010113006155001F831B&lr=all&mime_type=video_mp4&net=0&pl=0&qs=11&rc=ajtwaW9vZGt5NTMzNzczM0ApNGZmZmg1aGU3Nzk2PDo8ZWdjaTZlczNkM2dgLS1kMTZzczY2YGAyMzAwMjIzMWBjYDY6Yw%3D%3D&vl=&vr=
16,v09044g40000c2a8isdj4q5u8o8d96ag,8264,540308&478499&311419&223721,e296bb555c20573d7414d3c2d5a511a6&0d39b1fbc70eadb0b11d69ff26ca80a4&6bfd9da799cbc1d0c3927e51aa3bbac8&fc234da6a2ef8bb5fb273171565f4466&b03ec1b30cbbe90debb03ed58325d602&47934c071e1f91bbda29c9bb595e9b98&c5e338f468ea17b3d1a9972b4e370889&09143f2ce891c033a2219c06cc468244,https://v16m.tiktokcdn-us.com/e296bb555c20573d7414d3c2d5a511a6/61e50121/video/tos/useast2a/tos-useast2a-pve-0068/060bd750fbeb462c8e674263b1a14cc8/?a=1233&br=1054&bt=527&cd=0%7C0%7C0&ch=0&cr=3&cs=2&cv=1&dr=0&ds=3&er=&ft=c~.Zm4L-gXoInz7T&l=20220116233937010113006155001F831B&lr=all&mime_type=video_mp4&net=0&pl=0&qs=14&rc=ajlncnh0bXY7NTMzNzczM0ApPDs8Nzk0ZmVmN2c3M2lkO2deNjU1MjFhZl5gLS1kMTZzcy8uXjMtYTJiX2BjMjIuNjQ6Yw%3D%3D&vl=&vr=
17,v12044gd0000c7d0b4bc77uekfci7l50,11770,680590&563748&390091&298756,8f87727822b39031509a5e74af54a38f&56e2a6790c57fdd21828f77ef4e564d7&b7319b010c36e9d1bdeb4b6e1aeb4afe&7dbac85060968f27b941a796a3f56895&52ca46a1f325bfb6256e1e5d2c989eb2&babce4c2cb4fb707d62343ccbaee7c33&41babeeb89b3ebe1b75cd2a9dcdc9b4b&8ef0dfc489b960a2fa38199cd2b8ff14,https://v16m.tiktokcdn-us.com/8f87727822b39031509a5e74af54a38f/61e50124/video/tos/useast5/tos-useast5-ve-0068c003-tx/724514e92b8043a6947f02201f7c50ab/?a=1233&br=1328&bt=664&cd=0%7C0%7C0&ch=0&cr=3&cs=2&cv=1&dr=0&ds=3&er=&ft=c~.Zm4L-gXoInz7T&l=20220116233937010113006155001F831B&lr=all&mime_type=video_mp4&net=0&pl=0&qs=14&rc=M29saWg6ZjczOjMzZzczNEApZ2hkaDY8NmQ7N2hnNjplaGcyNGBocjRfX2FgLS1kMS9zc2I2YzFeNTYyMTAyL2ItMmA6Yw%3D%3D&vl=&vr=
18,v10044g50000c6c36brc77u6q3q4r3og,25354,583702&337395&211799,eda15705994d479c1362b13f203636a1&1d9d2e00b1b281582345e4ba511fbce3&de8105a13850e32397ddf3b1a0fb9411&9f0e36b0ec23497a1c53a5d9c37d352e&3e57aa5b1b3bfca2332c5591a2ee84b6&957f0b7cba2781dfa02e3bdf8a602e42,https://v16m.tiktokcdn-us.com/eda15705994d479c1362b13f203636a1/61e50132/video/tos/alisg/tos-alisg-pve-0037c001/0fcd2e46f8c24166a41b1a8f9f5a534e/?a=1233&br=1140&bt=570&cd=0%7C0%7C0&ch=0&cr=3&cs=2&cv=1&dr=0&ds=6&er=&ft=c~.Zm4L-gXoInz7T&l=20220116233937010113006155001F831B&lr=all&mime_type=video_mp4&net=0&pl=0&qs=11&rc=ajY3Njk6ZmU2OTMzODczNEApaDU1ODpnZzxmNzNmZGg4M2dsb25ucjRvM2BgLS1kMS1zczEuMDQxM2M0NS9jMWA0My46Yw%3D%3D&vl=&vr=
19,v09044970000c15qot31m2ohdov0nv80,7637,599575&441121&262117&179080,b4b9993a5b26cb9ddf0603b67b8a79dc&9d193ff32a1d62ce68301453aabb4d64&fb7bfe9a24f49d7d441c0be488582929&cca682ea3ebcc5327f58411987526806&cc335334773bc54ccdf3efb6d1dd4041&2fcecf191dd3553c4693a1283d4f4e19&947f03a6b08ec291f4983d131d3b0bee&20a09c810a382db064b92c5c01ceb9ba,https://v16m.tiktokcdn-us.com/b4b9993a5b26cb9ddf0603b67b8a79dc/61e50120/video/tos/useast2a/tos-useast2a-ve-0068c002/9a2794aa230541308cc5eca4e5bafa23/?a=1233&br=1170&bt=585&cd=0%7C0%7C0&ch=0&cr=3&cs=2&cv=1&dr=0&ds=3&er=&ft=c~.Zm4L-gXoInz7T&l=20220116233937010113006155001F831B&lr=all&mime_type=video_mp4&net=0&pl=0&qs=14&rc=M3kzcms1NHd0NDMzOjczM0ApZGc7OjU6PGQ3Nzg4aTozZGc1a3NhbGowbDJgLS02MTZzcy82YjItMV9iLV8vYjEwNF86Yw%3D%3D&vl=&vr=
20,v09044f40000bq3sfh273oo36di7q7bg,15416,735858&566761&327403,c2e7fd15487c589e6f78d3bde94762b4&d49f00b070d88696020e15cea13d8601&546a0e744a617f1e59f3d18f1942ed25&127db944526894f5e27652d0fefc21f8&08d838c0cd65b1c6d57560b2763eb6d9&cb03049fb07c740f28afc3fc7f0667e6,https://v16m.tiktokcdn-us.com/c2e7fd15487c589e6f78d3bde94762b4/61e501a7/video/tos/useast2a/tos-useast2a-pve-0068/1a4eb2b04b464350bb484bfe194ad9cb/?a=1233&br=1436&bt=718&cd=0%7C0%7C0&ch=0&cr=3&cs=2&cv=1&dr=0&ds=3&er=&ft=c~.Zm4L-gXoInz7T&l=2022011623414401011313517625201482&lr=all&mime_type=video_mp4&net=0&pl=0&qs=14&rc=ajo6ZzZyOmt2dDMzNzczM0ApZGkzNmk6MzszNzs8NGRlOGdfbmYzbDAvYzBfLS1jMTZzczEyLy9fMDFjMWBiXmFjM2A6Yw%3D%3D&vl=&vr=
21,v07044420000c199u5s35dppe9q0d1j0,8032,700067&442899&309569,8a31d3095a8355e8b2b1bdee30e6f5c8&929cb646aec717a72f630bce29015e29&88213ef9fb393b87f7f8949ec1a1ee18&2a2b4b1febb8ccfdf079278b344af72f&f60ca387f3f5cbb7225469a695e15ce6&635986b1aea9242a3716ff83c877d964,https://v16m.tiktokcdn-us.com/8a31d3095a8355e8b2b1bdee30e6f5c8/61e5019f/video/tos/alisg/tos-alisg-pve-0037c001/202e295a089748c1b884ab25998a2b3a/?a=1233&br=1366&bt=683&cd=0%7C0%7C0&ch=0&cr=3&cs=2&cv=1&dr=0&ds=6&er=&ft=c~.Zm4L-gXoInz7T&l=2022011623414401011313517625201482&lr=all&mime_type=video_mp4&net=0&pl=0&qs=11&rc=MzQzPHNnNjg8NDMzNTczM0ApOTk5aGRlOjw6Nzg7NTxnZmdnYW5ibTJwcjZgLS0xMTRzczZfMTZjMGEyYDA0LmJfMWM6Yw%3D%3D&vl=&vr=
22,v09044g40000c1n21093do78fvgam52g,14928,1985159&1630658&653285&420754,a16ff5020ce6fafdbff7653771f97a70&3e1d2a74fdb56bec2041c360c53d193f&cdf6e06de146697410776a7153cd5c00&06962eb43d98c2f439dd7a410edb594f&4b734068e76aea0e118849d4b8066438&63ed1441a8e96e6fdd6d06555d5692aa&980e1682fd5e17f5703b0a78a9f9f923&d50d681e0218a31d9a058e23deeda124,https://v16m.tiktokcdn-us.com/a16ff5020ce6fafdbff7653771f97a70/61e501a6/video/tos/useast2a/tos-useast2a-pve-0068/21c531d693a240fbb4c2d8a41a8caa19/?a=1233&br=3876&bt=1938&cd=0%7C0%7C0&ch=0&cr=3&cs=2&cv=1&dr=0&ds=3&er=&ft=c~.Zm4L-gXoInz7T&l=2022011623414401011313517625201482&lr=all&mime_type=video_mp4&net=0&pl=0&qs=14&rc=ajhkeTtyNjM1NDMzNzczM0ApZjY7NmdpO2U3N2c0ZWlnZWcvamRjNGE2LmtgLS1kMTZzc18xMmMuLzMuLy4xMGMwYWI6Yw%3D%3D&vl=&vr=
23,v09044ad0000c0qnh58p8rsb4e7eg120,14208,881638&644122&349950&209351,4ea1ab65dd06a3c7f5aed7de3df317f2&c32da1209833e4d57375e2b3b34219a0&187d762e4e79e229dd88ee1808d5cc53&eaafa0e47fc45ae2233b2a3875a389e3&69c7977f73f910c359f200c6b535b942&6f6345fe6037c7cf78d6dc54837a68f8&f2595679abd647d58d051732dc7d2389&e24bde96b693fa309a681907d5538995,https://v16m.tiktokcdn-us.com/4ea1ab65dd06a3c7f5aed7de3df317f2/61e501a6/video/tos/useast2a/tos-useast2a-ve-0068c002/78aa8b14fb054a35b79487b137b29b3c/?a=1233&br=1720&bt=860&cd=0%7C0%7C0&ch=0&cr=3&cs=2&cv=1&dr=0&ds=3&er=&ft=c~.Zm4L-gXoInz7T&l=2022011623414401011313517625201482&lr=all&mime_type=video_mp4&net=0&pl=0&qs=14&rc=MzRoaGV1czhxMzMzZzczM0ApO2Y3aDtkPDxpNzQ5ZmQ3OGcvZDQxcDU1ZW5gLS1eMTZzcy5gMS4wXzJiLWM0MDAvMTI6Yw%3D%3D&vl=&vr=
24,v09044g40000c6bjhcrc77ue1odlkdo0,7940,604161&439135&296553&183383,712ed3288490eda01da50362b500e58d&e119e441a1f3dd90567339f139199db7&4a54bb8b58196de9df9176aef25417ec&a6d8be5df2b8985f261ef41754fc4c8a&402508bddba310a3d27c9ccbaa9e6d60&0252adcff5d316312f1111df88a2252f&7b6e61d5cc7fa7954a1a2ca826f7b6e3&ff72f212ef73c35461cd02cb9a45fa54,https://v16m.tiktokcdn-us.com/712ed3288490eda01da50362b500e58d/61e5019f/video/tos/useast2a/tos-useast2a-ve-0068c004/53037072e7ea46719f71503983e53896/?a=1233&br=1180&bt=590&cd=0%7C0%7C0&ch=0&cr=3&cs=2&cv=1&dr=0&ds=3&er=&ft=c~.Zm4L-gXoInz7T&l=2022011623414401011313517625201482&lr=all&mime_type=video_mp4&net=0&pl=0&qs=14&rc=M2dvcmg6ZmZtOTMzNzczM0ApNWg6aWY2aGU8NzdpOWc7OWdsaGEucjRvZV9gLS1kMTZzc15hLjIzXmIxNWNeYjUwYGA6Yw%3D%3D&vl=&vr=
25,v09044g40000c2t3lrho1amdn3nre0s0,5013,756227,ca51cb026342ff813acb6ca7dfbc6eef&2f020520962c42fe6c51e0ec2da979d0,https://v16m.tiktokcdn-us.com/ca51cb026342ff813acb6ca7dfbc6eef/61e5019c/video/tos/useast2a/tos-useast2a-ve-0068c004/e99cb9d5a11d4ac7a496622b02f8a9ad/?a=1233&br=1476&bt=738&cd=0%7C0%7C0&ch=0&cr=3&cs=0&dr=0&ds=2&er=&ft=c~.Zm4L-gXoInz7T&l=2022011623414401011313517625201482&lr=all&mime_type=video_mp4&net=0&pl=0&qs=0&rc=MzN1NmdkcnU2NTMzNzczM0ApNjk0Z2c7Zzs4NzRmMzYzM2dwYmtrai5laXFgLS1kMTZzc2BiNV4zNTEyNjQ0XmEzMS86Yw%3D%3D&vl=&vr=
26,v09044g40000c4mg0q3c77u950nmju0g,19177,3191109&1932525&1342438&707823,c96e42aa0bf76a1e1dd6c0db4faac7f0&4244c5224a60e75ebd3b0b6de865f827&79a5aa4a05b3e5fd32d0166c2f12fd43&16ee2a0f242b11de5250935796b8475d&71d039b38057b341e501645dfe322d13&42965c479b575b3b531d3885a38bafaa&a61103b2887eb9a4e0e46deac34c968c&42e20d2a1daa7bf29028bc610648f523,https://v16m.tiktokcdn-us.com/c96e42aa0bf76a1e1dd6c0db4faac7f0/61e501ab/video/tos/useast2a/tos-useast2a-ve-0068c003/1578429937b3407ab574c8a84355dafb/?a=1233&br=6232&bt=3116&cd=0%7C0%7C0&ch=0&cr=3&cs=2&cv=1&dr=0&ds=3&er=&ft=c~.Zm4L-gXoInz7T&l=2022011623414401011313517625201482&lr=all&mime_type=video_mp4&net=0&pl=0&qs=14&rc=anhwMzw6ZnRqNzMzNzczM0ApOTxoaWhlOjs6NzM3OzQzO2ctZ2sycjQwLWpgLS1kMTZzcy1hXy9jXmIyMjFjXzIyMS06Yw%3D%3D&vl=&vr=
27,v09044g40000c2q01jk1se6edeiqos2g,20896,1262211&1035288&794761&542759,353e7c278dd48ed72f9c30a8a0fe076c&c5f4d72d066de99a00cee68d6edebc09&4b0a1104a2254e72317ef6ed6313fb37&59bfc86010a8517fad44de3f63782452&e3639e5c21ff0c12e9ef13a534260b08&3898f5b6e7c89aaccc0370a94dbd161d&c638af676fbb19040fd4688c7aa33642&c4643466e6749e4aa7c8d444cf449d10,https://v16m.tiktokcdn-us.com/353e7c278dd48ed72f9c30a8a0fe076c/61e501ac/video/tos/useast2a/tos-useast2a-ve-0068c001/032f2f8815304c9394dd37c63db334a2/?a=1233&br=2464&bt=1232&cd=0%7C0%7C0&ch=0&cr=3&cs=2&cv=1&dr=0&ds=3&er=&ft=c~.Zm4L-gXoInz7T&l=2022011623414401011313517625201482&lr=all&mime_type=video_mp4&net=0&pl=0&qs=14&rc=anZ0aGhoNG0zNTMzNzczM0ApOWRpPDxnOGVoN2Y3OTVmO2cvbGZhM3BoLm5gLS1kMTZzczFhYjU2NWAzXjAuLS8uLi46Yw%3D%3D&vl=&vr=
28,v09044g40000c4ohat3c77u88dlsgkjg,9542,942322&447409&317248,c0bb09de0525131e259062120dd369e4&4c48f13507cd133d666077a9ac3b294d&6122a46ae951f5f88c4a5cf5f9aecd33&f9d8bb55865d3a0ac7f56c171b49d15a&dc5ffe1af0c9b6fa846d5ef9424c5c37&9f3490db5a109347aebff88a5c310e56,https://v16m.tiktokcdn-us.com/c0bb09de0525131e259062120dd369e4/61e501a1/video/tos/useast2a/tos-useast2a-ve-0068c004/c54e4db20e74481fa121eb15af5f85e5/?a=1233&br=1840&bt=920&cd=0%7C0%7C0&ch=0&cr=3&cs=2&cv=1&dr=0&ds=6&er=&ft=c~.Zm4L-gXoInz7T&l=2022011623414401011313517625201482&lr=all&mime_type=video_mp4&net=0&pl=0&qs=11&rc=am52Zzs6ZndrNzMzNzczM0ApaTU3PGc5N2U1NzM1Nzk1OmdnZGk1cjQwXmxgLS1kMTZzc2AtXjAxXy8yMGIwNS5jXzA6Yw%3D%3D&vl=&vr=
29,v09044g40000c39ork8o4qnr8507sfp0,17019,2400024&1680624&812197&524204,54473c060c06e8dcad27b8389dd40a34&b39f3bd2b5038fbaf54c6e61fa52773d&208ce2969726ab5ce2c196c5199e9c4a&0d18b591ee26e5f66d84a6a8636df828&4bbd2dcf8faeb4c0415640cc4bd79dd9&02ac92c1df6aac0e513f904d5540e3ba&fb8f0f0c4e6b9bc97b022674a0653504&3b5cc74d2eba3a066f396cc058bb8a5b,https://v16m.tiktokcdn-us.com/54473c060c06e8dcad27b8389dd40a34/61e501a8/video/tos/useast2a/tos-useast2a-ve-0068c003/b2f1a5a1d3f0448f9fb4b5a037c92027/?a=1233&br=4686&bt=2343&cd=0%7C0%7C0&ch=0&cr=3&cs=2&cv=1&dr=0&ds=3&er=&ft=c~.Zm4L-gXoInz7T&l=2022011623414401011313517625201482&lr=all&mime_type=video_mp4&net=0&pl=0&qs=14&rc=M2k6OHV0cm5yNjMzNzczM0ApZWg8aDs6N2Q1NzYzOzk5NmdtcC01azE1bzZgLS1kMTZzcy82LzUtNjIxLWJiY141Ly46Yw%3D%3D&vl=&vr=
30,v090443b0000bu7hkfqqsv284dioh21g,15555,689791&625195&437373,cb4e3eca6b2886a6cc810cad045ae745&e5ea626a51eba7cb466bb292357ebba3&036640099b3d8388cafbae5a5a9dd77d&1e4f00f384c12c1c4aeeceeee57db052&df59d2ba265f3927601bd5d241ceb2bd&345be3a91152fe45cae7ea3b8568e78c,https://v16m.tiktokcdn-us.com/cb4e3eca6b2886a6cc810cad045ae745/61e501dd/video/tos/useast2a/tos-useast2a-ve-0068c002/9e8ed43555484c4b83d5257edb9435d0/?a=1233&br=1346&bt=673&cd=0%7C0%7C0&ch=0&cr=3&cs=2&cv=1&dr=0&ds=6&er=&ft=c~.Zm4L-gXoInz7T&l=2022011623423801011313511319154A5A&lr=all&mime_type=video_mp4&net=0&pl=0&qs=11&rc=ajVyZzt5dGlreDMzZTczM0ApZzw0Ozk2OmQ0NzVoOWRnZmcuZWYxL3BuaDRfLS0wMTZzc2IyMC1jNF40XjY2LTAwLzQ6Yw%3D%3D&vl=&vr=
31,v09044g40000c2ft710bf79t3vkd0gvg,19293,1718431&1264133&618854&381743,0c9936726ddaa81c25464e19724837a7&ba68cbabaf77dda62ae10d72ed577aef&a5c07c57afa94261b733233b477aa01b&99ca20ea707921d125cd3ee13603c2ab&648481059ac4fef228c4e5d964957dd4&ab182e0b98b273361353f8ab80cfa516&11d5b5aadd4190d3fc823213ab70db1e&6ea57720d7647dc66f8ae3eebb83e647,https://v16m.tiktokcdn-us.com/0c9936726ddaa81c25464e19724837a7/61e501e1/video/tos/useast2a/tos-useast2a-pve-0068/4b429b6507504a9cba99f12e0d4afe8a/?a=1233&br=3356&bt=1678&cd=0%7C0%7C0&ch=0&cr=3&cs=2&cv=1&dr=0&ds=3&er=&ft=c~.Zm4L-gXoInz7T&l=2022011623423801011313511319154A5A&lr=all&mime_type=video_mp4&net=0&pl=0&qs=14&rc=ampneXc6ZTR3NTMzNzczM0ApN2ZlPDdlaGUzNzM2OmU6PGdzLWgwNmMtNGNgLS1kMTZzcy8uMDEtLTJiMWAyM181LTU6Yw%3D%3D&vl=&vr=
32,v09044g40000c42sjhbc77u591u34mdg,16600,1143137&860555&523772&365504,6b2fce3a017a2d4f5f694726f0c23963&8083ed830d8928534cb45edfb2da4e5c&23ad3d5f62b03835d2856daad6d769fd&1f8b5392e432d20003160efdb5b15f42&2f3fd9fcfa3723926281d08aaaa7c1fd&57db7e6ce9fde5a5007de7d0b82056a2&09206304d86f3ee2b4f6e5b6038202f4&b9c1588123c08d92cee0a83ba146d283,https://v16m.tiktokcdn-us.com/6b2fce3a017a2d4f5f694726f0c23963/61e501de/video/tos/useast2a/tos-useast2a-ve-0068c002/7da2afaad80f404fb164f84d77c8ba4d/?a=1233&br=2232&bt=1116&cd=0%7C0%7C0&ch=0&cr=3&cs=2&cv=1&dr=0&ds=3&er=&ft=c~.Zm4L-gXoInz7T&l=2022011623423801011313511319154A5A&lr=all&mime_type=video_mp4&net=0&pl=0&qs=14&rc=anA2NDg6Zmt2NzMzNzczM0ApOzs7ZGQ5ZzxkNztlNTlnaGdhMXI2cjRfZy9gLS1kMTZzczUuLjJjMTFeNTIyMC0vYy46Yw%3D%3D&vl=&vr=
33,v09044g40000c1n6fgrivpn8c64va3mg,15276,1055778&904129&638191&402855,0a565993530e72bf76c4f1df1ce58e54&79e2b51f4289d89f3a9f1c1dcd8ca484&c16d462bbe4fc6f06cad909687e6ce8a&1b04a2b79ccdfde47cbce3503d155eef&5a366db89c0cff02315e99d55c6ad09a&65eeb81d7b8cae547a3ba86f51fabf20&8378cbc44493128fce1780030e259095&4f4cbdee10a23c3b336162ad412037e9,https://v16m.tiktokcdn-us.com/0a565993530e72bf76c4f1df1ce58e54/61e501dd/video/tos/useast2a/tos-useast2a-pve-0068/0d6b12d875944f93abce543a86449ffc/?a=1233&br=2062&bt=1031&cd=0%7C0%7C0&ch=0&cr=3&cs=2&cv=1&dr=0&ds=3&er=&ft=c~.Zm4L-gXoInz7T&l=2022011623423801011313511319154A5A&lr=all&mime_type=video_mp4&net=0&pl=0&qs=14&rc=ajZ5OTtzbGo5NDMzNzczM0ApPDc3ZTw6OzszN2UzO2Q1ZWdqXjFga3NvY2tgLS1kMTZzcy8wNTQwLy41L2BiYjEzMzI6Yw%3D%3D&vl=&vr=
34,v12044gd0000c736h5bc77uakasifot0,40843,832150&688079&457089&341092,0500a2d8fff1cf39dfa226b7cda6fcb2&b4eb7f905d88b254112a0c9262acfe39&bc2404ddc245444b126616825ca1ab03&a5afb63a2fb5bf55e0c31d845c1ebaa9&5921a3f53f3e421e718d7b0ddc94450f&36f792b926153d2c285bdf05b0f3f396&03297654f3b3a7afee3910af1f0ccda0&7b7ab6abcd74711f59a0730890f8d56b,https://v16m.tiktokcdn-us.com/0500a2d8fff1cf39dfa226b7cda6fcb2/61e501f6/video/tos/useast5/tos-useast5-pve-0068-tx/967c907d787f47d1ba726183ac03a2a0/?a=1233&br=1624&bt=812&cd=0%7C0%7C0&ch=0&cr=3&cs=2&cv=1&dr=0&ds=3&er=&ft=c~.Zm4L-gXoInz7T&l=2022011623423801011313511319154A5A&lr=all&mime_type=video_mp4&net=0&pl=0&qs=14&rc=M3JsZGQ6Zjg5OjMzZzczNEApNDlkOjo5ZjxmNzc8NjVpOGdxY3BocjRfZTBgLS1kMS9zczY2NjAyXjBfYi8xLzIuY2A6Yw%3D%3D&vl=&vr=
35,v07044550000c07os0nir75n464p64cg,8589,247151&169174&126295,b3f86c25615fd872e3c574ee07b6a192&01a5bb2c45a294c0ad900904555d2fa8&2c5a6b3316ecb107898a1b3884e5597e&393bae988dec67125d850d5c002ba78e&049c86e806cea94ec586347d77982364&587d0adc063f39c960fcabfa3ed846c0,https://v16m.tiktokcdn-us.com/b3f86c25615fd872e3c574ee07b6a192/61e501d6/video/tos/alisg/tos-alisg-pve-0037c001/88d0a2f0d8fd40f699e281a9c3b021f0/?a=1233&br=482&bt=241&cd=0%7C0%7C0&ch=0&cr=3&cs=2&cv=1&dr=0&ds=6&er=&ft=c~.Zm4L-gXoInz7T&l=2022011623423801011313511319154A5A&lr=all&mime_type=video_mp4&net=0&pl=0&qs=11&rc=ajdzOXE6bDNyMzMzODczM0ApNTk1aTU8OGRoNzdoM2Y5aWdgMzExMm9rcDRgLS0yMTRzcy0zMTEyXmAvYi81MzAxLWI6Yw%3D%3D&vl=&vr=
36,v09044690000bugd0qjemvd778npkaug,8728,1625869&1015423&736932&474604,95af0bb21147eaa138db60290e2682c0&25285acc22eee43b1a478eb524d2416d&539278290b8bd7bced1d71d552b0088b&102fc175cc7cd9034c1632c8429417a2&e827fea54af97e8ea0abc192105c7cfd&e5278d19450e39e7acbc6816c7116a74&238f2a1ebe545456d1c8969b4625a267&e094b1cc336992746695be1c4f6cb6bf,https://v16m.tiktokcdn-us.com/95af0bb21147eaa138db60290e2682c0/61e501d6/video/tos/useast2a/tos-useast2a-ve-0068c003/577f7868462848419672cfb56e32c139/?a=1233&br=3174&bt=1587&cd=0%7C0%7C0&ch=0&cr=3&cs=2&cv=1&dr=0&ds=3&er=&ft=c~.Zm4L-gXoInz7T&l=2022011623423801011313511319154A5A&lr=all&mime_type=video_mp4&net=0&pl=0&qs=14&rc=amRzOzp5aHRneDMzPDczM0ApZGc2NmRoZDxpN2hlOTw1NWdyaGs0YWpnLWRfLS0zMTZzc2IzYV8xMmBiLTAuMC4wNC86Yw%3D%3D&vl=&vr=
37,v09044g40000c4oflj3c77ue62ip6i7g,18829,1005587&678099&416779,f1daaee0619e548555827f48ba2d4330&605a2e5cd2b681a3772fb7bdcfb95163&5b57fcddb08fedb64167f8d6ec029f8d&c371ec4612b956169122e0db0fff689e&bfc6872832212102863825781984b808&7f150b1e584a9e09dfa6dce28405f5e6,https://v16m.tiktokcdn-us.com/f1daaee0619e548555827f48ba2d4330/61e501e0/video/tos/useast2a/tos-useast2a-ve-0068c004/ba81bb2590184a42916525640ac6a34f/?a=1233&br=1964&bt=982&cd=0%7C0%7C0&ch=0&cr=3&cs=2&cv=1&dr=0&ds=6&er=&ft=c~.Zm4L-gXoInz7T&l=2022011623423801011313511319154A5A&lr=all&mime_type=video_mp4&net=0&pl=0&qs=11&rc=amxzNWg6Zm1pNzMzNzczM0ApOTpnNDZkZ2U3Nzc7Zzg4OWc0M2YzcjQwaWxgLS1kMTZzc2AyNmA1MTRgNS40LjViM186Yw%3D%3D&vl=&vr=
38,v09044900000c1gk48v7hc99pahqgrq0,8637,2052471&1561356&980982&642068,e718a95ec5ea9d2d29a19c0f807f1571&12a235be1609fab122ee43d366e96670&83e2d296b26c0412fe1255bad4d4bbf7&2a32e20f16e978e1ab5e46190b7a74fe&13edf64f287579fc1144ca1d8aef2e1f&074ece673600c9750e1eae293ef21a1e&bd2acacb78d8740ea1a6b8511ff4c110&553cf95a8831502e3c56b8fb089714cc,https://v16m.tiktokcdn-us.com/e718a95ec5ea9d2d29a19c0f807f1571/61e501d6/video/tos/useast2a/tos-useast2a-ve-0068c002/7eeeb48d29a048fb8a43c2e4f44e7786/?a=1233&br=4008&bt=2004&cd=0%7C0%7C0&ch=0&cr=3&cs=2&cv=1&dr=0&ds=3&er=&ft=c~.Zm4L-gXoInz7T&l=2022011623423801011313511319154A5A&lr=all&mime_type=video_mp4&net=0&pl=0&qs=14&rc=M3V0ZDxmOjtuNDMzMzczM0ApOmUzOjc6aGQ5N2k2O2c2ZmduZGVtNmVzMWRgLS02MTZzc2FeM2MtMTEvMy8uNDA2NmI6Yw%3D%3D&vl=&vr=
39,v09044fd0000buhfv1j9iufl0fi5ir5g,19502,568440&460718&327550,aa3ed84c9d3d5744cff341d26d9bf0a1&23b03c539be2fb0b5d16577ce6ac5284&ddcc028c2a2b7f2ab943cdbfb0c7bac1&140ecfae8f086650a2200fe07f28e1bb&a1cd2904cd96a5084582127fe6323105&db877f5ae9a54181bfc9d844817c47b0,https://v16m.tiktokcdn-us.com/aa3ed84c9d3d5744cff341d26d9bf0a1/61e501e1/video/tos/useast2a/tos-useast2a-pve-0068/a27f7933c7584a20ab3fd6eb8b24a7cc/?a=1233&br=1110&bt=555&cd=0%7C0%7C0&ch=0&cr=3&cs=2&cv=1&dr=0&ds=6&er=&ft=c~.Zm4L-gXoInz7T&l=2022011623423801011313511319154A5A&lr=all&mime_type=video_mp4&net=0&pl=0&qs=11&rc=anU4aW94PDRpeDMzZzczM0ApZ2U2ZTU7ZDw5NzNoZDg5NGcyZmYtY2Znc2VfLS1jMTZzc2MxMmJeL2BeMzM2XmIvMTQ6Yw%3D%3D&vl=&vr=
40,v12044gd0000c797pgbc77ucq7ijquug,16995,298431&235242&154197&125184,1a4cce8d98de95fa99d033347647d489&192e25d22fa1eea57fb22893874e59ff&62523e0c6ee69af7573f1a7156f06df8&9eaa3c26cfd89b4f69a538b6a66d80e8&03d4d14afa56365cc5f2e766d1e003cb&c6842361e3e6745bf025b13a7e950a36&7998b5b7503b778d53e1dc80cef7fe63&61f8c6e2b94390e6cd1412dc58e138f7,https://v39.tiktokcdn-us.com/1a4cce8d98de95fa99d033347647d489/61e50236/video/tos/useast5/tos-useast5-pve-0068-tx/f62e02f024c540c89a00998f535a6845/?a=1233&br=582&bt=291&cd=0%7C0%7C0&ch=0&cr=3&cs=2&cv=1&dr=0&ds=3&er=&ft=c~.Zm4L-gXoInz7T&l=20220116234406010113006218122387DA&lr=all&mime_type=video_mp4&net=0&pl=0&qs=14&rc=anhtOmY6Zmo6OjMzZzczNEApOjM6NDc4aWRkNzVlODRpOWdybmZucjRfbTZgLS1kMS9zcy4vYmFhMV5jMzZeNjY1XjY6Yw%3D%3D&vl=&vr=
41,v09044g40000c3gscaris849rbdm91rg,14975,1649189&1352918&1157202&784297,0d1e39a4cca893ad715bda5c0b0a828f&38c526ec9b9b993db902335c86fdf91d&7e82f4f536f8c9c9ab5cf355e27760ea&68baf1015b3ec5f4e91901c4e4a0963a&0623da1675c042f726e1d95501b14284&fdbb9d0d6a94201743d42aced28fdcc4&a8ca31e3c3cde17fa3d6a9195da14ca3&dcc15a1b6b383325edb9b8cd0d337252,https://v39.tiktokcdn-us.com/0d1e39a4cca893ad715bda5c0b0a828f/61e50234/video/tos/useast2a/tos-useast2a-pve-0068/9d511f5263d34272a97a3e7ab284c1ce/?a=1233&br=3220&bt=1610&cd=0%7C0%7C0&ch=0&cr=3&cs=2&cv=1&dr=0&ds=3&er=&ft=c~.Zm4L-gXoInz7T&l=20220116234406010113006218122387DA&lr=all&mime_type=video_mp4&net=0&pl=0&qs=14&rc=ajRwZTw7bGR2NjMzNzczM0ApNGg7ODYzNTxpNzw8aTllNGdvNmFvMXBvYGRgLS1kMTZzczIxXi1hNmJeNS02YS1gXjU6Yw%3D%3D&vl=&vr=
42,v09044g40000c3mrtfbc77uahb02m4jg,7149,1009186&814846&469416&322285,894ade88ff1e1933b418ede4af28a4b5&808a1e4ba80426a3c14dca28ac1f8682&78bdeaa47b9beab940b434431028875d&928ba707f125bde718c1a9ebe5299eea&dc68c009f77e1041939f57b0075ebd29&a8becf6dff2bcba7dc6dceb1baf374b3&daa4ca5003477f031f283949f5cf0b89&be514d4f8fe447c3ffae0859ef471f32,https://v39.tiktokcdn-us.com/894ade88ff1e1933b418ede4af28a4b5/61e5022c/video/tos/useast2a/tos-useast2a-pve-0068/3ebc7ee2989f443883330b31dfab49f4/?a=1233&br=1970&bt=985&cd=0%7C0%7C0&ch=0&cr=3&cs=2&cv=1&dr=0&ds=3&er=&ft=c~.Zm4L-gXoInz7T&l=20220116234406010113006218122387DA&lr=all&mime_type=video_mp4&net=0&pl=0&qs=14&rc=ajc1ZWQ6Zml1NjMzNzczM0ApOWg2NjxmNDw2NzY8OTg4Z2dnai1lcjRfcWpgLS1kMTZzczA1LWJgYy9jYi9eMGIvXjY6Yw%3D%3D&vl=&vr=
43,v09044g40000c442udjc77u82pan8nr0,10773,532271&468564&315901,8630052acc7ac7f20169b949f7226ba9&abe94e68a2721b115c13c068b5324dfc&189e8795b4a0cc16c9d83eda456d31b2&6a49c697a6afd419142b024d8fbe6fac&4d7323666d94432f6cdaafab5df981a0&42e84514a678893887e728cac69563b8,https://v39.tiktokcdn-us.com/8630052acc7ac7f20169b949f7226ba9/61e50230/video/tos/useast2a/tos-useast2a-ve-0068c004/8ef5572352a949ec98150aec8025dd70/?a=1233&br=1038&bt=519&cd=0%7C0%7C0&ch=0&cr=3&cs=2&cv=1&dr=0&ds=6&er=&ft=c~.Zm4L-gXoInz7T&l=20220116234406010113006218122387DA&lr=all&mime_type=video_mp4&net=0&pl=0&qs=11&rc=M3Fxczs6Zmc1NzMzNzczM0ApOWdkPDllaDtlNzs0aDdmNmdvNV4vcjRncjFgLS1kMTZzczFiXzQzNjU0NV9fLWBfXl86Yw%3D%3D&vl=&vr=
44,v09025g40000c5tphj3c77u9non5uja0,11632,391326&216922&156694,d677be6af44c6ce96b778baea30f77c3&f40aa7e1c0c38bdc0601761b7c9adf81&4a062099a760c9af9ce80b21b851208e&c6979d0f94e013867be3a702242a2b1a&e372b8ca4f0e5b4cbe3a55075fc521d3&dc415b06fb88cd3a0c78c6b21a18d21d,https://v39.tiktokcdn-us.com/d677be6af44c6ce96b778baea30f77c3/61e50231/video/tos/useast2a/tos-useast2a-pve-0068/0db5a52be4814ca482755ba7b47a0966/?a=1233&br=764&bt=382&cd=0%7C0%7C0&ch=0&cr=3&cs=2&cv=1&dr=0&ds=6&er=&ft=c~.Zm4L-gXoInz7T&l=20220116234406010113006218122387DA&lr=all&mime_type=video_mp4&net=0&pl=0&qs=11&rc=M204cjw6Zm1zODMzNzgzM0ApZmZkOGdkaTs0NztmODk3aGdecmtrcjQwZXFgLS1kLzZzc2BjMWAwLTRfMC8wYmAuNGI6Yw%3D%3D&vl=&vr=
45,v09044g40000c31h4berlhljq0la6gmg,11702,1276937&955175&436320&297005,6b6809f00fd8a27e769daf42c7704321&f9f70de98495996f567192947dfa5f15&2001c00093553a48c9b4acc4d8ae1469&1e41568d9cfa02ced61571c87c0e5158&0a6b53312682f54ba9644728dc6a5f33&8c2e7b4f45414809692b12d08daf5494&c7c02ea0c2bff3b802f46c9772eecbf2&d42ddb92d49406f431aa2bf6f0bb5d81,https://v39.tiktokcdn-us.com/6b6809f00fd8a27e769daf42c7704321/61e50231/video/tos/useast2a/tos-useast2a-ve-0068c001/c3efc14c6e3045bb9d9a7123d0c5447d/?a=1233&br=2494&bt=1247&cd=0%7C0%7C0&ch=0&cr=3&cs=2&cv=1&dr=0&ds=3&er=&ft=c~.Zm4L-gXoInz7T&l=20220116234406010113006218122387DA&lr=all&mime_type=video_mp4&net=0&pl=0&qs=14&rc=ampkM21rdWVrNjMzNzczM0ApZ2g5Njs0PGVoNzNkNzdoPGdqM2luaWliMS5gLS1kMTZzczBjYGMyLjQ2My4uLTYyMjE6Yw%3D%3D&vl=&vr=
46,v09044g40000c3r8kabc77u0jldggbg0,12769,2330361&1704943&1469448&996082,d980ee0f4e72f18c0b6ed476dcbd8696&de661724ad9f63a4e0fbd79953784e1b&d010fc4b01b563de3ae7d51e7798cfdc&493639768fbf0e7b6096517fc330e6a8&286d9a091a4b677f299eae2cd0eeaaa3&207a9cadd49fcbd7c841d1867762ea48&11f6e14fe65ceb34fd94b8613dff907d&d175c19edd182e28cd972ff18b925bc6,https://v39.tiktokcdn-us.com/d980ee0f4e72f18c0b6ed476dcbd8696/61e50232/video/tos/useast2a/tos-useast2a-pve-0068/8cab7da36e664048988304d7ef7a47b7/?a=1233&br=4550&bt=2275&cd=0%7C0%7C0&ch=0&cr=3&cs=2&cv=1&dr=0&ds=3&er=&ft=c~.Zm4L-gXoInz7T&l=20220116234406010113006218122387DA&lr=all&mime_type=video_mp4&net=0&pl=0&qs=14&rc=M2VqbzM6ZmQ7NjMzNzczM0ApaDY2PGk8aTs8NzhpPDg8OmdkZGFncjRfaG9gLS1kMTZzcy1jY2BgMF5iMjQwLS8wYGA6Yw%3D%3D&vl=&vr=
47,v09044g40000c4kh153c77u3i2t1e3f0,20710,790267&584037&389756&259282,83c061330204c4e517d8d5879e9062f7&dd12cb95c3d207d31972b4131d381d7a&5a56a42aa4aadad92edb903727271941&aab6450d50a5341fffd3687844368efc&9e8d2a91b5501f9ddb5f75074fb51f01&5c2a4c74ff8674e94d912b3eb281b653&dc3976f6915a5426930103c1a54c0913&5992c066989c90c576c53904a0028f0e,https://v39.tiktokcdn-us.com/83c061330204c4e517d8d5879e9062f7/61e5023a/video/tos/useast2a/tos-useast2a-ve-0068c004/fc7e9f17e2344ce89e8aa991b7d0e895/?a=1233&br=1542&bt=771&cd=0%7C0%7C0&ch=0&cr=3&cs=2&cv=1&dr=0&ds=3&er=&ft=c~.Zm4L-gXoInz7T&l=20220116234406010113006218122387DA&lr=all&mime_type=video_mp4&net=0&pl=0&qs=14&rc=MzY0NTY6ZjhrNzMzNzczM0ApOGY1OzNoNjs2NzZlM2UzOWdjYnFmcjQwLmhgLS1kMTZzc2IzLy1iNjNeYC4uMTIuLTA6Yw%3D%3D&vl=&vr=
48,v10044g50000c46ig0bc77u3svl4snj0,15439,1003742&711074&460554,e1b51c07b730a80b7c1c637670a4bc1a&48f516a9517d6bff43d1f3a8600cc986&fe96e63c24dbfb9b9cd8edb2b479dc03&59da7b0520574bc1c1c98bbca5b851e3&f74b5789db39b74676991fd3662b990b&a50d805a785f03dd774be039d586d5b9,https://v39.tiktokcdn-us.com/e1b51c07b730a80b7c1c637670a4bc1a/61e50235/video/tos/alisg/tos-alisg-pve-0037c001/e423ff66fd7745cca108a9f2edb90248/?a=1233&br=1960&bt=980&cd=0%7C0%7C0&ch=0&cr=3&cs=2&cv=1&dr=0&ds=6&er=&ft=c~.Zm4L-gXoInz7T&l=20220116234406010113006218122387DA&lr=all&mime_type=video_mp4&net=0&pl=0&qs=11&rc=M3E3eTY6ZjNsNzMzODczNEApOzk4M2Q2OTtoNzxpOWhoZGdncGlwcjRfZDNgLS1kMS1zczItY19iMzNhYzJfYTExYTI6Yw%3D%3D&vl=&vr=
49,v09044g40000c34mtnth8h41mpjnku00,7382,1175019&925927&534792&327161,2c764e3bdb83f10a74216bfe79e23000&765e5d634b5a4ad8867e60217082c24b&f48ed97368a570d6536fc81648289564&7c151d4ccd0e6d72c55f39a5a9803c60&ecb6052fff7698e09960ba9770289cbe&587a06e0ebe71db74c03caf3ad489d23&e91aaf0bdcb1bd04bd4b3ca5f6d394da&d17ac7d96f04a854aa02f368ad3c1955,https://v39.tiktokcdn-us.com/2c764e3bdb83f10a74216bfe79e23000/61e5022d/video/tos/useast2a/tos-useast2a-ve-0068c002/18dc538910c34b97b0ba2334398c0c1c/?a=1233&br=2294&bt=1147&cd=0%7C0%7C0&ch=0&cr=3&cs=2&cv=1&dr=0&ds=3&er=&ft=c~.Zm4L-gXoInz7T&l=20220116234406010113006218122387DA&lr=all&mime_type=video_mp4&net=0&pl=0&qs=14&rc=M3hxczRra3FwNjMzNzczM0ApOmVnZTNmPGVkNzg5OjMzZmctaGdqMTVxcTFgLS1kMTZzczBeYDMyMS1iXjE2L2BgYjU6Yw%3D%3D&vl=&vr=
50,v12044gd0000c6438f3c77uf5sb2qspg,7637,438273&308591&211521&145661,7d939af6efd266a56b3003e615def0dd&3b7ba125e6efb7b8b4307a81d69845d5&b9b1e1b07c4927f2070adaa3b7748ed6&df6d0603e6ca81be869c1ab003f196c3&18e8927c614e08926f2ceab21043c3dd&75898b144203917f348d3768fee418e9&dccae6e2d01cb0c6520a5c3887b93dff&7c337715f3a6f6256f129628541c3427,https://v25.tiktokcdn-us.com/7d939af6efd266a56b3003e615def0dd/61e50263/video/tos/useast5/tos-useast5-ve-0068c004-tx/76d2b8ec07e045ac97babd32e7849b66/?a=1233&br=856&bt=428&cd=0%7C0%7C0&ch=0&cr=3&cs=2&cv=1&dr=0&ds=3&er=&ft=c~.Zm4L-gXoInz7T&l=202201162345000101131351890D13513F&lr=all&mime_type=video_mp4&net=0&pl=0&qs=14&rc=anY1dmk6Zmk2OTMzZzczNEApNTM7PDplZDs3N2k3NTQ0NGdtbl8ycjQwNTFgLS1kMS9zcy1iMTNhMjVgXzFhX2MvNWI6Yw%3D%3D&vl=&vr=
51,v09044g40000c3odp7bc77u6gocp9d6g,6662,1213038&1048223&705115,42804ec6aebd892aed9525b6a19430fa&f3f71a0ba5313e0ce284bd4f00f1f0ea&0b5f26579c578781800b09de35eb04c7&85c2a4059f3392ce198e0cbb85c30eec&757a8a615b4b957878855848153d07c9&b0630105399bcf67a06b9b2d90f7d88d,https://v25.tiktokcdn-us.com/42804ec6aebd892aed9525b6a19430fa/61e50262/video/tos/useast2a/tos-useast2a-ve-0068c003/de59c410050643d6ae007381bedffa4e/?a=1233&br=2368&bt=1184&cd=0%7C0%7C0&ch=0&cr=3&cs=2&cv=1&dr=0&ds=6&er=&ft=c~.Zm4L-gXoInz7T&l=202201162345000101131351890D13513F&lr=all&mime_type=video_mp4&net=0&pl=0&qs=11&rc=amdzcjk6ZjpnNjMzNzczM0ApOTQ2NzdlPDs1N2Q8ZWc4N2czNmBkcjRfbWxgLS1kMTZzc2MvNS8tMy8zYDItXzIvLWA6Yw%3D%3D&vl=&vr=
52,v09044g40000c4ogfhrc77u057cokt50,11283,1788582&1332930&1009342&674293,ee77a425c70fb5505bc559f92152958b&7ef0b17b8b2f50dca0ab7ea34ab57975&c9cb8e40775c7c410c71304481598a35&f7de713e5f099522572f2abcff9e6449&86abf7e1c31dd4528ead131b59186f36&5a43e0074bf0c8ff334b9fef39ce59d2&7ba9b0e815b3f797cda8b5312bbf635b&6a4f7251fe347af720d421dc5ed9f43e,https://v25.tiktokcdn-us.com/ee77a425c70fb5505bc559f92152958b/61e50267/video/tos/useast2a/tos-useast2a-ve-0068c004/37fdace7ea5e47a28e67f8ddd291d8cf/?a=1233&br=3492&bt=1746&cd=0%7C0%7C0&ch=0&cr=3&cs=2&cv=1&dr=0&ds=3&er=&ft=c~.Zm4L-gXoInz7T&l=202201162345000101131351890D13513F&lr=all&mime_type=video_mp4&net=0&pl=0&qs=14&rc=M3dyOjM6ZmtqNzMzNzczM0ApNTQ1PGg2NTxmN2dkOzc6ZGcyaGAycjRvY2xgLS1kMTZzczA1Xy9gMC5gXzZjMC9eMl86Yw%3D%3D&vl=&vr=
53,v09044g40000c2gsjnial962u1po35p0,6430,770553&599707&407073,6a7d00e769dbe224d0353692ca41c09d&3f200556fd05c2cec9e0775cc91bb0cc&952312b29721cdf7972201260b3880e5&9a0d31bb095d11a00fadecfe70a459ae&5383bf10f1bcdc47f856114433285d25&08f084b1fa5e3348821d13b9e107fa81,https://v25.tiktokcdn-us.com/6a7d00e769dbe224d0353692ca41c09d/61e50262/video/tos/useast2a/tos-useast2a-ve-0068c003/c87454664ebb4e1a9171e23979c58e98/?a=1233&br=1504&bt=752&cd=0%7C0%7C0&ch=0&cr=3&cs=2&cv=1&dr=0&ds=6&er=&ft=c~.Zm4L-gXoInz7T&l=202201162345000101131351890D13513F&lr=all&mime_type=video_mp4&net=0&pl=0&qs=11&rc=MzhyNDU8ZHF2NTMzNzczM0ApZzg8Mzc7OjtmN2g4ZGdkOmdtMG1yM2lmZ2RgLS1kMTZzczAxMDY2LjI1Nl4zNS5iYDU6Yw%3D%3D&vl=&vr=
54,v09044310000bmoil77ho6foanv5jaj0,8267,1413832&978032&948578&551346,f6b85f03c874b20bcc1fdefcd889c4e0&8166a09e9a1d3865871d955bcbc2c8e4&5efb75199b3cdac7cac65a1b152406cc&fd2c9c27c08fd5e2a1eaf076f0e2823e&e00f13e111195bf353427aecb9a9600f&9946d5dfc4482fa59cc09659e2f6984e&d65af15bb5e526b2fd4e5684212a29d2&5c77cabc1ac91bcdea82d8c4398865c7,https://v25.tiktokcdn-us.com/f6b85f03c874b20bcc1fdefcd889c4e0/61e50264/video/tos/useast2a/tos-useast2a-ve-0068/ddd5955b873440ed8f5b7bf11392250d/?a=1233&br=2760&bt=1380&cd=0%7C0%7C0&ch=0&cr=3&cs=2&cv=1&dr=0&ds=3&er=&ft=c~.Zm4L-gXoInz7T&l=202201162345000101131351890D13513F&lr=all&mime_type=video_mp4&net=0&pl=0&qs=14&rc=M2Q4cXI5azpscDMzNDczM0ApaWVmNDQ3NztoNztlODY4OWdnZ3NeY2w0aWxfLS0wMTZzc19fMi00Nl8zMTVjYy0yY146Yw%3D%3D&vl=&vr=
55,v09044g40000c410g73c77uf1vhdufc0,8635,1640421&1292537&1074754&697653,431e6fd56350d338e446ea22049a946e&49a33bd64df50ba3fa1f3b237b96dc18&e6c1e833dae1ed247ef91cf4aa35b1d2&555839768e7e400753d495af5f2f4ed7&8b5f71639269a98e0571748720ed0bc7&80fde11e42be58a2f5ad68b3327c203a&7a5e788e49702366a8247ef7683729eb&806a0c175e3e3e117ed984d73888137a,https://v25.tiktokcdn-us.com/431e6fd56350d338e446ea22049a946e/61e50264/video/tos/useast2a/tos-useast2a-pve-0068/186f2293eddc429e855872f618200d52/?a=1233&br=3202&bt=1601&cd=0%7C0%7C0&ch=0&cr=3&cs=2&cv=1&dr=0&ds=3&er=&ft=c~.Zm4L-gXoInz7T&l=202201162345000101131351890D13513F&lr=all&mime_type=video_mp4&net=0&pl=0&qs=14&rc=M2lneWk6ZjozNzMzNzczM0ApaGc8OTNmNGU7NzUzODU8M2dgcmUucjQwZC5gLS1kMTZzczAyMS4zYjFgMC00M2AyLWA6Yw%3D%3D&vl=&vr=
56,v09044g40000c3ai05e0nro67dgk3fbg,9286,1284202&756360&437868&275058,d2934e776a56037cb4983a5274a43245&2933f1371e1faa4b660bff494b6d7dc7&2c6d2252bf08f3bda31d9c6e5a05b030&81dce598443682cc72bbd5156d226ae9&58a5e460a64761aca33c30368317beba&37c5e5b8d5cf9631768a708ea7d9f977&6655bb1875265690413c36449431053a&1985c37847cc5b4aa38148e653f682be,https://v25.tiktokcdn-us.com/d2934e776a56037cb4983a5274a43245/61e50265/video/tos/useast2a/tos-useast2a-pve-0068/e6e3a6962bc94b55b4ea6c5013954c7f/?a=1233&br=2508&bt=1254&cd=0%7C0%7C0&ch=0&cr=3&cs=2&cv=1&dr=0&ds=3&er=&ft=c~.Zm4L-gXoInz7T&l=202201162345000101131351890D13513F&lr=all&mime_type=video_mp4&net=0&pl=0&qs=14&rc=amluZzl1MzhsNjMzNzczM0ApNGc3Zmk5Zjw2NzxlZ2RnPGdfMGQ0bGtiLV5gLS1kMTZzczJjNS8tYGIvLmI1Y180YS86Yw%3D%3D&vl=&vr=
57,v09044g40000c45clkjc77u4160srdj0,19781,594321&416882&283318&196864,2c33b03ff4cc72c66906984aba0e47b7&e9a49e1e9ebf71cebfcdc638bf4e9ba9&900d38cca4a411abeb4a09bb9323d2e2&2b56bc5c76f78d3bce60602c691bdb14&ae6cb3cdcad0c4a0abd420db5ac8cc9b&83615a4c41064ce75bcaa9c099b3c206&749fafa3155d162b1a0dc7f11ce250bc&68e63f5edcb4e506a3f487e353d4290b,https://v25.tiktokcdn-us.com/2c33b03ff4cc72c66906984aba0e47b7/61e5026f/video/tos/useast2a/tos-useast2a-ve-0068c001/f9d901e8f28941f9bfce8994d038f273/?a=1233&br=1160&bt=580&cd=0%7C0%7C0&ch=0&cr=3&cs=2&cv=1&dr=0&ds=3&er=&ft=c~.Zm4L-gXoInz7T&l=202201162345000101131351890D13513F&lr=all&mime_type=video_mp4&net=0&pl=0&qs=14&rc=M2d2OTc6Zm5mNzMzNzczM0ApZDw6PDg8OTw6NzpoOztmPGdnby0ucjRnaTJgLS1kMTZzc2ItYzZiMjQvXi8zYy4uNjA6Yw%3D%3D&vl=&vr=
58,v09044g40000c4aqt4bc77uek70jn260,14603,853714&490562&304377,3313817fb14792c49b5f0e323c64c2ec&197e79ac95ca5964442c5e70a04e7ccd&3969e8edf443c96b07d69e443ca28ba2&d4ea88b2b3b4ff95928cecb41ce5bc87&9d7bad74c402278ce1e5917fb06c4a69&5cdee8c2e06d3473a690ce528939d303,https://v25.tiktokcdn-us.com/3313817fb14792c49b5f0e323c64c2ec/61e5026a/video/tos/useast2a/tos-useast2a-ve-0068c003/f5ab0881c8614d2997fc3563a380cca5/?a=1233&br=1666&bt=833&cd=0%7C0%7C0&ch=0&cr=3&cs=2&cv=1&dr=0&ds=6&er=&ft=c~.Zm4L-gXoInz7T&l=202201162345000101131351890D13513F&lr=all&mime_type=video_mp4&net=0&pl=0&qs=11&rc=MzVtOmg6Zjd0NzMzNzczM0ApZ2lnPGlkPDw8NzM6aGQ4aGczay1ocjRfcV5gLS1kMTZzcy0tX2JjX18yMzM2LmFhNTM6Yw%3D%3D&vl=&vr=
59,v09044g40000c3vdmejc77u7uoaiehrg,11330,566505&438577&226220&162988,e5ec927d656931f4ca336e862ec418ae&fda5e2f90064e7d3821d25fefb6b886b&ef8f82b9b9a0aad2b037b7bac9c291f6&928f6e9efa61dc07d1ab8c5a022fff26&2a9bcbf0cc13630a00ec1a64dbadfacd&78bc625f37362782da61ccb8b46e0b5d&caf476037dc5f9b01027c776f1552e58&a5e88f651b7d7903dfe6c59917f2c76c,https://v25.tiktokcdn-us.com/e5ec927d656931f4ca336e862ec418ae/61e50267/video/tos/useast2a/tos-useast2a-pve-0068/dd6af54476d34c538cb4008e341b415b/?a=1233&br=1106&bt=553&cd=0%7C0%7C0&ch=0&cr=3&cs=2&cv=1&dr=0&ds=3&er=&ft=c~.Zm4L-gXoInz7T&l=202201162345000101131351890D13513F&lr=all&mime_type=video_mp4&net=0&pl=0&qs=14&rc=amtscjo6ZmhnNjMzNzczM0ApOzVmNDg0Ojs8N2g7OWk2ZmdvYl5ycjRnanNgLS1kMTZzc2A0YTQ2NDMtMjExNDQwLS06Yw%3D%3D&vl=&vr=
