video/mp4, bytesbytes 0-1133081/1133082, 1642376273.7887204, 1642376273.7897851, 1642376273.8110766, 1642376275.376765, v39-us.tiktokcdn.com, 1873a6dbd3c8caa4d2855fa76610022d, /1873a6dbd3c8caa4d2855fa76610022d/61e500b9/video/tos/useast2a/tos-useast2a-ve-0068c002/335e7d2f1c2046918988b2c6357a9bec/?a=1233&br=2166&bt=1083&cd=0%7C0%7C0&ch=0&cr=3&cs=2&cv=1&dr=0&ds=3&er=&ft=xo5uS4L-gXoInz7T&l=2022011623375201022308301218A44068&lr=all&mime_type=video_mp4&net=0&pl=0&qs=14&rc=M3Q2ZzM6ZmQ7OTMzNzczM0ApaDk6M2Q5ZTszNzxnPDQ4O2cxNl9mcjRvZmVgLS1kMTZzcy5eX2NjLy9hXy5iYjFjLjY6Yw%3D%3D&vl=&vr=
video/mp4, bytesbytes 0-554391/554392, 1642376279.4447193, 1642376279.4512475, 1642376279.494729, 1642376280.2835963, v39-us.tiktokcdn.com, 90878248e2838d0e8af0db76fb8ecb0d, /90878248e2838d0e8af0db76fb8ecb0d/61e500bf/video/tos/maliva/tos-maliva-ve-0068c799-us/630fec88856d4ef692b4d973664e8415/?a=1233&br=856&bt=428&cd=0%7C0%7C0&ch=0&cr=3&cs=2&cv=1&dr=0&ds=6&er=&ft=xo5uS4L-gXoInz7T&l=20220116233757010192162132052044AB&lr=all&mime_type=video_mp4&net=0&pl=0&qs=5&rc=M3hnaWg6Zml1OjMzZzczNEApODU5ZmU8Ozs6Nzo1PGloNmdgLl9ocjRfcmVgLS1kMS9zczYtXmFeYjEuNDY1L2BgLS06Yw%3D%3D&vl=&vr=
video/mp4, bytesbytes 0-737618/737619, 1642376284.0741181, 1642376284.0749528, 1642376284.0954077, 1642376285.1813655, v39-us.tiktokcdn.com, 23ec8637b065e608b95a1fa0382a0afd, /23ec8637b065e608b95a1fa0382a0afd/61e500c3/video/tos/alisg/tos-alisg-pve-0037/12cb66c86bec4c998f4cafb88af8f432/?a=1233&br=836&bt=418&cd=0%7C0%7C0&ch=0&cr=3&cs=2&cv=1&dr=0&ds=6&er=&ft=xo5uS4L-gXoInz7T&l=20220116233757010192162132052044AB&lr=all&mime_type=video_mp4&net=0&pl=0&qs=4&rc=M3l1dTQ6Znl0OjMzODgzNEApN2U3ODo0OTxpNzs3NWk1aGc0c19ucjQwMl9gLS1kLy1zczZjMzZfXzAtMy0uLjJfXzY6Yw%3D%3D&vl=&vr=
video/mp4, bytes, 1642376321.0630627, 1642376321.0639024, 1642376321.1441503, 1642376321.4533222, v39.tiktokcdn-us.com, e600acbe290d00852f14583220cd8393, /e600acbe290d00852f14583220cd8393/61e500d6/video/tos/useast2a/tos-useast2a-pve-0068/1ff73ed8995540e392ee5ef1f90c1730/?a=1233&br=726&bt=363&cd=0%7C0%7C0&ch=0&cr=3&cs=2&cv=1&dr=0&ds=6&er=&ft=c~.Zm4L-gXoInz7T&l=2022011623382301011300624107196537&lr=all&mime_type=video_mp4&net=0&pl=0&qs=5&rc=anRuNnZvNHNodzMzODczM0ApN2k1OTw3NWVlNzg2Omc6OGdtYnJpNTJzXnJfLS1iMTZzczBhNC4yX2IuYmMuMWBjLzE6Yw%3D%3D&vl=&vr=
video/mp4, bytesbytes 0-766503/766504, 1642376321.7590199, 1642376321.7605247, 1642376321.7838607, 1642376322.501886, v39.tiktokcdn-us.com, 087381aa341bdc4c68fd07b81304b589, /087381aa341bdc4c68fd07b81304b589/61e500db/video/tos/useast5/tos-useast5-ve-0068c001-tx/e0b5935a00244a96a26e97757fa0313d/?a=1233&br=952&bt=476&cd=0%7C0%7C0&ch=0&cr=3&cs=2&cv=1&dr=0&ds=3&er=&ft=c~.Zm4L-gXoInz7T&l=2022011623382301011300624107196537&lr=all&mime_type=video_mp4&net=0&pl=0&qs=14&rc=M2RmZGQ6ZjNzOjMzZzczNEApOTtoZWk4ZTxpN2UzNzpnOWdrLWxocjRnc19gLS1kMS9zczRhMmNhYDE2YTQyMS5gMS86Yw%3D%3D&vl=&vr=
video/mp4, bytesbytes 0-1024000/2209343, 1642376322.8846476, 1642376322.8860507, 1642376322.909561, 1642376324.161959, v39.tiktokcdn-us.com, 7ee6ff93d75ba2b8b5358bbcfe51b26b, /7ee6ff93d75ba2b8b5358bbcfe51b26b/61e500e3/video/tos/useast2a/tos-useast2a-ve-0068c003/a3916a82751449e5bc996d3ea4c44e77/?a=1233&br=1710&bt=855&cd=0%7C0%7C0&ch=0&cr=3&cs=2&cv=1&dr=0&ds=6&er=&ft=c~.Zm4L-gXoInz7T&l=2022011623382301011300624107196537&lr=all&mime_type=video_mp4&net=0&pl=0&qs=5&rc=ajx1NTU6ZmdqOTMzNzczM0ApZmk0NjlpOGQ4N2U4NTg8aGcwcTEucjQwbnJgLS1kMTZzc2EzYGBjLTYyNTNgYi1fNTY6Yw%3D%3D&vl=&vr=
video/mp4, bytesbytes 0-878633/878634, 1642376324.8297513, 1642376324.8314347, 1642376324.862723, 1642376325.9794996, v39.tiktokcdn-us.com, 8f90b220a5604736c478f4701b53f910, /8f90b220a5604736c478f4701b53f910/61e500e0/video/tos/useast2a/tos-useast2a-pve-0068/52bbbd3d4f604a6c82a0b217a8755c8c/?a=1233&br=770&bt=385&cd=0%7C0%7C0&ch=0&cr=3&cs=2&cv=1&dr=0&ds=6&er=&ft=c~.Zm4L-gXoInz7T&l=2022011623382301011300624107196537&lr=all&mime_type=video_mp4&net=0&pl=0&qs=4&rc=anZ3NmhraW1tNDMzNzczM0ApNzY5ZzdlZDs5NzRpNWU7Nmdubmg0Ml9oYGhgLS1kMTZzczE1NmMyNWJjX2JhMS8xNC46Yw%3D%3D&vl=&vr=
video/mp4, bytesbytes 0-1024000/2389680, 1642376326.468349, 1642376326.4704273, 1642376326.4986389, 1642376327.8441916, v39.tiktokcdn-us.com, a7da9bedbce3845836eeb4c4ccc298dd, /a7da9bedbce3845836eeb4c4ccc298dd/61e500fc/video/tos/useast2a/tos-useast2a-ve-0068c003/c55f43b17e504c7bbf092aa4cbaf43fc/?a=1233&br=810&bt=405&cd=0%7C0%7C0&ch=0&cr=3&cs=2&cv=1&dr=0&ds=6&er=&ft=c~.Zm4L-gXoInz7T&l=2022011623382301011300624107196537&lr=all&mime_type=video_mp4&net=0&pl=0&qs=11&rc=M25oMzw6ZjhqNjMzNzczM0ApOjM4Nzg4ZjszN2lpPDYzaWdrYjJlcjRfNmlgLS1kMTZzc2JiNDEtNS8vLjAvMzM1MzA6Yw%3D%3D&vl=&vr=
video/mp4, bytesbytes 0-924440/924441, 1642376328.4126627, 1642376328.4142854, 1642376328.448663, 1642376330.2980316, v39.tiktokcdn-us.com, 5a1a919f1092360f022fcbd9c7e13604, /5a1a919f1092360f022fcbd9c7e13604/61e500df/video/tos/useast2a/tos-useast2a-pve-0068/360f707c99594528af6c062591db611d/?a=1233&br=866&bt=433&cd=0%7C0%7C0&ch=0&cr=3&cs=2&cv=1&dr=0&ds=6&er=&ft=c~.Zm4L-gXoInz7T&l=2022011623382301011300624107196537&lr=all&mime_type=video_mp4&net=0&pl=0&qs=11&rc=MzZ4bjQ6ZmtoNzMzNzczM0ApOjtlZDk2Zzw4Nzs3NWhnNGc0MGRjcjQwci9gLS1kMTZzcy8uYjEyNC02Y2E1LmE2NDM6Yw%3D%3D&vl=&vr=
video/mp4, bytesbytes 1024000-2209342/2209343, 1642376345.3134558, 1642376345.3159776, 1642376345.3439484, 1642376350.3712702, v39.tiktokcdn-us.com, 7ee6ff93d75ba2b8b5358bbcfe51b26b, /7ee6ff93d75ba2b8b5358bbcfe51b26b/61e500e3/video/tos/useast2a/tos-useast2a-ve-0068c003/a3916a82751449e5bc996d3ea4c44e77/?a=1233&br=1710&bt=855&cd=0%7C0%7C0&ch=0&cr=3&cs=2&cv=1&dr=0&ds=6&er=&ft=c~.Zm4L-gXoInz7T&l=2022011623382301011300624107196537&lr=all&mime_type=video_mp4&net=0&pl=0&qs=5&rc=ajx1NTU6ZmdqOTMzNzczM0ApZmk0NjlpOGQ4N2U4NTg8aGcwcTEucjQwbnJgLS1kMTZzc2EzYGBjLTYyNTNgYi1fNTY6Yw%3D%3D&vl=&vr=
video/mp4, bytesbytes 1024000-2389679/2389680, 1642376351.864344, 1642376351.86509, 1642376351.9566455, 1642376356.5117269, v39.tiktokcdn-us.com, a7da9bedbce3845836eeb4c4ccc298dd, /a7da9bedbce3845836eeb4c4ccc298dd/61e500fc/video/tos/useast2a/tos-useast2a-ve-0068c003/c55f43b17e504c7bbf092aa4cbaf43fc/?a=1233&br=810&bt=405&cd=0%7C0%7C0&ch=0&cr=3&cs=2&cv=1&dr=0&ds=6&er=&ft=c~.Zm4L-gXoInz7T&l=2022011623382301011300624107196537&lr=all&mime_type=video_mp4&net=0&pl=0&qs=11&rc=M25oMzw6ZjhqNjMzNzczM0ApOjM4Nzg4ZjszN2lpPDYzaWdrYjJlcjRfNmlgLS1kMTZzc2JiNDEtNS8vLjAvMzM1MzA6Yw%3D%3D&vl=&vr=
video/mp4, bytesbytes 0-1024000/1492687, 1642376356.977177, 1642376356.9791496, 1642376357.0014608, 1642376359.1284642, v39.tiktokcdn-us.com, f79ce04324778c49f9333d19664f348b, /f79ce04324778c49f9333d19664f348b/61e500e6/video/tos/useast2a/tos-useast2a-ve-0068c004/02c11bae6e0c4bbaa3a6e4b386e22249/?a=1233&br=980&bt=490&cd=0%7C0%7C0&ch=0&cr=3&cs=2&cv=1&dr=0&ds=6&er=&ft=c~.Zm4L-gXoInz7T&l=2022011623382301011300624107196537&lr=all&mime_type=video_mp4&net=0&pl=0&qs=4&rc=amQ1NTN2aDpmNjMzNzczM0ApNmg5OTw2ODtnNzhoO2RlNWc0LmVxZWpmNjBgLS1kMTZzczQyLy8wYjAyLl9jL2JjXjQ6Yw%3D%3D&vl=&vr=
video/mp4, bytesbytes 0-1024000/3653700, 1642376359.490291, 1642376359.4945457, 1642376359.5297992, 1642376362.1659257, v39.tiktokcdn-us.com, 990042f91695fb6168b9d7fb13529bda, /990042f91695fb6168b9d7fb13529bda/61e50101/video/tos/useast2a/tos-useast2a-ve-0068c001/5bc95ee24c964e9b933f7770c02b2951/?a=1233&br=1136&bt=568&cd=0%7C0%7C0&ch=0&cr=3&cs=2&cv=1&dr=0&ds=6&er=&ft=c~.Zm4L-gXoInz7T&l=2022011623382301011300624107196537&lr=all&mime_type=video_mp4&net=0&pl=0&qs=5&rc=M2plODQ6ZjllNjMzNzczM0ApNWUzOGQ7NTw4Nzg8ZWU8O2drLmJucjQwLnBgLS1kMTZzczBjNjQvMDZeYS8xNGEvMDA6Yw%3D%3D&vl=&vr=
video/mp4, bytesbytes 0-283561/283562, 1642376362.5766459, 1642376362.578489, 1642376362.6031501, 1642376363.2216434, v39.tiktokcdn-us.com, bc969c53c7a8d52bacbc11a19a7836c2, /bc969c53c7a8d52bacbc11a19a7836c2/61e500d5/video/tos/useast2a/tos-useast2a-ve-0068c003/c82291f2f7744bbabb097f3a38918c6a/?a=1233&br=666&bt=333&cd=0%7C0%7C0&ch=0&cr=3&cs=2&cv=1&dr=0&ds=6&er=&ft=c~.Zm4L-gXoInz7T&l=2022011623382301011300624107196537&lr=all&mime_type=video_mp4&net=0&pl=0&qs=4&rc=anVseHJvbmdtdTMzZjczM0ApZWc2M2g4PDs6N2g5ZDdkaWdwNDYwcnM0L3BfLS0yMTZzczE1MmBgYDNfYDYuMWM2YTE6Yw%3D%3D&vl=&vr=
video/mp4, bytesbytes 0-557503/557504, 1642376363.5066307, 1642376363.5076606, 1642376363.6648605, 1642376364.747558, v39.tiktokcdn-us.com, 2016ad10f90671d63523357d6dd3a4f1, /2016ad10f90671d63523357d6dd3a4f1/61e500d9/video/tos/useast2a/tos-useast2a-ve-0068c002/3b04e783681a450b960ddb8446dd3c3b/?a=1233&br=814&bt=407&cd=0%7C0%7C0&ch=0&cr=3&cs=2&cv=1&dr=0&ds=6&er=&ft=c~.Zm4L-gXoInz7T&l=2022011623382301011300624107196537&lr=all&mime_type=video_mp4&net=0&pl=0&qs=4&rc=am53bnBmZ2Z2NDMzNzczM0ApOzU6ZGhlOmQ0Nzk6NmU2ZWduZmtiZy5pNG5gLS1kMTZzc18wMl9fNTAuMF9eMmMvNC06Yw%3D%3D&vl=&vr=
video/mp4, bytesbytes 1024000-1492686/1492687, 1642376368.6753533, 1642376368.67699, 1642376368.715322, 1642376369.8221028, v39.tiktokcdn-us.com, f79ce04324778c49f9333d19664f348b, /f79ce04324778c49f9333d19664f348b/61e500e6/video/tos/useast2a/tos-useast2a-ve-0068c004/02c11bae6e0c4bbaa3a6e4b386e22249/?a=1233&br=980&bt=490&cd=0%7C0%7C0&ch=0&cr=3&cs=2&cv=1&dr=0&ds=6&er=&ft=c~.Zm4L-gXoInz7T&l=2022011623382301011300624107196537&lr=all&mime_type=video_mp4&net=0&pl=0&qs=4&rc=amQ1NTN2aDpmNjMzNzczM0ApNmg5OTw2ODtnNzhoO2RlNWc0LmVxZWpmNjBgLS1kMTZzczQyLy8wYjAyLl9jL2JjXjQ6Yw%3D%3D&vl=&vr=
video/mp4, bytesbytes 1024000-3653699/3653700, 1642376392.9104288, 1642376392.9111876, 1642376392.9277964, 1642376397.2718613, v19.tiktokcdn-us.com, 96b753705e42a6052fa46d66d7522c2e, /96b753705e42a6052fa46d66d7522c2e/61e50101/video/tos/useast2a/tos-useast2a-ve-0068c001/5bc95ee24c964e9b933f7770c02b2951/?a=1233&br=1136&bt=568&cd=0%7C0%7C0&ch=0&cr=3&cs=2&cv=1&dr=0&ds=6&er=&ft=c~.Zm4L-gXoInz7T&l=2022011623382301011300624107196537&lr=all&mime_type=video_mp4&net=0&pl=0&qs=5&rc=M2plODQ6ZjllNjMzNzczM0ApNWUzOGQ7NTw4Nzg8ZWU8O2drLmJucjQwLnBgLS1kMTZzczBjNjQvMDZeYS8xNGEvMDA6Yw%3D%3D&vl=&vr=
video/mp4, bytesbytes 0-1024000/1412515, 1642376399.034561, 1642376399.0359654, 1642376399.2247286, 1642376400.6151524, v16m.tiktokcdn-us.com, 5414f6050d9e18dea427777394a7af7d, /5414f6050d9e18dea427777394a7af7d/61e5012d/video/tos/useast2a/tos-useast2a-ve-0068c003/b2a74e92317c41a98ff396e61f505581/?a=1233&br=1092&bt=546&cd=0%7C0%7C0&ch=0&cr=3&cs=2&cv=1&dr=0&ds=6&er=&ft=c~.Zm4L-gXoInz7T&l=20220116233937010113006155001F831B&lr=all&mime_type=video_mp4&net=0&pl=0&qs=5&rc=MzhxNTo7OmluNTMzNzczM0ApaDNlODRpZzszNzc3NDk2NWdqYzQ1Z2RibzBgLS1kMTZzc2JjMmItYy5fLi9gY2EyM2A6Yw%3D%3D&vl=&vr=
video/mp4, bytesbytes 0-497396/497397, 1642376401.7034667, 1642376401.7049804, 1642376401.9119408, 1642376402.6234632, v16m.tiktokcdn-us.com, 712d01c701de0aff44f35de130cf78de, /712d01c701de0aff44f35de130cf78de/61e5012a/video/tos/useast2a/tos-useast2a-ve-0068c001/6ba0864ab07446c2b9a5590c292654b3/?a=1233&br=444&bt=222&cd=0%7C0%7C0&ch=0&cr=3&cs=2&cv=1&dr=0&ds=6&er=&ft=c~.Zm4L-gXoInz7T&l=20220116233937010113006155001F831B&lr=all&mime_type=video_mp4&net=0&pl=0&qs=4&rc=amo3a2g6ZnJoNzMzNzczM0ApOmdkZTw5OWU4N2VmNDUzZGcvb2IzcjRfZzBgLS1kMTZzczBfMC1iMjZiMS0tNDI1MF86Yw%3D%3D&vl=&vr=
video/mp4, bytesbytes 0-1024000/1130687, 1642376403.3470912, 1642376403.348566, 1642376403.378057, 1642376406.151542, v16m.tiktokcdn-us.com, fac8b93a3c7bd676b85e890f7fdfd681, /fac8b93a3c7bd676b85e890f7fdfd681/61e50128/video/tos/useast2a/tos-useast2a-ve-0068c004/4dd3485cb1714c11939fbdd0790ecb0f/?a=1233&br=1160&bt=580&cd=0%7C0%7C0&ch=0&cr=3&cs=2&cv=1&dr=0&ds=6&er=&ft=c~.Zm4L-gXoInz7T&l=20220116233937010113006155001F831B&lr=all&mime_type=video_mp4&net=0&pl=0&qs=5&rc=MzlqN214NThwNTMzNzczM0ApNmQ5PGZnO2Q8N2VoN2ZkM2cubjNkcWZyam5gLS1kMTZzc2MyYTY2Yy4yLjYyXzMvMDA6Yw%3D%3D&vl=&vr=
video/mp4, bytesbytes 0-725887/725888, 1642376427.5322618, 1642376427.53798, 1642376427.572854, 1642376429.0826228, v16m.tiktokcdn-us.com, 3f79b7221ff45dcccbd35ac7301ac7da, /3f79b7221ff45dcccbd35ac7301ac7da/61e50127/video/tos/useast5/tos-useast5-ve-0068c003-tx/236a885425854f189d4f37cd7161f6c9/?a=1233&br=752&bt=376&cd=0%7C0%7C0&ch=0&cr=3&cs=2&cv=1&dr=0&ds=6&er=&ft=c~.Zm4L-gXoInz7T&l=20220116233937010113006155001F831B&lr=all&mime_type=video_mp4&net=0&pl=0&qs=5&rc=amkzdjo6ZnY6OjMzZzczNEApODRlZDo4Zzw3N2Q1OWY6OWdoXnNtcjRnNTVgLS1kMS9zcy41Yy9iNV9hXmJfYmExYDA6Yw%3D%3D&vl=&vr=
video/mp4, bytesbytes 0-1024000/2492421, 1642376434.5031822, 1642376434.5179336, 1642376434.5538955, 1642376438.5762334, v16m.tiktokcdn-us.com, a0546587a1722587bcce2456f471af5e, /a0546587a1722587bcce2456f471af5e/61e50140/video/tos/useast2a/tos-useast2a-pve-0068/85f26dad7c324228908ebbb101ade411/?a=1233&br=978&bt=489&cd=0%7C0%7C0&ch=0&cr=3&cs=2&cv=1&dr=0&ds=6&er=&ft=c~.Zm4L-gXoInz7T&l=20220116233937010113006155001F831B&lr=all&mime_type=video_mp4&net=0&pl=0&qs=5&rc=am5zdDw6ZmhqNjMzNzczM0ApOWRnZ2k2NmU0NzRoaGg5O2dtNGtncjRnb2hgLS1kMTZzczQxYF81MjRgM18wNjAxYV86Yw%3D%3D&vl=&vr=
video/mp4, bytesbytes 1024000-1412514/1412515, 1642376439.011445, 1642376439.0131783, 1642376439.0322132, 1642376440.4947183, v16m.tiktokcdn-us.com, 5414f6050d9e18dea427777394a7af7d, /5414f6050d9e18dea427777394a7af7d/61e5012d/video/tos/useast2a/tos-useast2a-ve-0068c003/b2a74e92317c41a98ff396e61f505581/?a=1233&br=1092&bt=546&cd=0%7C0%7C0&ch=0&cr=3&cs=2&cv=1&dr=0&ds=6&er=&ft=c~.Zm4L-gXoInz7T&l=20220116233937010113006155001F831B&lr=all&mime_type=video_mp4&net=0&pl=0&qs=5&rc=MzhxNTo7OmluNTMzNzczM0ApaDNlODRpZzszNzc3NDk2NWdqYzQ1Z2RibzBgLS1kMTZzc2JjMmItYy5fLi9gY2EyM2A6Yw%3D%3D&vl=&vr=
video/mp4, bytesbytes 0-1024000/2121440, 1642376440.7537072, 1642376440.7832012, 1642376440.853039, 1642376442.8150418, v16m.tiktokcdn-us.com, 42c883428febec27b016e6dbcd74cece, /42c883428febec27b016e6dbcd74cece/61e5012e/video/tos/useast2a/tos-useast2a-pve-0068/bce660f83b4044319aeab83ae5a264f6/?a=1233&br=1562&bt=781&cd=0%7C0%7C0&ch=0&cr=3&cs=2&cv=1&dr=0&ds=6&er=&ft=c~.Zm4L-gXoInz7T&l=20220116233937010113006155001F831B&lr=all&mime_type=video_mp4&net=0&pl=0&qs=5&rc=ajtwaW9vZGt5NTMzNzczM0ApMzo0ZTNlNWQ4N2Y4Zjg5Z2djaTZlczNkM2dgLS1kMTZzc2A2MC4wYy9iYTQtMmBjNl46Yw%3D%3D&vl=&vr=
video/mp4, bytesbytes 0-321695/321696, 1642376451.3302085, 1642376451.3315725, 1642376451.434728, 1642376452.4364593, v16m.tiktokcdn-us.com, b03ec1b30cbbe90debb03ed58325d602, /b03ec1b30cbbe90debb03ed58325d602/61e50121/video/tos/useast2a/tos-useast2a-ve-0068c003/6f8357ae921f4aa78fa165764150f515/?a=1233&br=608&bt=304&cd=0%7C0%7C0&ch=0&cr=3&cs=2&cv=1&dr=0&ds=6&er=&ft=c~.Zm4L-gXoInz7T&l=20220116233937010113006155001F831B&lr=all&mime_type=video_mp4&net=0&pl=0&qs=4&rc=ajlncnh0bXY7NTMzNzczM0ApNWU8Z2llOmU2NzpkaTMzN2deNjU1MjFhZl5gLS1kMTZzc2BfYzQwYTM0L15iXy4wYTY6Yw%3D%3D&vl=&vr=
video/mp4, bytesbytes 1024000-1130686/1130687, 1642376466.664681, 1642376466.6659827, 1642376466.6801803, 1642376466.7958307, v16m.tiktokcdn-us.com, fac8b93a3c7bd676b85e890f7fdfd681, /fac8b93a3c7bd676b85e890f7fdfd681/61e50128/video/tos/useast2a/tos-useast2a-ve-0068c004/4dd3485cb1714c11939fbdd0790ecb0f/?a=1233&br=1160&bt=580&cd=0%7C0%7C0&ch=0&cr=3&cs=2&cv=1&dr=0&ds=6&er=&ft=c~.Zm4L-gXoInz7T&l=20220116233937010113006155001F831B&lr=all&mime_type=video_mp4&net=0&pl=0&qs=5&rc=MzlqN214NThwNTMzNzczM0ApNmQ5PGZnO2Q8N2VoN2ZkM2cubjNkcWZyam5gLS1kMTZzc2MyYTY2Yy4yLjYyXzMvMDA6Yw%3D%3D&vl=&vr=
video/mp4, bytesbytes 0-439544/439545, 1642376466.893721, 1642376466.8953035, 1642376466.928137, 1642376467.404525, v16m.tiktokcdn-us.com, 41babeeb89b3ebe1b75cd2a9dcdc9b4b, /41babeeb89b3ebe1b75cd2a9dcdc9b4b/61e50124/video/tos/useast5/tos-useast5-ve-0068c004-tx/352897d00c8142d1a85da2cc6b1696e8/?a=1233&br=582&bt=291&cd=0%7C0%7C0&ch=0&cr=3&cs=2&cv=1&dr=0&ds=6&er=&ft=c~.Zm4L-gXoInz7T&l=20220116233937010113006155001F831B&lr=all&mime_type=video_mp4&net=0&pl=0&qs=5&rc=M29saWg6ZjczOjMzZzczNEApaGU5aDc5aWVoNzk3NDk8OmcyNGBocjRfX2FgLS1kMS9zc2FgNWNhYTMyYzBeMjVeYDQ6Yw%3D%3D&vl=&vr=
video/mp4, bytesbytes 1024000-2492420/2492421, 1642376470.252413, 1642376470.253251, 1642376470.280641, 1642376472.0317762, v16m.tiktokcdn-us.com, a0546587a1722587bcce2456f471af5e, /a0546587a1722587bcce2456f471af5e/61e50140/video/tos/useast2a/tos-useast2a-pve-0068/85f26dad7c324228908ebbb101ade411/?a=1233&br=978&bt=489&cd=0%7C0%7C0&ch=0&cr=3&cs=2&cv=1&dr=0&ds=6&er=&ft=c~.Zm4L-gXoInz7T&l=20220116233937010113006155001F831B&lr=all&mime_type=video_mp4&net=0&pl=0&qs=5&rc=am5zdDw6ZmhqNjMzNzczM0ApOWRnZ2k2NmU0NzRoaGg5O2dtNGtncjRnb2hgLS1kMTZzczQxYF81MjRgM18wNjAxYV86Yw%3D%3D&vl=&vr=
video/mp4, bytesbytes 0-1024000/1069291, 1642376472.6967154, 1642376472.6986978, 1642376472.7249315, 1642376474.1350093, v16m.tiktokcdn-us.com, de8105a13850e32397ddf3b1a0fb9411, /de8105a13850e32397ddf3b1a0fb9411/61e50132/video/tos/alisg/tos-alisg-pve-0037c001/4a0a9e195fa24116ac3ca1661083a252/?a=1233&br=658&bt=329&cd=0%7C0%7C0&ch=0&cr=3&cs=2&cv=1&dr=0&ds=6&er=&ft=c~.Zm4L-gXoInz7T&l=20220116233937010113006155001F831B&lr=all&mime_type=video_mp4&net=0&pl=0&qs=4&rc=ajY3Njk6ZmU2OTMzODczNEApaDZmNjs7NWQ0NzlmM2g2ZGdsb25ucjRvM2BgLS1kMS1zczQ0MC9jNC5jMWMzNmMtLy46Yw%3D%3D&vl=&vr=
video/mp4, bytesbytes 1024000-2121439/2121440, 1642376474.2850547, 1642376474.2861705, 1642376474.3088498, 1642376476.035309, v16m.tiktokcdn-us.com, 42c883428febec27b016e6dbcd74cece, /42c883428febec27b016e6dbcd74cece/61e5012e/video/tos/useast2a/tos-useast2a-pve-0068/bce660f83b4044319aeab83ae5a264f6/?a=1233&br=1562&bt=781&cd=0%7C0%7C0&ch=0&cr=3&cs=2&cv=1&dr=0&ds=6&er=&ft=c~.Zm4L-gXoInz7T&l=20220116233937010113006155001F831B&lr=all&mime_type=video_mp4&net=0&pl=0&qs=5&rc=ajtwaW9vZGt5NTMzNzczM0ApMzo0ZTNlNWQ4N2Y4Zjg5Z2djaTZlczNkM2dgLS1kMTZzc2A2MC4wYy9iYTQtMmBjNl46Yw%3D%3D&vl=&vr=
video/mp4, bytesbytes 0-1024000/1069291, 1642376476.5875957, 1642376476.588675, 1642376476.615933, 1642376478.2281992, v16m.tiktokcdn-us.com, de8105a13850e32397ddf3b1a0fb9411, /de8105a13850e32397ddf3b1a0fb9411/61e50132/video/tos/alisg/tos-alisg-pve-0037c001/4a0a9e195fa24116ac3ca1661083a252/?a=1233&br=658&bt=329&cd=0%7C0%7C0&ch=0&cr=3&cs=2&cv=1&dr=0&ds=6&er=&ft=c~.Zm4L-gXoInz7T&l=20220116233937010113006155001F831B&lr=all&mime_type=video_mp4&net=0&pl=0&qs=4&rc=ajY3Njk6ZmU2OTMzODczNEApaDZmNjs7NWQ0NzlmM2g2ZGdsb25ucjRvM2BgLS1kMS1zczQ0MC9jNC5jMWMzNmMtLy46Yw%3D%3D&vl=&vr=
video/mp4, bytesbytes 0-250223/250224, 1642376478.6586404, 1642376478.6607218, 1642376478.708482, 1642376479.0154045, v16m.tiktokcdn-us.com, cc335334773bc54ccdf3efb6d1dd4041, /cc335334773bc54ccdf3efb6d1dd4041/61e50120/video/tos/useast2a/tos-useast2a-ve-0068c001/186cb9a105e9495e80fffca86f26e1e0/?a=1233&br=510&bt=255&cd=0%7C0%7C0&ch=0&cr=3&cs=2&cv=1&dr=0&ds=6&er=&ft=c~.Zm4L-gXoInz7T&l=20220116233937010113006155001F831B&lr=all&mime_type=video_mp4&net=0&pl=0&qs=4&rc=M3kzcms1NHd0NDMzOjczM0ApZ2Q3OmQ7PDs6NzpkZjRkOWc1a3NhbGowbDJgLS02MTZzc2A1LWE1MDVhX2IzYS0uYjI6Yw%3D%3D&vl=&vr=
video/mp4, bytesbytes 1024000-1069290/1069291, 1642376516.3241348, 1642376516.3261125, 1642376516.439039, 1642376516.580938, v16m.tiktokcdn-us.com, de8105a13850e32397ddf3b1a0fb9411, /de8105a13850e32397ddf3b1a0fb9411/61e50132/video/tos/alisg/tos-alisg-pve-0037c001/4a0a9e195fa24116ac3ca1661083a252/?a=1233&br=658&bt=329&cd=0%7C0%7C0&ch=0&cr=3&cs=2&cv=1&dr=0&ds=6&er=&ft=c~.Zm4L-gXoInz7T&l=20220116233937010113006155001F831B&lr=all&mime_type=video_mp4&net=0&pl=0&qs=4&rc=ajY3Njk6ZmU2OTMzODczNEApaDZmNjs7NWQ0NzlmM2g2ZGdsb25ucjRvM2BgLS1kMS1zczQ0MC9jNC5jMWMzNmMtLy46Yw%3D%3D&vl=&vr=
video/mp4, bytesbytes 0-630905/630906, 1642376517.0277576, 1642376517.0306435, 1642376517.2008524, 1642376520.2895122, v16m.tiktokcdn-us.com, 08d838c0cd65b1c6d57560b2763eb6d9, /08d838c0cd65b1c6d57560b2763eb6d9/61e501a7/video/tos/useast2a/tos-useast2a-ve-0068c004/d81012df6a39444f87aa77a0bbf58acc/?a=1233&br=638&bt=319&cd=0%7C0%7C0&ch=0&cr=3&cs=2&cv=1&dr=0&ds=6&er=&ft=c~.Zm4L-gXoInz7T&l=2022011623414401011313517625201482&lr=all&mime_type=video_mp4&net=0&pl=0&qs=4&rc=ajo6ZzZyOmt2dDMzNzczM0ApZTY2NTY6OmU1NzM4OTpoNmdfbmYzbDAvYzBfLS1jMTZzczYvYzYxYmJhYzAxNi1gXi06Yw%3D%3D&vl=&vr=
video/mp4, bytesbytes 0-444670/444671, 1642376520.5490983, 1642376520.55056, 1642376520.568112, 1642376521.1028202, v16m.tiktokcdn-us.com, 88213ef9fb393b87f7f8949ec1a1ee18, /88213ef9fb393b87f7f8949ec1a1ee18/61e5019f/video/tos/alisg/tos-alisg-pve-0037c001/483cae1dd53b40d999040db9dcbd2da8/?a=1233&br=864&bt=432&cd=0%7C0%7C0&ch=0&cr=3&cs=2&cv=1&dr=0&ds=6&er=&ft=c~.Zm4L-gXoInz7T&l=2022011623414401011313517625201482&lr=all&mime_type=video_mp4&net=0&pl=0&qs=4&rc=MzQzPHNnNjg8NDMzNTczM0ApZzo7OTg8OWVnN2dkM2Y6OmdnYW5ibTJwcjZgLS0xMTRzc2I0NWBfLmIwXi0vLTMxYTE6Yw%3D%3D&vl=&vr=
video/mp4, bytesbytes 0-785126/785127, 1642376521.2960532, 1642376521.2984233, 1642376521.3197808, 1642376522.200526, v16m.tiktokcdn-us.com, 980e1682fd5e17f5703b0a78a9f9f923, /980e1682fd5e17f5703b0a78a9f9f923/61e501a6/video/tos/useast2a/tos-useast2a-ve-0068c002/6a64302591914e788873b4fa55cd0878/?a=1233&br=820&bt=410&cd=0%7C0%7C0&ch=0&cr=3&cs=2&cv=1&dr=0&ds=6&er=&ft=c~.Zm4L-gXoInz7T&l=2022011623414401011313517625201482&lr=all&mime_type=video_mp4&net=0&pl=0&qs=5&rc=ajhkeTtyNjM1NDMzNzczM0ApN2c3ODU4NmRnN2Y7ZWQ1OmcvamRjNGE2LmtgLS1kMTZzc2NiX2BiNi8uNTVeYzAtXjI6Yw%3D%3D&vl=&vr=
video/mp4, bytesbytes 0-621511/621512, 1642376522.5667975, 1642376522.5682833, 1642376522.6009052, 1642376523.3641188, v16m.tiktokcdn-us.com, 69c7977f73f910c359f200c6b535b942, /69c7977f73f910c359f200c6b535b942/61e501a6/video/tos/useast2a/tos-useast2a-ve-0068c003/8a331142577249c1871010195fd4a5f3/?a=1233&br=682&bt=341&cd=0%7C0%7C0&ch=0&cr=3&cs=2&cv=1&dr=0&ds=6&er=&ft=c~.Zm4L-gXoInz7T&l=2022011623414401011313517625201482&lr=all&mime_type=video_mp4&net=0&pl=0&qs=4&rc=MzRoaGV1czhxMzMzZzczM0ApMzZnPDZpNmRmN2RlZ2RkOGcvZDQxcDU1ZW5gLS1eMTZzczNgNGBhYl5jYzMyMzJgNDM6Yw%3D%3D&vl=&vr=
video/mp4, bytesbytes 0-435841/435842, 1642376523.6190886, 1642376523.6222417, 1642376523.642762, 1642376524.1289628, v16m.tiktokcdn-us.com, 4a54bb8b58196de9df9176aef25417ec, /4a54bb8b58196de9df9176aef25417ec/61e5019f/video/tos/useast2a/tos-useast2a-ve-0068c003/68d322896df040509a8850930ec1b841/?a=1233&br=856&bt=428&cd=0%7C0%7C0&ch=0&cr=3&cs=2&cv=1&dr=0&ds=6&er=&ft=c~.Zm4L-gXoInz7T&l=2022011623414401011313517625201482&lr=all&mime_type=video_mp4&net=0&pl=0&qs=11&rc=M2dvcmg6ZmZtOTMzNzczM0ApOjZmOzVpOjw6NzdkaWQzPGdsaGEucjRvZV9gLS1kMTZzc2JeMWIyYDBjNC81NjY1LV46Yw%3D%3D&vl=&vr=
video/mp4, bytesbytes 0-473870/473871, 1642376524.4613104, 1642376524.4632616, 1642376524.4834335, 1642376525.2458396, v16m.tiktokcdn-us.com, ca51cb026342ff813acb6ca7dfbc6eef, /ca51cb026342ff813acb6ca7dfbc6eef/61e5019c/video/tos/useast2a/tos-useast2a-ve-0068c004/e99cb9d5a11d4ac7a496622b02f8a9ad/?a=1233&br=1476&bt=738&cd=0%7C0%7C0&ch=0&cr=3&cs=0&dr=0&ds=2&er=&ft=c~.Zm4L-gXoInz7T&l=2022011623414401011313517625201482&lr=all&mime_type=video_mp4&net=0&pl=0&qs=0&rc=MzN1NmdkcnU2NTMzNzczM0ApNjk0Z2c7Zzs4NzRmMzYzM2dwYmtrai5laXFgLS1kMTZzc2BiNV4zNTEyNjQ0XmEzMS86Yw%3D%3D&vl=&vr=
video/mp4, bytesbytes 0-1024000/1696741, 1642376525.439889, 1642376525.4422264, 1642376525.465549, 1642376526.90515, v16m.tiktokcdn-us.com, a61103b2887eb9a4e0e46deac34c968c, /a61103b2887eb9a4e0e46deac34c968c/61e501ab/video/tos/useast2a/tos-useast2a-ve-0068c003/f348836467bc49eaa857075d7c4a121e/?a=1233&br=1382&bt=691&cd=0%7C0%7C0&ch=0&cr=3&cs=2&cv=1&dr=0&ds=6&er=&ft=c~.Zm4L-gXoInz7T&l=2022011623414401011313517625201482&lr=all&mime_type=video_mp4&net=0&pl=0&qs=5&rc=anhwMzw6ZnRqNzMzNzczM0ApZmRlNzpnaGQ0NzloO2k6OWctZ2sycjQwLWpgLS1kMTZzczZeMzE0YWAzLTMuXi8xYWM6Yw%3D%3D&vl=&vr=
video/mp4, bytesbytes 0-1024000/1417688, 1642376527.4814806, 1642376527.4828234, 1642376527.5026374, 1642376529.0566807, v16m.tiktokcdn-us.com, c638af676fbb19040fd4688c7aa33642, /c638af676fbb19040fd4688c7aa33642/61e501ac/video/tos/useast2a/tos-useast2a-ve-0068c003/ea7de911776840ddb16332a908d46e62/?a=1233&br=1060&bt=530&cd=0%7C0%7C0&ch=0&cr=3&cs=2&cv=1&dr=0&ds=6&er=&ft=c~.Zm4L-gXoInz7T&l=2022011623414401011313517625201482&lr=all&mime_type=video_mp4&net=0&pl=0&qs=5&rc=anZ0aGhoNG0zNTMzNzczM0ApNDRoOmc0ZGVpNzdnM2QzOWcvbGZhM3BoLm5gLS1kMTZzcy1fYDBeNS00NF8yYjZgYWE6Yw%3D%3D&vl=&vr=
video/mp4, bytesbytes 0-533647/533648, 1642376532.397495, 1642376532.399247, 1642376532.4225383, 1642376533.6598134, v16m.tiktokcdn-us.com, 6122a46ae951f5f88c4a5cf5f9aecd33, /6122a46ae951f5f88c4a5cf5f9aecd33/61e501a1/video/tos/useast2a/tos-useast2a-ve-0068c002/3de104e8920c42b783312742acf07bdb/?a=1233&br=872&bt=436&cd=0%7C0%7C0&ch=0&cr=3&cs=2&cv=1&dr=0&ds=6&er=&ft=c~.Zm4L-gXoInz7T&l=2022011623414401011313517625201482&lr=all&mime_type=video_mp4&net=0&pl=0&qs=4&rc=am52Zzs6ZndrNzMzNzczM0ApOGk2ZWU4Zzs1N2RoOmVpZ2dnZGk1cjQwXmxgLS1kMTZzczRgMWAyYmBeY2BhMWIxLl46Yw%3D%3D&vl=&vr=
video/mp4, bytesbytes 1024000-1696740/1696741, 1642376540.23807, 1642376540.2398014, 1642376540.3080256, 1642376541.160301, v16m.tiktokcdn-us.com, a61103b2887eb9a4e0e46deac34c968c, /a61103b2887eb9a4e0e46deac34c968c/61e501ab/video/tos/useast2a/tos-useast2a-ve-0068c003/f348836467bc49eaa857075d7c4a121e/?a=1233&br=1382&bt=691&cd=0%7C0%7C0&ch=0&cr=3&cs=2&cv=1&dr=0&ds=6&er=&ft=c~.Zm4L-gXoInz7T&l=2022011623414401011313517625201482&lr=all&mime_type=video_mp4&net=0&pl=0&qs=5&rc=anhwMzw6ZnRqNzMzNzczM0ApZmRlNzpnaGQ0NzloO2k6OWctZ2sycjQwLWpgLS1kMTZzczZeMzE0YWAzLTMuXi8xYWM6Yw%3D%3D&vl=&vr=
video/mp4, bytesbytes 0-1024000/1115179, 1642376541.5118647, 1642376541.513293, 1642376541.5391457, 1642376542.7816384, v16m.tiktokcdn-us.com, fb8f0f0c4e6b9bc97b022674a0653504, /fb8f0f0c4e6b9bc97b022674a0653504/61e501a8/video/tos/useast2a/tos-useast2a-pve-0068/b7bce4a37804449f9d2183c5933ac52d/?a=1233&br=1022&bt=511&cd=0%7C0%7C0&ch=0&cr=3&cs=2&cv=1&dr=0&ds=6&er=&ft=c~.Zm4L-gXoInz7T&l=2022011623414401011313517625201482&lr=all&mime_type=video_mp4&net=0&pl=0&qs=5&rc=M2k6OHV0cm5yNjMzNzczM0ApOTU1N2lpNjtmNzo2NTc4aWdtcC01azE1bzZgLS1kMTZzc2I0LTI0YjI1LmA0Ni4xYS86Yw%3D%3D&vl=&vr=
video/mp4, bytesbytes 1024000-1417687/1417688, 1642376558.3033931, 1642376558.3046162, 1642376558.3213842, 1642376558.8713167, v16m.tiktokcdn-us.com, c638af676fbb19040fd4688c7aa33642, /c638af676fbb19040fd4688c7aa33642/61e501ac/video/tos/useast2a/tos-useast2a-ve-0068c003/ea7de911776840ddb16332a908d46e62/?a=1233&br=1060&bt=530&cd=0%7C0%7C0&ch=0&cr=3&cs=2&cv=1&dr=0&ds=6&er=&ft=c~.Zm4L-gXoInz7T&l=2022011623414401011313517625201482&lr=all&mime_type=video_mp4&net=0&pl=0&qs=5&rc=anZ0aGhoNG0zNTMzNzczM0ApNDRoOmc0ZGVpNzdnM2QzOWcvbGZhM3BoLm5gLS1kMTZzcy1fYDBeNS00NF8yYjZgYWE6Yw%3D%3D&vl=&vr=
video/mp4, bytesbytes 0-850417/850418, 1642376559.0930529, 1642376559.0948427, 1642376559.1126862, 1642376559.981178, v16m.tiktokcdn-us.com, df59d2ba265f3927601bd5d241ceb2bd, /df59d2ba265f3927601bd5d241ceb2bd/61e501dd/video/tos/useast2a/tos-useast2a-pve-0068/33def16ebd18444989dc7993a37978dd/?a=1233&br=854&bt=427&cd=0%7C0%7C0&ch=0&cr=3&cs=2&cv=1&dr=0&ds=6&er=&ft=c~.Zm4L-gXoInz7T&l=2022011623423801011313511319154A5A&lr=all&mime_type=video_mp4&net=0&pl=0&qs=5&rc=ajVyZzt5dGlreDMzZTczM0ApZzM0NDNmO2RnNzM5MzVlM2cuZWYxL3BuaDRfLS0wMTZzczQtNjBeMzIwMi4tYDI1L186Yw%3D%3D&vl=&vr=
video/mp4, bytesbytes 0-920621/920622, 1642376560.3450909, 1642376560.3472915, 1642376560.380508, 1642376561.334313, v16m.tiktokcdn-us.com, 11d5b5aadd4190d3fc823213ab70db1e, /11d5b5aadd4190d3fc823213ab70db1e/61e501e1/video/tos/useast2a/tos-useast2a-ve-0068c004/79b1b3f341fd40b0b1ece1a7d0931fa7/?a=1233&br=744&bt=372&cd=0%7C0%7C0&ch=0&cr=3&cs=2&cv=1&dr=0&ds=6&er=&ft=c~.Zm4L-gXoInz7T&l=2022011623423801011313511319154A5A&lr=all&mime_type=video_mp4&net=0&pl=0&qs=5&rc=ampneXc6ZTR3NTMzNzczM0ApNzU8OjhlaWRoN2g3ZWkzM2dzLWgwNmMtNGNgLS1kMTZzc19fNmEtYzYzYS4vLTE0LzI6Yw%3D%3D&vl=&vr=
video/mp4, bytesbytes 0-1024000/1086827, 1642376561.7118573, 1642376561.7142322, 1642376561.7397704, 1642376562.797654, v16m.tiktokcdn-us.com, 2f3fd9fcfa3723926281d08aaaa7c1fd, /2f3fd9fcfa3723926281d08aaaa7c1fd/61e501de/video/tos/useast2a/tos-useast2a-ve-0068c001/295b332c110d4d928a200669b9671d6c/?a=1233&br=1022&bt=511&cd=0%7C0%7C0&ch=0&cr=3&cs=2&cv=1&dr=0&ds=6&er=&ft=c~.Zm4L-gXoInz7T&l=2022011623423801011313511319154A5A&lr=all&mime_type=video_mp4&net=0&pl=0&qs=4&rc=anA2NDg6Zmt2NzMzNzczM0ApPGc1Omg2ZWU3N2hmMzc4OWdhMXI2cjRfZy9gLS1kMTZzcy1eX14zLTUzYGNeYi9fNjE6Yw%3D%3D&vl=&vr=
video/mp4, bytesbytes 0-769252/769253, 1642376564.9061005, 1642376564.9074898, 1642376564.934273, 1642376565.973824, v16m.tiktokcdn-us.com, 8378cbc44493128fce1780030e259095, /8378cbc44493128fce1780030e259095/61e501dd/video/tos/useast2a/tos-useast2a-ve-0068c004/efbfd78c2abf4559a766c6d6de5511bc/?a=1233&br=786&bt=393&cd=0%7C0%7C0&ch=0&cr=3&cs=2&cv=1&dr=0&ds=6&er=&ft=c~.Zm4L-gXoInz7T&l=2022011623423801011313511319154A5A&lr=all&mime_type=video_mp4&net=0&pl=0&qs=5&rc=ajZ5OTtzbGo5NDMzNzczM0ApMzc7PDo3OzxpNzQ8ZTc4NmdqXjFga3NvY2tgLS1kMTZzc2MuY180MzUuYjExLzI2LTE6Yw%3D%3D&vl=&vr=
video/mp4, bytesbytes 1024000-1115178/1115179, 1642376574.6889076, 1642376574.6903195, 1642376574.706532, 1642376574.8142955, v16m.tiktokcdn-us.com, fb8f0f0c4e6b9bc97b022674a0653504, /fb8f0f0c4e6b9bc97b022674a0653504/61e501a8/video/tos/useast2a/tos-useast2a-pve-0068/b7bce4a37804449f9d2183c5933ac52d/?a=1233&br=1022&bt=511&cd=0%7C0%7C0&ch=0&cr=3&cs=2&cv=1&dr=0&ds=6&er=&ft=c~.Zm4L-gXoInz7T&l=2022011623414401011313517625201482&lr=all&mime_type=video_mp4&net=0&pl=0&qs=5&rc=M2k6OHV0cm5yNjMzNzczM0ApOTU1N2lpNjtmNzo2NTc4aWdtcC01azE1bzZgLS1kMTZzc2I0LTI0YjI1LmA0Ni4xYS86Yw%3D%3D&vl=&vr=
video/mp4, bytesbytes 0-1024000/2333612, 1642376574.9365637, 1642376574.9387655, 1642376574.972619, 1642376578.1229467, v16m.tiktokcdn-us.com, 5921a3f53f3e421e718d7b0ddc94450f, /5921a3f53f3e421e718d7b0ddc94450f/61e501f6/video/tos/useast5/tos-useast5-ve-0068c004-tx/178c4bb4832b4526b15de9a07d6089a6/?a=1233&br=892&bt=446&cd=0%7C0%7C0&ch=0&cr=3&cs=2&cv=1&dr=0&ds=6&er=&ft=c~.Zm4L-gXoInz7T&l=2022011623423801011313511319154A5A&lr=all&mime_type=video_mp4&net=0&pl=0&qs=4&rc=M3JsZGQ6Zjg5OjMzZzczNEApZGhnODs1N2U8NzNlZjRkNGdxY3BocjRfZTBgLS1kMS9zczAvMi1jNl8wLzMwY2MuLTI6Yw%3D%3D&vl=&vr=
video/mp4, bytesbytes 0-265347/265348, 1642376591.993258, 1642376591.9948595, 1642376592.0177462, 1642376592.9871016, v16m.tiktokcdn-us.com, b3f86c25615fd872e3c574ee07b6a192, /b3f86c25615fd872e3c574ee07b6a192/61e501d6/video/tos/alisg/tos-alisg-pve-0037c001/88d0a2f0d8fd40f699e281a9c3b021f0/?a=1233&br=482&bt=241&cd=0%7C0%7C0&ch=0&cr=3&cs=2&cv=1&dr=0&ds=6&er=&ft=c~.Zm4L-gXoInz7T&l=2022011623423801011313511319154A5A&lr=all&mime_type=video_mp4&net=0&pl=0&qs=11&rc=ajdzOXE6bDNyMzMzODczM0ApNTk1aTU8OGRoNzdoM2Y5aWdgMzExMm9rcDRgLS0yMTRzcy0zMTEyXmAvYi81MzAxLWI6Yw%3D%3D&vl=&vr=
video/mp4, bytesbytes 0-517792/517793, 1642376593.1363635, 1642376593.137518, 1642376593.1653287, 1642376593.881535, v16m.tiktokcdn-us.com, 238f2a1ebe545456d1c8969b4625a267, /238f2a1ebe545456d1c8969b4625a267/61e501d6/video/tos/useast2a/tos-useast2a-ve-0068c004/61ddc728cfd74da9806df42f9f1aa3a3/?a=1233&br=926&bt=463&cd=0%7C0%7C0&ch=0&cr=3&cs=2&cv=1&dr=0&ds=6&er=&ft=c~.Zm4L-gXoInz7T&l=2022011623423801011313511319154A5A&lr=all&mime_type=video_mp4&net=0&pl=0&qs=5&rc=amRzOzp5aHRneDMzPDczM0ApNzVmaTk2N2RoNzc7ZDQ3aWdyaGs0YWpnLWRfLS0zMTZzczJjNDMwXy1hYzVjYmA1Nl46Yw%3D%3D&vl=&vr=
video/mp4, bytesbytes 1024000-1086826/1086827, 1642376607.2088752, 1642376607.210408, 1642376607.2256014, 1642376607.3491848, v16m.tiktokcdn-us.com, 2f3fd9fcfa3723926281d08aaaa7c1fd, /2f3fd9fcfa3723926281d08aaaa7c1fd/61e501de/video/tos/useast2a/tos-useast2a-ve-0068c001/295b332c110d4d928a200669b9671d6c/?a=1233&br=1022&bt=511&cd=0%7C0%7C0&ch=0&cr=3&cs=2&cv=1&dr=0&ds=6&er=&ft=c~.Zm4L-gXoInz7T&l=2022011623423801011313511319154A5A&lr=all&mime_type=video_mp4&net=0&pl=0&qs=4&rc=anA2NDg6Zmt2NzMzNzczM0ApPGc1Omg2ZWU3N2hmMzc4OWdhMXI2cjRfZy9gLS1kMTZzcy1eX14zLTUzYGNeYi9fNjE6Yw%3D%3D&vl=&vr=
video/mp4, bytesbytes 0-980941/980942, 1642376607.553705, 1642376607.5548782, 1642376607.5741765, 1642376610.0053592, v16m.tiktokcdn-us.com, bfc6872832212102863825781984b808, /bfc6872832212102863825781984b808/61e501e0/video/tos/useast2a/tos-useast2a-ve-0068c003/e03dc43dab0a4436b4e65c3f1e1c5f17/?a=1233&br=814&bt=407&cd=0%7C0%7C0&ch=0&cr=3&cs=2&cv=1&dr=0&ds=6&er=&ft=c~.Zm4L-gXoInz7T&l=2022011623423801011313511319154A5A&lr=all&mime_type=video_mp4&net=0&pl=0&qs=5&rc=amxzNWg6Zm1pNzMzNzczM0ApMzs1aWZlOTw4NzM4OzdkNWc0M2YzcjQwaWxgLS1kMTZzcy1eNDFfNV41NDJeMi1eYjI6Yw%3D%3D&vl=&vr=
video/mp4, bytesbytes 0-693192/693193, 1642376611.001982, 1642376611.0043774, 1642376611.0468068, 1642376612.2531621, v16m.tiktokcdn-us.com, bd2acacb78d8740ea1a6b8511ff4c110, /bd2acacb78d8740ea1a6b8511ff4c110/61e501d6/video/tos/useast2a/tos-useast2a-ve-0068c004/a9eb81410a7f48f794f98e82aae77edb/?a=1233&br=1254&bt=627&cd=0%7C0%7C0&ch=0&cr=3&cs=2&cv=1&dr=0&ds=6&er=&ft=c~.Zm4L-gXoInz7T&l=2022011623423801011313511319154A5A&lr=all&mime_type=video_mp4&net=0&pl=0&qs=5&rc=M3V0ZDxmOjtuNDMzMzczM0ApOmdmZGg3OGQ3N2VnZzQ5NWduZGVtNmVzMWRgLS02MTZzc2EyLi4xYmEuMzU1YzFeNWI6Yw%3D%3D&vl=&vr=
video/mp4, bytesbytes 1024000-2333611/2333612, 1642376623.9429998, 1642376623.944366, 1642376623.9909916, 1642376626.167356, v16m.tiktokcdn-us.com, 5921a3f53f3e421e718d7b0ddc94450f, /5921a3f53f3e421e718d7b0ddc94450f/61e501f6/video/tos/useast5/tos-useast5-ve-0068c004-tx/178c4bb4832b4526b15de9a07d6089a6/?a=1233&br=892&bt=446&cd=0%7C0%7C0&ch=0&cr=3&cs=2&cv=1&dr=0&ds=6&er=&ft=c~.Zm4L-gXoInz7T&l=2022011623423801011313511319154A5A&lr=all&mime_type=video_mp4&net=0&pl=0&qs=4&rc=M3JsZGQ6Zjg5OjMzZzczNEApZGhnODs1N2U8NzNlZjRkNGdxY3BocjRfZTBgLS1kMS9zczAvMi1jNl8wLzMwY2MuLTI6Yw%3D%3D&vl=&vr=
video/mp4, bytesbytes 0-1024000/1123117, 1642376626.7077878, 1642376626.709121, 1642376626.7723515, 1642376628.822254, v16m.tiktokcdn-us.com, ddcc028c2a2b7f2ab943cdbfb0c7bac1, /ddcc028c2a2b7f2ab943cdbfb0c7bac1/61e501e1/video/tos/useast2a/tos-useast2a-ve-0068c002/ad9e6f821ef94c0589f67264dbccb396/?a=1233&br=898&bt=449&cd=0%7C0%7C0&ch=0&cr=3&cs=2&cv=1&dr=0&ds=6&er=&ft=c~.Zm4L-gXoInz7T&l=2022011623423801011313511319154A5A&lr=all&mime_type=video_mp4&net=0&pl=0&qs=4&rc=anU4aW94PDRpeDMzZzczM0ApNzo5OGk7Nzs0NzszOjw3PGcyZmYtY2Znc2VfLS1jMTZzcy0wMWBfMTQuMDU1YTA0LWM6Yw%3D%3D&vl=&vr=
video/mp4, bytesbytes 0-633979/633980, 1642376649.3612456, 1642376649.363492, 1642376649.3952348, 1642376650.3283937, v39.tiktokcdn-us.com, 1a4cce8d98de95fa99d033347647d489, /1a4cce8d98de95fa99d033347647d489/61e50236/video/tos/useast5/tos-useast5-pve-0068-tx/f62e02f024c540c89a00998f535a6845/?a=1233&br=582&bt=291&cd=0%7C0%7C0&ch=0&cr=3&cs=2&cv=1&dr=0&ds=3&er=&ft=c~.Zm4L-gXoInz7T&l=20220116234406010113006218122387DA&lr=all&mime_type=video_mp4&net=0&pl=0&qs=14&rc=anhtOmY6Zmo6OjMzZzczNEApOjM6NDc4aWRkNzVlODRpOWdybmZucjRfbTZgLS1kMS9zcy4vYmFhMV5jMzZeNjY1XjY6Yw%3D%3D&vl=&vr=
video/mp4, bytesbytes 0-1024000/1468106, 1642376650.6689503, 1642376650.6703987, 1642376650.6922534, 1642376651.7679117, v39.tiktokcdn-us.com, a8ca31e3c3cde17fa3d6a9195da14ca3, /a8ca31e3c3cde17fa3d6a9195da14ca3/61e50234/video/tos/useast2a/tos-useast2a-ve-0068c001/b21486bb7d81477baabd50d3c947dcf1/?a=1233&br=1530&bt=765&cd=0%7C0%7C0&ch=0&cr=3&cs=2&cv=1&dr=0&ds=6&er=&ft=c~.Zm4L-gXoInz7T&l=20220116234406010113006218122387DA&lr=all&mime_type=video_mp4&net=0&pl=0&qs=5&rc=ajRwZTw7bGR2NjMzNzczM0ApaWhnOWZlO2U7N2ZoZDg5M2dvNmFvMXBvYGRgLS1kMTZzcy8xNmJfXzItNC42Yy5gXzQ6Yw%3D%3D&vl=&vr=
video/mp4, bytesbytes 0-288001/288002, 1642376652.204711, 1642376652.2063468, 1642376652.226757, 1642376652.5258152, v39.tiktokcdn-us.com, daa4ca5003477f031f283949f5cf0b89, /daa4ca5003477f031f283949f5cf0b89/61e5022c/video/tos/useast2a/tos-useast2a-ve-0068c001/5952da63183a46f283d3a1be28cbc9cb/?a=1233&br=628&bt=314&cd=0%7C0%7C0&ch=0&cr=3&cs=2&cv=1&dr=0&ds=6&er=&ft=c~.Zm4L-gXoInz7T&l=20220116234406010113006218122387DA&lr=all&mime_type=video_mp4&net=0&pl=0&qs=5&rc=ajc1ZWQ6Zml1NjMzNzczM0ApOjk5NjVoNDw7Nzg3MzVlaGdnai1lcjRfcWpgLS1kMTZzc2IxXi0wLzI1YGFgY18wNDY6Yw%3D%3D&vl=&vr=
video/mp4, bytesbytes 0-630980/630981, 1642376652.7430532, 1642376652.7444203, 1642376652.832672, 1642376653.5193155, v39.tiktokcdn-us.com, 189e8795b4a0cc16c9d83eda456d31b2, /189e8795b4a0cc16c9d83eda456d31b2/61e50230/video/tos/useast2a/tos-useast2a-ve-0068c004/b274bc18b5ef4d42bff648b62ad9e7cf/?a=1233&br=914&bt=457&cd=0%7C0%7C0&ch=0&cr=3&cs=2&cv=1&dr=0&ds=6&er=&ft=c~.Zm4L-gXoInz7T&l=20220116234406010113006218122387DA&lr=all&mime_type=video_mp4&net=0&pl=0&qs=4&rc=M3Fxczs6Zmc1NzMzNzczM0ApNDY5aGY5ODtnNztlOTZmOmdvNV4vcjRncjFgLS1kMTZzcy9fXmBjXmAwLl9jNDAzYy46Yw%3D%3D&vl=&vr=
video/mp4, bytesbytes 1024000-1123116/1123117, 1642376653.7544224, 1642376653.755473, 1642376653.771233, 1642376653.9052777, v16m.tiktokcdn-us.com, ddcc028c2a2b7f2ab943cdbfb0c7bac1, /ddcc028c2a2b7f2ab943cdbfb0c7bac1/61e501e1/video/tos/useast2a/tos-useast2a-ve-0068c002/ad9e6f821ef94c0589f67264dbccb396/?a=1233&br=898&bt=449&cd=0%7C0%7C0&ch=0&cr=3&cs=2&cv=1&dr=0&ds=6&er=&ft=c~.Zm4L-gXoInz7T&l=2022011623423801011313511319154A5A&lr=all&mime_type=video_mp4&net=0&pl=0&qs=4&rc=anU4aW94PDRpeDMzZzczM0ApNzo5OGk7Nzs0NzszOjw3PGcyZmYtY2Znc2VfLS1jMTZzcy0wMWBfMTQuMDU1YTA0LWM6Yw%3D%3D&vl=&vr=
video/mp4, bytesbytes 630784-630980/630981, 1642376654.1218805, 1642376654.123016, 1642376654.1396768, 1642376654.1415846, v39.tiktokcdn-us.com, 189e8795b4a0cc16c9d83eda456d31b2, /189e8795b4a0cc16c9d83eda456d31b2/61e50230/video/tos/useast2a/tos-useast2a-ve-0068c004/b274bc18b5ef4d42bff648b62ad9e7cf/?a=1233&br=914&bt=457&cd=0%7C0%7C0&ch=0&cr=3&cs=2&cv=1&dr=0&ds=6&er=&ft=c~.Zm4L-gXoInz7T&l=20220116234406010113006218122387DA&lr=all&mime_type=video_mp4&net=0&pl=0&qs=4&rc=M3Fxczs6Zmc1NzMzNzczM0ApNDY5aGY5ODtnNztlOTZmOmdvNV4vcjRncjFgLS1kMTZzcy9fXmBjXmAwLl9jNDAzYy46Yw%3D%3D&vl=&vr=
video/mp4, bytesbytes 0-568988/568989, 1642376654.1769545, 1642376654.178324, 1642376654.2103422, 1642376654.8285089, v39.tiktokcdn-us.com, d677be6af44c6ce96b778baea30f77c3, /d677be6af44c6ce96b778baea30f77c3/61e50231/video/tos/useast2a/tos-useast2a-pve-0068/0db5a52be4814ca482755ba7b47a0966/?a=1233&br=764&bt=382&cd=0%7C0%7C0&ch=0&cr=3&cs=2&cv=1&dr=0&ds=6&er=&ft=c~.Zm4L-gXoInz7T&l=20220116234406010113006218122387DA&lr=all&mime_type=video_mp4&net=0&pl=0&qs=11&rc=M204cjw6Zm1zODMzNzgzM0ApZmZkOGdkaTs0NztmODk3aGdecmtrcjQwZXFgLS1kLzZzc2BjMWAwLTRfMC8wYmAuNGI6Yw%3D%3D&vl=&vr=
video/mp4, bytesbytes 0-638227/638228, 1642376658.2502728, 1642376658.254341, 1642376658.2753701, 1642376659.2343664, v39.tiktokcdn-us.com, 0a6b53312682f54ba9644728dc6a5f33, /0a6b53312682f54ba9644728dc6a5f33/61e50231/video/tos/useast2a/tos-useast2a-pve-0068/757a2f8b19044ed39ac6674811366bc1/?a=1233&br=852&bt=426&cd=0%7C0%7C0&ch=0&cr=3&cs=2&cv=1&dr=0&ds=6&er=&ft=c~.Zm4L-gXoInz7T&l=20220116234406010113006218122387DA&lr=all&mime_type=video_mp4&net=0&pl=0&qs=4&rc=ampkM21rdWVrNjMzNzczM0ApOztlZjVkZWQ1N2UzaTRnNWdqM2luaWliMS5gLS1kMTZzczEzYzQ0NS4uLjUvYDQxLjU6Yw%3D%3D&vl=&vr=
video/mp4, bytesbytes 1024000-1468105/1468106, 1642376675.5561657, 1642376675.5593328, 1642376675.5932422, 1642376677.6483722, v39.tiktokcdn-us.com, a8ca31e3c3cde17fa3d6a9195da14ca3, /a8ca31e3c3cde17fa3d6a9195da14ca3/61e50234/video/tos/useast2a/tos-useast2a-ve-0068c001/b21486bb7d81477baabd50d3c947dcf1/?a=1233&br=1530&bt=765&cd=0%7C0%7C0&ch=0&cr=3&cs=2&cv=1&dr=0&ds=6&er=&ft=c~.Zm4L-gXoInz7T&l=20220116234406010113006218122387DA&lr=all&mime_type=video_mp4&net=0&pl=0&qs=5&rc=ajRwZTw7bGR2NjMzNzczM0ApaWhnOWZlO2U7N2ZoZDg5M2dvNmFvMXBvYGRgLS1kMTZzcy8xNmJfXzItNC42Yy5gXzQ6Yw%3D%3D&vl=&vr=
video/mp4, bytesbytes 0-1024000/1589872, 1642376677.8541346, 1642376677.855296, 1642376677.8810651, 1642376680.0987258, v39.tiktokcdn-us.com, 11f6e14fe65ceb34fd94b8613dff907d, /11f6e14fe65ceb34fd94b8613dff907d/61e50232/video/tos/useast2a/tos-useast2a-ve-0068c003/91c724bf933b40f5903e337d94f8f6a7/?a=1233&br=1944&bt=972&cd=0%7C0%7C0&ch=0&cr=3&cs=2&cv=1&dr=0&ds=6&er=&ft=c~.Zm4L-gXoInz7T&l=20220116234406010113006218122387DA&lr=all&mime_type=video_mp4&net=0&pl=0&qs=5&rc=M2VqbzM6ZmQ7NjMzNzczM0ApZGU1aGc7ZGU2NzhoZTNoZ2dkZGFncjRfaG9gLS1kMTZzcy4zYmA1MmE0NmEzLV8tYjQ6Yw%3D%3D&vl=&vr=
video/mp4, bytesbytes 0-1008980/1008981, 1642376680.5666487, 1642376680.5692058, 1642376680.7909467, 1642376681.9641914, v39.tiktokcdn-us.com, 9e8d2a91b5501f9ddb5f75074fb51f01, /9e8d2a91b5501f9ddb5f75074fb51f01/61e5023a/video/tos/useast2a/tos-useast2a-ve-0068c004/7cafb5cfde74427492e56ce8ea5f87dd/?a=1233&br=760&bt=380&cd=0%7C0%7C0&ch=0&cr=3&cs=2&cv=1&dr=0&ds=6&er=&ft=c~.Zm4L-gXoInz7T&l=20220116234406010113006218122387DA&lr=all&mime_type=video_mp4&net=0&pl=0&qs=4&rc=MzY0NTY6ZjhrNzMzNzczM0ApOzw5aGU5aTxpNzdnO2Y3M2djYnFmcjQwLmhgLS1kMTZzcy8xNjJjL2MzMmI2NDRgNF46Yw%3D%3D&vl=&vr=
video/mp4, bytesbytes 0-888812/888813, 1642376682.516923, 1642376682.5184107, 1642376682.5427775, 1642376683.47897, v39.tiktokcdn-us.com, f74b5789db39b74676991fd3662b990b, /f74b5789db39b74676991fd3662b990b/61e50235/video/tos/alisg/tos-alisg-pve-0037c001/528ecdee582c401d94082a44d9ece479/?a=1233&br=898&bt=449&cd=0%7C0%7C0&ch=0&cr=3&cs=2&cv=1&dr=0&ds=6&er=&ft=c~.Zm4L-gXoInz7T&l=20220116234406010113006218122387DA&lr=all&mime_type=video_mp4&net=0&pl=0&qs=5&rc=M3E3eTY6ZjNsNzMzODczNEApOjRnNjNpO2U2NzxkMzU6OWdncGlwcjRfZDNgLS1kMS1zczUuNGEwLzEzXzAyYC00LjQ6Yw%3D%3D&vl=&vr=
video/mp4, bytesbytes 0-493479/493480, 1642376691.4277542, 1642376691.4293737, 1642376691.4571235, 1642376692.0265813, v39.tiktokcdn-us.com, ecb6052fff7698e09960ba9770289cbe, /ecb6052fff7698e09960ba9770289cbe/61e5022d/video/tos/useast2a/tos-useast2a-ve-0068c001/2e99d8cb79244ae99f25ae3ac8163fed/?a=1233&br=1044&bt=522&cd=0%7C0%7C0&ch=0&cr=3&cs=2&cv=1&dr=0&ds=6&er=&ft=c~.Zm4L-gXoInz7T&l=20220116234406010113006218122387DA&lr=all&mime_type=video_mp4&net=0&pl=0&qs=4&rc=M3hxczRra3FwNjMzNzczM0ApZWVkM2lnaWVmNzk0OjVoZmctaGdqMTVxcTFgLS1kMTZzcy1eMDQ0YTVgNl8yLTMvMGE6Yw%3D%3D&vl=&vr=
video/mp4, bytesbytes 1024000-1589871/1589872, 1642376697.6299956, 1642376697.632101, 1642376697.6585321, 1642376699.0391839, v39.tiktokcdn-us.com, 11f6e14fe65ceb34fd94b8613dff907d, /11f6e14fe65ceb34fd94b8613dff907d/61e50232/video/tos/useast2a/tos-useast2a-ve-0068c003/91c724bf933b40f5903e337d94f8f6a7/?a=1233&br=1944&bt=972&cd=0%7C0%7C0&ch=0&cr=3&cs=2&cv=1&dr=0&ds=6&er=&ft=c~.Zm4L-gXoInz7T&l=20220116234406010113006218122387DA&lr=all&mime_type=video_mp4&net=0&pl=0&qs=5&rc=M2VqbzM6ZmQ7NjMzNzczM0ApZGU1aGc7ZGU2NzhoZTNoZ2dkZGFncjRfaG9gLS1kMTZzcy4zYmA1MmE0NmEzLV8tYjQ6Yw%3D%3D&vl=&vr=
video/mp4, bytes 0-418386/418387, 1642376702.1868982, 1642376702.1878843, 1642376702.277433, 1642376703.024303, v25.tiktokcdn-us.com, 7d939af6efd266a56b3003e615def0dd, /7d939af6efd266a56b3003e615def0dd/61e50263/video/tos/useast5/tos-useast5-ve-0068c004-tx/76d2b8ec07e045ac97babd32e7849b66/?a=1233&br=856&bt=428&cd=0%7C0%7C0&ch=0&cr=3&cs=2&cv=1&dr=0&ds=3&er=&ft=c~.Zm4L-gXoInz7T&l=202201162345000101131351890D13513F&lr=all&mime_type=video_mp4&net=0&pl=0&qs=14&rc=anY1dmk6Zmk2OTMzZzczNEApNTM7PDplZDs3N2k3NTQ0NGdtbl8ycjQwNTFgLS1kMS9zcy1iMTNhMjVgXzFhX2MvNWI6Yw%3D%3D&vl=&vr=
video/mp4, bytes 0-587184/587185, 1642376703.1924658, 1642376703.1933153, 1642376703.2605696, 1642376703.8266883, v25.tiktokcdn-us.com, 757a8a615b4b957878855848153d07c9, /757a8a615b4b957878855848153d07c9/61e50262/video/tos/useast2a/tos-useast2a-ve-0068c001/0c2f08bc79c247508bee147852570e44/?a=1233&br=1376&bt=688&cd=0%7C0%7C0&ch=0&cr=3&cs=2&cv=1&dr=0&ds=6&er=&ft=c~.Zm4L-gXoInz7T&l=202201162345000101131351890D13513F&lr=all&mime_type=video_mp4&net=0&pl=0&qs=5&rc=amdzcjk6ZjpnNjMzNzczM0ApNDdoMzwzNjtkNztnNjc5ZWczNmBkcjRfbWxgLS1kMTZzc2IvYF41M2AtLS4wXl9iLzM6Yw%3D%3D&vl=&vr=
