video/mp4, bytesbytes 0-515060/515061, 1642379126.1402168, 1642379126.141862, 1642379126.1644704, 1642379126.5449054, v19-us.tiktokcdn.com, 6472e4a53f03081bad4507b97c9fcfe5, /6472e4a53f03081bad4507b97c9fcfe5/61e50bda/video/tos/useast2a/tos-useast2a-ve-0068c001/6042bda545004101a544f860a33d8dca/?a=1233&br=1444&bt=722&cd=0%7C0%7C0&ch=0&cr=3&cs=2&cv=1&dr=0&ds=3&er=&ft=.NpOiIFh7KNWH6BF6QmiLo&l=202201170025240102231210930CA65E39&lr=all&mime_type=video_mp4&net=0&pl=0&qs=14&rc=ajw6dmY6ZnNqOjMzNzczM0ApPDczOGU4PGQ8N2hkOzc1NWczMTRtcjRnci1gLS1kMTZzczQ2Yy4xYC02L15eYGFfMWA6Yw%3D%3D&vl=&vr=
video/mp4, bytesbytes 0-2058452/2058453, 1642379131.7240317, 1642379131.7279656, 1642379131.742549, 1642379134.7312827, v19-us.tiktokcdn.com, f44c51cd3839bbbba0b58da53e00031c, /f44c51cd3839bbbba0b58da53e00031c/61e50bf4/video/tos/maliva/tos-maliva-ve-0068c799-us/87b96a8895ad42a69a28abb7b41ec267/?a=1233&br=1234&bt=617&cd=0%7C0%7C0&ch=0&cr=3&cs=2&cv=1&dr=0&ds=6&er=&ft=xo5uS4L-gXoInz7T&l=2022011700252901018905520602204F2E&lr=all&mime_type=video_mp4&net=0&pl=0&qs=5&rc=ams1N2c6Znc5OjMzZzczNEApNzhmNztlZ2Q2N2c0ODg7ZGdtZ2hucjRvXjVgLS1kMS9zcy8xLi5eYDYvLi1jMTIyXi86Yw%3D%3D&vl=&vr=
video/mp4, bytesbytes 0-2090514/2090515, 1642379136.459698, 1642379136.4608057, 1642379136.4711614, 1642379138.8675575, v19-us.tiktokcdn.com, f767e0fa4d2c6afe67110d0ab8e3f18a, /f767e0fa4d2c6afe67110d0ab8e3f18a/61e50be4/video/tos/useast2a/tos-useast2a-ve-0068c002/b6a2135f9a554644b26f93229158ff06/?a=1233&br=3126&bt=1563&cd=0%7C0%7C0&ch=0&cr=3&cs=0&dr=0&ds=2&er=&ft=xo5uS4L-gXoInz7T&l=2022011700252901018905520602204F2E&lr=all&mime_type=video_mp4&net=0&pl=0&qs=0&rc=ajNuZzM6ZjNrOjMzNzczM0ApOjk1OGZmNGQ0Nzk0PDRmZ2dubl4wcjRncV5gLS1kMTZzcy1jNl9eM2NfXi4wNDMwLS46Yw%3D%3D&vl=&vr=
video/mp4, bytes, 1642379195.1571183, 1642379195.1604695, 1642379195.1783013, 1642379195.668683, v19.tiktokcdn-us.com, 6953fdf1659f861f167494eb3b3866ce, /6953fdf1659f861f167494eb3b3866ce/61e50c1f/video/tos/useast2a/tos-useast2a-ve-0068c004/c0f25d1b31ba4b86a90cb22cfe1b1294/?a=1233&br=1116&bt=558&cd=0%7C0%7C0&ch=0&cr=3&cs=2&cv=1&dr=0&ds=6&er=&ft=c~.Zm4L-gXoInz7T&l=20220117002632010113135079032ABE95&lr=all&mime_type=video_mp4&net=0&pl=0&qs=4&rc=anRuNnZvNHNodzMzODczM0ApZjk8NWg5PGVoNzZlZGQ3OmdtYnJpNTJzXnJfLS1iMTZzczMuMF5hMmBhM2NfMi1gYTY6Yw%3D%3D&vl=&vr=
video/mp4, bytes, 1642379195.6824763, 1642379195.6839883, 1642379195.7007868, 1642379196.2856274, v19.tiktokcdn-us.com, e40685ed2106e31794aacbebb9fca6e8, /e40685ed2106e31794aacbebb9fca6e8/61e50c24/video/tos/useast5/tos-useast5-ve-0068c001-tx/e0b5935a00244a96a26e97757fa0313d/?a=1233&br=952&bt=476&cd=0%7C0%7C0&ch=0&cr=3&cs=2&cv=1&dr=0&ds=3&er=&ft=c~.Zm4L-gXoInz7T&l=20220117002632010113135079032ABE95&lr=all&mime_type=video_mp4&net=0&pl=0&qs=14&rc=M2RmZGQ6ZjNzOjMzZzczNEApOTtoZWk4ZTxpN2UzNzpnOWdrLWxocjRnc19gLS1kMS9zczRhMmNhYDE2YTQyMS5gMS86Yw%3D%3D&vl=&vr=
video/mp4, bytesbytes 0-1024000/2209343, 1642379196.962103, 1642379196.9639328, 1642379196.9852161, 1642379198.3933382, v19.tiktokcdn-us.com, 750fc90038977c6c2a39284ce0570877, /750fc90038977c6c2a39284ce0570877/61e50c2c/video/tos/useast2a/tos-useast2a-ve-0068c003/a3916a82751449e5bc996d3ea4c44e77/?a=1233&br=1710&bt=855&cd=0%7C0%7C0&ch=0&cr=3&cs=2&cv=1&dr=0&ds=6&er=&ft=c~.Zm4L-gXoInz7T&l=20220117002632010113135079032ABE95&lr=all&mime_type=video_mp4&net=0&pl=0&qs=5&rc=ajx1NTU6ZmdqOTMzNzczM0ApZmk0NjlpOGQ4N2U4NTg8aGcwcTEucjQwbnJgLS1kMTZzc2EzYGBjLTYyNTNgYi1fNTY6Yw%3D%3D&vl=&vr=
video/mp4, bytesbytes 0-878633/878634, 1642379199.6723378, 1642379199.6737187, 1642379199.754338, 1642379202.3654954, v19.tiktokcdn-us.com, 4b760e06a643ec6d99bf4f6d77faec5b, /4b760e06a643ec6d99bf4f6d77faec5b/61e50c29/video/tos/useast2a/tos-useast2a-pve-0068/52bbbd3d4f604a6c82a0b217a8755c8c/?a=1233&br=770&bt=385&cd=0%7C0%7C0&ch=0&cr=3&cs=2&cv=1&dr=0&ds=6&er=&ft=c~.Zm4L-gXoInz7T&l=20220117002632010113135079032ABE95&lr=all&mime_type=video_mp4&net=0&pl=0&qs=4&rc=anZ3NmhraW1tNDMzNzczM0ApNzY5ZzdlZDs5NzRpNWU7Nmdubmg0Ml9oYGhgLS1kMTZzczE1NmMyNWJjX2JhMS8xNC46Yw%3D%3D&vl=&vr=
video/mp4, bytesbytes 1024000-2209342/2209343, 1642379199.3423667, 1642379199.3439848, 1642379199.3610568, 1642379204.2848554, v19.tiktokcdn-us.com, 750fc90038977c6c2a39284ce0570877, /750fc90038977c6c2a39284ce0570877/61e50c2c/video/tos/useast2a/tos-useast2a-ve-0068c003/a3916a82751449e5bc996d3ea4c44e77/?a=1233&br=1710&bt=855&cd=0%7C0%7C0&ch=0&cr=3&cs=2&cv=1&dr=0&ds=6&er=&ft=c~.Zm4L-gXoInz7T&l=20220117002632010113135079032ABE95&lr=all&mime_type=video_mp4&net=0&pl=0&qs=5&rc=ajx1NTU6ZmdqOTMzNzczM0ApZmk0NjlpOGQ4N2U4NTg8aGcwcTEucjQwbnJgLS1kMTZzc2EzYGBjLTYyNTNgYi1fNTY6Yw%3D%3D&vl=&vr=
video/mp4, bytesbytes 0-1024000/2389680, 1642379204.3500316, 1642379204.3512735, 1642379204.3807135, 1642379205.9077172, v19.tiktokcdn-us.com, f220427ce7cc9555f69bba1c94229740, /f220427ce7cc9555f69bba1c94229740/61e50c45/video/tos/useast2a/tos-useast2a-ve-0068c003/c55f43b17e504c7bbf092aa4cbaf43fc/?a=1233&br=810&bt=405&cd=0%7C0%7C0&ch=0&cr=3&cs=2&cv=1&dr=0&ds=6&er=&ft=c~.Zm4L-gXoInz7T&l=20220117002632010113135079032ABE95&lr=all&mime_type=video_mp4&net=0&pl=0&qs=11&rc=M25oMzw6ZjhqNjMzNzczM0ApOjM4Nzg4ZjszN2lpPDYzaWdrYjJlcjRfNmlgLS1kMTZzc2JiNDEtNS8vLjAvMzM1MzA6Yw%3D%3D&vl=&vr=
video/mp4, bytesbytes 0-924440/924441, 1642379206.4207697, 1642379206.4219294, 1642379206.4320188, 1642379207.8570123, v19.tiktokcdn-us.com, 263bcfe918703420f7d9667fd9a4f22b, /263bcfe918703420f7d9667fd9a4f22b/61e50c28/video/tos/useast2a/tos-useast2a-pve-0068/360f707c99594528af6c062591db611d/?a=1233&br=866&bt=433&cd=0%7C0%7C0&ch=0&cr=3&cs=2&cv=1&dr=0&ds=6&er=&ft=c~.Zm4L-gXoInz7T&l=20220117002632010113135079032ABE95&lr=all&mime_type=video_mp4&net=0&pl=0&qs=11&rc=MzZ4bjQ6ZmtoNzMzNzczM0ApOjtlZDk2Zzw4Nzs3NWhnNGc0MGRjcjQwci9gLS1kMTZzcy8uYjEyNC02Y2E1LmE2NDM6Yw%3D%3D&vl=&vr=
video/mp4, bytesbytes 0-1024000/1492687, 1642379208.3757856, 1642379208.3958294, 1642379208.4137423, 1642379210.3473446, v19.tiktokcdn-us.com, 31497588f71c27fc1222128811475fa3, /31497588f71c27fc1222128811475fa3/61e50c2f/video/tos/useast2a/tos-useast2a-ve-0068c004/02c11bae6e0c4bbaa3a6e4b386e22249/?a=1233&br=980&bt=490&cd=0%7C0%7C0&ch=0&cr=3&cs=2&cv=1&dr=0&ds=6&er=&ft=c~.Zm4L-gXoInz7T&l=20220117002632010113135079032ABE95&lr=all&mime_type=video_mp4&net=0&pl=0&qs=4&rc=amQ1NTN2aDpmNjMzNzczM0ApNmg5OTw2ODtnNzhoO2RlNWc0LmVxZWpmNjBgLS1kMTZzczQyLy8wYjAyLl9jL2JjXjQ6Yw%3D%3D&vl=&vr=
video/mp4, bytesbytes 1024000-2389679/2389680, 1642379211.1621537, 1642379211.1650255, 1642379211.2201726, 1642379214.166414, v19.tiktokcdn-us.com, f220427ce7cc9555f69bba1c94229740, /f220427ce7cc9555f69bba1c94229740/61e50c45/video/tos/useast2a/tos-useast2a-ve-0068c003/c55f43b17e504c7bbf092aa4cbaf43fc/?a=1233&br=810&bt=405&cd=0%7C0%7C0&ch=0&cr=3&cs=2&cv=1&dr=0&ds=6&er=&ft=c~.Zm4L-gXoInz7T&l=20220117002632010113135079032ABE95&lr=all&mime_type=video_mp4&net=0&pl=0&qs=11&rc=M25oMzw6ZjhqNjMzNzczM0ApOjM4Nzg4ZjszN2lpPDYzaWdrYjJlcjRfNmlgLS1kMTZzc2JiNDEtNS8vLjAvMzM1MzA6Yw%3D%3D&vl=&vr=
video/mp4, bytesbytes 630784-1024000/1492687, 1642379214.7930803, 1642379214.7955725, 1642379214.8243701, 1642379215.5028038, v19.tiktokcdn-us.com, 31497588f71c27fc1222128811475fa3, /31497588f71c27fc1222128811475fa3/61e50c2f/video/tos/useast2a/tos-useast2a-ve-0068c004/02c11bae6e0c4bbaa3a6e4b386e22249/?a=1233&br=980&bt=490&cd=0%7C0%7C0&ch=0&cr=3&cs=2&cv=1&dr=0&ds=6&er=&ft=c~.Zm4L-gXoInz7T&l=20220117002632010113135079032ABE95&lr=all&mime_type=video_mp4&net=0&pl=0&qs=4&rc=amQ1NTN2aDpmNjMzNzczM0ApNmg5OTw2ODtnNzhoO2RlNWc0LmVxZWpmNjBgLS1kMTZzczQyLy8wYjAyLl9jL2JjXjQ6Yw%3D%3D&vl=&vr=
video/mp4, bytesbytes 0-1024000/3653700, 1642379215.8278997, 1642379215.8302238, 1642379215.8658955, 1642379217.207736, v19.tiktokcdn-us.com, 5eeff59629f97ba5a7779886e5290c16, /5eeff59629f97ba5a7779886e5290c16/61e50c4a/video/tos/useast2a/tos-useast2a-ve-0068c001/5bc95ee24c964e9b933f7770c02b2951/?a=1233&br=1136&bt=568&cd=0%7C0%7C0&ch=0&cr=3&cs=2&cv=1&dr=0&ds=6&er=&ft=c~.Zm4L-gXoInz7T&l=20220117002632010113135079032ABE95&lr=all&mime_type=video_mp4&net=0&pl=0&qs=5&rc=M2plODQ6ZjllNjMzNzczM0ApNWUzOGQ7NTw4Nzg8ZWU8O2drLmJucjQwLnBgLS1kMTZzczBjNjQvMDZeYS8xNGEvMDA6Yw%3D%3D&vl=&vr=
video/mp4, bytesbytes 0-283561/283562, 1642379217.608226, 1642379217.6127276, 1642379217.6360693, 1642379218.1401653, v19.tiktokcdn-us.com, 9977e9b3b36883ef6c26855882ac9107, /9977e9b3b36883ef6c26855882ac9107/61e50c1e/video/tos/useast2a/tos-useast2a-ve-0068c003/c82291f2f7744bbabb097f3a38918c6a/?a=1233&br=666&bt=333&cd=0%7C0%7C0&ch=0&cr=3&cs=2&cv=1&dr=0&ds=6&er=&ft=c~.Zm4L-gXoInz7T&l=20220117002632010113135079032ABE95&lr=all&mime_type=video_mp4&net=0&pl=0&qs=4&rc=anVseHJvbmdtdTMzZjczM0ApZWc2M2g4PDs6N2g5ZDdkaWdwNDYwcnM0L3BfLS0yMTZzczE1MmBgYDNfYDYuMWM2YTE6Yw%3D%3D&vl=&vr=
video/mp4, bytesbytes 0-557503/557504, 1642379218.3459291, 1642379218.3482676, 1642379218.3745716, 1642379219.3339906, v19.tiktokcdn-us.com, 192eb65637aa62515d374a446685f4a4, /192eb65637aa62515d374a446685f4a4/61e50c22/video/tos/useast2a/tos-useast2a-ve-0068c002/3b04e783681a450b960ddb8446dd3c3b/?a=1233&br=814&bt=407&cd=0%7C0%7C0&ch=0&cr=3&cs=2&cv=1&dr=0&ds=6&er=&ft=c~.Zm4L-gXoInz7T&l=20220117002632010113135079032ABE95&lr=all&mime_type=video_mp4&net=0&pl=0&qs=4&rc=am53bnBmZ2Z2NDMzNzczM0ApOzU6ZGhlOmQ0Nzk6NmU2ZWduZmtiZy5pNG5gLS1kMTZzc18wMl9fNTAuMF9eMmMvNC06Yw%3D%3D&vl=&vr=
video/mp4, bytesbytes 1024000-1492686/1492687, 1642379245.8519745, 1642379245.853308, 1642379245.8804808, 1642379248.645688, v19.tiktokcdn-us.com, 31497588f71c27fc1222128811475fa3, /31497588f71c27fc1222128811475fa3/61e50c2f/video/tos/useast2a/tos-useast2a-ve-0068c004/02c11bae6e0c4bbaa3a6e4b386e22249/?a=1233&br=980&bt=490&cd=0%7C0%7C0&ch=0&cr=3&cs=2&cv=1&dr=0&ds=6&er=&ft=c~.Zm4L-gXoInz7T&l=20220117002632010113135079032ABE95&lr=all&mime_type=video_mp4&net=0&pl=0&qs=4&rc=amQ1NTN2aDpmNjMzNzczM0ApNmg5OTw2ODtnNzhoO2RlNWc0LmVxZWpmNjBgLS1kMTZzczQyLy8wYjAyLl9jL2JjXjQ6Yw%3D%3D&vl=&vr=
video/mp4, bytesbytes 1024000-3653699/3653700, 1642379262.1356478, 1642379262.1365788, 1642379262.1629097, 1642379268.7653167, v19.tiktokcdn-us.com, 5eeff59629f97ba5a7779886e5290c16, /5eeff59629f97ba5a7779886e5290c16/61e50c4a/video/tos/useast2a/tos-useast2a-ve-0068c001/5bc95ee24c964e9b933f7770c02b2951/?a=1233&br=1136&bt=568&cd=0%7C0%7C0&ch=0&cr=3&cs=2&cv=1&dr=0&ds=6&er=&ft=c~.Zm4L-gXoInz7T&l=20220117002632010113135079032ABE95&lr=all&mime_type=video_mp4&net=0&pl=0&qs=5&rc=M2plODQ6ZjllNjMzNzczM0ApNWUzOGQ7NTw4Nzg8ZWU8O2drLmJucjQwLnBgLS1kMTZzczBjNjQvMDZeYS8xNGEvMDA6Yw%3D%3D&vl=&vr=
video/mp4, bytesbytes 0-1024000/1412515, 1642379269.8506773, 1642379269.8517172, 1642379269.871215, 1642379271.09442, v39.tiktokcdn-us.com, bf4114455a80022491eaf0fec5b85012, /bf4114455a80022491eaf0fec5b85012/61e50c72/video/tos/useast2a/tos-useast2a-ve-0068c003/b2a74e92317c41a98ff396e61f505581/?a=1233&br=1092&bt=546&cd=0%7C0%7C0&ch=0&cr=3&cs=2&cv=1&dr=0&ds=6&er=&ft=c~.Zm4L-gXoInz7T&l=20220117002742010113006227072BF5E3&lr=all&mime_type=video_mp4&net=0&pl=0&qs=5&rc=MzhxNTo7OmluNTMzNzczM0ApaDNlODRpZzszNzc3NDk2NWdqYzQ1Z2RibzBgLS1kMTZzc2JjMmItYy5fLi9gY2EyM2A6Yw%3D%3D&vl=&vr=
video/mp4, bytesbytes 0-497396/497397, 1642379271.5383155, 1642379271.5395403, 1642379271.5616205, 1642379272.15252, v39.tiktokcdn-us.com, 940d531fbd382f59525ce2753bf8475e, /940d531fbd382f59525ce2753bf8475e/61e50c6f/video/tos/useast2a/tos-useast2a-ve-0068c001/6ba0864ab07446c2b9a5590c292654b3/?a=1233&br=444&bt=222&cd=0%7C0%7C0&ch=0&cr=3&cs=2&cv=1&dr=0&ds=6&er=&ft=c~.Zm4L-gXoInz7T&l=20220117002742010113006227072BF5E3&lr=all&mime_type=video_mp4&net=0&pl=0&qs=4&rc=amo3a2g6ZnJoNzMzNzczM0ApOmdkZTw5OWU4N2VmNDUzZGcvb2IzcjRfZzBgLS1kMTZzczBfMC1iMjZiMS0tNDI1MF86Yw%3D%3D&vl=&vr=
video/mp4, bytesbytes 0-1024000/1130687, 1642379272.4874725, 1642379272.48869, 1642379272.5240927, 1642379274.2561707, v39.tiktokcdn-us.com, df8bde13f6630c3f96f87569c196c926, /df8bde13f6630c3f96f87569c196c926/61e50c6d/video/tos/useast2a/tos-useast2a-ve-0068c004/4dd3485cb1714c11939fbdd0790ecb0f/?a=1233&br=1160&bt=580&cd=0%7C0%7C0&ch=0&cr=3&cs=2&cv=1&dr=0&ds=6&er=&ft=c~.Zm4L-gXoInz7T&l=20220117002742010113006227072BF5E3&lr=all&mime_type=video_mp4&net=0&pl=0&qs=5&rc=MzlqN214NThwNTMzNzczM0ApNmQ5PGZnO2Q8N2VoN2ZkM2cubjNkcWZyam5gLS1kMTZzc2MyYTY2Yy4yLjYyXzMvMDA6Yw%3D%3D&vl=&vr=
video/mp4, bytesbytes 0-725887/725888, 1642379312.7078161, 1642379312.7090552, 1642379312.7382503, 1642379313.6720688, v39.tiktokcdn-us.com, e60222cdda8867fda5a29aeaae79c02d, /e60222cdda8867fda5a29aeaae79c02d/61e50c6c/video/tos/useast5/tos-useast5-ve-0068c003-tx/236a885425854f189d4f37cd7161f6c9/?a=1233&br=752&bt=376&cd=0%7C0%7C0&ch=0&cr=3&cs=2&cv=1&dr=0&ds=6&er=&ft=c~.Zm4L-gXoInz7T&l=20220117002742010113006227072BF5E3&lr=all&mime_type=video_mp4&net=0&pl=0&qs=5&rc=amkzdjo6ZnY6OjMzZzczNEApODRlZDo4Zzw3N2Q1OWY6OWdoXnNtcjRnNTVgLS1kMS9zcy41Yy9iNV9hXmJfYmExYDA6Yw%3D%3D&vl=&vr=
video/mp4, bytesbytes 0-1024000/2492421, 1642379319.589671, 1642379319.5907922, 1642379319.6170812, 1642379321.6843998, v39.tiktokcdn-us.com, 9438f69604bd2abfcfa3b0e469276f32, /9438f69604bd2abfcfa3b0e469276f32/61e50c85/video/tos/useast2a/tos-useast2a-pve-0068/85f26dad7c324228908ebbb101ade411/?a=1233&br=978&bt=489&cd=0%7C0%7C0&ch=0&cr=3&cs=2&cv=1&dr=0&ds=6&er=&ft=c~.Zm4L-gXoInz7T&l=20220117002742010113006227072BF5E3&lr=all&mime_type=video_mp4&net=0&pl=0&qs=5&rc=am5zdDw6ZmhqNjMzNzczM0ApOWRnZ2k2NmU0NzRoaGg5O2dtNGtncjRnb2hgLS1kMTZzczQxYF81MjRgM18wNjAxYV86Yw%3D%3D&vl=&vr=
video/mp4, bytesbytes 1024000-1412514/1412515, 1642379328.5641553, 1642379328.566232, 1642379328.592713, 1642379329.1543436, v39.tiktokcdn-us.com, bf4114455a80022491eaf0fec5b85012, /bf4114455a80022491eaf0fec5b85012/61e50c72/video/tos/useast2a/tos-useast2a-ve-0068c003/b2a74e92317c41a98ff396e61f505581/?a=1233&br=1092&bt=546&cd=0%7C0%7C0&ch=0&cr=3&cs=2&cv=1&dr=0&ds=6&er=&ft=c~.Zm4L-gXoInz7T&l=20220117002742010113006227072BF5E3&lr=all&mime_type=video_mp4&net=0&pl=0&qs=5&rc=MzhxNTo7OmluNTMzNzczM0ApaDNlODRpZzszNzc3NDk2NWdqYzQ1Z2RibzBgLS1kMTZzc2JjMmItYy5fLi9gY2EyM2A6Yw%3D%3D&vl=&vr=
video/mp4, bytesbytes 0-1024000/2121440, 1642379329.358242, 1642379329.3592103, 1642379329.384728, 1642379330.7578106, v39.tiktokcdn-us.com, 18fc5d0fb6a9420cd4685a65d1e891dd, /18fc5d0fb6a9420cd4685a65d1e891dd/61e50c73/video/tos/useast2a/tos-useast2a-pve-0068/bce660f83b4044319aeab83ae5a264f6/?a=1233&br=1562&bt=781&cd=0%7C0%7C0&ch=0&cr=3&cs=2&cv=1&dr=0&ds=6&er=&ft=c~.Zm4L-gXoInz7T&l=20220117002742010113006227072BF5E3&lr=all&mime_type=video_mp4&net=0&pl=0&qs=5&rc=ajtwaW9vZGt5NTMzNzczM0ApMzo0ZTNlNWQ4N2Y4Zjg5Z2djaTZlczNkM2dgLS1kMTZzc2A2MC4wYy9iYTQtMmBjNl46Yw%3D%3D&vl=&vr=
video/mp4, bytesbytes 0-321695/321696, 1642379348.974009, 1642379348.9754477, 1642379348.9987721, 1642379349.5326347, v39.tiktokcdn-us.com, 8619bf36fb611c25f615cc7bd42b46c6, /8619bf36fb611c25f615cc7bd42b46c6/61e50c66/video/tos/useast2a/tos-useast2a-ve-0068c003/6f8357ae921f4aa78fa165764150f515/?a=1233&br=608&bt=304&cd=0%7C0%7C0&ch=0&cr=3&cs=2&cv=1&dr=0&ds=6&er=&ft=c~.Zm4L-gXoInz7T&l=20220117002742010113006227072BF5E3&lr=all&mime_type=video_mp4&net=0&pl=0&qs=4&rc=ajlncnh0bXY7NTMzNzczM0ApNWU8Z2llOmU2NzpkaTMzN2deNjU1MjFhZl5gLS1kMTZzc2BfYzQwYTM0L15iXy4wYTY6Yw%3D%3D&vl=&vr=
video/mp4, bytesbytes 1024000-1130686/1130687, 1642379366.7610898, 1642379366.7626102, 1642379366.7890513, 1642379366.948592, v39.tiktokcdn-us.com, df8bde13f6630c3f96f87569c196c926, /df8bde13f6630c3f96f87569c196c926/61e50c6d/video/tos/useast2a/tos-useast2a-ve-0068c004/4dd3485cb1714c11939fbdd0790ecb0f/?a=1233&br=1160&bt=580&cd=0%7C0%7C0&ch=0&cr=3&cs=2&cv=1&dr=0&ds=6&er=&ft=c~.Zm4L-gXoInz7T&l=20220117002742010113006227072BF5E3&lr=all&mime_type=video_mp4&net=0&pl=0&qs=5&rc=MzlqN214NThwNTMzNzczM0ApNmQ5PGZnO2Q8N2VoN2ZkM2cubjNkcWZyam5gLS1kMTZzc2MyYTY2Yy4yLjYyXzMvMDA6Yw%3D%3D&vl=&vr=
video/mp4, bytesbytes 0-573921/573922, 1642379367.0532167, 1642379367.0547256, 1642379367.0807307, 1642379367.8394396, v39.tiktokcdn-us.com, ca4719e202e62ea253d0c05498a58984, /ca4719e202e62ea253d0c05498a58984/61e50c69/video/tos/useast5/tos-useast5-ve-0068c004-tx/d967a4df34444b62921fc5ac80467075/?a=1233&br=760&bt=380&cd=0%7C0%7C0&ch=0&cr=3&cs=2&cv=1&dr=0&ds=6&er=&ft=c~.Zm4L-gXoInz7T&l=20220117002742010113006227072BF5E3&lr=all&mime_type=video_mp4&net=0&pl=0&qs=4&rc=M29saWg6ZjczOjMzZzczNEApNDQ8MzQ1aGQ8N2lmMzQ3NmcyNGBocjRfX2FgLS1kMS9zczI2LTUxYWBeLzAwM2JfYC06Yw%3D%3D&vl=&vr=
video/mp4, bytesbytes 0-1024000/1069291, 1642379369.1133993, 1642379369.1210642, 1642379369.144707, 1642379370.9684854, v39.tiktokcdn-us.com, b66434b74bbe13202b057d83829c3e96, /b66434b74bbe13202b057d83829c3e96/61e50c77/video/tos/alisg/tos-alisg-pve-0037c001/4a0a9e195fa24116ac3ca1661083a252/?a=1233&br=658&bt=329&cd=0%7C0%7C0&ch=0&cr=3&cs=2&cv=1&dr=0&ds=6&er=&ft=c~.Zm4L-gXoInz7T&l=20220117002742010113006227072BF5E3&lr=all&mime_type=video_mp4&net=0&pl=0&qs=4&rc=ajY3Njk6ZmU2OTMzODczNEApaDZmNjs7NWQ0NzlmM2g2ZGdsb25ucjRvM2BgLS1kMS1zczQ0MC9jNC5jMWMzNmMtLy46Yw%3D%3D&vl=&vr=
video/mp4, bytesbytes 1024000-2492420/2492421, 1642379372.2904463, 1642379372.2918327, 1642379372.3340347, 1642379375.2373939, v39.tiktokcdn-us.com, 9438f69604bd2abfcfa3b0e469276f32, /9438f69604bd2abfcfa3b0e469276f32/61e50c85/video/tos/useast2a/tos-useast2a-pve-0068/85f26dad7c324228908ebbb101ade411/?a=1233&br=978&bt=489&cd=0%7C0%7C0&ch=0&cr=3&cs=2&cv=1&dr=0&ds=6&er=&ft=c~.Zm4L-gXoInz7T&l=20220117002742010113006227072BF5E3&lr=all&mime_type=video_mp4&net=0&pl=0&qs=5&rc=am5zdDw6ZmhqNjMzNzczM0ApOWRnZ2k2NmU0NzRoaGg5O2dtNGtncjRnb2hgLS1kMTZzczQxYF81MjRgM18wNjAxYV86Yw%3D%3D&vl=&vr=
video/mp4, bytesbytes 0-421105/421106, 1642379375.80166, 1642379375.802961, 1642379375.838486, 1642379377.3276956, v39.tiktokcdn-us.com, 058ed8e167e9a0db89ab1904885663c9, /058ed8e167e9a0db89ab1904885663c9/61e50c65/video/tos/useast2a/tos-useast2a-ve-0068c001/9efacd2babf644c7ba107b101959f243/?a=1233&br=860&bt=430&cd=0%7C0%7C0&ch=0&cr=3&cs=2&cv=1&dr=0&ds=6&er=&ft=c~.Zm4L-gXoInz7T&l=20220117002742010113006227072BF5E3&lr=all&mime_type=video_mp4&net=0&pl=0&qs=11&rc=M3kzcms1NHd0NDMzOjczM0ApMzhoOWU2NmQ4N2g2O2dlPGc1a3NhbGowbDJgLS02MTZzcy4yLzM1YjZiXzAyNF41LjI6Yw%3D%3D&vl=&vr=
video/mp4, bytesbytes 1024000-2121439/2121440, 1642379381.0012882, 1642379381.002739, 1642379381.063252, 1642379382.6025095, v39.tiktokcdn-us.com, 18fc5d0fb6a9420cd4685a65d1e891dd, /18fc5d0fb6a9420cd4685a65d1e891dd/61e50c73/video/tos/useast2a/tos-useast2a-pve-0068/bce660f83b4044319aeab83ae5a264f6/?a=1233&br=1562&bt=781&cd=0%7C0%7C0&ch=0&cr=3&cs=2&cv=1&dr=0&ds=6&er=&ft=c~.Zm4L-gXoInz7T&l=20220117002742010113006227072BF5E3&lr=all&mime_type=video_mp4&net=0&pl=0&qs=5&rc=ajtwaW9vZGt5NTMzNzczM0ApMzo0ZTNlNWQ4N2Y4Zjg5Z2djaTZlczNkM2dgLS1kMTZzc2A2MC4wYy9iYTQtMmBjNl46Yw%3D%3D&vl=&vr=
video/mp4, bytesbytes 1024000-1069290/1069291, 1642379423.0811872, 1642379423.0826051, 1642379423.1053915, 1642379423.1776164, v39.tiktokcdn-us.com, b66434b74bbe13202b057d83829c3e96, /b66434b74bbe13202b057d83829c3e96/61e50c77/video/tos/alisg/tos-alisg-pve-0037c001/4a0a9e195fa24116ac3ca1661083a252/?a=1233&br=658&bt=329&cd=0%7C0%7C0&ch=0&cr=3&cs=2&cv=1&dr=0&ds=6&er=&ft=c~.Zm4L-gXoInz7T&l=20220117002742010113006227072BF5E3&lr=all&mime_type=video_mp4&net=0&pl=0&qs=4&rc=ajY3Njk6ZmU2OTMzODczNEApaDZmNjs7NWQ0NzlmM2g2ZGdsb25ucjRvM2BgLS1kMS1zczQ0MC9jNC5jMWMzNmMtLy46Yw%3D%3D&vl=&vr=
video/mp4, bytesbytes 0-630905/630906, 1642379423.4321072, 1642379423.4332771, 1642379423.4625957, 1642379424.3900485, v16m.tiktokcdn-us.com, 265915b72ff9754d9af8f8da4bc0824c, /265915b72ff9754d9af8f8da4bc0824c/61e50d02/video/tos/useast2a/tos-useast2a-ve-0068c004/d81012df6a39444f87aa77a0bbf58acc/?a=1233&br=638&bt=319&cd=0%7C0%7C0&ch=0&cr=3&cs=2&cv=1&dr=0&ds=6&er=&ft=c~.Zm4L-gXoInz7T&l=20220117003011010113135231272EB64D&lr=all&mime_type=video_mp4&net=0&pl=0&qs=4&rc=ajo6ZzZyOmt2dDMzNzczM0ApZTY2NTY6OmU1NzM4OTpoNmdfbmYzbDAvYzBfLS1jMTZzczYvYzYxYmJhYzAxNi1gXi06Yw%3D%3D&vl=&vr=
video/mp4, bytesbytes 0-444670/444671, 1642379424.7382944, 1642379424.7391295, 1642379424.772566, 1642379425.4048758, v16m.tiktokcdn-us.com, bc7a8504130344c9383e620e0941115e, /bc7a8504130344c9383e620e0941115e/61e50cfa/video/tos/alisg/tos-alisg-pve-0037c001/483cae1dd53b40d999040db9dcbd2da8/?a=1233&br=864&bt=432&cd=0%7C0%7C0&ch=0&cr=3&cs=2&cv=1&dr=0&ds=6&er=&ft=c~.Zm4L-gXoInz7T&l=20220117003011010113135231272EB64D&lr=all&mime_type=video_mp4&net=0&pl=0&qs=4&rc=MzQzPHNnNjg8NDMzNTczM0ApZzo7OTg8OWVnN2dkM2Y6OmdnYW5ibTJwcjZgLS0xMTRzc2I0NWBfLmIwXi0vLTMxYTE6Yw%3D%3D&vl=&vr=
video/mp4, bytesbytes 0-785126/785127, 1642379425.6310298, 1642379425.6324308, 1642379425.6475673, 1642379426.690592, v16m.tiktokcdn-us.com, a7d0c9b00767b3850fed6b0f3825a09b, /a7d0c9b00767b3850fed6b0f3825a09b/61e50d01/video/tos/useast2a/tos-useast2a-ve-0068c002/6a64302591914e788873b4fa55cd0878/?a=1233&br=820&bt=410&cd=0%7C0%7C0&ch=0&cr=3&cs=2&cv=1&dr=0&ds=6&er=&ft=c~.Zm4L-gXoInz7T&l=20220117003011010113135231272EB64D&lr=all&mime_type=video_mp4&net=0&pl=0&qs=5&rc=ajhkeTtyNjM1NDMzNzczM0ApN2c3ODU4NmRnN2Y7ZWQ1OmcvamRjNGE2LmtgLS1kMTZzc2NiX2BiNi8uNTVeYzAtXjI6Yw%3D%3D&vl=&vr=
video/mp4, bytesbytes 0-621511/621512, 1642379427.0682306, 1642379427.0694432, 1642379427.1121538, 1642379427.9038515, v16m.tiktokcdn-us.com, 7d2b547e2167fbeb8f4f81ea8d03ce87, /7d2b547e2167fbeb8f4f81ea8d03ce87/61e50d01/video/tos/useast2a/tos-useast2a-ve-0068c003/8a331142577249c1871010195fd4a5f3/?a=1233&br=682&bt=341&cd=0%7C0%7C0&ch=0&cr=3&cs=2&cv=1&dr=0&ds=6&er=&ft=c~.Zm4L-gXoInz7T&l=20220117003011010113135231272EB64D&lr=all&mime_type=video_mp4&net=0&pl=0&qs=4&rc=MzRoaGV1czhxMzMzZzczM0ApMzZnPDZpNmRmN2RlZ2RkOGcvZDQxcDU1ZW5gLS1eMTZzczNgNGBhYl5jYzMyMzJgNDM6Yw%3D%3D&vl=&vr=
video/mp4, bytesbytes 0-435841/435842, 1642379435.4728866, 1642379435.4743035, 1642379435.4951313, 1642379436.3342524, v16m.tiktokcdn-us.com, 40b7ac3ef47a7481a5a094a8780935e5, /40b7ac3ef47a7481a5a094a8780935e5/61e50cfa/video/tos/useast2a/tos-useast2a-ve-0068c003/68d322896df040509a8850930ec1b841/?a=1233&br=856&bt=428&cd=0%7C0%7C0&ch=0&cr=3&cs=2&cv=1&dr=0&ds=6&er=&ft=c~.Zm4L-gXoInz7T&l=20220117003011010113135231272EB64D&lr=all&mime_type=video_mp4&net=0&pl=0&qs=11&rc=M2dvcmg6ZmZtOTMzNzczM0ApOjZmOzVpOjw6NzdkaWQzPGdsaGEucjRvZV9gLS1kMTZzc2JeMWIyYDBjNC81NjY1LV46Yw%3D%3D&vl=&vr=
video/mp4, bytesbytes 0-473870/473871, 1642379438.8500388, 1642379438.8538134, 1642379438.8741693, 1642379439.8005416, v16m.tiktokcdn-us.com, fe3bb8ff1d6d6235277657da2c6c3301, /fe3bb8ff1d6d6235277657da2c6c3301/61e50cf7/video/tos/useast2a/tos-useast2a-ve-0068c004/e99cb9d5a11d4ac7a496622b02f8a9ad/?a=1233&br=1476&bt=738&cd=0%7C0%7C0&ch=0&cr=3&cs=0&dr=0&ds=2&er=&ft=c~.Zm4L-gXoInz7T&l=20220117003011010113135231272EB64D&lr=all&mime_type=video_mp4&net=0&pl=0&qs=0&rc=MzN1NmdkcnU2NTMzNzczM0ApNjk0Z2c7Zzs4NzRmMzYzM2dwYmtrai5laXFgLS1kMTZzc2BiNV4zNTEyNjQ0XmEzMS86Yw%3D%3D&vl=&vr=
video/mp4, bytesbytes 0-1024000/1696741, 1642379440.0313876, 1642379440.0325847, 1642379440.0598438, 1642379441.7484303, v16m.tiktokcdn-us.com, 329ac2427ceddcda6940e163b08c8ae6, /329ac2427ceddcda6940e163b08c8ae6/61e50d06/video/tos/useast2a/tos-useast2a-ve-0068c003/f348836467bc49eaa857075d7c4a121e/?a=1233&br=1382&bt=691&cd=0%7C0%7C0&ch=0&cr=3&cs=2&cv=1&dr=0&ds=6&er=&ft=c~.Zm4L-gXoInz7T&l=20220117003011010113135231272EB64D&lr=all&mime_type=video_mp4&net=0&pl=0&qs=5&rc=anhwMzw6ZnRqNzMzNzczM0ApZmRlNzpnaGQ0NzloO2k6OWctZ2sycjQwLWpgLS1kMTZzczZeMzE0YWAzLTMuXi8xYWM6Yw%3D%3D&vl=&vr=
video/mp4, bytesbytes 0-1024000/1417688, 1642379442.229191, 1642379442.2304215, 1642379442.2582219, 1642379444.0289447, v16m.tiktokcdn-us.com, 74bf7cfe878d77814eb054ca49e2cd4e, /74bf7cfe878d77814eb054ca49e2cd4e/61e50d07/video/tos/useast2a/tos-useast2a-ve-0068c003/ea7de911776840ddb16332a908d46e62/?a=1233&br=1060&bt=530&cd=0%7C0%7C0&ch=0&cr=3&cs=2&cv=1&dr=0&ds=6&er=&ft=c~.Zm4L-gXoInz7T&l=20220117003011010113135231272EB64D&lr=all&mime_type=video_mp4&net=0&pl=0&qs=5&rc=anZ0aGhoNG0zNTMzNzczM0ApNDRoOmc0ZGVpNzdnM2QzOWcvbGZhM3BoLm5gLS1kMTZzcy1fYDBeNS00NF8yYjZgYWE6Yw%3D%3D&vl=&vr=
video/mp4, bytesbytes 0-533647/533648, 1642379453.2327194, 1642379453.2335367, 1642379453.2578673, 1642379454.1237304, v16m.tiktokcdn-us.com, 9fdb81e9e6e6c3d1a0d55cb4d49bb689, /9fdb81e9e6e6c3d1a0d55cb4d49bb689/61e50cfc/video/tos/useast2a/tos-useast2a-ve-0068c002/3de104e8920c42b783312742acf07bdb/?a=1233&br=872&bt=436&cd=0%7C0%7C0&ch=0&cr=3&cs=2&cv=1&dr=0&ds=6&er=&ft=c~.Zm4L-gXoInz7T&l=20220117003011010113135231272EB64D&lr=all&mime_type=video_mp4&net=0&pl=0&qs=4&rc=am52Zzs6ZndrNzMzNzczM0ApOGk2ZWU4Zzs1N2RoOmVpZ2dnZGk1cjQwXmxgLS1kMTZzczRgMWAyYmBeY2BhMWIxLl46Yw%3D%3D&vl=&vr=
video/mp4, bytesbytes 1024000-1696740/1696741, 1642379465.9873736, 1642379465.9885833, 1642379466.033757, 1642379467.0430813, v16m.tiktokcdn-us.com, 329ac2427ceddcda6940e163b08c8ae6, /329ac2427ceddcda6940e163b08c8ae6/61e50d06/video/tos/useast2a/tos-useast2a-ve-0068c003/f348836467bc49eaa857075d7c4a121e/?a=1233&br=1382&bt=691&cd=0%7C0%7C0&ch=0&cr=3&cs=2&cv=1&dr=0&ds=6&er=&ft=c~.Zm4L-gXoInz7T&l=20220117003011010113135231272EB64D&lr=all&mime_type=video_mp4&net=0&pl=0&qs=5&rc=anhwMzw6ZnRqNzMzNzczM0ApZmRlNzpnaGQ0NzloO2k6OWctZ2sycjQwLWpgLS1kMTZzczZeMzE0YWAzLTMuXi8xYWM6Yw%3D%3D&vl=&vr=
video/mp4, bytesbytes 0-1024000/1115179, 1642379467.7580848, 1642379467.7597353, 1642379467.7844613, 1642379469.295343, v16m.tiktokcdn-us.com, 9d83ddb3238bfb481451b5c543a2e135, /9d83ddb3238bfb481451b5c543a2e135/61e50d03/video/tos/useast2a/tos-useast2a-pve-0068/b7bce4a37804449f9d2183c5933ac52d/?a=1233&br=1022&bt=511&cd=0%7C0%7C0&ch=0&cr=3&cs=2&cv=1&dr=0&ds=6&er=&ft=c~.Zm4L-gXoInz7T&l=20220117003011010113135231272EB64D&lr=all&mime_type=video_mp4&net=0&pl=0&qs=5&rc=M2k6OHV0cm5yNjMzNzczM0ApOTU1N2lpNjtmNzo2NTc4aWdtcC01azE1bzZgLS1kMTZzc2I0LTI0YjI1LmA0Ni4xYS86Yw%3D%3D&vl=&vr=
video/mp4, bytesbytes 1024000-1417687/1417688, 1642379484.922638, 1642379484.923949, 1642379484.9386394, 1642379485.470629, v16m.tiktokcdn-us.com, 74bf7cfe878d77814eb054ca49e2cd4e, /74bf7cfe878d77814eb054ca49e2cd4e/61e50d07/video/tos/useast2a/tos-useast2a-ve-0068c003/ea7de911776840ddb16332a908d46e62/?a=1233&br=1060&bt=530&cd=0%7C0%7C0&ch=0&cr=3&cs=2&cv=1&dr=0&ds=6&er=&ft=c~.Zm4L-gXoInz7T&l=20220117003011010113135231272EB64D&lr=all&mime_type=video_mp4&net=0&pl=0&qs=5&rc=anZ0aGhoNG0zNTMzNzczM0ApNDRoOmc0ZGVpNzdnM2QzOWcvbGZhM3BoLm5gLS1kMTZzcy1fYDBeNS00NF8yYjZgYWE6Yw%3D%3D&vl=&vr=
video/mp4, bytesbytes 0-850417/850418, 1642379485.6605778, 1642379485.6617508, 1642379485.9050593, 1642379486.635531, v39.tiktokcdn-us.com, 5e8c4e3f0cb9789194b99a2c5d3a9cb2, /5e8c4e3f0cb9789194b99a2c5d3a9cb2/61e50d4c/video/tos/useast2a/tos-useast2a-pve-0068/33def16ebd18444989dc7993a37978dd/?a=1233&br=854&bt=427&cd=0%7C0%7C0&ch=0&cr=3&cs=2&cv=1&dr=0&ds=6&er=&ft=c~.Zm4L-gXoInz7T&l=202201170031250101130062131123DBB5&lr=all&mime_type=video_mp4&net=0&pl=0&qs=5&rc=ajVyZzt5dGlreDMzZTczM0ApZzM0NDNmO2RnNzM5MzVlM2cuZWYxL3BuaDRfLS0wMTZzczQtNjBeMzIwMi4tYDI1L186Yw%3D%3D&vl=&vr=
video/mp4, bytesbytes 0-920621/920622, 1642379486.9715412, 1642379486.9739358, 1642379486.9982657, 1642379487.764437, v39.tiktokcdn-us.com, f2d375e5c0ec2062f232a2e09958379c, /f2d375e5c0ec2062f232a2e09958379c/61e50d50/video/tos/useast2a/tos-useast2a-ve-0068c004/79b1b3f341fd40b0b1ece1a7d0931fa7/?a=1233&br=744&bt=372&cd=0%7C0%7C0&ch=0&cr=3&cs=2&cv=1&dr=0&ds=6&er=&ft=c~.Zm4L-gXoInz7T&l=202201170031250101130062131123DBB5&lr=all&mime_type=video_mp4&net=0&pl=0&qs=5&rc=ampneXc6ZTR3NTMzNzczM0ApNzU8OjhlaWRoN2g3ZWkzM2dzLWgwNmMtNGNgLS1kMTZzc19fNmEtYzYzYS4vLTE0LzI6Yw%3D%3D&vl=&vr=
video/mp4, bytesbytes 0-758420/758421, 1642379488.1440213, 1642379488.1464763, 1642379488.1713808, 1642379488.9742467, v39.tiktokcdn-us.com, e74661a010d786908f13e6b2b54f2b1b, /e74661a010d786908f13e6b2b54f2b1b/61e50d4d/video/tos/useast2a/tos-useast2a-pve-0068/aeef7600a288471fae3bb636b1330a2c/?a=1233&br=712&bt=356&cd=0%7C0%7C0&ch=0&cr=3&cs=2&cv=1&dr=0&ds=6&er=&ft=c~.Zm4L-gXoInz7T&l=202201170031250101130062131123DBB5&lr=all&mime_type=video_mp4&net=0&pl=0&qs=5&rc=anA2NDg6Zmt2NzMzNzczM0ApZ2c8ZzlnPDtoN2Y6aTg2PGdhMXI2cjRfZy9gLS1kMTZzcy4zYmE1NmNiMTAuMDAtXmM6Yw%3D%3D&vl=&vr=
video/mp4, bytesbytes 0-769252/769253, 1642379497.8389804, 1642379497.8446796, 1642379498.0267775, 1642379499.8540804, v39.tiktokcdn-us.com, 34d6faef4b7fffce91f36a6c1070aea7, /34d6faef4b7fffce91f36a6c1070aea7/61e50d4c/video/tos/useast2a/tos-useast2a-ve-0068c004/efbfd78c2abf4559a766c6d6de5511bc/?a=1233&br=786&bt=393&cd=0%7C0%7C0&ch=0&cr=3&cs=2&cv=1&dr=0&ds=6&er=&ft=c~.Zm4L-gXoInz7T&l=202201170031250101130062131123DBB5&lr=all&mime_type=video_mp4&net=0&pl=0&qs=5&rc=ajZ5OTtzbGo5NDMzNzczM0ApMzc7PDo3OzxpNzQ8ZTc4NmdqXjFga3NvY2tgLS1kMTZzc2MuY180MzUuYjExLzI2LTE6Yw%3D%3D&vl=&vr=
video/mp4, bytesbytes 1024000-1115178/1115179, 1642379507.561974, 1642379507.563774, 1642379507.5967991, 1642379508.1528652, v16m.tiktokcdn-us.com, 9d83ddb3238bfb481451b5c543a2e135, /9d83ddb3238bfb481451b5c543a2e135/61e50d03/video/tos/useast2a/tos-useast2a-pve-0068/b7bce4a37804449f9d2183c5933ac52d/?a=1233&br=1022&bt=511&cd=0%7C0%7C0&ch=0&cr=3&cs=2&cv=1&dr=0&ds=6&er=&ft=c~.Zm4L-gXoInz7T&l=20220117003011010113135231272EB64D&lr=all&mime_type=video_mp4&net=0&pl=0&qs=5&rc=M2k6OHV0cm5yNjMzNzczM0ApOTU1N2lpNjtmNzo2NTc4aWdtcC01azE1bzZgLS1kMTZzc2I0LTI0YjI1LmA0Ni4xYS86Yw%3D%3D&vl=&vr=
video/mp4, bytesbytes 0-1024000/2333612, 1642379508.5555253, 1642379508.56235, 1642379508.5936348, 1642379509.9060812, v39.tiktokcdn-us.com, a9f9d53982f1ecb1da7f7868e4832d52, /a9f9d53982f1ecb1da7f7868e4832d52/61e50d65/video/tos/useast5/tos-useast5-ve-0068c004-tx/178c4bb4832b4526b15de9a07d6089a6/?a=1233&br=892&bt=446&cd=0%7C0%7C0&ch=0&cr=3&cs=2&cv=1&dr=0&ds=6&er=&ft=c~.Zm4L-gXoInz7T&l=202201170031250101130062131123DBB5&lr=all&mime_type=video_mp4&net=0&pl=0&qs=4&rc=M3JsZGQ6Zjg5OjMzZzczNEApZGhnODs1N2U8NzNlZjRkNGdxY3BocjRfZTBgLS1kMS9zczAvMi1jNl8wLzMwY2MuLTI6Yw%3D%3D&vl=&vr=
video/mp4, bytesbytes 0-265347/265348, 1642379524.9699564, 1642379524.9807944, 1642379525.0081437, 1642379525.4846022, v39.tiktokcdn-us.com, b19650a84d2599cad3d9e15cb68e7391, /b19650a84d2599cad3d9e15cb68e7391/61e50d45/video/tos/alisg/tos-alisg-pve-0037c001/88d0a2f0d8fd40f699e281a9c3b021f0/?a=1233&br=482&bt=241&cd=0%7C0%7C0&ch=0&cr=3&cs=2&cv=1&dr=0&ds=6&er=&ft=c~.Zm4L-gXoInz7T&l=202201170031250101130062131123DBB5&lr=all&mime_type=video_mp4&net=0&pl=0&qs=11&rc=ajdzOXE6bDNyMzMzODczM0ApNTk1aTU8OGRoNzdoM2Y5aWdgMzExMm9rcDRgLS0yMTRzcy0zMTEyXmAvYi81MzAxLWI6Yw%3D%3D&vl=&vr=
video/mp4, bytesbytes 0-517792/517793, 1642379526.095943, 1642379526.0980422, 1642379526.1497889, 1642379526.963383, v39.tiktokcdn-us.com, 219fa352abf01020dc107c1a81e4bdf0, /219fa352abf01020dc107c1a81e4bdf0/61e50d45/video/tos/useast2a/tos-useast2a-ve-0068c004/61ddc728cfd74da9806df42f9f1aa3a3/?a=1233&br=926&bt=463&cd=0%7C0%7C0&ch=0&cr=3&cs=2&cv=1&dr=0&ds=6&er=&ft=c~.Zm4L-gXoInz7T&l=202201170031250101130062131123DBB5&lr=all&mime_type=video_mp4&net=0&pl=0&qs=5&rc=amRzOzp5aHRneDMzPDczM0ApNzVmaTk2N2RoNzc7ZDQ3aWdyaGs0YWpnLWRfLS0zMTZzczJjNDMwXy1hYzVjYmA1Nl46Yw%3D%3D&vl=&vr=
video/mp4, bytesbytes 0-980941/980942, 1642379545.7789168, 1642379545.7806382, 1642379545.8099518, 1642379547.011466, v39.tiktokcdn-us.com, a5d35272d2f3eadd19232966984ba806, /a5d35272d2f3eadd19232966984ba806/61e50d4f/video/tos/useast2a/tos-useast2a-ve-0068c003/e03dc43dab0a4436b4e65c3f1e1c5f17/?a=1233&br=814&bt=407&cd=0%7C0%7C0&ch=0&cr=3&cs=2&cv=1&dr=0&ds=6&er=&ft=c~.Zm4L-gXoInz7T&l=202201170031250101130062131123DBB5&lr=all&mime_type=video_mp4&net=0&pl=0&qs=5&rc=amxzNWg6Zm1pNzMzNzczM0ApMzs1aWZlOTw4NzM4OzdkNWc0M2YzcjQwaWxgLS1kMTZzcy1eNDFfNV41NDJeMi1eYjI6Yw%3D%3D&vl=&vr=
video/mp4, bytesbytes 0-693192/693193, 1642379547.8348074, 1642379547.8362367, 1642379547.8583562, 1642379549.212719, v39.tiktokcdn-us.com, 392f6d768d4c445ef5a148629363fe1f, /392f6d768d4c445ef5a148629363fe1f/61e50d45/video/tos/useast2a/tos-useast2a-ve-0068c004/a9eb81410a7f48f794f98e82aae77edb/?a=1233&br=1254&bt=627&cd=0%7C0%7C0&ch=0&cr=3&cs=2&cv=1&dr=0&ds=6&er=&ft=c~.Zm4L-gXoInz7T&l=202201170031250101130062131123DBB5&lr=all&mime_type=video_mp4&net=0&pl=0&qs=5&rc=M3V0ZDxmOjtuNDMzMzczM0ApOmdmZGg3OGQ3N2VnZzQ5NWduZGVtNmVzMWRgLS02MTZzc2EyLi4xYmEuMzU1YzFeNWI6Yw%3D%3D&vl=&vr=
video/mp4, bytesbytes 1024000-2333611/2333612, 1642379563.3727684, 1642379563.3741055, 1642379563.3957775, 1642379565.0979862, v39.tiktokcdn-us.com, a9f9d53982f1ecb1da7f7868e4832d52, /a9f9d53982f1ecb1da7f7868e4832d52/61e50d65/video/tos/useast5/tos-useast5-ve-0068c004-tx/178c4bb4832b4526b15de9a07d6089a6/?a=1233&br=892&bt=446&cd=0%7C0%7C0&ch=0&cr=3&cs=2&cv=1&dr=0&ds=6&er=&ft=c~.Zm4L-gXoInz7T&l=202201170031250101130062131123DBB5&lr=all&mime_type=video_mp4&net=0&pl=0&qs=4&rc=M3JsZGQ6Zjg5OjMzZzczNEApZGhnODs1N2U8NzNlZjRkNGdxY3BocjRfZTBgLS1kMS9zczAvMi1jNl8wLzMwY2MuLTI6Yw%3D%3D&vl=&vr=
video/mp4, bytesbytes 0-1024000/1123117, 1642379566.1372359, 1642379566.138463, 1642379566.175471, 1642379570.4644194, v39.tiktokcdn-us.com, 6f33dd65f6977c955da599425c0c0a0e, /6f33dd65f6977c955da599425c0c0a0e/61e50d50/video/tos/useast2a/tos-useast2a-ve-0068c002/ad9e6f821ef94c0589f67264dbccb396/?a=1233&br=898&bt=449&cd=0%7C0%7C0&ch=0&cr=3&cs=2&cv=1&dr=0&ds=6&er=&ft=c~.Zm4L-gXoInz7T&l=202201170031250101130062131123DBB5&lr=all&mime_type=video_mp4&net=0&pl=0&qs=4&rc=anU4aW94PDRpeDMzZzczM0ApNzo5OGk7Nzs0NzszOjw3PGcyZmYtY2Znc2VfLS1jMTZzcy0wMWBfMTQuMDU1YTA0LWM6Yw%3D%3D&vl=&vr=
video/mp4, bytesbytes 0-633979/633980, 1642379604.2948349, 1642379604.2960124, 1642379604.315693, 1642379606.5902803, v19.tiktokcdn-us.com, 4a3584bb755e734b82e3cd393e5eb4ef, /4a3584bb755e734b82e3cd393e5eb4ef/61e50dbe/video/tos/useast5/tos-useast5-pve-0068-tx/f62e02f024c540c89a00998f535a6845/?a=1233&br=582&bt=291&cd=0%7C0%7C0&ch=0&cr=3&cs=2&cv=1&dr=0&ds=3&er=&ft=c~.Zm4L-gXoInz7T&l=202201170033170101131351321321199D&lr=all&mime_type=video_mp4&net=0&pl=0&qs=14&rc=anhtOmY6Zmo6OjMzZzczNEApOjM6NDc4aWRkNzVlODRpOWdybmZucjRfbTZgLS1kMS9zcy4vYmFhMV5jMzZeNjY1XjY6Yw%3D%3D&vl=&vr=
video/mp4, bytesbytes 0-1024000/1468106, 1642379607.0523105, 1642379607.0539427, 1642379607.0703645, 1642379609.491047, v19.tiktokcdn-us.com, e03ed2c388da63d2604ce28bf481557d, /e03ed2c388da63d2604ce28bf481557d/61e50dbc/video/tos/useast2a/tos-useast2a-ve-0068c001/b21486bb7d81477baabd50d3c947dcf1/?a=1233&br=1530&bt=765&cd=0%7C0%7C0&ch=0&cr=3&cs=2&cv=1&dr=0&ds=6&er=&ft=c~.Zm4L-gXoInz7T&l=202201170033170101131351321321199D&lr=all&mime_type=video_mp4&net=0&pl=0&qs=5&rc=ajRwZTw7bGR2NjMzNzczM0ApaWhnOWZlO2U7N2ZoZDg5M2dvNmFvMXBvYGRgLS1kMTZzcy8xNmJfXzItNC42Yy5gXzQ6Yw%3D%3D&vl=&vr=
video/mp4, bytesbytes 0-419481/419482, 1642379609.9385333, 1642379609.9394503, 1642379609.9678795, 1642379610.4944634, v19.tiktokcdn-us.com, 92f6f3f44fbf84c839841a914e9b6762, /92f6f3f44fbf84c839841a914e9b6762/61e50db4/video/tos/useast2a/tos-useast2a-pve-0068/46543e7d809d430f8c7b431197bb09bf/?a=1233&br=916&bt=458&cd=0%7C0%7C0&ch=0&cr=3&cs=2&cv=1&dr=0&ds=6&er=&ft=c~.Zm4L-gXoInz7T&l=202201170033170101131351321321199D&lr=all&mime_type=video_mp4&net=0&pl=0&qs=4&rc=ajc1ZWQ6Zml1NjMzNzczM0ApNDs7OWhnaDtoNzlkOTk4aWdnai1lcjRfcWpgLS1kMTZzc2M0YGBiYF8tYmA2Y2EuL2M6Yw%3D%3D&vl=&vr=
video/mp4, bytesbytes 0-630980/630981, 1642379610.7512345, 1642379610.752548, 1642379610.7689223, 1642379612.8197894, v19.tiktokcdn-us.com, 6b4406e639185a8d61830dc74846fa15, /6b4406e639185a8d61830dc74846fa15/61e50db8/video/tos/useast2a/tos-useast2a-ve-0068c004/b274bc18b5ef4d42bff648b62ad9e7cf/?a=1233&br=914&bt=457&cd=0%7C0%7C0&ch=0&cr=3&cs=2&cv=1&dr=0&ds=6&er=&ft=c~.Zm4L-gXoInz7T&l=202201170033170101131351321321199D&lr=all&mime_type=video_mp4&net=0&pl=0&qs=4&rc=M3Fxczs6Zmc1NzMzNzczM0ApNDY5aGY5ODtnNztlOTZmOmdvNV4vcjRncjFgLS1kMTZzcy9fXmBjXmAwLl9jNDAzYy46Yw%3D%3D&vl=&vr=
video/mp4, bytesbytes 1024000-1123116/1123117, 1642379612.9671533, 1642379612.9690454, 1642379613.0099223, 1642379613.5077662, v39.tiktokcdn-us.com, 6f33dd65f6977c955da599425c0c0a0e, /6f33dd65f6977c955da599425c0c0a0e/61e50d50/video/tos/useast2a/tos-useast2a-ve-0068c002/ad9e6f821ef94c0589f67264dbccb396/?a=1233&br=898&bt=449&cd=0%7C0%7C0&ch=0&cr=3&cs=2&cv=1&dr=0&ds=6&er=&ft=c~.Zm4L-gXoInz7T&l=202201170031250101130062131123DBB5&lr=all&mime_type=video_mp4&net=0&pl=0&qs=4&rc=anU4aW94PDRpeDMzZzczM0ApNzo5OGk7Nzs0NzszOjw3PGcyZmYtY2Znc2VfLS1jMTZzcy0wMWBfMTQuMDU1YTA0LWM6Yw%3D%3D&vl=&vr=
video/mp4, bytesbytes 73728-630980/630981, 1642379613.6944573, 1642379613.6955528, 1642379613.7082016, 1642379614.2112446, v19.tiktokcdn-us.com, 6b4406e639185a8d61830dc74846fa15, /6b4406e639185a8d61830dc74846fa15/61e50db8/video/tos/useast2a/tos-useast2a-ve-0068c004/b274bc18b5ef4d42bff648b62ad9e7cf/?a=1233&br=914&bt=457&cd=0%7C0%7C0&ch=0&cr=3&cs=2&cv=1&dr=0&ds=6&er=&ft=c~.Zm4L-gXoInz7T&l=202201170033170101131351321321199D&lr=all&mime_type=video_mp4&net=0&pl=0&qs=4&rc=M3Fxczs6Zmc1NzMzNzczM0ApNDY5aGY5ODtnNztlOTZmOmdvNV4vcjRncjFgLS1kMTZzcy9fXmBjXmAwLl9jNDAzYy46Yw%3D%3D&vl=&vr=
video/mp4, bytesbytes 0-568988/568989, 1642379614.462073, 1642379614.4632246, 1642379614.477749, 1642379614.9900842, v19.tiktokcdn-us.com, ace3d5028f435b022221b9c438eb58ad, /ace3d5028f435b022221b9c438eb58ad/61e50db9/video/tos/useast2a/tos-useast2a-pve-0068/0db5a52be4814ca482755ba7b47a0966/?a=1233&br=764&bt=382&cd=0%7C0%7C0&ch=0&cr=3&cs=2&cv=1&dr=0&ds=6&er=&ft=c~.Zm4L-gXoInz7T&l=202201170033170101131351321321199D&lr=all&mime_type=video_mp4&net=0&pl=0&qs=11&rc=M204cjw6Zm1zODMzNzgzM0ApZmZkOGdkaTs0NztmODk3aGdecmtrcjQwZXFgLS1kLzZzc2BjMWAwLTRfMC8wYmAuNGI6Yw%3D%3D&vl=&vr=
video/mp4, bytesbytes 0-638227/638228, 1642379621.6378102, 1642379621.640417, 1642379621.6707673, 1642379623.1928086, v19.tiktokcdn-us.com, e3d038fe42c66b71526e19b933813435, /e3d038fe42c66b71526e19b933813435/61e50db9/video/tos/useast2a/tos-useast2a-pve-0068/757a2f8b19044ed39ac6674811366bc1/?a=1233&br=852&bt=426&cd=0%7C0%7C0&ch=0&cr=3&cs=2&cv=1&dr=0&ds=6&er=&ft=c~.Zm4L-gXoInz7T&l=202201170033170101131351321321199D&lr=all&mime_type=video_mp4&net=0&pl=0&qs=4&rc=ampkM21rdWVrNjMzNzczM0ApOztlZjVkZWQ1N2UzaTRnNWdqM2luaWliMS5gLS1kMTZzczEzYzQ0NS4uLjUvYDQxLjU6Yw%3D%3D&vl=&vr=
video/mp4, bytesbytes 1024000-1468105/1468106, 1642379638.8405554, 1642379638.8420734, 1642379638.854198, 1642379639.4615033, v19.tiktokcdn-us.com, e03ed2c388da63d2604ce28bf481557d, /e03ed2c388da63d2604ce28bf481557d/61e50dbc/video/tos/useast2a/tos-useast2a-ve-0068c001/b21486bb7d81477baabd50d3c947dcf1/?a=1233&br=1530&bt=765&cd=0%7C0%7C0&ch=0&cr=3&cs=2&cv=1&dr=0&ds=6&er=&ft=c~.Zm4L-gXoInz7T&l=202201170033170101131351321321199D&lr=all&mime_type=video_mp4&net=0&pl=0&qs=5&rc=ajRwZTw7bGR2NjMzNzczM0ApaWhnOWZlO2U7N2ZoZDg5M2dvNmFvMXBvYGRgLS1kMTZzcy8xNmJfXzItNC42Yy5gXzQ6Yw%3D%3D&vl=&vr=
video/mp4, bytesbytes 0-1024000/1589872, 1642379639.8660862, 1642379639.8673437, 1642379639.9394495, 1642379641.1917784, v19.tiktokcdn-us.com, 8d175bc2b1612c0fae08d91d9d95cb98, /8d175bc2b1612c0fae08d91d9d95cb98/61e50dba/video/tos/useast2a/tos-useast2a-ve-0068c003/91c724bf933b40f5903e337d94f8f6a7/?a=1233&br=1944&bt=972&cd=0%7C0%7C0&ch=0&cr=3&cs=2&cv=1&dr=0&ds=6&er=&ft=c~.Zm4L-gXoInz7T&l=202201170033170101131351321321199D&lr=all&mime_type=video_mp4&net=0&pl=0&qs=5&rc=M2VqbzM6ZmQ7NjMzNzczM0ApZGU1aGc7ZGU2NzhoZTNoZ2dkZGFncjRfaG9gLS1kMTZzcy4zYmA1MmE0NmEzLV8tYjQ6Yw%3D%3D&vl=&vr=
video/mp4, bytesbytes 0-1008980/1008981, 1642379647.142038, 1642379647.1434662, 1642379647.1600122, 1642379649.3216298, v19.tiktokcdn-us.com, 8846a984ecc6eec29b281f70dbc86939, /8846a984ecc6eec29b281f70dbc86939/61e50dc2/video/tos/useast2a/tos-useast2a-ve-0068c004/7cafb5cfde74427492e56ce8ea5f87dd/?a=1233&br=760&bt=380&cd=0%7C0%7C0&ch=0&cr=3&cs=2&cv=1&dr=0&ds=6&er=&ft=c~.Zm4L-gXoInz7T&l=202201170033170101131351321321199D&lr=all&mime_type=video_mp4&net=0&pl=0&qs=4&rc=MzY0NTY6ZjhrNzMzNzczM0ApOzw5aGU5aTxpNzdnO2Y3M2djYnFmcjQwLmhgLS1kMTZzcy8xNjJjL2MzMmI2NDRgNF46Yw%3D%3D&vl=&vr=
video/mp4, bytesbytes 0-888812/888813, 1642379649.7965505, 1642379649.7979903, 1642379649.8080106, 1642379650.6557543, v19.tiktokcdn-us.com, ea1e6479442d57ab1d2be5810b913d8f, /ea1e6479442d57ab1d2be5810b913d8f/61e50dbd/video/tos/alisg/tos-alisg-pve-0037c001/528ecdee582c401d94082a44d9ece479/?a=1233&br=898&bt=449&cd=0%7C0%7C0&ch=0&cr=3&cs=2&cv=1&dr=0&ds=6&er=&ft=c~.Zm4L-gXoInz7T&l=202201170033170101131351321321199D&lr=all&mime_type=video_mp4&net=0&pl=0&qs=5&rc=M3E3eTY6ZjNsNzMzODczNEApOjRnNjNpO2U2NzxkMzU6OWdncGlwcjRfZDNgLS1kMS1zczUuNGEwLzEzXzAyYC00LjQ6Yw%3D%3D&vl=&vr=
video/mp4, bytesbytes 0-493479/493480, 1642379658.975218, 1642379658.9768765, 1642379658.9922082, 1642379661.0786164, v19.tiktokcdn-us.com, bb60bf7f477a48575ee8721d849af824, /bb60bf7f477a48575ee8721d849af824/61e50db5/video/tos/useast2a/tos-useast2a-ve-0068c001/2e99d8cb79244ae99f25ae3ac8163fed/?a=1233&br=1044&bt=522&cd=0%7C0%7C0&ch=0&cr=3&cs=2&cv=1&dr=0&ds=6&er=&ft=c~.Zm4L-gXoInz7T&l=202201170033170101131351321321199D&lr=all&mime_type=video_mp4&net=0&pl=0&qs=4&rc=M3hxczRra3FwNjMzNzczM0ApZWVkM2lnaWVmNzk0OjVoZmctaGdqMTVxcTFgLS1kMTZzcy1eMDQ0YTVgNl8yLTMvMGE6Yw%3D%3D&vl=&vr=
video/mp4, bytesbytes 1024000-1589871/1589872, 1642379670.5425282, 1642379670.5437129, 1642379670.5543838, 1642379675.533894, v19.tiktokcdn-us.com, 8d175bc2b1612c0fae08d91d9d95cb98, /8d175bc2b1612c0fae08d91d9d95cb98/61e50dba/video/tos/useast2a/tos-useast2a-ve-0068c003/91c724bf933b40f5903e337d94f8f6a7/?a=1233&br=1944&bt=972&cd=0%7C0%7C0&ch=0&cr=3&cs=2&cv=1&dr=0&ds=6&er=&ft=c~.Zm4L-gXoInz7T&l=202201170033170101131351321321199D&lr=all&mime_type=video_mp4&net=0&pl=0&qs=5&rc=M2VqbzM6ZmQ7NjMzNzczM0ApZGU1aGc7ZGU2NzhoZTNoZ2dkZGFncjRfaG9gLS1kMTZzcy4zYmA1MmE0NmEzLV8tYjQ6Yw%3D%3D&vl=&vr=
video/mp4, bytesbytes 0-418386/418387, 1642379678.631441, 1642379678.6394553, 1642379678.657526, 1642379679.125965, v19.tiktokcdn-us.com, 49a8034fa8a5a9e85138d263c04ace87, /49a8034fa8a5a9e85138d263c04ace87/61e50e02/video/tos/useast5/tos-useast5-ve-0068c004-tx/76d2b8ec07e045ac97babd32e7849b66/?a=1233&br=856&bt=428&cd=0%7C0%7C0&ch=0&cr=3&cs=2&cv=1&dr=0&ds=3&er=&ft=c~.Zm4L-gXoInz7T&l=202201170034350101131352281B296B49&lr=all&mime_type=video_mp4&net=0&pl=0&qs=14&rc=anY1dmk6Zmk2OTMzZzczNEApNTM7PDplZDs3N2k3NTQ0NGdtbl8ycjQwNTFgLS1kMS9zcy1iMTNhMjVgXzFhX2MvNWI6Yw%3D%3D&vl=&vr=
video/mp4, bytesbytes 0-587184/587185, 1642379679.2901263, 1642379679.2916737, 1642379679.308189, 1642379679.8179874, v19.tiktokcdn-us.com, 42823836272ead38b3c7a10785d7d943, /42823836272ead38b3c7a10785d7d943/61e50e01/video/tos/useast2a/tos-useast2a-ve-0068c001/0c2f08bc79c247508bee147852570e44/?a=1233&br=1376&bt=688&cd=0%7C0%7C0&ch=0&cr=3&cs=2&cv=1&dr=0&ds=6&er=&ft=c~.Zm4L-gXoInz7T&l=202201170034350101131352281B296B49&lr=all&mime_type=video_mp4&net=0&pl=0&qs=5&rc=amdzcjk6ZjpnNjMzNzczM0ApNDdoMzwzNjtkNztnNjc5ZWczNmBkcjRfbWxgLS1kMTZzc2IvYF41M2AtLS4wXl9iLzM6Yw%3D%3D&vl=&vr=
video/mp4, bytesbytes 0-951005/951006, 1642379680.1163766, 1642379680.1185393, 1642379680.1324167, 1642379680.9566517, v19.tiktokcdn-us.com, 166824a1de408c17d0ae198035cd8b3c, /166824a1de408c17d0ae198035cd8b3c/61e50e06/video/tos/useast2a/tos-useast2a-ve-0068c001/5f3422e45d71461f903cd1d7b939af71/?a=1233&br=1316&bt=658&cd=0%7C0%7C0&ch=0&cr=3&cs=2&cv=1&dr=0&ds=6&er=&ft=c~.Zm4L-gXoInz7T&l=202201170034350101131352281B296B49&lr=all&mime_type=video_mp4&net=0&pl=0&qs=5&rc=M3dyOjM6ZmtqNzMzNzczM0ApODszNGY3PDw4N2Y0O2g4ZGcyaGAycjRvY2xgLS1kMTZzc2JjXy8wX14xYWEyYjAxXy86Yw%3D%3D&vl=&vr=
video/mp4, bytesbytes 0-327184/327185, 1642379681.4384162, 1642379681.4403346, 1642379681.4508116, 1642379681.7811346, v19.tiktokcdn-us.com, eaf03568ecb55f8ebf4cab4dbb0c7b93, /eaf03568ecb55f8ebf4cab4dbb0c7b93/61e50e01/video/tos/useast2a/tos-useast2a-pve-0068/8523120659db42c49ab822b089c08837/?a=1233&br=794&bt=397&cd=0%7C0%7C0&ch=0&cr=3&cs=2&cv=1&dr=0&ds=6&er=&ft=c~.Zm4L-gXoInz7T&l=202201170034350101131352281B296B49&lr=all&mime_type=video_mp4&net=0&pl=0&qs=5&rc=MzhyNDU8ZHF2NTMzNzczM0ApZWVkZjg5aWQ3N2dpOjhmNGdtMG1yM2lmZ2RgLS1kMTZzc18xMDM0MGAwYGA2LTM2XzM6Yw%3D%3D&vl=&vr=
video/mp4, bytesbytes 0-569747/569748, 1642379682.565224, 1642379682.5668864, 1642379682.5775952, 1642379683.508443, v19.tiktokcdn-us.com, c9701587ca3a2c74d166f8f457fc61b9, /c9701587ca3a2c74d166f8f457fc61b9/61e50e03/video/tos/useast2a/tos-useast2a-ve-0068/ca60c61655f549038fb6212a2048fcff/?a=1233&br=1076&bt=538&cd=0%7C0%7C0&ch=0&cr=3&cs=2&cv=1&dr=0&ds=6&er=&ft=c~.Zm4L-gXoInz7T&l=202201170034350101131352281B296B49&lr=all&mime_type=video_mp4&net=0&pl=0&qs=4&rc=M2Q4cXI5azpscDMzNDczM0ApPDRkNjtnNTtmN2dpaTk4O2dnZ3NeY2w0aWxfLS0wMTZzc18yYzQyLTRhX14tNDNgMjA6Yw%3D%3D&vl=&vr=
video/mp4, bytesbytes 0-753029/753030, 1642379683.8215034, 1642379683.8258235, 1642379683.8390899, 1642379684.5822356, v19.tiktokcdn-us.com, 1c977b02d703652e85c16b36db51274c, /1c977b02d703652e85c16b36db51274c/61e50e03/video/tos/useast2a/tos-useast2a-pve-0068/631008cbb021410e9a05d0ff85d95e96/?a=1233&br=1362&bt=681&cd=0%7C0%7C0&ch=0&cr=3&cs=2&cv=1&dr=0&ds=6&er=&ft=c~.Zm4L-gXoInz7T&l=202201170034350101131352281B296B49&lr=all&mime_type=video_mp4&net=0&pl=0&qs=5&rc=M2lneWk6ZjozNzMzNzczM0ApZmlkPGQ4aDw8NzQ2ZzY7aWdgcmUucjQwZC5gLS1kMTZzczQvMmAzY14wYTU2MTI0YDM6Yw%3D%3D&vl=&vr=
