0,v09044e50000btueapv15l8sl3ukeqpg,8077,1038069&571816&372444,59112fd1703ec285c87604f36ffea332&ddcb61b43147131685b7065c8b1fa2a4&0d7a5687dee5f4632c60b63953777c15&d8819aba75135310630f53870cba74bd&428fd585ac37bb5a7b666f06b02d9629&f5e4d1e6ae309b3e0e90eedad8bfc2c0,https://v19.tiktokcdn-us.com/59112fd1703ec285c87604f36ffea332/61e5029e/video/tos/useast2a/tos-useast2a-ve-0068c004/13370ab11f50451d9ac6b44b0fed7e9d/?a=1233&br=2026&bt=1013&cd=0%7C0%7C0&ch=0&cr=3&cs=2&cv=1&dr=0&ds=6&er=&ft=c~.Zm4L-gXoInz7T&l=202201162345590101131350241F1A4F34&lr=all&mime_type=video_mp4&net=0&pl=0&qs=11&rc=anRuNnZvNHNodzMzODczM0ApOGQ1aDlnM2U6N2k4ZjRmZ2dtYnJpNTJzXnJfLS1iMTZzcy0zMzQvYy81MmM1LS8uYzQ6Yw%3D%3D&vl=&vr=
1,v12044gd0000c7bpv0jc77uakaoc0an0,12560,640394&488219&247339&213602,507b780b38c64872862c3ae67af06371&5423112e1c14725242f54f445ce12993&3ffd134e743e473f20d4536418dff27b&f14cbfb8b4cef73500eda38b102ec9d1&5fc39623c359bdaa526f03d6bc90ab0f&fcac266db4b97330e4fb279dc39861ed&b3cedf5f97a39ccd33e12f0a9ba08bc7&4be6f97e75b2ae626c5d593c207a2080,https://v19.tiktokcdn-us.com/507b780b38c64872862c3ae67af06371/61e502a3/video/tos/useast5/tos-useast5-ve-0068c004-tx/7fb7755292e94b97ae2acf9bbfa03fe3/?a=1233&br=1250&bt=625&cd=0%7C0%7C0&ch=0&cr=3&cs=2&cv=1&dr=0&ds=6&er=&ft=c~.Zm4L-gXoInz7T&l=202201162345590101131350241F1A4F34&lr=all&mime_type=video_mp4&net=0&pl=0&qs=11&rc=M2RmZGQ6ZjNzOjMzZzczNEApMzY7PDVoNWVlNzQ5aTppN2drLWxocjRnc19gLS1kMS9zcy4vYF5hMDA0NjI2MzNhYC86Yw%3D%3D&vl=&vr=
2,v09044g40000c6ugqd3c77u2124rt93g,20176,2319302&1902672&1030452&876028,823c8db6ecf45ff6862f66273a023494&5659b5f3ecf22b0d3144094f1ed66b26&979a66026c30466c5a1d9cac1f05bf67&f44a1325d3e0dcfda6dd373058805eef&a9fc4235f18254be7eac53427736ef9c&db2165eb599c94b22903f9b89af8562b&7d06db96bbf43f959d16349c4b1f25aa&358ae76badf893c6968425fa6bf68303,https://v19.tiktokcdn-us.com/823c8db6ecf45ff6862f66273a023494/61e502ab/video/tos/useast2a/tos-useast2a-pve-0068/9cf3926d23504f68ba3b97edcdc97826/?a=1233&br=4528&bt=2264&cd=0%7C0%7C0&ch=0&cr=3&cs=2&cv=1&dr=0&ds=3&er=&ft=c~.Zm4L-gXoInz7T&l=202201162345590101131350241F1A4F34&lr=all&mime_type=video_mp4&net=0&pl=0&qs=14&rc=ajx1NTU6ZmdqOTMzNzczM0ApNGkzaWQ1Nzs2NzU3NTQ6OmcwcTEucjQwbnJgLS1kMTZzczM2YjVgLy01YC0tXl40LWM6Yw%3D%3D&vl=&vr=
3,v09044g40000c1kjcjkfbh5e73ktqsqg,17807,788255&644665&394736&273289,9591576c6f87add3f5c987450a4683de&feadf5b66b0ad93b8532bc4a27bd2a53&141dad1bbe75b4155b88848c84355aae&edabe4a33232f5a35fb9576e1fceeae8&9167d2e47bc2e99dbaa6c65e97ecf77e&768cbfb1dffc3113e0cd56a76dd06aad&7a0f00fcbe4d203ed1c1a94ef65d3e34&c6e2af57da42857dd0b882de3756b4b9,https://v19.tiktokcdn-us.com/9591576c6f87add3f5c987450a4683de/61e502a8/video/tos/useast2a/tos-useast2a-pve-0068/28e9383b8a8843d19cdf71afb36ba310/?a=1233&br=1538&bt=769&cd=0%7C0%7C0&ch=0&cr=3&cs=2&cv=1&dr=0&ds=3&er=&ft=c~.Zm4L-gXoInz7T&l=202201162345590101131350241F1A4F34&lr=all&mime_type=video_mp4&net=0&pl=0&qs=14&rc=anZ3NmhraW1tNDMzNzczM0ApZGQ8ZzZkNDxkN2QzNzg7ZWdubmg0Ml9oYGhgLS1kMTZzczYyYV8zNS0vMC9hX2M1Y2E6Yw%3D%3D&vl=&vr=
4,v09044g40000c3lg95bc77u9h05eekn0,46089,555273&414793&370651&261713,c8b3d46b439dab4c4bb1ce0e859e48ab&0b363905a1eab93919d61c204fe61fde&cb750079f9a8beaf61ee2405c038f485&7670d52cd41bf40458bece9ddf3b832f&e0b261e6ec9a4ed6862fa209c74396a0&8def4986dfc7c1838016b581a6869044&a667374a2af09a0e6fd0cc2d3b0ce1e1&4c8844fecd4c3e4652c447403df3eb3a,https://v19.tiktokcdn-us.com/c8b3d46b439dab4c4bb1ce0e859e48ab/61e502c4/video/tos/useast2a/tos-useast2a-pve-0068/d71c0e8d4bdd441cb28765ca3433472b/?a=1233&br=1084&bt=542&cd=0%7C0%7C0&ch=0&cr=3&cs=2&cv=1&dr=0&ds=3&er=&ft=c~.Zm4L-gXoInz7T&l=202201162345590101131350241F1A4F34&lr=all&mime_type=video_mp4&net=0&pl=0&qs=14&rc=M25oMzw6ZjhqNjMzNzczM0ApN2kzaWQ4NDtmN2c6ZTg8aWdrYjJlcjRfNmlgLS1kMTZzczA0YmNjY2AtYDI2MDBfNjY6Yw%3D%3D&vl=&vr=
5,v09044g40000c42euh3c77u1fkgu3370,16646,567887&444282&223592&160019,60b45b282219882382473541bbbefa96&ed3479b6da9f28586af3532b5745e8f2&5a290f6e4e3f35be096aea7601f4a459&813b5fc6c34f07c5cb460cf6917684b7&5be49db18dce7331244aefee2b34d9e7&4a5099960c955a2a057a8acc2a10c69b&94f0617bbd969b31650ddd6b755e4c06&ec975f86a9b51830bfd7f809affaf19e,https://v19.tiktokcdn-us.com/60b45b282219882382473541bbbefa96/61e502a7/video/tos/useast2a/tos-useast2a-pve-0068/353eea5c512a4e96bf4aed8f1a7c9fe9/?a=1233&br=1108&bt=554&cd=0%7C0%7C0&ch=0&cr=3&cs=2&cv=1&dr=0&ds=3&er=&ft=c~.Zm4L-gXoInz7T&l=202201162345590101131350241F1A4F34&lr=all&mime_type=video_mp4&net=0&pl=0&qs=14&rc=MzZ4bjQ6ZmtoNzMzNzczM0ApODc0NGk0NmVlN2Q7OjczM2c0MGRjcjQwci9gLS1kMTZzcy8tMWFiYS5fMzIyNTUxXy06Yw%3D%3D&vl=&vr=
6,v09044g40000c33c97iemsh0t2h21a7g,23752,1481860&967805&502757&322580&298757,2809ff0583b3e73e4fad360366f09d5c&8c3a3e87cfd75bd7f330a9e189e1c734&eb4da72b987a7467bab59c46d233ab17&d2433a614463f2cf7a000cd5fe56025e&b5ed83584eee7e7ad7e33f78dac7e17a&68af6cbf9dd661be4b7d3ef77037665e&01237bdbb47bf52c7d2ba3bf6a2ef4c7&fbd7a1e5f04035ab279cdd0a975c7400&579010edc120e4f963e1077c8d707ade&0973046cd8aa30ac57bbdace96a74fa5,https://v19.tiktokcdn-us.com/2809ff0583b3e73e4fad360366f09d5c/61e502ae/video/tos/useast2a/tos-useast2a-pve-0068/6db60453f1e54ed6a6763c05f1e88f44/?a=1233&br=2894&bt=1447&cd=0%7C0%7C0&ch=0&cr=3&cs=2&cv=1&dr=0&ds=3&er=&ft=c~.Zm4L-gXoInz7T&l=202201162345590101131350241F1A4F34&lr=all&mime_type=video_mp4&net=0&pl=0&qs=14&rc=amQ1NTN2aDpmNjMzNzczM0ApZjRkZzc6NzxkN2U4Ozg4O2c0LmVxZWpmNjBgLS1kMTZzczEvYWE1NDVhMjUvMTMyMzY6Yw%3D%3D&vl=&vr=
7,v09044g40000c3sb163c77u1q5eb1gn0,50199,2384648&1679789&1035368&582274,12664d4a7fe0b17a827b272c94b2996e&5f0574666a487101af4665fdb3c2566f&15c4c4256a326c8cde1053a98efd3c35&0c48463ccbc890bc65e701b2966417b2&e136452f298f26355603d7c27f4f82ed&547dd6a1442b989bc5c55a2097ff227e&44fa0c50010f873ff407503b3299efd2&d4db9c5877fc41a8754b7b9f56a3ac76,https://v19.tiktokcdn-us.com/12664d4a7fe0b17a827b272c94b2996e/61e502c9/video/tos/useast2a/tos-useast2a-pve-0068/f8286e158fda4ed7bdaec686e27037e0/?a=1233&br=4656&bt=2328&cd=0%7C0%7C0&ch=0&cr=3&cs=2&cv=1&dr=0&ds=3&er=&ft=c~.Zm4L-gXoInz7T&l=202201162345590101131350241F1A4F34&lr=all&mime_type=video_mp4&net=0&pl=0&qs=14&rc=M2plODQ6ZjllNjMzNzczM0ApZTtmM2Y4ZmU4Nzg0ZTxlOGdrLmJucjQwLnBgLS1kMTZzc2AwYWAzNjBfNDEzXy8uLjU6Yw%3D%3D&vl=&vr=
8,v090445c0000brsj2d7kvluo3u9i7rsg,6639,1025429&793373&341692&224755,03d2e443d5c46c8fe311e136e450e168&38b5c94b869db099e15e1aede567cfc0&7ff120856cdb949369b0afa775179ade&6b7906f2224dce1a56ae8860cd05986f&6942c5069e76f27bbb5d3476ae5decc6&6b08a85d4076c4ee006c395e39beb527&7bf7991c644e5eea3899e3d01227c7ff&edb0b9565c6d2fd742122d375f6ea880,https://v19.tiktokcdn-us.com/03d2e443d5c46c8fe311e136e450e168/61e5029d/video/tos/useast2a/tos-useast2a-ve-0068c003/a61a2fdecc7f4812a7e9dcb661f65801/?a=1233&br=2002&bt=1001&cd=0%7C0%7C0&ch=0&cr=3&cs=2&cv=1&dr=0&ds=3&er=&ft=c~.Zm4L-gXoInz7T&l=202201162345590101131350241F1A4F34&lr=all&mime_type=video_mp4&net=0&pl=0&qs=14&rc=anVseHJvbmdtdTMzZjczM0ApaDZpNzQ0ZTw1N2YzOGk7OmdwNDYwcnM0L3BfLS0yMTZzc2IvYzAvMC8yNDJgNWBhYF86Yw%3D%3D&vl=&vr=
9,v09044g40000c1qs7cld1cjmekntikqg,10679,864376&417645&264892,ef2be11ede2873d92c13f9ea6a8aee86&d44d470bb1da12f24f99489b4b748e01&37fefe542a771eff7fdd5ebf78052a67&1160d3dac878c551f49c33b42d2bf0bc&e6b03352fd13e8d8d66f857124dc8daa&cc0e52cd450f985e8e9db0f9c4b41261,https://v19.tiktokcdn-us.com/ef2be11ede2873d92c13f9ea6a8aee86/61e502a1/video/tos/useast2a/tos-useast2a-pve-0068/250df16a02a94b9187bfb0c9e76bfd7c/?a=1233&br=1688&bt=844&cd=0%7C0%7C0&ch=0&cr=3&cs=2&cv=1&dr=0&ds=6&er=&ft=c~.Zm4L-gXoInz7T&l=202201162345590101131350241F1A4F34&lr=all&mime_type=video_mp4&net=0&pl=0&qs=11&rc=am53bnBmZ2Z2NDMzNzczM0ApNTY0Z2ZoNWVoN2U8NWhoNGduZmtiZy5pNG5gLS1kMTZzczUzMF5jNTYxNl8tLTIuNl86Yw%3D%3D&vl=&vr=
10,v09044g40000c23krfe7g8j7827nf5m0,20176,1391827&955897&832763&560077,7a2becfffbcdc87b582419654422d08e&33bcbaef12a631d6f37238ea3c22bf85&88ffafd4c2c628a05e5ce790421f441d&1cf15128e79a47d8f5a229293373205a&957cd5263da148eff7c2b6bd6d73c3fb&5bf7ed68bbbcc66a5b3de43a39fc326d&7f4a064d4fbf420bad04efe50f484841&3b947bd20d74928b5881299becbd253b,https://v25.tiktokcdn-us.com/7a2becfffbcdc87b582419654422d08e/61e502ef/video/tos/useast2a/tos-useast2a-ve-0068c003/0ed2412d233a49eba49e4af52e6d8eb1/?a=1233&br=2718&bt=1359&cd=0%7C0%7C0&ch=0&cr=3&cs=2&cv=1&dr=0&ds=3&er=&ft=c~.Zm4L-gXoInz7T&l=2022011623470701011300624410152897&lr=all&mime_type=video_mp4&net=0&pl=0&qs=14&rc=MzhxNTo7OmluNTMzNzczM0ApZGY3OjgzaTw0NzU7Z2k7OWdqYzQ1Z2RibzBgLS1kMTZzczNjYl4xXmNiXmEvMl9hMWE6Yw%3D%3D&vl=&vr=
11,v09044g40000c43ejobc77ue6he4rg2g,17482,500223&416016&227615&166397,de9a28a6a6ba3f2e6083d1433ade3678&94acd70130c4c3666285d2c8c21ba6b2&51511365eb3d6467123c9105f4b6706c&d752e4825d283f6904f677dc3ab01fd5&599344a4e4e27aaf858a74e1c453b03c&7d760d40bf6792aa4e60cba6697f2ea8&3068a39812e1bda53ceb51606be3fb3a&e12abc9410472c59ca61cd15d4e1dae3,https://v25.tiktokcdn-us.com/de9a28a6a6ba3f2e6083d1433ade3678/61e502ec/video/tos/useast2a/tos-useast2a-ve-0068c004/ebeda0edfad943b88c11b94bd99d0786/?a=1233&br=976&bt=488&cd=0%7C0%7C0&ch=0&cr=3&cs=2&cv=1&dr=0&ds=3&er=&ft=c~.Zm4L-gXoInz7T&l=2022011623470701011300624410152897&lr=all&mime_type=video_mp4&net=0&pl=0&qs=14&rc=amo3a2g6ZnJoNzMzNzczM0ApNGhpNzppNmQ2NzRoNGk0OWcvb2IzcjRfZzBgLS1kMTZzczM1YzIvYWIzYC5iM2AvYDE6Yw%3D%3D&vl=&vr=
12,v09044g40000c2qmm5u2iutjg46gq610,15230,1793520&1235045&889186&593926,c98746b4ba699f589146f15140c69b21&1dc79e1064f20e7b24954b6556896d6b&f124b702da787a1dac2079b3fceffb9e&3b81f7562150b84b308ac501f251d4ba&b74d6c96be4a7ad53e0a0066b4a4f190&7c41b2e57abc8f6e105fbb57381f01cc&43eee4364b5bd666f1ec28e58dc559fe&526357a9147be2f4dfac38487b373c85,https://v25.tiktokcdn-us.com/c98746b4ba699f589146f15140c69b21/61e502ea/video/tos/useast2a/tos-useast2a-ve-0068c004/8c2392560472467faadd751cb7757143/?a=1233&br=3502&bt=1751&cd=0%7C0%7C0&ch=0&cr=3&cs=2&cv=1&dr=0&ds=3&er=&ft=c~.Zm4L-gXoInz7T&l=2022011623470701011300624410152897&lr=all&mime_type=video_mp4&net=0&pl=0&qs=14&rc=MzlqN214NThwNTMzNzczM0ApZGdlO2c7O2VpNzRnZWYzNGcubjNkcWZyam5gLS1kMTZzc14yXzNgLS1gYzI2NjY2YzY6Yw%3D%3D&vl=&vr=
13,v12044gd0000c7878sjc77u7psv0afkg,15067,661557&552707&464615&385418,3b4c6089a14f8d4ca0f4d108dea75b4e&c41c13a49f52d0d9cf0f48654d64e3a6&a9fe8a7aab0792e6586d3b1b85b57d6b&7cee2e37f98932e63a7d5d50ec73fe9a&36f393d2c202454f73744967d20ce139&692fe5e7930aea6e4271275d84c843f6&57a325372740dccfa34b0b4cbcdd16ef&905af5ba300dc6dc1ee51cb835118a7f,https://v25.tiktokcdn-us.com/3b4c6089a14f8d4ca0f4d108dea75b4e/61e502e9/video/tos/useast5/tos-useast5-ve-0068c004-tx/288c2e7eff49415ba3911a0c11c53285/?a=1233&br=1292&bt=646&cd=0%7C0%7C0&ch=0&cr=3&cs=2&cv=1&dr=0&ds=3&er=&ft=c~.Zm4L-gXoInz7T&l=2022011623470701011300624410152897&lr=all&mime_type=video_mp4&net=0&pl=0&qs=14&rc=amkzdjo6ZnY6OjMzZzczNEApODloODVnOmU6N2k8NzQ6OGdoXnNtcjRnNTVgLS1kMS9zc2NeMzYvYl8tXy4tM19gXjY6Yw%3D%3D&vl=&vr=
14,v09044g40000c3kgrejc77u9jqnp7kpg,39820,1450795&1047947&813997&500737,24a8edc387466949dfc994f2840a706c&4c97d3614018958db62267df2880bb5b&803dadc30bd633edeb0f18d5df43a75f&b84202698714be7c1fd5f2b865c1412a&3fec29e32f1cf33ab426dc89ed789d42&2ddce2eac9c43776d4ef0c0a8f279178&3580a6055f25bc39a85f66ffab497920&78d05f72d922cde801eb08dc27b8f90a,https://v25.tiktokcdn-us.com/24a8edc387466949dfc994f2840a706c/61e50302/video/tos/useast2a/tos-useast2a-ve-0068c001/99d27d54a7b143af86fa5f55f0b033eb/?a=1233&br=2832&bt=1416&cd=0%7C0%7C0&ch=0&cr=3&cs=2&cv=1&dr=0&ds=3&er=&ft=c~.Zm4L-gXoInz7T&l=2022011623470701011300624410152897&lr=all&mime_type=video_mp4&net=0&pl=0&qs=14&rc=am5zdDw6ZmhqNjMzNzczM0ApNGk2aTVmZWU7N2U7Zzk7O2dtNGtncjRnb2hgLS1kMTZzc2I2LS8vNDUwX2A0My8xLjU6Yw%3D%3D&vl=&vr=
15,v09044g40000c2jv6hga6lvlhf9ml8fg,21221,1844886&1518566&799751,e99fe7f0059060467e7cdb328e22cb8c&46cdf83f26ade7266304cbf5d13c8749&b0dc105bf0738d5f1b4bc646bc9b2343&772cd09ff489835eab6b839e082b6fc6&7dd1a7329f6a2a3cf62d23c9851c1bd1&e5f024f18b8f3e1c9066cefde486928d,https://v25.tiktokcdn-us.com/e99fe7f0059060467e7cdb328e22cb8c/61e502f0/video/tos/useast2a/tos-useast2a-ve-0068c001/5b760373d72949838db6ae7478a36a43/?a=1233&br=3602&bt=1801&cd=0%7C0%7C0&ch=0&cr=3&cs=2&cv=1&dr=0&ds=6&er=&ft=c~.Zm4L-gXoInz7T&l=2022011623470701011300624410152897&lr=all&mime_type=video_mp4&net=0&pl=0&qs=11&rc=ajtwaW9vZGt5NTMzNzczM0ApNGZmZmg1aGU3Nzk2PDo8ZWdjaTZlczNkM2dgLS1kMTZzczY2YGAyMzAwMjIzMWBjYDY6Yw%3D%3D&vl=&vr=
16,v09044g40000c2a8isdj4q5u8o8d96ag,8264,540308&478499&311419&223721,c6c6ca8684b6e25bd763afc371d896f7&50376a9c69708cb2ba1c8900d00c8a7b&31faa6fedb8212cef35cce5a0e4e3827&2ca92a430315eda2f0f9d160f66d28f9&e185e9e96021a93cf25d00ec1916c3a6&2fadd4ebd9f1b1143e1f5135dea51fab&e71223490ef69b7e78e4e02e4e5573a0&4df59d14d83b8ba63049db802d71fc79,https://v25.tiktokcdn-us.com/c6c6ca8684b6e25bd763afc371d896f7/61e502e3/video/tos/useast2a/tos-useast2a-pve-0068/060bd750fbeb462c8e674263b1a14cc8/?a=1233&br=1054&bt=527&cd=0%7C0%7C0&ch=0&cr=3&cs=2&cv=1&dr=0&ds=3&er=&ft=c~.Zm4L-gXoInz7T&l=2022011623470701011300624410152897&lr=all&mime_type=video_mp4&net=0&pl=0&qs=14&rc=ajlncnh0bXY7NTMzNzczM0ApPDs8Nzk0ZmVmN2c3M2lkO2deNjU1MjFhZl5gLS1kMTZzcy8uXjMtYTJiX2BjMjIuNjQ6Yw%3D%3D&vl=&vr=
17,v12044gd0000c7d0b4bc77uekfci7l50,11770,680590&563748&390091&298756,f64131d190f974a1223bfd5edfbc0c91&21af7e2bf5a073e46bf4f1a85c688d4f&dad12909a2fabedf18a3d6dc4629629c&475c8eb697ca9fed43f1dbd6c0845f66&c6c7a3ca0d30ab5396bb785c6baa2502&f3c18ad540f273dcd56f2366c176e4f5&110050c4dda14c8c3ccfb4596894c44e&b4edda06cab1882b0b5a9e531abdfdc9,https://v25.tiktokcdn-us.com/f64131d190f974a1223bfd5edfbc0c91/61e502e6/video/tos/useast5/tos-useast5-ve-0068c003-tx/724514e92b8043a6947f02201f7c50ab/?a=1233&br=1328&bt=664&cd=0%7C0%7C0&ch=0&cr=3&cs=2&cv=1&dr=0&ds=3&er=&ft=c~.Zm4L-gXoInz7T&l=2022011623470701011300624410152897&lr=all&mime_type=video_mp4&net=0&pl=0&qs=14&rc=M29saWg6ZjczOjMzZzczNEApZ2hkaDY8NmQ7N2hnNjplaGcyNGBocjRfX2FgLS1kMS9zc2I2YzFeNTYyMTAyL2ItMmA6Yw%3D%3D&vl=&vr=
18,v10044g50000c6c36brc77u6q3q4r3og,25354,583702&337395&211799,dc9f53f69d54769f16c86aa7f2fc1dc6&90701f7138e8de4bd1c966c760200735&7411d96f4c7a254347c2655cd568d5ab&04ae34ffb65c86d0f3cdfea69800b876&ba13a8c39d92ecec6d2626ed4b82b703&372dd62dd48c85c42b4c0d7aba2edd4c,https://v25.tiktokcdn-us.com/dc9f53f69d54769f16c86aa7f2fc1dc6/61e502f4/video/tos/alisg/tos-alisg-pve-0037c001/0fcd2e46f8c24166a41b1a8f9f5a534e/?a=1233&br=1140&bt=570&cd=0%7C0%7C0&ch=0&cr=3&cs=2&cv=1&dr=0&ds=6&er=&ft=c~.Zm4L-gXoInz7T&l=2022011623470701011300624410152897&lr=all&mime_type=video_mp4&net=0&pl=0&qs=11&rc=ajY3Njk6ZmU2OTMzODczNEApaDU1ODpnZzxmNzNmZGg4M2dsb25ucjRvM2BgLS1kMS1zczEuMDQxM2M0NS9jMWA0My46Yw%3D%3D&vl=&vr=
19,v09044970000c15qot31m2ohdov0nv80,7637,599575&441121&262117&179080,39a84a96463da8587788189a25ca5a46&b5ca5ff2534b602aa5effe33d6cafdee&bf1a0682d1220400039dce3d21c7b768&fd8089769d204e57414521aebc9fedd3&56023167e99ee30b79f3d38e67634c09&e03d1f0dd28cc91ae08cf8b2a5814e61&a43f93d5941a79848766d6eddc204a49&4256e29af92360543bc29e8da5d1a86c,https://v25.tiktokcdn-us.com/39a84a96463da8587788189a25ca5a46/61e502e2/video/tos/useast2a/tos-useast2a-ve-0068c002/9a2794aa230541308cc5eca4e5bafa23/?a=1233&br=1170&bt=585&cd=0%7C0%7C0&ch=0&cr=3&cs=2&cv=1&dr=0&ds=3&er=&ft=c~.Zm4L-gXoInz7T&l=2022011623470701011300624410152897&lr=all&mime_type=video_mp4&net=0&pl=0&qs=14&rc=M3kzcms1NHd0NDMzOjczM0ApZGc7OjU6PGQ3Nzg4aTozZGc1a3NhbGowbDJgLS02MTZzcy82YjItMV9iLV8vYjEwNF86Yw%3D%3D&vl=&vr=
20,v09044f40000bq3sfh273oo36di7q7bg,15416,735858&566761&327403,156b0889305324dff7ed2abb17f44c34&2960285672975482c234dc5a517b6b76&062d895d4b7e6b8b2fde82ca526500c7&ccdefbc4ae90cd58c1b6dbb0286b7f57&f107abb1974f51e50db40948e5b6a4a6&aa35845ac5d8901b89fe05994992a517,https://v19.tiktokcdn-us.com/156b0889305324dff7ed2abb17f44c34/61e50360/video/tos/useast2a/tos-useast2a-pve-0068/1a4eb2b04b464350bb484bfe194ad9cb/?a=1233&br=1436&bt=718&cd=0%7C0%7C0&ch=0&cr=3&cs=2&cv=1&dr=0&ds=3&er=&ft=c~.Zm4L-gXoInz7T&l=20220116234904010113135134191C2517&lr=all&mime_type=video_mp4&net=0&pl=0&qs=14&rc=ajo6ZzZyOmt2dDMzNzczM0ApZGkzNmk6MzszNzs8NGRlOGdfbmYzbDAvYzBfLS1jMTZzczEyLy9fMDFjMWBiXmFjM2A6Yw%3D%3D&vl=&vr=
21,v07044420000c199u5s35dppe9q0d1j0,8032,700067&442899&309569,e6981c052f7c24abb9d445169765c482&4bd64e89f63b8458950ae10e185ead18&394cc4304f0094fef2f0c3d29e20e9c1&b82c0f7a73249da981a9f574d9a0feab&446a243264963cab35fec52c9ec1cf14&a9762510659ee371ded1af5aa84f9b72,https://v19.tiktokcdn-us.com/e6981c052f7c24abb9d445169765c482/61e50358/video/tos/alisg/tos-alisg-pve-0037c001/202e295a089748c1b884ab25998a2b3a/?a=1233&br=1366&bt=683&cd=0%7C0%7C0&ch=0&cr=3&cs=2&cv=1&dr=0&ds=6&er=&ft=c~.Zm4L-gXoInz7T&l=20220116234904010113135134191C2517&lr=all&mime_type=video_mp4&net=0&pl=0&qs=11&rc=MzQzPHNnNjg8NDMzNTczM0ApOTk5aGRlOjw6Nzg7NTxnZmdnYW5ibTJwcjZgLS0xMTRzczZfMTZjMGEyYDA0LmJfMWM6Yw%3D%3D&vl=&vr=
22,v09044g40000c1n21093do78fvgam52g,14928,1985159&1630658&653285&420754,e4728da1b795229ca7009c32cb97ae84&3561ccac6285ed2dad83a143e94f53e3&432e6e05a7d4c84bfd5d7cb254bde6c3&de864d68ce146cd63a05e147715ac4f9&e9b406309425b6dcbd8e97f1de273dc7&8c9c7c1fb196b4047d6f0b1889be514a&d987afe1a2a060bf2db368af432afa41&96e95b073c854900b2e70a5042e9a604,https://v19.tiktokcdn-us.com/e4728da1b795229ca7009c32cb97ae84/61e5035f/video/tos/useast2a/tos-useast2a-pve-0068/21c531d693a240fbb4c2d8a41a8caa19/?a=1233&br=3876&bt=1938&cd=0%7C0%7C0&ch=0&cr=3&cs=2&cv=1&dr=0&ds=3&er=&ft=c~.Zm4L-gXoInz7T&l=20220116234904010113135134191C2517&lr=all&mime_type=video_mp4&net=0&pl=0&qs=14&rc=ajhkeTtyNjM1NDMzNzczM0ApZjY7NmdpO2U3N2c0ZWlnZWcvamRjNGE2LmtgLS1kMTZzc18xMmMuLzMuLy4xMGMwYWI6Yw%3D%3D&vl=&vr=
23,v09044ad0000c0qnh58p8rsb4e7eg120,14208,881638&644122&349950&209351,3f517b0dc7cc57f1f6b5e916650b8e96&8331f85024bac0e6bd1978c41b0cd546&64944b1384ba69f7d1ac8a0a3d212720&35717fd7cef29e711a84506eead36011&cb978a9c22e396e129baf09aa5e35483&ecb18da9b229eae18dc306f2f7d594fb&24ff45cea461555f1d763a81dc18714f&0ea115e18f824bbf5a9d06df5feffab4,https://v19.tiktokcdn-us.com/3f517b0dc7cc57f1f6b5e916650b8e96/61e5035f/video/tos/useast2a/tos-useast2a-ve-0068c002/78aa8b14fb054a35b79487b137b29b3c/?a=1233&br=1720&bt=860&cd=0%7C0%7C0&ch=0&cr=3&cs=2&cv=1&dr=0&ds=3&er=&ft=c~.Zm4L-gXoInz7T&l=20220116234904010113135134191C2517&lr=all&mime_type=video_mp4&net=0&pl=0&qs=14&rc=MzRoaGV1czhxMzMzZzczM0ApO2Y3aDtkPDxpNzQ5ZmQ3OGcvZDQxcDU1ZW5gLS1eMTZzcy5gMS4wXzJiLWM0MDAvMTI6Yw%3D%3D&vl=&vr=
24,v09044g40000c6bjhcrc77ue1odlkdo0,7940,604161&439135&296553&183383,ab024036f836991ec27577a0edd17a1a&68476d115f98da0086bf7b8c9fdc9735&415ffd41dd76f62087b516c88fe78e7f&286247d1e6862ee30c45c7baeeaa2a8c&ce13761ddb49b7583cde402be6925beb&1d77493ad8a7d420f383c21ed3b3edcf&aaef19dc7e6dfe7fdb75213c02cf2c4a&887a7bfa9f26553af48cd4ca9603823f,https://v19.tiktokcdn-us.com/ab024036f836991ec27577a0edd17a1a/61e50358/video/tos/useast2a/tos-useast2a-ve-0068c004/53037072e7ea46719f71503983e53896/?a=1233&br=1180&bt=590&cd=0%7C0%7C0&ch=0&cr=3&cs=2&cv=1&dr=0&ds=3&er=&ft=c~.Zm4L-gXoInz7T&l=20220116234904010113135134191C2517&lr=all&mime_type=video_mp4&net=0&pl=0&qs=14&rc=M2dvcmg6ZmZtOTMzNzczM0ApNWg6aWY2aGU8NzdpOWc7OWdsaGEucjRvZV9gLS1kMTZzc15hLjIzXmIxNWNeYjUwYGA6Yw%3D%3D&vl=&vr=
25,v09044g40000c2t3lrho1amdn3nre0s0,5013,756227,24d56b558be8ebda7f89e44e69551a3a&05012d5336e8a32ef1e8e8e4eb29f283,https://v19.tiktokcdn-us.com/24d56b558be8ebda7f89e44e69551a3a/61e50355/video/tos/useast2a/tos-useast2a-ve-0068c004/e99cb9d5a11d4ac7a496622b02f8a9ad/?a=1233&br=1476&bt=738&cd=0%7C0%7C0&ch=0&cr=3&cs=0&dr=0&ds=2&er=&ft=c~.Zm4L-gXoInz7T&l=20220116234904010113135134191C2517&lr=all&mime_type=video_mp4&net=0&pl=0&qs=0&rc=MzN1NmdkcnU2NTMzNzczM0ApNjk0Z2c7Zzs4NzRmMzYzM2dwYmtrai5laXFgLS1kMTZzc2BiNV4zNTEyNjQ0XmEzMS86Yw%3D%3D&vl=&vr=
26,v09044g40000c4mg0q3c77u950nmju0g,19177,3191109&1932525&1342438&707823,31e45a2ef2339c325e9e30bce3daa212&1e6211fc9eb6ac3e2a09fb2acfe000f0&514fd72750e1b9dceb69d3d10276ef66&2035fc876a0c5a2fc8078c81d07b976d&bd9cba3286ac922dd3789743926582cb&dec88ef3e8e578ba538c1e5f97d0a1ef&b1487bdc4de013dc4936f589adb2e2a0&8fdc07e847ecc23e21df8e9e9ac2c8dc,https://v19.tiktokcdn-us.com/31e45a2ef2339c325e9e30bce3daa212/61e50364/video/tos/useast2a/tos-useast2a-ve-0068c003/1578429937b3407ab574c8a84355dafb/?a=1233&br=6232&bt=3116&cd=0%7C0%7C0&ch=0&cr=3&cs=2&cv=1&dr=0&ds=3&er=&ft=c~.Zm4L-gXoInz7T&l=20220116234904010113135134191C2517&lr=all&mime_type=video_mp4&net=0&pl=0&qs=14&rc=anhwMzw6ZnRqNzMzNzczM0ApOTxoaWhlOjs6NzM3OzQzO2ctZ2sycjQwLWpgLS1kMTZzcy1hXy9jXmIyMjFjXzIyMS06Yw%3D%3D&vl=&vr=
27,v09044g40000c2q01jk1se6edeiqos2g,20896,1262211&1035288&794761&542759,46131d9e37b68ad65fc400a2cbdf7719&c9ac58a67c2c3f6e51ef585f4cbc1fa9&ab3ba3088de39e447091f46fa4f72886&cd51db6ebf02257c4459af6b77de0a31&42e6abcfa8142bda0f88d48b340460ea&9f8c4b40d6c12d0608497ddca3e0e9d5&f79418ecc8455b935792e03eadb331b2&1725de58c9f8a5068deaf76fec798657,https://v19.tiktokcdn-us.com/46131d9e37b68ad65fc400a2cbdf7719/61e50365/video/tos/useast2a/tos-useast2a-ve-0068c001/032f2f8815304c9394dd37c63db334a2/?a=1233&br=2464&bt=1232&cd=0%7C0%7C0&ch=0&cr=3&cs=2&cv=1&dr=0&ds=3&er=&ft=c~.Zm4L-gXoInz7T&l=20220116234904010113135134191C2517&lr=all&mime_type=video_mp4&net=0&pl=0&qs=14&rc=anZ0aGhoNG0zNTMzNzczM0ApOWRpPDxnOGVoN2Y3OTVmO2cvbGZhM3BoLm5gLS1kMTZzczFhYjU2NWAzXjAuLS8uLi46Yw%3D%3D&vl=&vr=
28,v09044g40000c4ohat3c77u88dlsgkjg,9542,942322&447409&317248,7fd253ac3a11d6a433060a1eddc70226&ad407d57ff703c7d788dde181f408b53&e997035a8377f3ed9bb7600db5f08f87&4d3b2fd77f90294c295f693548fba80b&ddd62f533ed7b027b946a34a33c4ce79&78745577436e7e8ce83a01574592ee8d,https://v19.tiktokcdn-us.com/7fd253ac3a11d6a433060a1eddc70226/61e5035a/video/tos/useast2a/tos-useast2a-ve-0068c004/c54e4db20e74481fa121eb15af5f85e5/?a=1233&br=1840&bt=920&cd=0%7C0%7C0&ch=0&cr=3&cs=2&cv=1&dr=0&ds=6&er=&ft=c~.Zm4L-gXoInz7T&l=20220116234904010113135134191C2517&lr=all&mime_type=video_mp4&net=0&pl=0&qs=11&rc=am52Zzs6ZndrNzMzNzczM0ApaTU3PGc5N2U1NzM1Nzk1OmdnZGk1cjQwXmxgLS1kMTZzc2AtXjAxXy8yMGIwNS5jXzA6Yw%3D%3D&vl=&vr=
29,v09044g40000c39ork8o4qnr8507sfp0,17019,2400024&1680624&812197&524204,5322f93cb7b8d2631a435f7597552d58&3d7eb4269e80544590b6ff4adb8906bb&6ba039be66ce9cbfaf42b4ca893bfa0e&072b307d7368f0a74d68d2e540e70f8a&6ca9daf0aa95f3bccf593b006471857a&c7bb9782ad35dff541fcec929143888f&cf1ae4b0259a5e40a017c2046e0a948c&601e668fa978e20f3b292e7e2f8988df,https://v19.tiktokcdn-us.com/5322f93cb7b8d2631a435f7597552d58/61e50361/video/tos/useast2a/tos-useast2a-ve-0068c003/b2f1a5a1d3f0448f9fb4b5a037c92027/?a=1233&br=4686&bt=2343&cd=0%7C0%7C0&ch=0&cr=3&cs=2&cv=1&dr=0&ds=3&er=&ft=c~.Zm4L-gXoInz7T&l=20220116234904010113135134191C2517&lr=all&mime_type=video_mp4&net=0&pl=0&qs=14&rc=M2k6OHV0cm5yNjMzNzczM0ApZWg8aDs6N2Q1NzYzOzk5NmdtcC01azE1bzZgLS1kMTZzcy82LzUtNjIxLWJiY141Ly46Yw%3D%3D&vl=&vr=
30,v090443b0000bu7hkfqqsv284dioh21g,15555,689791&625195&437373,4d702802204b1fdcfbbe8ba977af3f36&84bf918fb6e543f6d986b0f3e74d16e6&51f891daa03e9a7f444d972460677b4f&2844a3d5f8a930f16b83d979a1f72780&0f211be87d368e86bfe4b6e1e789b0a7&f2e704d2eabecf89de07c3cf7f89d045,https://v25.tiktokcdn-us.com/4d702802204b1fdcfbbe8ba977af3f36/61e50391/video/tos/useast2a/tos-useast2a-ve-0068c002/9e8ed43555484c4b83d5257edb9435d0/?a=1233&br=1346&bt=673&cd=0%7C0%7C0&ch=0&cr=3&cs=2&cv=1&dr=0&ds=6&er=&ft=c~.Zm4L-gXoInz7T&l=202201162349540101131351541220CCEE&lr=all&mime_type=video_mp4&net=0&pl=0&qs=11&rc=ajVyZzt5dGlreDMzZTczM0ApZzw0Ozk2OmQ0NzVoOWRnZmcuZWYxL3BuaDRfLS0wMTZzc2IyMC1jNF40XjY2LTAwLzQ6Yw%3D%3D&vl=&vr=
31,v09044g40000c2ft710bf79t3vkd0gvg,19293,1718431&1264133&618854&381743,dc1d77ad4e537611956fb5947c28cdd1&2f96753c55a9f675958c463062cec593&605040e806af8d66d9d00b67342f4e89&e35559be5b2e33fa50a2d869949a521a&3adba58b49c24ec0e1770c29df0cd3f3&ca1b4d691fef9cf7e1af5d744e9d0a83&1e93a85bd89015764fcd366babba6eea&efb4ae531e6fbae749984b33d7fea2cd,https://v25.tiktokcdn-us.com/dc1d77ad4e537611956fb5947c28cdd1/61e50395/video/tos/useast2a/tos-useast2a-pve-0068/4b429b6507504a9cba99f12e0d4afe8a/?a=1233&br=3356&bt=1678&cd=0%7C0%7C0&ch=0&cr=3&cs=2&cv=1&dr=0&ds=3&er=&ft=c~.Zm4L-gXoInz7T&l=202201162349540101131351541220CCEE&lr=all&mime_type=video_mp4&net=0&pl=0&qs=14&rc=ampneXc6ZTR3NTMzNzczM0ApN2ZlPDdlaGUzNzM2OmU6PGdzLWgwNmMtNGNgLS1kMTZzcy8uMDEtLTJiMWAyM181LTU6Yw%3D%3D&vl=&vr=
32,v09044g40000c42sjhbc77u591u34mdg,16600,1143137&860555&523772&365504,a8060322badc6c55d520ade0d99f45ce&36e92ab1372b938547d86875016e1eff&a5c2e707c5bebea940a6af2a6a6ff0d7&a0a2557b6a0866df689a9cc88466de9d&73a75681e510b917db390089322d07c3&f81ef2598aed696eae7f6b694e358965&ed5d688ca43ea9e64a5c39e0d3c8d1a9&f69dd1c02d1be05bf17757bca64cd09e,https://v25.tiktokcdn-us.com/a8060322badc6c55d520ade0d99f45ce/61e50392/video/tos/useast2a/tos-useast2a-ve-0068c002/7da2afaad80f404fb164f84d77c8ba4d/?a=1233&br=2232&bt=1116&cd=0%7C0%7C0&ch=0&cr=3&cs=2&cv=1&dr=0&ds=3&er=&ft=c~.Zm4L-gXoInz7T&l=202201162349540101131351541220CCEE&lr=all&mime_type=video_mp4&net=0&pl=0&qs=14&rc=anA2NDg6Zmt2NzMzNzczM0ApOzs7ZGQ5ZzxkNztlNTlnaGdhMXI2cjRfZy9gLS1kMTZzczUuLjJjMTFeNTIyMC0vYy46Yw%3D%3D&vl=&vr=
33,v09044g40000c1n6fgrivpn8c64va3mg,15276,1055778&904129&638191&402855,7774f74978febd28ff7912125373e45d&4631835f1cd00a7a294cb02f16ead573&52406f652c45acceeef1ec7788fe84fd&7b1f3ac0ed6c7beec2524547dc07d78e&99a8555be19982b54f9daa08a40ad4f5&4bb4105f42ece6e8b73380424c7b412b&5129f367de0c799d9107a9fb4ee2488a&2c6d92508392e55ee1465875eda207a3,https://v25.tiktokcdn-us.com/7774f74978febd28ff7912125373e45d/61e50391/video/tos/useast2a/tos-useast2a-pve-0068/0d6b12d875944f93abce543a86449ffc/?a=1233&br=2062&bt=1031&cd=0%7C0%7C0&ch=0&cr=3&cs=2&cv=1&dr=0&ds=3&er=&ft=c~.Zm4L-gXoInz7T&l=202201162349540101131351541220CCEE&lr=all&mime_type=video_mp4&net=0&pl=0&qs=14&rc=ajZ5OTtzbGo5NDMzNzczM0ApPDc3ZTw6OzszN2UzO2Q1ZWdqXjFga3NvY2tgLS1kMTZzcy8wNTQwLy41L2BiYjEzMzI6Yw%3D%3D&vl=&vr=
34,v12044gd0000c736h5bc77uakasifot0,40843,832150&688079&457089&341092,376596aabd30a634534074124291d18b&510726d196f94a9600e06dede2784f89&f551e783885ac39a6c16c9af9d41309a&b5c6256db8a634c69bdec042554fd94d&c36895357c9dd8e4e2633caaa221e9df&e795d2f0ae3289fc80fb0b21c89ccb03&77e7a0b38048ecad1fe0027865ed6354&3f76788ca60d744cce2a717bfaf4bcd0,https://v25.tiktokcdn-us.com/376596aabd30a634534074124291d18b/61e503aa/video/tos/useast5/tos-useast5-pve-0068-tx/967c907d787f47d1ba726183ac03a2a0/?a=1233&br=1624&bt=812&cd=0%7C0%7C0&ch=0&cr=3&cs=2&cv=1&dr=0&ds=3&er=&ft=c~.Zm4L-gXoInz7T&l=202201162349540101131351541220CCEE&lr=all&mime_type=video_mp4&net=0&pl=0&qs=14&rc=M3JsZGQ6Zjg5OjMzZzczNEApNDlkOjo5ZjxmNzc8NjVpOGdxY3BocjRfZTBgLS1kMS9zczY2NjAyXjBfYi8xLzIuY2A6Yw%3D%3D&vl=&vr=
35,v07044550000c07os0nir75n464p64cg,8589,247151&169174&126295,41cac4bbd5a52d54f96333218930e4b2&7beb7f87c5613c50de33acac0e04c544&b247071c1952638e0dcf47afba3138c4&7806fc401c7799916a2231f3bbcc6804&d415f058cd2ce66bef9f3ca781580742&5b93b93a133be6c0e5b1ece46b3270b6,https://v25.tiktokcdn-us.com/41cac4bbd5a52d54f96333218930e4b2/61e5038a/video/tos/alisg/tos-alisg-pve-0037c001/88d0a2f0d8fd40f699e281a9c3b021f0/?a=1233&br=482&bt=241&cd=0%7C0%7C0&ch=0&cr=3&cs=2&cv=1&dr=0&ds=6&er=&ft=c~.Zm4L-gXoInz7T&l=202201162349540101131351541220CCEE&lr=all&mime_type=video_mp4&net=0&pl=0&qs=11&rc=ajdzOXE6bDNyMzMzODczM0ApNTk1aTU8OGRoNzdoM2Y5aWdgMzExMm9rcDRgLS0yMTRzcy0zMTEyXmAvYi81MzAxLWI6Yw%3D%3D&vl=&vr=
36,v09044690000bugd0qjemvd778npkaug,8728,1625869&1015423&736932&474604,44e3346a766286694974107d04b3a5e1&e1afbcb338fcbb53589dc2450d80aaec&caa51c91afca1626fd21161ac3883af7&800f24f45ce94c2481b373a47b386891&fb6ac2f59f5faaf77787fc2b26c70cc1&9830e463bbf08f9b6de01fe4af811dc0&30112a74f257658bd2f6f0c027ef09d4&0031adc1a828b81797b69adee26bcb01,https://v25.tiktokcdn-us.com/44e3346a766286694974107d04b3a5e1/61e5038a/video/tos/useast2a/tos-useast2a-ve-0068c003/577f7868462848419672cfb56e32c139/?a=1233&br=3174&bt=1587&cd=0%7C0%7C0&ch=0&cr=3&cs=2&cv=1&dr=0&ds=3&er=&ft=c~.Zm4L-gXoInz7T&l=202201162349540101131351541220CCEE&lr=all&mime_type=video_mp4&net=0&pl=0&qs=14&rc=amRzOzp5aHRneDMzPDczM0ApZGc2NmRoZDxpN2hlOTw1NWdyaGs0YWpnLWRfLS0zMTZzc2IzYV8xMmBiLTAuMC4wNC86Yw%3D%3D&vl=&vr=
37,v09044g40000c4oflj3c77ue62ip6i7g,18829,1005587&678099&416779,211a8e3d2482236184a1020896eb4aa2&dd78662b28cdd9a3e4212e651cb61c3b&1973b0f1ab7f8e9b2b06d7c48284f1a7&2e033438613ea6e74faa56ff6be33b07&9019b93d57c563a48dc328da62d53c11&ef4edb300ab6a2b6728d27f24de87883,https://v25.tiktokcdn-us.com/211a8e3d2482236184a1020896eb4aa2/61e50394/video/tos/useast2a/tos-useast2a-ve-0068c004/ba81bb2590184a42916525640ac6a34f/?a=1233&br=1964&bt=982&cd=0%7C0%7C0&ch=0&cr=3&cs=2&cv=1&dr=0&ds=6&er=&ft=c~.Zm4L-gXoInz7T&l=202201162349540101131351541220CCEE&lr=all&mime_type=video_mp4&net=0&pl=0&qs=11&rc=amxzNWg6Zm1pNzMzNzczM0ApOTpnNDZkZ2U3Nzc7Zzg4OWc0M2YzcjQwaWxgLS1kMTZzc2AyNmA1MTRgNS40LjViM186Yw%3D%3D&vl=&vr=
38,v09044900000c1gk48v7hc99pahqgrq0,8637,2052471&1561356&980982&642068,f1e250ba318561beff2c700b27bcdafb&d02b53e80f6cc8ccd5d34c7de586fc62&92d581f3ad37240b872c23a9d953436b&18406a177da418177e1a7b2d2d805c87&ecee754e029357931259225d30723e65&17c654c74ed7980e99bc52210e212c39&d5a4218c01292585009ceeb2dbeba6a0&6fd040864396154f0a947a0fc9c66890,https://v25.tiktokcdn-us.com/f1e250ba318561beff2c700b27bcdafb/61e5038a/video/tos/useast2a/tos-useast2a-ve-0068c002/7eeeb48d29a048fb8a43c2e4f44e7786/?a=1233&br=4008&bt=2004&cd=0%7C0%7C0&ch=0&cr=3&cs=2&cv=1&dr=0&ds=3&er=&ft=c~.Zm4L-gXoInz7T&l=202201162349540101131351541220CCEE&lr=all&mime_type=video_mp4&net=0&pl=0&qs=14&rc=M3V0ZDxmOjtuNDMzMzczM0ApOmUzOjc6aGQ5N2k2O2c2ZmduZGVtNmVzMWRgLS02MTZzc2FeM2MtMTEvMy8uNDA2NmI6Yw%3D%3D&vl=&vr=
39,v09044fd0000buhfv1j9iufl0fi5ir5g,19502,568440&460718&327550,bcdfbad4887c829cfa5fb98b02847e21&ffb3ce61e5fc8198edd5e0c98ef0f9c0&5dc431f96be354331599afef0cfe832b&8e515daf43deac220b066be9af5af074&413a444ceaa5af3a673553c0a412323a&3e03b20e8fc4206fb4b4f1ea5978c82a,https://v25.tiktokcdn-us.com/bcdfbad4887c829cfa5fb98b02847e21/61e50395/video/tos/useast2a/tos-useast2a-pve-0068/a27f7933c7584a20ab3fd6eb8b24a7cc/?a=1233&br=1110&bt=555&cd=0%7C0%7C0&ch=0&cr=3&cs=2&cv=1&dr=0&ds=6&er=&ft=c~.Zm4L-gXoInz7T&l=202201162349540101131351541220CCEE&lr=all&mime_type=video_mp4&net=0&pl=0&qs=11&rc=anU4aW94PDRpeDMzZzczM0ApZ2U2ZTU7ZDw5NzNoZDg5NGcyZmYtY2Znc2VfLS1jMTZzc2MxMmJeL2BeMzM2XmIvMTQ6Yw%3D%3D&vl=&vr=
40,v12044gd0000c797pgbc77ucq7ijquug,16995,298431&235242&154197&125184,0ca83a6a161f68edc9c1d5addfd0acd3&638ec6f8eb75c8261b3aaf4155501303&f121d69d595ad4aab85cdf9e1979951d&5cde74357288aff3e69557283abf4231&edc307e2061d5d6884035f43a0b8b4b5&29f555e3ef737e82c2616419d061eda2&c792f779afa9bc4dc12f2affc8475317&2c6c237376d181c205d244b0b5cb00fd,https://v25.tiktokcdn-us.com/0ca83a6a161f68edc9c1d5addfd0acd3/61e503e4/video/tos/useast5/tos-useast5-pve-0068-tx/f62e02f024c540c89a00998f535a6845/?a=1233&br=582&bt=291&cd=0%7C0%7C0&ch=0&cr=3&cs=2&cv=1&dr=0&ds=3&er=&ft=c~.Zm4L-gXoInz7T&l=202201162351150101130060102622553D&lr=all&mime_type=video_mp4&net=0&pl=0&qs=14&rc=anhtOmY6Zmo6OjMzZzczNEApOjM6NDc4aWRkNzVlODRpOWdybmZucjRfbTZgLS1kMS9zcy4vYmFhMV5jMzZeNjY1XjY6Yw%3D%3D&vl=&vr=
41,v09044g40000c3gscaris849rbdm91rg,14975,1649189&1352918&1157202&784297,85fea414b27bfc9233a692f158aefb08&02b7245eb74610b86be5661b0a09ce06&a86d71f9110ef0e2f971ae43eedb7330&046afb1946062a09b9016c8f25407a26&2dfa4bb47fe6a74c7dfea6fc5c758400&21919054e10dec7a45359f75b9c95db8&7a78482e3aa89545e126248542023275&d382d07b956821664b6ff8d09e719693,https://v25.tiktokcdn-us.com/85fea414b27bfc9233a692f158aefb08/61e503e2/video/tos/useast2a/tos-useast2a-pve-0068/9d511f5263d34272a97a3e7ab284c1ce/?a=1233&br=3220&bt=1610&cd=0%7C0%7C0&ch=0&cr=3&cs=2&cv=1&dr=0&ds=3&er=&ft=c~.Zm4L-gXoInz7T&l=202201162351150101130060102622553D&lr=all&mime_type=video_mp4&net=0&pl=0&qs=14&rc=ajRwZTw7bGR2NjMzNzczM0ApNGg7ODYzNTxpNzw8aTllNGdvNmFvMXBvYGRgLS1kMTZzczIxXi1hNmJeNS02YS1gXjU6Yw%3D%3D&vl=&vr=
42,v09044g40000c3mrtfbc77uahb02m4jg,7149,1009186&814846&469416&322285,bbe6ee3c9c5b16f9a59d674caee85bfd&ef360c3c4dc1630937d43d359de7552e&a384541bf7f287ff64664216a2dc5224&7c4806fcc72e17b4a87b38aaa0e47723&62c1e5b825fbb327c654273d92447bf8&d02c83ce2c1a6b91e01714afb78f80b3&074c6f83dadcf2696916c4f8c2e97b51&27a33508061d6ffa385ed948262c9cb9,https://v25.tiktokcdn-us.com/bbe6ee3c9c5b16f9a59d674caee85bfd/61e503da/video/tos/useast2a/tos-useast2a-pve-0068/3ebc7ee2989f443883330b31dfab49f4/?a=1233&br=1970&bt=985&cd=0%7C0%7C0&ch=0&cr=3&cs=2&cv=1&dr=0&ds=3&er=&ft=c~.Zm4L-gXoInz7T&l=202201162351150101130060102622553D&lr=all&mime_type=video_mp4&net=0&pl=0&qs=14&rc=ajc1ZWQ6Zml1NjMzNzczM0ApOWg2NjxmNDw2NzY8OTg4Z2dnai1lcjRfcWpgLS1kMTZzczA1LWJgYy9jYi9eMGIvXjY6Yw%3D%3D&vl=&vr=
43,v09044g40000c442udjc77u82pan8nr0,10773,532271&468564&315901,96d4701ac37cc1451b7132ecf86260e4&e08170404f8585ecc87d68cacddbb82d&4ba52e40271b1db3b9592a334ec76f9a&3c22f80048663865008ac782febfdfc6&e004815d231e1b8b3f5826b250f689f8&990ccd35f34de1f6689837e74854796a,https://v25.tiktokcdn-us.com/96d4701ac37cc1451b7132ecf86260e4/61e503de/video/tos/useast2a/tos-useast2a-ve-0068c004/8ef5572352a949ec98150aec8025dd70/?a=1233&br=1038&bt=519&cd=0%7C0%7C0&ch=0&cr=3&cs=2&cv=1&dr=0&ds=6&er=&ft=c~.Zm4L-gXoInz7T&l=202201162351150101130060102622553D&lr=all&mime_type=video_mp4&net=0&pl=0&qs=11&rc=M3Fxczs6Zmc1NzMzNzczM0ApOWdkPDllaDtlNzs0aDdmNmdvNV4vcjRncjFgLS1kMTZzczFiXzQzNjU0NV9fLWBfXl86Yw%3D%3D&vl=&vr=
44,v09025g40000c5tphj3c77u9non5uja0,11632,391326&216922&156694,aebd2d47727e7b0de1fc2e750343f256&3ea46cd30f1b4783f8be9df61d6f1786&6a173d44cd20e2a54ed67145463a724b&0b638121b65ab3794d5d8b901e893ded&b373ea4acfcae1087edc82c7ba586161&690bec8dc71649e3b65161b8d715e674,https://v25.tiktokcdn-us.com/aebd2d47727e7b0de1fc2e750343f256/61e503df/video/tos/useast2a/tos-useast2a-pve-0068/0db5a52be4814ca482755ba7b47a0966/?a=1233&br=764&bt=382&cd=0%7C0%7C0&ch=0&cr=3&cs=2&cv=1&dr=0&ds=6&er=&ft=c~.Zm4L-gXoInz7T&l=202201162351150101130060102622553D&lr=all&mime_type=video_mp4&net=0&pl=0&qs=11&rc=M204cjw6Zm1zODMzNzgzM0ApZmZkOGdkaTs0NztmODk3aGdecmtrcjQwZXFgLS1kLzZzc2BjMWAwLTRfMC8wYmAuNGI6Yw%3D%3D&vl=&vr=
45,v09044g40000c31h4berlhljq0la6gmg,11702,1276937&955175&436320&297005,f3b4bcba5c8d0cf7ec368f611bb9a01c&a8534840732870b0227c7644c8fcb7c9&f4e3f4f34446d9d924ca4809f2c67825&7e4e007e9b73397683795b93e6666d4c&8bd1ccc096cccc6e116f76574bd160d2&4b9272b71843a2e41e11197149728675&86c97c04c3d81ad757b2aab6419e35df&1a6657e8e2e79923fe329d80584c872e,https://v25.tiktokcdn-us.com/f3b4bcba5c8d0cf7ec368f611bb9a01c/61e503df/video/tos/useast2a/tos-useast2a-ve-0068c001/c3efc14c6e3045bb9d9a7123d0c5447d/?a=1233&br=2494&bt=1247&cd=0%7C0%7C0&ch=0&cr=3&cs=2&cv=1&dr=0&ds=3&er=&ft=c~.Zm4L-gXoInz7T&l=202201162351150101130060102622553D&lr=all&mime_type=video_mp4&net=0&pl=0&qs=14&rc=ampkM21rdWVrNjMzNzczM0ApZ2g5Njs0PGVoNzNkNzdoPGdqM2luaWliMS5gLS1kMTZzczBjYGMyLjQ2My4uLTYyMjE6Yw%3D%3D&vl=&vr=
46,v09044g40000c3r8kabc77u0jldggbg0,12769,2330361&1704943&1469448&996082,6a6cd98a41d9d2e92fbed9cc8c620476&09bdb771d7c159b099c4b58dd20dee96&3b73a5e1da39fb52fe09d507668a2df0&d0f549911387d62e3e0f34e75b7cd95e&2779edbb16dcc7a458ca2b237b3b7c62&c543a9952f81e742cac320be9fdc03c5&21149a66271303fc72ad920ba9f06eac&f4455f16cb1fdbf8b798af3232e307f4,https://v25.tiktokcdn-us.com/6a6cd98a41d9d2e92fbed9cc8c620476/61e503e0/video/tos/useast2a/tos-useast2a-pve-0068/8cab7da36e664048988304d7ef7a47b7/?a=1233&br=4550&bt=2275&cd=0%7C0%7C0&ch=0&cr=3&cs=2&cv=1&dr=0&ds=3&er=&ft=c~.Zm4L-gXoInz7T&l=202201162351150101130060102622553D&lr=all&mime_type=video_mp4&net=0&pl=0&qs=14&rc=M2VqbzM6ZmQ7NjMzNzczM0ApaDY2PGk8aTs8NzhpPDg8OmdkZGFncjRfaG9gLS1kMTZzcy1jY2BgMF5iMjQwLS8wYGA6Yw%3D%3D&vl=&vr=
47,v09044g40000c4kh153c77u3i2t1e3f0,20710,790267&584037&389756&259282,6e909d1601338745e0bb56b566ec4a0b&e0b334cc0cca337601994e87b1460eaf&c22110e0ba93bf4baa791990fcf5cbee&9e27a77350024c261cbecb2dac716c01&19e5e2e297903a6973acbedecb769c18&bed896506598a2db0ccc844b25734b4e&efd67523b92b8a0e423d52280b35f7b2&d8057e6a6dd291f31b22399cee9a9800,https://v25.tiktokcdn-us.com/6e909d1601338745e0bb56b566ec4a0b/61e503e8/video/tos/useast2a/tos-useast2a-ve-0068c004/fc7e9f17e2344ce89e8aa991b7d0e895/?a=1233&br=1542&bt=771&cd=0%7C0%7C0&ch=0&cr=3&cs=2&cv=1&dr=0&ds=3&er=&ft=c~.Zm4L-gXoInz7T&l=202201162351150101130060102622553D&lr=all&mime_type=video_mp4&net=0&pl=0&qs=14&rc=MzY0NTY6ZjhrNzMzNzczM0ApOGY1OzNoNjs2NzZlM2UzOWdjYnFmcjQwLmhgLS1kMTZzc2IzLy1iNjNeYC4uMTIuLTA6Yw%3D%3D&vl=&vr=
48,v10044g50000c46ig0bc77u3svl4snj0,15439,1003742&711074&460554,3c93c837cfe20b343da0cb7e93780498&e77ce3a1ed4a4020a914fbace2ba0abe&d968bdde6cd0fbd41201df1c7aa84270&75d16fe3907731d1382d021139eb0b2e&77b0fa797f3b8ea09c59e4a6568fae2d&a2a6af859c4d31c3585aaf9d08faf62b,https://v25.tiktokcdn-us.com/3c93c837cfe20b343da0cb7e93780498/61e503e3/video/tos/alisg/tos-alisg-pve-0037c001/e423ff66fd7745cca108a9f2edb90248/?a=1233&br=1960&bt=980&cd=0%7C0%7C0&ch=0&cr=3&cs=2&cv=1&dr=0&ds=6&er=&ft=c~.Zm4L-gXoInz7T&l=202201162351150101130060102622553D&lr=all&mime_type=video_mp4&net=0&pl=0&qs=11&rc=M3E3eTY6ZjNsNzMzODczNEApOzk4M2Q2OTtoNzxpOWhoZGdncGlwcjRfZDNgLS1kMS1zczItY19iMzNhYzJfYTExYTI6Yw%3D%3D&vl=&vr=
49,v09044g40000c34mtnth8h41mpjnku00,7382,1175019&925927&534792&327161,47ecbf8f2ecabbee6113e0721c5813ce&74dd0478a0f03e447a6662828c648d52&01aa810454fdf0fd634754a653f02c2a&47fd3f86d88be7ff255780123fd22f1f&9abffc51c8d0dc6fa787b4ce63deded1&fe464f05752a1021420ce668b022bc42&5f155233c9fd0234cf76ff29983dda5e&da2df060edd19e92fdb0797e9c09115f,https://v25.tiktokcdn-us.com/47ecbf8f2ecabbee6113e0721c5813ce/61e503db/video/tos/useast2a/tos-useast2a-ve-0068c002/18dc538910c34b97b0ba2334398c0c1c/?a=1233&br=2294&bt=1147&cd=0%7C0%7C0&ch=0&cr=3&cs=2&cv=1&dr=0&ds=3&er=&ft=c~.Zm4L-gXoInz7T&l=202201162351150101130060102622553D&lr=all&mime_type=video_mp4&net=0&pl=0&qs=14&rc=M3hxczRra3FwNjMzNzczM0ApOmVnZTNmPGVkNzg5OjMzZmctaGdqMTVxcTFgLS1kMTZzczBeYDMyMS1iXjE2L2BgYjU6Yw%3D%3D&vl=&vr=
50,v12044gd0000c6438f3c77uf5sb2qspg,7637,438273&308591&211521&145661,f2c042066a5c719254f1c8d9d7702f3e&d055f7e97a2cc8ef329aff0d4d3503a6&ffe144eeb0c9cd13ffa9d84a044bbe44&6042fdb1cdc0362556a1e7549aa561bd&46c43cb13c7fbc54395d4bb4d1fa5608&80f3528cbbea8cf4aede6ff5ab33bc70&868ae33e87bf8267ec8ec28296780434&bc8bb5fae7bd4cacef4bb180d3af4f66,https://v16m.tiktokcdn-us.com/f2c042066a5c719254f1c8d9d7702f3e/61e5040c/video/tos/maliva/tos-maliva-ve-0068c799-us/76d2b8ec07e045ac97babd32e7849b66/?a=1233&br=856&bt=428&cd=0%7C0%7C0&ch=0&cr=3&cs=2&cv=1&dr=0&ds=3&er=&ft=c~.Zm4L-gXoInz7T&l=2022011623520501011300611416171BA0&lr=all&mime_type=video_mp4&net=0&pl=0&qs=14&rc=anY1dmk6Zmk2OTMzZzczNEApNTM7PDplZDs3N2k3NTQ0NGdtbl8ycjQwNTFgLS1kMS9zcy1iMTNhMjVgXzFhX2MvNWI6Yw%3D%3D&vl=&vr=
51,v09044g40000c3odp7bc77u6gocp9d6g,6662,1213038&1048223&705115,eb6dc106b4054689f436d33a502276a6&a3b7abbacc248e4ef5fab2d7a6559cab&8aee7671da52f8e8c46500cf2adfdfe7&e0c4cf5663c32d372e20e47809c35e36&dac13556b2c4963a323c37ae8de6e7ba&85c53559ec615857cc5c0f422de42834,https://v16m.tiktokcdn-us.com/eb6dc106b4054689f436d33a502276a6/61e5040b/video/tos/useast2a/tos-useast2a-ve-0068c003/de59c410050643d6ae007381bedffa4e/?a=1233&br=2368&bt=1184&cd=0%7C0%7C0&ch=0&cr=3&cs=2&cv=1&dr=0&ds=6&er=&ft=c~.Zm4L-gXoInz7T&l=2022011623520501011300611416171BA0&lr=all&mime_type=video_mp4&net=0&pl=0&qs=11&rc=amdzcjk6ZjpnNjMzNzczM0ApOTQ2NzdlPDs1N2Q8ZWc4N2czNmBkcjRfbWxgLS1kMTZzc2MvNS8tMy8zYDItXzIvLWA6Yw%3D%3D&vl=&vr=
52,v09044g40000c4ogfhrc77u057cokt50,11283,1788582&1332930&1009342&674293,7e336c10834179b2632e818a28d50867&661392e2aafe68032b246aa0937e632c&9bd384eec60727b1161df232e2f1e6a2&e65fa956c87263cf1ccfbceadf874576&f5756b6312c717a300e4787f901e27c8&85bbf825a0800e570a6b78685b327ada&5ec891e865ff45aa6c880c5767a5c738&513f1e1ae8bc7b2a9dfd8811140e2b56,https://v16m.tiktokcdn-us.com/7e336c10834179b2632e818a28d50867/61e50410/video/tos/useast2a/tos-useast2a-ve-0068c004/37fdace7ea5e47a28e67f8ddd291d8cf/?a=1233&br=3492&bt=1746&cd=0%7C0%7C0&ch=0&cr=3&cs=2&cv=1&dr=0&ds=3&er=&ft=c~.Zm4L-gXoInz7T&l=2022011623520501011300611416171BA0&lr=all&mime_type=video_mp4&net=0&pl=0&qs=14&rc=M3dyOjM6ZmtqNzMzNzczM0ApNTQ1PGg2NTxmN2dkOzc6ZGcyaGAycjRvY2xgLS1kMTZzczA1Xy9gMC5gXzZjMC9eMl86Yw%3D%3D&vl=&vr=
53,v09044g40000c2gsjnial962u1po35p0,6430,770553&599707&407073,3250882c0df780e289e41ef15c56874d&eb2ee0a6f4543f6c7a1cdf3c5f0c90b3&94ddd4256b73a5814c424e2da798ded4&de40a8b38551d6f4978c9d04eac44b15&9dcb72f58f64941936f87707e1f864c8&812b36184cd279ebdd1daf58befafbc5,https://v16m.tiktokcdn-us.com/3250882c0df780e289e41ef15c56874d/61e5040b/video/tos/useast2a/tos-useast2a-ve-0068c003/c87454664ebb4e1a9171e23979c58e98/?a=1233&br=1504&bt=752&cd=0%7C0%7C0&ch=0&cr=3&cs=2&cv=1&dr=0&ds=6&er=&ft=c~.Zm4L-gXoInz7T&l=2022011623520501011300611416171BA0&lr=all&mime_type=video_mp4&net=0&pl=0&qs=11&rc=MzhyNDU8ZHF2NTMzNzczM0ApZzg8Mzc7OjtmN2g4ZGdkOmdtMG1yM2lmZ2RgLS1kMTZzczAxMDY2LjI1Nl4zNS5iYDU6Yw%3D%3D&vl=&vr=
54,v09044310000bmoil77ho6foanv5jaj0,8267,1413832&978032&948578&551346,b079cf42580fcd3ae88d3bda23c271b0&be3737bb6cd87b87643a8b6356277040&5a056c58024cebaac6ab4f3d4e871b72&6e21920c7599a69c6dc5b68676c95015&c6e892164831fd17e4840cbc4ca8223e&b03c9d4310a347aa00f9c82b5914f652&be49324c1a85e1769c77acdd0f7ed9a0&189ca9212055ae0901e5d9514278007a,https://v16m.tiktokcdn-us.com/b079cf42580fcd3ae88d3bda23c271b0/61e5040d/video/tos/useast2a/tos-useast2a-ve-0068/ddd5955b873440ed8f5b7bf11392250d/?a=1233&br=2760&bt=1380&cd=0%7C0%7C0&ch=0&cr=3&cs=2&cv=1&dr=0&ds=3&er=&ft=c~.Zm4L-gXoInz7T&l=2022011623520501011300611416171BA0&lr=all&mime_type=video_mp4&net=0&pl=0&qs=14&rc=M2Q4cXI5azpscDMzNDczM0ApaWVmNDQ3NztoNztlODY4OWdnZ3NeY2w0aWxfLS0wMTZzc19fMi00Nl8zMTVjYy0yY146Yw%3D%3D&vl=&vr=
55,v09044g40000c410g73c77uf1vhdufc0,8635,1640421&1292537&1074754&697653,21714d8fe590b8f3c01a7825703cbde0&2c22435dc6b2836efab2ec30efddfd09&7f08509b28d6dab55486b910a204a158&e32743c3fd457d0352b874c314fceab4&dbf60ea0dd4d25f9ae39225430901c97&1678667f1b8cf9f3301b57236556ffa9&b7ba60c47fa6835da2cf23dbefccee8c&b46a61536a19a1896f3724cb686dce1d,https://v16m.tiktokcdn-us.com/21714d8fe590b8f3c01a7825703cbde0/61e5040d/video/tos/useast2a/tos-useast2a-pve-0068/186f2293eddc429e855872f618200d52/?a=1233&br=3202&bt=1601&cd=0%7C0%7C0&ch=0&cr=3&cs=2&cv=1&dr=0&ds=3&er=&ft=c~.Zm4L-gXoInz7T&l=2022011623520501011300611416171BA0&lr=all&mime_type=video_mp4&net=0&pl=0&qs=14&rc=M2lneWk6ZjozNzMzNzczM0ApaGc8OTNmNGU7NzUzODU8M2dgcmUucjQwZC5gLS1kMTZzczAyMS4zYjFgMC00M2AyLWA6Yw%3D%3D&vl=&vr=
56,v09044g40000c3ai05e0nro67dgk3fbg,9286,1284202&756360&437868&275058,ceca05e75f6c4f57e671094771bda265&ff81050a02805da709911f8ce36824a1&0120fcbb4f3c87636bfbdc80a5d29391&bc10aef3908f2aedf5e675f7c5902452&5702235e22eec40ba6d4505d2a1c3c72&949a61ecce0d3f70850475b369f441fc&851ef4d2bce2bff3f272b86616cb9f77&2070bb9208733c44b7f32e6a8f98b909,https://v16m.tiktokcdn-us.com/ceca05e75f6c4f57e671094771bda265/61e5040e/video/tos/useast2a/tos-useast2a-pve-0068/e6e3a6962bc94b55b4ea6c5013954c7f/?a=1233&br=2508&bt=1254&cd=0%7C0%7C0&ch=0&cr=3&cs=2&cv=1&dr=0&ds=3&er=&ft=c~.Zm4L-gXoInz7T&l=2022011623520501011300611416171BA0&lr=all&mime_type=video_mp4&net=0&pl=0&qs=14&rc=amluZzl1MzhsNjMzNzczM0ApNGc3Zmk5Zjw2NzxlZ2RnPGdfMGQ0bGtiLV5gLS1kMTZzczJjNS8tYGIvLmI1Y180YS86Yw%3D%3D&vl=&vr=
57,v09044g40000c45clkjc77u4160srdj0,19781,594321&416882&283318&196864,55f1c1cc3b2f65e1e85b1622ea055a1f&480503055da81120b78ef4116ff30b67&a7b6fd5218aa806844e8eea5476aab85&6e283199c1f232dac5ba92117183bae3&a43af9f0095d3aaba64ff492e174b16b&f0b6b3448a4cffe529191d238b79c22a&d204daba57f8d7c46efe2ab5865ca60a&506afaffbeb29d712b4ac4421415974e,https://v16m.tiktokcdn-us.com/55f1c1cc3b2f65e1e85b1622ea055a1f/61e50418/video/tos/useast2a/tos-useast2a-ve-0068c001/f9d901e8f28941f9bfce8994d038f273/?a=1233&br=1160&bt=580&cd=0%7C0%7C0&ch=0&cr=3&cs=2&cv=1&dr=0&ds=3&er=&ft=c~.Zm4L-gXoInz7T&l=2022011623520501011300611416171BA0&lr=all&mime_type=video_mp4&net=0&pl=0&qs=14&rc=M2d2OTc6Zm5mNzMzNzczM0ApZDw6PDg8OTw6NzpoOztmPGdnby0ucjRnaTJgLS1kMTZzc2ItYzZiMjQvXi8zYy4uNjA6Yw%3D%3D&vl=&vr=
58,v09044g40000c4aqt4bc77uek70jn260,14603,853714&490562&304377,253d15703409f7e5aa7bedccd05caeff&d854e5e52b4b1d02a9dedb5eef529b4e&b819e797eccaf132bfa685ef463f2c0f&75d2a482f6cffcfe02d80acb7e760f9d&e8a3ce44e5168ebb35165de4feb8129d&a4a8a689ae7e103473bf76e00fc8ed61,https://v16m.tiktokcdn-us.com/253d15703409f7e5aa7bedccd05caeff/61e50413/video/tos/useast2a/tos-useast2a-ve-0068c003/f5ab0881c8614d2997fc3563a380cca5/?a=1233&br=1666&bt=833&cd=0%7C0%7C0&ch=0&cr=3&cs=2&cv=1&dr=0&ds=6&er=&ft=c~.Zm4L-gXoInz7T&l=2022011623520501011300611416171BA0&lr=all&mime_type=video_mp4&net=0&pl=0&qs=11&rc=MzVtOmg6Zjd0NzMzNzczM0ApZ2lnPGlkPDw8NzM6aGQ4aGczay1ocjRfcV5gLS1kMTZzcy0tX2JjX18yMzM2LmFhNTM6Yw%3D%3D&vl=&vr=
59,v09044g40000c3vdmejc77u7uoaiehrg,11330,566505&438577&226220&162988,a2b5c98c0741ab987b5d9f7e88109148&d10d02c8b529ed1e8fd30eb382289822&1749c240499e8f5274e469d3d0493669&eb30d0d39a899582ea71675e39e76ee5&ef67fb050065e9a3b3cc2f2d30633d10&0126995df8917ff6993d5056b4a7cce7&add464d5010eb801348b392dd5b72c08&42d2323c62328c70fbe6c3a70e39b51f,https://v16m.tiktokcdn-us.com/a2b5c98c0741ab987b5d9f7e88109148/61e50410/video/tos/useast2a/tos-useast2a-pve-0068/dd6af54476d34c538cb4008e341b415b/?a=1233&br=1106&bt=553&cd=0%7C0%7C0&ch=0&cr=3&cs=2&cv=1&dr=0&ds=3&er=&ft=c~.Zm4L-gXoInz7T&l=2022011623520501011300611416171BA0&lr=all&mime_type=video_mp4&net=0&pl=0&qs=14&rc=amtscjo6ZmhnNjMzNzczM0ApOzVmNDg0Ojs8N2g7OWk2ZmdvYl5ycjRnanNgLS1kMTZzc2A0YTQ2NDMtMjExNDQwLS06Yw%3D%3D&vl=&vr=
