video/mp4, bytesbytes 0-1504969/1504970, 1642377738.0134394, 1642377738.014385, 1642377738.049949, 1642377738.926096, v16m-us.tiktokcdn.com, 77caa97057f8181561860f6ac5cb164f, /77caa97057f8181561860f6ac5cb164f/61e50678/video/tos/useast2a/tos-useast2a-pve-0068/6b5a04f2ff2343669a6ee8c6ab47d902/?a=1233&br=1548&bt=774&cd=0%7C0%7C0&ch=0&cr=3&cs=2&cv=1&dr=0&ds=3&er=&ft=.NpOiIFh7KNWH6B9OQmiLo&l=20220117000216010188032056059E976B&lr=all&mime_type=video_mp4&net=0&pl=0&qs=14&rc=MzluNDo6ZmtvOjMzNzczM0ApNzNoZmdlZTs5N2c1ZDQ2M2dwLi5hcjRnZDFgLS1kMTZzc2NjMl4zM2FfMGA0MTRjLV86Yw%3D%3D&vl=&vr=
video/mp4, bytesbytes 0-1250596/1250597, 1642377744.1301494, 1642377744.1335888, 1642377744.1450942, 1642377745.522112, v19-us.tiktokcdn.com, fabb57e4b03b2379aec5ef0a7a4909b9, /fabb57e4b03b2379aec5ef0a7a4909b9/61e5067a/video/tos/maliva/tos-maliva-ve-0068c799-us/992429982a644d06b88b493cece31fee/?a=1233&br=1532&bt=766&cd=0%7C0%7C0&ch=0&cr=3&cs=2&cv=1&dr=0&ds=6&er=&ft=xo5uS4L-gXoInz7T&l=202201170002210101921662381E263AE9&lr=all&mime_type=video_mp4&net=0&pl=0&qs=4&rc=Mzw4Omk6Zmp1OjMzZzczNEApaTc2OmQ6OmVkN2U2OjczOWcxZmYycjRvcmNgLS1kMS9zc2EwMTQzYi00MTUwMGJjLmI6Yw%3D%3D&vl=&vr=
video/mp4, bytesbytes 0-2768881/2768882, 1642377748.6181645, 1642377748.619508, 1642377748.6305604, 1642377761.6536543, v19-us.tiktokcdn.com, 239cd838546a42e236f1a44183c396aa, /239cd838546a42e236f1a44183c396aa/61e5067d/video/tos/useast2a/tos-useast2a-pve-0068/fcfac0d208034c05aac34af9451bf099/?a=1233&br=2822&bt=1411&cd=0%7C0%7C0&ch=0&cr=3&cs=0&dr=0&ds=2&er=&ft=xo5uS4L-gXoInz7T&l=202201170002210101921662381E263AE9&lr=all&mime_type=video_mp4&net=0&pl=0&qs=0&rc=M3I7bDQ6ZjpzOjMzNzczM0ApOzc0OTg5ZDxpNzdkZzc3ZGcwX15gcjRfM2RgLS1kMTZzczIyNWI0Mi1gMl81YzVjMDQ6Yw%3D%3D&vl=&vr=
video/mp4, bytes, 1642377785.5000565, 1642377785.5012355, 1642377785.5142229, 1642377785.7007613, v39.tiktokcdn-us.com, 31b4352291f012d22826df699e64666b, /31b4352291f012d22826df699e64666b/61e5068e/video/tos/useast2a/tos-useast2a-pve-0068/1ff73ed8995540e392ee5ef1f90c1730/?a=1233&br=726&bt=363&cd=0%7C0%7C0&ch=0&cr=3&cs=2&cv=1&dr=0&ds=6&er=&ft=c~.Zm4L-gXoInz7T&l=20220117000247010113006132201FF55D&lr=all&mime_type=video_mp4&net=0&pl=0&qs=5&rc=anRuNnZvNHNodzMzODczM0ApN2k1OTw3NWVlNzg2Omc6OGdtYnJpNTJzXnJfLS1iMTZzczBhNC4yX2IuYmMuMWBjLzE6Yw%3D%3D&vl=&vr=
video/mp4, bytesbytes 0-766503/766504, 1642377785.9230855, 1642377785.9243517, 1642377785.938994, 1642377786.319301, v39.tiktokcdn-us.com, b9ee1228ba8d1f777e16e1fdcd22c323, /b9ee1228ba8d1f777e16e1fdcd22c323/61e50693/video/tos/useast5/tos-useast5-ve-0068c001-tx/e0b5935a00244a96a26e97757fa0313d/?a=1233&br=952&bt=476&cd=0%7C0%7C0&ch=0&cr=3&cs=2&cv=1&dr=0&ds=3&er=&ft=c~.Zm4L-gXoInz7T&l=20220117000247010113006132201FF55D&lr=all&mime_type=video_mp4&net=0&pl=0&qs=14&rc=M2RmZGQ6ZjNzOjMzZzczNEApOTtoZWk4ZTxpN2UzNzpnOWdrLWxocjRnc19gLS1kMS9zczRhMmNhYDE2YTQyMS5gMS86Yw%3D%3D&vl=&vr=
video/mp4, bytesbytes 0-1024000/2209343, 1642377786.6982841, 1642377786.6995974, 1642377786.7300346, 1642377787.2382212, v39.tiktokcdn-us.com, 025588f4c894151f9b8d2871df255b92, /025588f4c894151f9b8d2871df255b92/61e5069b/video/tos/useast2a/tos-useast2a-ve-0068c003/a3916a82751449e5bc996d3ea4c44e77/?a=1233&br=1710&bt=855&cd=0%7C0%7C0&ch=0&cr=3&cs=2&cv=1&dr=0&ds=6&er=&ft=c~.Zm4L-gXoInz7T&l=20220117000247010113006132201FF55D&lr=all&mime_type=video_mp4&net=0&pl=0&qs=5&rc=ajx1NTU6ZmdqOTMzNzczM0ApZmk0NjlpOGQ4N2U4NTg8aGcwcTEucjQwbnJgLS1kMTZzc2EzYGBjLTYyNTNgYi1fNTY6Yw%3D%3D&vl=&vr=
video/mp4, bytesbytes 0-878633/878634, 1642377787.659048, 1642377787.659968, 1642377787.6727586, 1642377788.1508899, v39.tiktokcdn-us.com, fd0f880eca8fabb20024e9da288b350a, /fd0f880eca8fabb20024e9da288b350a/61e50698/video/tos/useast2a/tos-useast2a-pve-0068/52bbbd3d4f604a6c82a0b217a8755c8c/?a=1233&br=770&bt=385&cd=0%7C0%7C0&ch=0&cr=3&cs=2&cv=1&dr=0&ds=6&er=&ft=c~.Zm4L-gXoInz7T&l=20220117000247010113006132201FF55D&lr=all&mime_type=video_mp4&net=0&pl=0&qs=4&rc=anZ3NmhraW1tNDMzNzczM0ApNzY5ZzdlZDs5NzRpNWU7Nmdubmg0Ml9oYGhgLS1kMTZzczE1NmMyNWJjX2JhMS8xNC46Yw%3D%3D&vl=&vr=
video/mp4, bytesbytes 0-1024000/3199001, 1642377788.6549346, 1642377788.6569226, 1642377788.6696203, 1642377789.2371368, v39.tiktokcdn-us.com, 986d8840d5ea8fe9a881f876e560ad84, /986d8840d5ea8fe9a881f876e560ad84/61e506b4/video/tos/useast2a/tos-useast2a-pve-0068/d71c0e8d4bdd441cb28765ca3433472b/?a=1233&br=1084&bt=542&cd=0%7C0%7C0&ch=0&cr=3&cs=2&cv=1&dr=0&ds=3&er=&ft=c~.Zm4L-gXoInz7T&l=20220117000247010113006132201FF55D&lr=all&mime_type=video_mp4&net=0&pl=0&qs=14&rc=M25oMzw6ZjhqNjMzNzczM0ApN2kzaWQ4NDtmN2c6ZTg8aWdrYjJlcjRfNmlgLS1kMTZzczA0YmNjY2AtYDI2MDBfNjY6Yw%3D%3D&vl=&vr=
video/mp4, bytesbytes 0-1024000/1181632, 1642377789.9478116, 1642377789.9488096, 1642377789.9659574, 1642377790.7415793, v39.tiktokcdn-us.com, 3a65b0e90599e348d0d1939a0917c7c5, /3a65b0e90599e348d0d1939a0917c7c5/61e50697/video/tos/useast2a/tos-useast2a-pve-0068/353eea5c512a4e96bf4aed8f1a7c9fe9/?a=1233&br=1108&bt=554&cd=0%7C0%7C0&ch=0&cr=3&cs=2&cv=1&dr=0&ds=3&er=&ft=c~.Zm4L-gXoInz7T&l=20220117000247010113006132201FF55D&lr=all&mime_type=video_mp4&net=0&pl=0&qs=14&rc=MzZ4bjQ6ZmtoNzMzNzczM0ApODc0NGk0NmVlN2Q7OjczM2c0MGRjcjQwci9gLS1kMTZzcy8tMWFiYS5fMzIyNTUxXy06Yw%3D%3D&vl=&vr=
video/mp4, bytesbytes 0-1024000/1492687, 1642377807.4014704, 1642377807.402981, 1642377807.4164293, 1642377808.2354069, v39.tiktokcdn-us.com, bd39356fb03ed51abae6ef0a56cb2db2, /bd39356fb03ed51abae6ef0a56cb2db2/61e5069e/video/tos/useast2a/tos-useast2a-ve-0068c004/02c11bae6e0c4bbaa3a6e4b386e22249/?a=1233&br=980&bt=490&cd=0%7C0%7C0&ch=0&cr=3&cs=2&cv=1&dr=0&ds=6&er=&ft=c~.Zm4L-gXoInz7T&l=20220117000247010113006132201FF55D&lr=all&mime_type=video_mp4&net=0&pl=0&qs=4&rc=amQ1NTN2aDpmNjMzNzczM0ApNmg5OTw2ODtnNzhoO2RlNWc0LmVxZWpmNjBgLS1kMTZzczQyLy8wYjAyLl9jL2JjXjQ6Yw%3D%3D&vl=&vr=
video/mp4, bytesbytes 1024000-2209342/2209343, 1642377810.1110375, 1642377810.113031, 1642377810.1294377, 1642377811.0567315, v39.tiktokcdn-us.com, 025588f4c894151f9b8d2871df255b92, /025588f4c894151f9b8d2871df255b92/61e5069b/video/tos/useast2a/tos-useast2a-ve-0068c003/a3916a82751449e5bc996d3ea4c44e77/?a=1233&br=1710&bt=855&cd=0%7C0%7C0&ch=0&cr=3&cs=2&cv=1&dr=0&ds=6&er=&ft=c~.Zm4L-gXoInz7T&l=20220117000247010113006132201FF55D&lr=all&mime_type=video_mp4&net=0&pl=0&qs=5&rc=ajx1NTU6ZmdqOTMzNzczM0ApZmk0NjlpOGQ4N2U4NTg8aGcwcTEucjQwbnJgLS1kMTZzc2EzYGBjLTYyNTNgYi1fNTY6Yw%3D%3D&vl=&vr=
video/mp4, bytesbytes 0-1024000/3653700, 1642377811.496285, 1642377811.49836, 1642377811.5123136, 1642377812.464906, v39.tiktokcdn-us.com, 003a27ca230044edcad05a35eaf364a0, /003a27ca230044edcad05a35eaf364a0/61e506b9/video/tos/useast2a/tos-useast2a-ve-0068c001/5bc95ee24c964e9b933f7770c02b2951/?a=1233&br=1136&bt=568&cd=0%7C0%7C0&ch=0&cr=3&cs=2&cv=1&dr=0&ds=6&er=&ft=c~.Zm4L-gXoInz7T&l=20220117000247010113006132201FF55D&lr=all&mime_type=video_mp4&net=0&pl=0&qs=5&rc=M2plODQ6ZjllNjMzNzczM0ApNWUzOGQ7NTw4Nzg8ZWU8O2drLmJucjQwLnBgLS1kMTZzczBjNjQvMDZeYS8xNGEvMDA6Yw%3D%3D&vl=&vr=
video/mp4, bytesbytes 0-658400/658401, 1642377813.4993346, 1642377813.5013986, 1642377813.519519, 1642377814.3304477, v39.tiktokcdn-us.com, 41eba91d90dd1bfa48a7f6624b33b069, /41eba91d90dd1bfa48a7f6624b33b069/61e5068d/video/tos/useast2a/tos-useast2a-ve-0068c002/2313f9391a90451b82767fd3757bf373/?a=1233&br=1548&bt=774&cd=0%7C0%7C0&ch=0&cr=3&cs=2&cv=1&dr=0&ds=6&er=&ft=c~.Zm4L-gXoInz7T&l=20220117000247010113006132201FF55D&lr=all&mime_type=video_mp4&net=0&pl=0&qs=11&rc=anVseHJvbmdtdTMzZjczM0ApZ2g6aTc2N2U6NzY5O2c5NmdwNDYwcnM0L3BfLS0yMTZzcy4vNi4vLy8wX15eLzRgMTY6Yw%3D%3D&vl=&vr=
video/mp4, bytesbytes 1024000-3199000/3199001, 1642377817.954116, 1642377817.9550784, 1642377817.9805233, 1642377820.8314862, v39.tiktokcdn-us.com, 986d8840d5ea8fe9a881f876e560ad84, /986d8840d5ea8fe9a881f876e560ad84/61e506b4/video/tos/useast2a/tos-useast2a-pve-0068/d71c0e8d4bdd441cb28765ca3433472b/?a=1233&br=1084&bt=542&cd=0%7C0%7C0&ch=0&cr=3&cs=2&cv=1&dr=0&ds=3&er=&ft=c~.Zm4L-gXoInz7T&l=20220117000247010113006132201FF55D&lr=all&mime_type=video_mp4&net=0&pl=0&qs=14&rc=M25oMzw6ZjhqNjMzNzczM0ApN2kzaWQ4NDtmN2c6ZTg8aWdrYjJlcjRfNmlgLS1kMTZzczA0YmNjY2AtYDI2MDBfNjY6Yw%3D%3D&vl=&vr=
video/mp4, bytesbytes 0-557503/557504, 1642377821.6558318, 1642377821.6578286, 1642377821.6814358, 1642377822.3927808, v39.tiktokcdn-us.com, 46eca3b6183a3869142eaa5c6e9549d1, /46eca3b6183a3869142eaa5c6e9549d1/61e50691/video/tos/useast2a/tos-useast2a-ve-0068c002/3b04e783681a450b960ddb8446dd3c3b/?a=1233&br=814&bt=407&cd=0%7C0%7C0&ch=0&cr=3&cs=2&cv=1&dr=0&ds=6&er=&ft=c~.Zm4L-gXoInz7T&l=20220117000247010113006132201FF55D&lr=all&mime_type=video_mp4&net=0&pl=0&qs=4&rc=am53bnBmZ2Z2NDMzNzczM0ApOzU6ZGhlOmQ0Nzk6NmU2ZWduZmtiZy5pNG5gLS1kMTZzc18wMl9fNTAuMF9eMmMvNC06Yw%3D%3D&vl=&vr=
video/mp4, bytesbytes 1024000-1181631/1181632, 1642377835.5872834, 1642377835.5883248, 1642377835.6070192, 1642377835.7140145, v39.tiktokcdn-us.com, 3a65b0e90599e348d0d1939a0917c7c5, /3a65b0e90599e348d0d1939a0917c7c5/61e50697/video/tos/useast2a/tos-useast2a-pve-0068/353eea5c512a4e96bf4aed8f1a7c9fe9/?a=1233&br=1108&bt=554&cd=0%7C0%7C0&ch=0&cr=3&cs=2&cv=1&dr=0&ds=3&er=&ft=c~.Zm4L-gXoInz7T&l=20220117000247010113006132201FF55D&lr=all&mime_type=video_mp4&net=0&pl=0&qs=14&rc=MzZ4bjQ6ZmtoNzMzNzczM0ApODc0NGk0NmVlN2Q7OjczM2c0MGRjcjQwci9gLS1kMTZzcy8tMWFiYS5fMzIyNTUxXy06Yw%3D%3D&vl=&vr=
video/mp4, bytesbytes 1024000-1492686/1492687, 1642377841.480564, 1642377841.4816115, 1642377841.5160327, 1642377842.101716, v39.tiktokcdn-us.com, bd39356fb03ed51abae6ef0a56cb2db2, /bd39356fb03ed51abae6ef0a56cb2db2/61e5069e/video/tos/useast2a/tos-useast2a-ve-0068c004/02c11bae6e0c4bbaa3a6e4b386e22249/?a=1233&br=980&bt=490&cd=0%7C0%7C0&ch=0&cr=3&cs=2&cv=1&dr=0&ds=6&er=&ft=c~.Zm4L-gXoInz7T&l=20220117000247010113006132201FF55D&lr=all&mime_type=video_mp4&net=0&pl=0&qs=4&rc=amQ1NTN2aDpmNjMzNzczM0ApNmg5OTw2ODtnNzhoO2RlNWc0LmVxZWpmNjBgLS1kMTZzczQyLy8wYjAyLl9jL2JjXjQ6Yw%3D%3D&vl=&vr=
video/mp4, bytesbytes 1024000-3653699/3653700, 1642377852.394134, 1642377852.3959785, 1642377852.4268548, 1642377854.2552357, v39.tiktokcdn-us.com, 003a27ca230044edcad05a35eaf364a0, /003a27ca230044edcad05a35eaf364a0/61e506b9/video/tos/useast2a/tos-useast2a-ve-0068c001/5bc95ee24c964e9b933f7770c02b2951/?a=1233&br=1136&bt=568&cd=0%7C0%7C0&ch=0&cr=3&cs=2&cv=1&dr=0&ds=6&er=&ft=c~.Zm4L-gXoInz7T&l=20220117000247010113006132201FF55D&lr=all&mime_type=video_mp4&net=0&pl=0&qs=5&rc=M2plODQ6ZjllNjMzNzczM0ApNWUzOGQ7NTw4Nzg8ZWU8O2drLmJucjQwLnBgLS1kMTZzczBjNjQvMDZeYS8xNGEvMDA6Yw%3D%3D&vl=&vr=
video/mp4, bytes 0-1024000/1412515, 1642377855.4709225, 1642377855.47187, 1642377855.527133, 1642377856.560653, v25.tiktokcdn-us.com, ce693e86e8e7a85ede93ca39dd94539e, /ce693e86e8e7a85ede93ca39dd94539e/61e506f0/video/tos/useast2a/tos-useast2a-ve-0068c003/b2a74e92317c41a98ff396e61f505581/?a=1233&br=1092&bt=546&cd=0%7C0%7C0&ch=0&cr=3&cs=2&cv=1&dr=0&ds=6&er=&ft=c~.Zm4L-gXoInz7T&l=20220117000412010113006153141C435A&lr=all&mime_type=video_mp4&net=0&pl=0&qs=5&rc=MzhxNTo7OmluNTMzNzczM0ApaDNlODRpZzszNzc3NDk2NWdqYzQ1Z2RibzBgLS1kMTZzc2JjMmItYy5fLi9gY2EyM2A6Yw%3D%3D&vl=&vr=
video/mp4, bytes 0-1024000/1093114, 1642377857.0722394, 1642377857.0742989, 1642377857.1262944, 1642377858.4875455, v25.tiktokcdn-us.com, e997e037077fb6bc97b8ff6e40a93a40, /e997e037077fb6bc97b8ff6e40a93a40/61e506ed/video/tos/useast2a/tos-useast2a-ve-0068c004/ebeda0edfad943b88c11b94bd99d0786/?a=1233&br=976&bt=488&cd=0%7C0%7C0&ch=0&cr=3&cs=2&cv=1&dr=0&ds=3&er=&ft=c~.Zm4L-gXoInz7T&l=20220117000412010113006153141C435A&lr=all&mime_type=video_mp4&net=0&pl=0&qs=14&rc=amo3a2g6ZnJoNzMzNzczM0ApNGhpNzppNmQ2NzRoNGk0OWcvb2IzcjRfZzBgLS1kMTZzczM1YzIvYWIzYC5iM2AvYDE6Yw%3D%3D&vl=&vr=
video/mp4, bytes 0-1024000/1130687, 1642377858.943531, 1642377858.944531, 1642377858.9913094, 1642377860.0556357, v25.tiktokcdn-us.com, 2de75fdd3875131e0c2f636d44a0c502, /2de75fdd3875131e0c2f636d44a0c502/61e506eb/video/tos/useast2a/tos-useast2a-ve-0068c004/4dd3485cb1714c11939fbdd0790ecb0f/?a=1233&br=1160&bt=580&cd=0%7C0%7C0&ch=0&cr=3&cs=2&cv=1&dr=0&ds=6&er=&ft=c~.Zm4L-gXoInz7T&l=20220117000412010113006153141C435A&lr=all&mime_type=video_mp4&net=0&pl=0&qs=5&rc=MzlqN214NThwNTMzNzczM0ApNmQ5PGZnO2Q8N2VoN2ZkM2cubjNkcWZyam5gLS1kMTZzc2MyYTY2Yy4yLjYyXzMvMDA6Yw%3D%3D&vl=&vr=
video/mp4, bytes 0-1024000/1040955, 1642377903.0371916, 1642377903.0395718, 1642377903.203555, 1642377903.9092884, v25.tiktokcdn-us.com, 8047a19626a6ef580be21ab439c35301, /8047a19626a6ef580be21ab439c35301/61e506ea/video/tos/useast5/tos-useast5-ve-0068c002-tx/81d5a7de49db427a8ee34e83ff2f209c/?a=1233&br=1078&bt=539&cd=0%7C0%7C0&ch=0&cr=3&cs=2&cv=1&dr=0&ds=6&er=&ft=c~.Zm4L-gXoInz7T&l=20220117000412010113006153141C435A&lr=all&mime_type=video_mp4&net=0&pl=0&qs=11&rc=amkzdjo6ZnY6OjMzZzczNEApPDU4OGk3M2VmN2U8OTQ3aGdoXnNtcjRnNTVgLS1kMS9zczU2NDU1MDZhMTEyYC9fM2I6Yw%3D%3D&vl=&vr=
video/mp4, bytes 0-1024000/2492421, 1642377909.8782678, 1642377909.882415, 1642377909.9136996, 1642377910.6515036, v25.tiktokcdn-us.com, 45f28209f4016ec576ceb63351c3956d, /45f28209f4016ec576ceb63351c3956d/61e50703/video/tos/useast2a/tos-useast2a-pve-0068/85f26dad7c324228908ebbb101ade411/?a=1233&br=978&bt=489&cd=0%7C0%7C0&ch=0&cr=3&cs=2&cv=1&dr=0&ds=6&er=&ft=c~.Zm4L-gXoInz7T&l=20220117000412010113006153141C435A&lr=all&mime_type=video_mp4&net=0&pl=0&qs=5&rc=am5zdDw6ZmhqNjMzNzczM0ApOWRnZ2k2NmU0NzRoaGg5O2dtNGtncjRnb2hgLS1kMTZzczQxYF81MjRgM18wNjAxYV86Yw%3D%3D&vl=&vr=
video/mp4, bytes 1024000-1412514/1412515, 1642377915.9083815, 1642377915.9099567, 1642377915.9477317, 1642377916.237564, v25.tiktokcdn-us.com, ce693e86e8e7a85ede93ca39dd94539e, /ce693e86e8e7a85ede93ca39dd94539e/61e506f0/video/tos/useast2a/tos-useast2a-ve-0068c003/b2a74e92317c41a98ff396e61f505581/?a=1233&br=1092&bt=546&cd=0%7C0%7C0&ch=0&cr=3&cs=2&cv=1&dr=0&ds=6&er=&ft=c~.Zm4L-gXoInz7T&l=20220117000412010113006153141C435A&lr=all&mime_type=video_mp4&net=0&pl=0&qs=5&rc=MzhxNTo7OmluNTMzNzczM0ApaDNlODRpZzszNzc3NDk2NWdqYzQ1Z2RibzBgLS1kMTZzc2JjMmItYy5fLi9gY2EyM2A6Yw%3D%3D&vl=&vr=
video/mp4, bytes 0-1024000/2121440, 1642377916.4236841, 1642377916.4246466, 1642377916.511468, 1642377917.1863718, v25.tiktokcdn-us.com, 594682e2e460aeb083d162284755d7fa, /594682e2e460aeb083d162284755d7fa/61e506f1/video/tos/useast2a/tos-useast2a-pve-0068/bce660f83b4044319aeab83ae5a264f6/?a=1233&br=1562&bt=781&cd=0%7C0%7C0&ch=0&cr=3&cs=2&cv=1&dr=0&ds=6&er=&ft=c~.Zm4L-gXoInz7T&l=20220117000412010113006153141C435A&lr=all&mime_type=video_mp4&net=0&pl=0&qs=5&rc=ajtwaW9vZGt5NTMzNzczM0ApMzo0ZTNlNWQ4N2Y4Zjg5Z2djaTZlczNkM2dgLS1kMTZzc2A2MC4wYy9iYTQtMmBjNl46Yw%3D%3D&vl=&vr=
video/mp4, bytes 1024000-1093113/1093114, 1642377932.1836848, 1642377932.1848533, 1642377932.2168357, 1642377932.406658, v25.tiktokcdn-us.com, e997e037077fb6bc97b8ff6e40a93a40, /e997e037077fb6bc97b8ff6e40a93a40/61e506ed/video/tos/useast2a/tos-useast2a-ve-0068c004/ebeda0edfad943b88c11b94bd99d0786/?a=1233&br=976&bt=488&cd=0%7C0%7C0&ch=0&cr=3&cs=2&cv=1&dr=0&ds=3&er=&ft=c~.Zm4L-gXoInz7T&l=20220117000412010113006153141C435A&lr=all&mime_type=video_mp4&net=0&pl=0&qs=14&rc=amo3a2g6ZnJoNzMzNzczM0ApNGhpNzppNmQ2NzRoNGk0OWcvb2IzcjRfZzBgLS1kMTZzczM1YzIvYWIzYC5iM2AvYDE6Yw%3D%3D&vl=&vr=
video/mp4, bytes 0-558138/558139, 1642377932.8022797, 1642377932.8035355, 1642377933.0361836, 1642377934.864112, v25.tiktokcdn-us.com, a3602427d59aec9dcc262a138ce5662e, /a3602427d59aec9dcc262a138ce5662e/61e506e4/video/tos/useast2a/tos-useast2a-pve-0068/060bd750fbeb462c8e674263b1a14cc8/?a=1233&br=1054&bt=527&cd=0%7C0%7C0&ch=0&cr=3&cs=2&cv=1&dr=0&ds=3&er=&ft=c~.Zm4L-gXoInz7T&l=20220117000412010113006153141C435A&lr=all&mime_type=video_mp4&net=0&pl=0&qs=14&rc=ajlncnh0bXY7NTMzNzczM0ApPDs8Nzk0ZmVmN2c3M2lkO2deNjU1MjFhZl5gLS1kMTZzcy8uXjMtYTJiX2BjMjIuNjQ6Yw%3D%3D&vl=&vr=
video/mp4, bytes 1024000-1130686/1130687, 1642377949.9065008, 1642377949.9082625, 1642377949.9543483, 1642377950.0952642, v25.tiktokcdn-us.com, 2de75fdd3875131e0c2f636d44a0c502, /2de75fdd3875131e0c2f636d44a0c502/61e506eb/video/tos/useast2a/tos-useast2a-ve-0068c004/4dd3485cb1714c11939fbdd0790ecb0f/?a=1233&br=1160&bt=580&cd=0%7C0%7C0&ch=0&cr=3&cs=2&cv=1&dr=0&ds=6&er=&ft=c~.Zm4L-gXoInz7T&l=20220117000412010113006153141C435A&lr=all&mime_type=video_mp4&net=0&pl=0&qs=5&rc=MzlqN214NThwNTMzNzczM0ApNmQ5PGZnO2Q8N2VoN2ZkM2cubjNkcWZyam5gLS1kMTZzc2MyYTY2Yy4yLjYyXzMvMDA6Yw%3D%3D&vl=&vr=
video/mp4, bytes 0-829414/829415, 1642377950.2472825, 1642377950.2496026, 1642377950.3187938, 1642377951.3670795, v25.tiktokcdn-us.com, 2bbf5ed047f2322a5db3e33dc42e9ead, /2bbf5ed047f2322a5db3e33dc42e9ead/61e506e7/video/tos/useast5/tos-useast5-ve-0068c001-tx/a5750ac544c0489d9dc41c02107a19b2/?a=1233&br=1100&bt=550&cd=0%7C0%7C0&ch=0&cr=3&cs=2&cv=1&dr=0&ds=6&er=&ft=c~.Zm4L-gXoInz7T&l=20220117000412010113006153141C435A&lr=all&mime_type=video_mp4&net=0&pl=0&qs=11&rc=M29saWg6ZjczOjMzZzczNEApODk4NDs5O2VlNzY3aDszaGcyNGBocjRfX2FgLS1kMS9zczRgMTRhNDA1NC1jYzNiMy86Yw%3D%3D&vl=&vr=
video/mp4, bytes 1024000-1040954/1040955, 1642377951.5942998, 1642377951.5958416, 1642377951.6894522, 1642377951.7037942, v25.tiktokcdn-us.com, 8047a19626a6ef580be21ab439c35301, /8047a19626a6ef580be21ab439c35301/61e506ea/video/tos/useast5/tos-useast5-ve-0068c002-tx/81d5a7de49db427a8ee34e83ff2f209c/?a=1233&br=1078&bt=539&cd=0%7C0%7C0&ch=0&cr=3&cs=2&cv=1&dr=0&ds=6&er=&ft=c~.Zm4L-gXoInz7T&l=20220117000412010113006153141C435A&lr=all&mime_type=video_mp4&net=0&pl=0&qs=11&rc=amkzdjo6ZnY6OjMzZzczNEApPDU4OGk3M2VmN2U8OTQ3aGdoXnNtcjRnNTVgLS1kMS9zczU2NDU1MDZhMTEyYC9fM2I6Yw%3D%3D&vl=&vr=
video/mp4, bytes 1024000-2492420/2492421, 1642377954.025875, 1642377954.0277658, 1642377954.0926538, 1642377956.1340914, v25.tiktokcdn-us.com, 45f28209f4016ec576ceb63351c3956d, /45f28209f4016ec576ceb63351c3956d/61e50703/video/tos/useast2a/tos-useast2a-pve-0068/85f26dad7c324228908ebbb101ade411/?a=1233&br=978&bt=489&cd=0%7C0%7C0&ch=0&cr=3&cs=2&cv=1&dr=0&ds=6&er=&ft=c~.Zm4L-gXoInz7T&l=20220117000412010113006153141C435A&lr=all&mime_type=video_mp4&net=0&pl=0&qs=5&rc=am5zdDw6ZmhqNjMzNzczM0ApOWRnZ2k2NmU0NzRoaGg5O2dtNGtncjRnb2hgLS1kMTZzczQxYF81MjRgM18wNjAxYV86Yw%3D%3D&vl=&vr=
video/mp4, bytes 0-1001318/1001319, 1642377956.7815523, 1642377956.7833512, 1642377956.8162596, 1642377958.4185503, v25.tiktokcdn-us.com, d9edad16d956510997e474fe796eec88, /d9edad16d956510997e474fe796eec88/61e506e7/video/tos/useast5/tos-useast5-ve-0068c003-tx/724514e92b8043a6947f02201f7c50ab/?a=1233&br=1328&bt=664&cd=0%7C0%7C0&ch=0&cr=3&cs=2&cv=1&dr=0&ds=3&er=&ft=c~.Zm4L-gXoInz7T&l=20220117000412010113006153141C435A&lr=all&mime_type=video_mp4&net=0&pl=0&qs=14&rc=M29saWg6ZjczOjMzZzczNEApZ2hkaDY8NmQ7N2hnNjplaGcyNGBocjRfX2FgLS1kMS9zc2I2YzFeNTYyMTAyL2ItMmA6Yw%3D%3D&vl=&vr=
video/mp4, bytes 1024000-2121439/2121440, 1642377959.781844, 1642377959.784287, 1642377959.8497102, 1642377962.4212472, v25.tiktokcdn-us.com, 594682e2e460aeb083d162284755d7fa, /594682e2e460aeb083d162284755d7fa/61e506f1/video/tos/useast2a/tos-useast2a-pve-0068/bce660f83b4044319aeab83ae5a264f6/?a=1233&br=1562&bt=781&cd=0%7C0%7C0&ch=0&cr=3&cs=2&cv=1&dr=0&ds=6&er=&ft=c~.Zm4L-gXoInz7T&l=20220117000412010113006153141C435A&lr=all&mime_type=video_mp4&net=0&pl=0&qs=5&rc=ajtwaW9vZGt5NTMzNzczM0ApMzo0ZTNlNWQ4N2Y4Zjg5Z2djaTZlczNkM2dgLS1kMTZzc2A2MC4wYy9iYTQtMmBjNl46Yw%3D%3D&vl=&vr=
video/mp4, bytes 0-1024000/1069291, 1642377963.0445218, 1642377963.046223, 1642377963.1776037, 1642377964.4693415, v25.tiktokcdn-us.com, 2c44cc46b5910647fd55e5d13597e341, /2c44cc46b5910647fd55e5d13597e341/61e506f5/video/tos/alisg/tos-alisg-pve-0037c001/4a0a9e195fa24116ac3ca1661083a252/?a=1233&br=658&bt=329&cd=0%7C0%7C0&ch=0&cr=3&cs=2&cv=1&dr=0&ds=6&er=&ft=c~.Zm4L-gXoInz7T&l=20220117000412010113006153141C435A&lr=all&mime_type=video_mp4&net=0&pl=0&qs=4&rc=ajY3Njk6ZmU2OTMzODczNEApaDZmNjs7NWQ0NzlmM2g2ZGdsb25ucjRvM2BgLS1kMS1zczQ0MC9jNC5jMWMzNmMtLy46Yw%3D%3D&vl=&vr=
video/mp4, bytes 0-421105/421106, 1642377964.9472623, 1642377964.9485276, 1642377965.0605133, 1642377966.6616511, v25.tiktokcdn-us.com, eee160e26c34fee82995fbfde7213310, /eee160e26c34fee82995fbfde7213310/61e506e3/video/tos/useast2a/tos-useast2a-ve-0068c001/9efacd2babf644c7ba107b101959f243/?a=1233&br=860&bt=430&cd=0%7C0%7C0&ch=0&cr=3&cs=2&cv=1&dr=0&ds=6&er=&ft=c~.Zm4L-gXoInz7T&l=20220117000412010113006153141C435A&lr=all&mime_type=video_mp4&net=0&pl=0&qs=11&rc=M3kzcms1NHd0NDMzOjczM0ApMzhoOWU2NmQ4N2g2O2dlPGc1a3NhbGowbDJgLS02MTZzcy4yLzM1YjZiXzAyNF41LjI6Yw%3D%3D&vl=&vr=
video/mp4, bytes 1024000-1069290/1069291, 1642378001.7524111, 1642378001.7608147, 1642378001.9098427, 1642378001.9755359, v25.tiktokcdn-us.com, 2c44cc46b5910647fd55e5d13597e341, /2c44cc46b5910647fd55e5d13597e341/61e506f5/video/tos/alisg/tos-alisg-pve-0037c001/4a0a9e195fa24116ac3ca1661083a252/?a=1233&br=658&bt=329&cd=0%7C0%7C0&ch=0&cr=3&cs=2&cv=1&dr=0&ds=6&er=&ft=c~.Zm4L-gXoInz7T&l=20220117000412010113006153141C435A&lr=all&mime_type=video_mp4&net=0&pl=0&qs=4&rc=ajY3Njk6ZmU2OTMzODczNEApaDZmNjs7NWQ0NzlmM2g2ZGdsb25ucjRvM2BgLS1kMS1zczQ0MC9jNC5jMWMzNmMtLy46Yw%3D%3D&vl=&vr=
video/mp4, bytes 0-630905/630906, 1642378002.2857392, 1642378002.2869663, 1642378002.430816, 1642378003.7547338, v25.tiktokcdn-us.com, 015b6a0d19c6d74ab943f9b335a043e4, /015b6a0d19c6d74ab943f9b335a043e4/61e50775/video/tos/useast2a/tos-useast2a-ve-0068c004/d81012df6a39444f87aa77a0bbf58acc/?a=1233&br=638&bt=319&cd=0%7C0%7C0&ch=0&cr=3&cs=2&cv=1&dr=0&ds=6&er=&ft=c~.Zm4L-gXoInz7T&l=202201170006290101131352330D1C3B19&lr=all&mime_type=video_mp4&net=0&pl=0&qs=4&rc=ajo6ZzZyOmt2dDMzNzczM0ApZTY2NTY6OmU1NzM4OTpoNmdfbmYzbDAvYzBfLS1jMTZzczYvYzYxYmJhYzAxNi1gXi06Yw%3D%3D&vl=&vr=
video/mp4, bytes 0-444670/444671, 1642378004.1067984, 1642378004.1079488, 1642378004.1779296, 1642378004.995539, v25.tiktokcdn-us.com, 3e37b6b0378154ee7fe0a1a4b2db030a, /3e37b6b0378154ee7fe0a1a4b2db030a/61e5076d/video/tos/alisg/tos-alisg-pve-0037c001/483cae1dd53b40d999040db9dcbd2da8/?a=1233&br=864&bt=432&cd=0%7C0%7C0&ch=0&cr=3&cs=2&cv=1&dr=0&ds=6&er=&ft=c~.Zm4L-gXoInz7T&l=202201170006290101131352330D1C3B19&lr=all&mime_type=video_mp4&net=0&pl=0&qs=4&rc=MzQzPHNnNjg8NDMzNTczM0ApZzo7OTg8OWVnN2dkM2Y6OmdnYW5ibTJwcjZgLS0xMTRzc2I0NWBfLmIwXi0vLTMxYTE6Yw%3D%3D&vl=&vr=
video/mp4, bytes 0-785126/785127, 1642378005.2119975, 1642378005.214497, 1642378005.2635443, 1642378006.3440511, v25.tiktokcdn-us.com, c4bef864200728bcc3b6bf48a4b7ba9f, /c4bef864200728bcc3b6bf48a4b7ba9f/61e50774/video/tos/useast2a/tos-useast2a-ve-0068c002/6a64302591914e788873b4fa55cd0878/?a=1233&br=820&bt=410&cd=0%7C0%7C0&ch=0&cr=3&cs=2&cv=1&dr=0&ds=6&er=&ft=c~.Zm4L-gXoInz7T&l=202201170006290101131352330D1C3B19&lr=all&mime_type=video_mp4&net=0&pl=0&qs=5&rc=ajhkeTtyNjM1NDMzNzczM0ApN2c3ODU4NmRnN2Y7ZWQ1OmcvamRjNGE2LmtgLS1kMTZzc2NiX2BiNi8uNTVeYzAtXjI6Yw%3D%3D&vl=&vr=
video/mp4, bytes 0-621511/621512, 1642378006.6679976, 1642378006.6696115, 1642378006.7590737, 1642378007.5672534, v25.tiktokcdn-us.com, 5dc6fee0cbf153833732da5636fe6bcc, /5dc6fee0cbf153833732da5636fe6bcc/61e50774/video/tos/useast2a/tos-useast2a-ve-0068c003/8a331142577249c1871010195fd4a5f3/?a=1233&br=682&bt=341&cd=0%7C0%7C0&ch=0&cr=3&cs=2&cv=1&dr=0&ds=6&er=&ft=c~.Zm4L-gXoInz7T&l=202201170006290101131352330D1C3B19&lr=all&mime_type=video_mp4&net=0&pl=0&qs=4&rc=MzRoaGV1czhxMzMzZzczM0ApMzZnPDZpNmRmN2RlZ2RkOGcvZDQxcDU1ZW5gLS1eMTZzczNgNGBhYl5jYzMyMzJgNDM6Yw%3D%3D&vl=&vr=
video/mp4, bytes 0-435841/435842, 1642378010.0192127, 1642378010.0207572, 1642378010.0634613, 1642378010.591246, v25.tiktokcdn-us.com, dc68572ce181497093911e305cc1d96d, /dc68572ce181497093911e305cc1d96d/61e5076d/video/tos/useast2a/tos-useast2a-ve-0068c003/68d322896df040509a8850930ec1b841/?a=1233&br=856&bt=428&cd=0%7C0%7C0&ch=0&cr=3&cs=2&cv=1&dr=0&ds=6&er=&ft=c~.Zm4L-gXoInz7T&l=202201170006290101131352330D1C3B19&lr=all&mime_type=video_mp4&net=0&pl=0&qs=11&rc=M2dvcmg6ZmZtOTMzNzczM0ApOjZmOzVpOjw6NzdkaWQzPGdsaGEucjRvZV9gLS1kMTZzc2JeMWIyYDBjNC81NjY1LV46Yw%3D%3D&vl=&vr=
video/mp4, bytes 0-473870/473871, 1642378012.404083, 1642378012.4053524, 1642378012.4779773, 1642378013.1641896, v25.tiktokcdn-us.com, a8ac9f57b3bb03838299402fe4634bb3, /a8ac9f57b3bb03838299402fe4634bb3/61e5076a/video/tos/useast2a/tos-useast2a-ve-0068c004/e99cb9d5a11d4ac7a496622b02f8a9ad/?a=1233&br=1476&bt=738&cd=0%7C0%7C0&ch=0&cr=3&cs=0&dr=0&ds=2&er=&ft=c~.Zm4L-gXoInz7T&l=202201170006290101131352330D1C3B19&lr=all&mime_type=video_mp4&net=0&pl=0&qs=0&rc=MzN1NmdkcnU2NTMzNzczM0ApNjk0Z2c7Zzs4NzRmMzYzM2dwYmtrai5laXFgLS1kMTZzc2BiNV4zNTEyNjQ0XmEzMS86Yw%3D%3D&vl=&vr=
video/mp4, bytes 0-1024000/1696741, 1642378013.4380322, 1642378013.4423044, 1642378013.5785475, 1642378014.7763727, v25.tiktokcdn-us.com, 04afba9a11adfeaf9580d7bb4b07e90f, /04afba9a11adfeaf9580d7bb4b07e90f/61e50779/video/tos/useast2a/tos-useast2a-ve-0068c003/f348836467bc49eaa857075d7c4a121e/?a=1233&br=1382&bt=691&cd=0%7C0%7C0&ch=0&cr=3&cs=2&cv=1&dr=0&ds=6&er=&ft=c~.Zm4L-gXoInz7T&l=202201170006290101131352330D1C3B19&lr=all&mime_type=video_mp4&net=0&pl=0&qs=5&rc=anhwMzw6ZnRqNzMzNzczM0ApZmRlNzpnaGQ0NzloO2k6OWctZ2sycjQwLWpgLS1kMTZzczZeMzE0YWAzLTMuXi8xYWM6Yw%3D%3D&vl=&vr=
video/mp4, bytes 0-1024000/1417688, 1642378015.3713572, 1642378015.3723264, 1642378015.432417, 1642378016.64107, v25.tiktokcdn-us.com, 714be018e7ba1c70c929497bcf9d0f41, /714be018e7ba1c70c929497bcf9d0f41/61e5077a/video/tos/useast2a/tos-useast2a-ve-0068c003/ea7de911776840ddb16332a908d46e62/?a=1233&br=1060&bt=530&cd=0%7C0%7C0&ch=0&cr=3&cs=2&cv=1&dr=0&ds=6&er=&ft=c~.Zm4L-gXoInz7T&l=202201170006290101131352330D1C3B19&lr=all&mime_type=video_mp4&net=0&pl=0&qs=5&rc=anZ0aGhoNG0zNTMzNzczM0ApNDRoOmc0ZGVpNzdnM2QzOWcvbGZhM3BoLm5gLS1kMTZzcy1fYDBeNS00NF8yYjZgYWE6Yw%3D%3D&vl=&vr=
video/mp4, bytes 0-533647/533648, 1642378022.4394808, 1642378022.4456522, 1642378022.5440896, 1642378023.547141, v25.tiktokcdn-us.com, d351cae61eb483e92cbd71ebf3fd52cf, /d351cae61eb483e92cbd71ebf3fd52cf/61e5076f/video/tos/useast2a/tos-useast2a-ve-0068c002/3de104e8920c42b783312742acf07bdb/?a=1233&br=872&bt=436&cd=0%7C0%7C0&ch=0&cr=3&cs=2&cv=1&dr=0&ds=6&er=&ft=c~.Zm4L-gXoInz7T&l=202201170006290101131352330D1C3B19&lr=all&mime_type=video_mp4&net=0&pl=0&qs=4&rc=am52Zzs6ZndrNzMzNzczM0ApOGk2ZWU4Zzs1N2RoOmVpZ2dnZGk1cjQwXmxgLS1kMTZzczRgMWAyYmBeY2BhMWIxLl46Yw%3D%3D&vl=&vr=
video/mp4, bytes 1024000-1696740/1696741, 1642378031.33225, 1642378031.3343768, 1642378031.4151638, 1642378032.7867498, v25.tiktokcdn-us.com, 04afba9a11adfeaf9580d7bb4b07e90f, /04afba9a11adfeaf9580d7bb4b07e90f/61e50779/video/tos/useast2a/tos-useast2a-ve-0068c003/f348836467bc49eaa857075d7c4a121e/?a=1233&br=1382&bt=691&cd=0%7C0%7C0&ch=0&cr=3&cs=2&cv=1&dr=0&ds=6&er=&ft=c~.Zm4L-gXoInz7T&l=202201170006290101131352330D1C3B19&lr=all&mime_type=video_mp4&net=0&pl=0&qs=5&rc=anhwMzw6ZnRqNzMzNzczM0ApZmRlNzpnaGQ0NzloO2k6OWctZ2sycjQwLWpgLS1kMTZzczZeMzE0YWAzLTMuXi8xYWM6Yw%3D%3D&vl=&vr=
video/mp4, bytes 0-1024000/1115179, 1642378033.1903148, 1642378033.1911318, 1642378033.286506, 1642378034.528345, v25.tiktokcdn-us.com, a619f405706b79b0c91ee5323087969a, /a619f405706b79b0c91ee5323087969a/61e50776/video/tos/useast2a/tos-useast2a-pve-0068/b7bce4a37804449f9d2183c5933ac52d/?a=1233&br=1022&bt=511&cd=0%7C0%7C0&ch=0&cr=3&cs=2&cv=1&dr=0&ds=6&er=&ft=c~.Zm4L-gXoInz7T&l=202201170006290101131352330D1C3B19&lr=all&mime_type=video_mp4&net=0&pl=0&qs=5&rc=M2k6OHV0cm5yNjMzNzczM0ApOTU1N2lpNjtmNzo2NTc4aWdtcC01azE1bzZgLS1kMTZzc2I0LTI0YjI1LmA0Ni4xYS86Yw%3D%3D&vl=&vr=
video/mp4, bytes 1024000-1417687/1417688, 1642378050.165424, 1642378050.1686134, 1642378050.2489705, 1642378052.046871, v25.tiktokcdn-us.com, 714be018e7ba1c70c929497bcf9d0f41, /714be018e7ba1c70c929497bcf9d0f41/61e5077a/video/tos/useast2a/tos-useast2a-ve-0068c003/ea7de911776840ddb16332a908d46e62/?a=1233&br=1060&bt=530&cd=0%7C0%7C0&ch=0&cr=3&cs=2&cv=1&dr=0&ds=6&er=&ft=c~.Zm4L-gXoInz7T&l=202201170006290101131352330D1C3B19&lr=all&mime_type=video_mp4&net=0&pl=0&qs=5&rc=anZ0aGhoNG0zNTMzNzczM0ApNDRoOmc0ZGVpNzdnM2QzOWcvbGZhM3BoLm5gLS1kMTZzcy1fYDBeNS00NF8yYjZgYWE6Yw%3D%3D&vl=&vr=
video/mp4, bytesbytes 0-850417/850418, 1642378052.4755766, 1642378052.477253, 1642378052.4920013, 1642378053.6087644, v19.tiktokcdn-us.com, a7ca11e90fa3abc17d974d3728873747, /a7ca11e90fa3abc17d974d3728873747/61e507b1/video/tos/useast2a/tos-useast2a-pve-0068/33def16ebd18444989dc7993a37978dd/?a=1233&br=854&bt=427&cd=0%7C0%7C0&ch=0&cr=3&cs=2&cv=1&dr=0&ds=6&er=&ft=c~.Zm4L-gXoInz7T&l=20220117000730010113006244051FF386&lr=all&mime_type=video_mp4&net=0&pl=0&qs=5&rc=ajVyZzt5dGlreDMzZTczM0ApZzM0NDNmO2RnNzM5MzVlM2cuZWYxL3BuaDRfLS0wMTZzczQtNjBeMzIwMi4tYDI1L186Yw%3D%3D&vl=&vr=
video/mp4, bytesbytes 0-920621/920622, 1642378054.079343, 1642378054.0807703, 1642378054.0950756, 1642378055.6327143, v19.tiktokcdn-us.com, dddb9ba579a5953a7639aec9671ef9a5, /dddb9ba579a5953a7639aec9671ef9a5/61e507b5/video/tos/useast2a/tos-useast2a-ve-0068c004/79b1b3f341fd40b0b1ece1a7d0931fa7/?a=1233&br=744&bt=372&cd=0%7C0%7C0&ch=0&cr=3&cs=2&cv=1&dr=0&ds=6&er=&ft=c~.Zm4L-gXoInz7T&l=20220117000730010113006244051FF386&lr=all&mime_type=video_mp4&net=0&pl=0&qs=5&rc=ampneXc6ZTR3NTMzNzczM0ApNzU8OjhlaWRoN2g3ZWkzM2dzLWgwNmMtNGNgLS1kMTZzc19fNmEtYzYzYS4vLTE0LzI6Yw%3D%3D&vl=&vr=
video/mp4, bytesbytes 0-1024000/1086827, 1642378056.1295314, 1642378056.1310108, 1642378056.1428494, 1642378058.452206, v19.tiktokcdn-us.com, 31f925b48f535c718c55a49977ff40fc, /31f925b48f535c718c55a49977ff40fc/61e507b2/video/tos/useast2a/tos-useast2a-ve-0068c001/295b332c110d4d928a200669b9671d6c/?a=1233&br=1022&bt=511&cd=0%7C0%7C0&ch=0&cr=3&cs=2&cv=1&dr=0&ds=6&er=&ft=c~.Zm4L-gXoInz7T&l=20220117000730010113006244051FF386&lr=all&mime_type=video_mp4&net=0&pl=0&qs=4&rc=anA2NDg6Zmt2NzMzNzczM0ApPGc1Omg2ZWU3N2hmMzc4OWdhMXI2cjRfZy9gLS1kMTZzcy1eX14zLTUzYGNeYi9fNjE6Yw%3D%3D&vl=&vr=
video/mp4, bytesbytes 0-769252/769253, 1642378058.8937926, 1642378058.8957047, 1642378058.9134932, 1642378060.7994397, v19.tiktokcdn-us.com, 945b3e476017ebbff92ab1381e5fb43c, /945b3e476017ebbff92ab1381e5fb43c/61e507b1/video/tos/useast2a/tos-useast2a-ve-0068c004/efbfd78c2abf4559a766c6d6de5511bc/?a=1233&br=786&bt=393&cd=0%7C0%7C0&ch=0&cr=3&cs=2&cv=1&dr=0&ds=6&er=&ft=c~.Zm4L-gXoInz7T&l=20220117000730010113006244051FF386&lr=all&mime_type=video_mp4&net=0&pl=0&qs=5&rc=ajZ5OTtzbGo5NDMzNzczM0ApMzc7PDo3OzxpNzQ8ZTc4NmdqXjFga3NvY2tgLS1kMTZzc2MuY180MzUuYjExLzI2LTE6Yw%3D%3D&vl=&vr=
video/mp4, bytes 1024000-1115178/1115179, 1642378068.6231277, 1642378068.6245265, 1642378068.8588736, 1642378069.1413436, v25.tiktokcdn-us.com, a619f405706b79b0c91ee5323087969a, /a619f405706b79b0c91ee5323087969a/61e50776/video/tos/useast2a/tos-useast2a-pve-0068/b7bce4a37804449f9d2183c5933ac52d/?a=1233&br=1022&bt=511&cd=0%7C0%7C0&ch=0&cr=3&cs=2&cv=1&dr=0&ds=6&er=&ft=c~.Zm4L-gXoInz7T&l=202201170006290101131352330D1C3B19&lr=all&mime_type=video_mp4&net=0&pl=0&qs=5&rc=M2k6OHV0cm5yNjMzNzczM0ApOTU1N2lpNjtmNzo2NTc4aWdtcC01azE1bzZgLS1kMTZzc2I0LTI0YjI1LmA0Ni4xYS86Yw%3D%3D&vl=&vr=
video/mp4, bytesbytes 0-1024000/2333612, 1642378069.346288, 1642378069.3471024, 1642378069.3636885, 1642378071.656599, v19.tiktokcdn-us.com, f423b3df1c056a5eeb292a7ee1bfc049, /f423b3df1c056a5eeb292a7ee1bfc049/61e507ca/video/tos/useast5/tos-useast5-ve-0068c004-tx/178c4bb4832b4526b15de9a07d6089a6/?a=1233&br=892&bt=446&cd=0%7C0%7C0&ch=0&cr=3&cs=2&cv=1&dr=0&ds=6&er=&ft=c~.Zm4L-gXoInz7T&l=20220117000730010113006244051FF386&lr=all&mime_type=video_mp4&net=0&pl=0&qs=4&rc=M3JsZGQ6Zjg5OjMzZzczNEApZGhnODs1N2U8NzNlZjRkNGdxY3BocjRfZTBgLS1kMS9zczAvMi1jNl8wLzMwY2MuLTI6Yw%3D%3D&vl=&vr=
video/mp4, bytesbytes 0-265347/265348, 1642378085.9762452, 1642378085.9776633, 1642378085.9963067, 1642378086.910001, v19.tiktokcdn-us.com, 7c692c7282dd025a413438609f75b224, /7c692c7282dd025a413438609f75b224/61e507aa/video/tos/alisg/tos-alisg-pve-0037c001/88d0a2f0d8fd40f699e281a9c3b021f0/?a=1233&br=482&bt=241&cd=0%7C0%7C0&ch=0&cr=3&cs=2&cv=1&dr=0&ds=6&er=&ft=c~.Zm4L-gXoInz7T&l=20220117000730010113006244051FF386&lr=all&mime_type=video_mp4&net=0&pl=0&qs=11&rc=ajdzOXE6bDNyMzMzODczM0ApNTk1aTU8OGRoNzdoM2Y5aWdgMzExMm9rcDRgLS0yMTRzcy0zMTEyXmAvYi81MzAxLWI6Yw%3D%3D&vl=&vr=
video/mp4, bytesbytes 0-517792/517793, 1642378087.1896515, 1642378087.19064, 1642378087.2892275, 1642378088.3849635, v19.tiktokcdn-us.com, d30041f978811992ff5c1ce25808f24e, /d30041f978811992ff5c1ce25808f24e/61e507aa/video/tos/useast2a/tos-useast2a-ve-0068c004/61ddc728cfd74da9806df42f9f1aa3a3/?a=1233&br=926&bt=463&cd=0%7C0%7C0&ch=0&cr=3&cs=2&cv=1&dr=0&ds=6&er=&ft=c~.Zm4L-gXoInz7T&l=20220117000730010113006244051FF386&lr=all&mime_type=video_mp4&net=0&pl=0&qs=5&rc=amRzOzp5aHRneDMzPDczM0ApNzVmaTk2N2RoNzc7ZDQ3aWdyaGs0YWpnLWRfLS0zMTZzczJjNDMwXy1hYzVjYmA1Nl46Yw%3D%3D&vl=&vr=
video/mp4, bytesbytes 1024000-1086826/1086827, 1642378106.1162431, 1642378106.118172, 1642378106.1488328, 1642378107.3166072, v19.tiktokcdn-us.com, 31f925b48f535c718c55a49977ff40fc, /31f925b48f535c718c55a49977ff40fc/61e507b2/video/tos/useast2a/tos-useast2a-ve-0068c001/295b332c110d4d928a200669b9671d6c/?a=1233&br=1022&bt=511&cd=0%7C0%7C0&ch=0&cr=3&cs=2&cv=1&dr=0&ds=6&er=&ft=c~.Zm4L-gXoInz7T&l=20220117000730010113006244051FF386&lr=all&mime_type=video_mp4&net=0&pl=0&qs=4&rc=anA2NDg6Zmt2NzMzNzczM0ApPGc1Omg2ZWU3N2hmMzc4OWdhMXI2cjRfZy9gLS1kMTZzcy1eX14zLTUzYGNeYi9fNjE6Yw%3D%3D&vl=&vr=
video/mp4, bytesbytes 0-980941/980942, 1642378107.4789941, 1642378107.4907804, 1642378107.5473466, 1642378111.9121518, v19.tiktokcdn-us.com, aa1ab4d3194d49ba935f78062d8f3269, /aa1ab4d3194d49ba935f78062d8f3269/61e507b4/video/tos/useast2a/tos-useast2a-ve-0068c003/e03dc43dab0a4436b4e65c3f1e1c5f17/?a=1233&br=814&bt=407&cd=0%7C0%7C0&ch=0&cr=3&cs=2&cv=1&dr=0&ds=6&er=&ft=c~.Zm4L-gXoInz7T&l=20220117000730010113006244051FF386&lr=all&mime_type=video_mp4&net=0&pl=0&qs=5&rc=amxzNWg6Zm1pNzMzNzczM0ApMzs1aWZlOTw4NzM4OzdkNWc0M2YzcjQwaWxgLS1kMTZzcy1eNDFfNV41NDJeMi1eYjI6Yw%3D%3D&vl=&vr=
video/mp4, bytesbytes 0-693192/693193, 1642378113.1090841, 1642378113.1102436, 1642378113.121178, 1642378114.6157632, v19.tiktokcdn-us.com, f500c93418a7f24acc6e2fcf3cf2b77c, /f500c93418a7f24acc6e2fcf3cf2b77c/61e507aa/video/tos/useast2a/tos-useast2a-ve-0068c004/a9eb81410a7f48f794f98e82aae77edb/?a=1233&br=1254&bt=627&cd=0%7C0%7C0&ch=0&cr=3&cs=2&cv=1&dr=0&ds=6&er=&ft=c~.Zm4L-gXoInz7T&l=20220117000730010113006244051FF386&lr=all&mime_type=video_mp4&net=0&pl=0&qs=5&rc=M3V0ZDxmOjtuNDMzMzczM0ApOmdmZGg3OGQ3N2VnZzQ5NWduZGVtNmVzMWRgLS02MTZzc2EyLi4xYmEuMzU1YzFeNWI6Yw%3D%3D&vl=&vr=
video/mp4, bytesbytes 1024000-2333611/2333612, 1642378123.2004354, 1642378123.2016041, 1642378123.2120333, 1642378126.106324, v19.tiktokcdn-us.com, f423b3df1c056a5eeb292a7ee1bfc049, /f423b3df1c056a5eeb292a7ee1bfc049/61e507ca/video/tos/useast5/tos-useast5-ve-0068c004-tx/178c4bb4832b4526b15de9a07d6089a6/?a=1233&br=892&bt=446&cd=0%7C0%7C0&ch=0&cr=3&cs=2&cv=1&dr=0&ds=6&er=&ft=c~.Zm4L-gXoInz7T&l=20220117000730010113006244051FF386&lr=all&mime_type=video_mp4&net=0&pl=0&qs=4&rc=M3JsZGQ6Zjg5OjMzZzczNEApZGhnODs1N2U8NzNlZjRkNGdxY3BocjRfZTBgLS1kMS9zczAvMi1jNl8wLzMwY2MuLTI6Yw%3D%3D&vl=&vr=
video/mp4, bytesbytes 0-798486/798487, 1642378126.6871026, 1642378126.6880925, 1642378126.7006679, 1642378129.5475671, v19.tiktokcdn-us.com, 2a7f5daa21398c8af084e5e6d41abb64, /2a7f5daa21398c8af084e5e6d41abb64/61e507b5/video/tos/useast2a/tos-useast2a-ve-0068c001/93def875131f4cfdac3da9c8d5663b46/?a=1233&br=638&bt=319&cd=0%7C0%7C0&ch=0&cr=3&cs=2&cv=1&dr=0&ds=6&er=&ft=c~.Zm4L-gXoInz7T&l=20220117000730010113006244051FF386&lr=all&mime_type=video_mp4&net=0&pl=0&qs=5&rc=anU4aW94PDRpeDMzZzczM0ApaTY8O2hlODwzNzU7PDo5ZWcyZmYtY2Znc2VfLS1jMTZzczQ0MWM1Mi8zMDEuXmItMGA6Yw%3D%3D&vl=&vr=
video/mp4, bytesbytes 0-633979/633980, 1642378153.7159448, 1642378153.7224736, 1642378153.80413, 1642378155.129553, v39.tiktokcdn-us.com, def544661af10c171b64269e8887c08e, /def544661af10c171b64269e8887c08e/61e50815/video/tos/useast5/tos-useast5-pve-0068-tx/f62e02f024c540c89a00998f535a6845/?a=1233&br=582&bt=291&cd=0%7C0%7C0&ch=0&cr=3&cs=2&cv=1&dr=0&ds=3&er=&ft=c~.Zm4L-gXoInz7T&l=202201170009090101131350041B1FC193&lr=all&mime_type=video_mp4&net=0&pl=0&qs=14&rc=anhtOmY6Zmo6OjMzZzczNEApOjM6NDc4aWRkNzVlODRpOWdybmZucjRfbTZgLS1kMS9zcy4vYmFhMV5jMzZeNjY1XjY6Yw%3D%3D&vl=&vr=
video/mp4, bytesbytes 0-1024000/1468106, 1642378155.456905, 1642378155.4584532, 1642378155.4761264, 1642378157.416385, v39.tiktokcdn-us.com, b348e30dc04884e0a87715cf73263e2b, /b348e30dc04884e0a87715cf73263e2b/61e50813/video/tos/useast2a/tos-useast2a-ve-0068c001/b21486bb7d81477baabd50d3c947dcf1/?a=1233&br=1530&bt=765&cd=0%7C0%7C0&ch=0&cr=3&cs=2&cv=1&dr=0&ds=6&er=&ft=c~.Zm4L-gXoInz7T&l=202201170009090101131350041B1FC193&lr=all&mime_type=video_mp4&net=0&pl=0&qs=5&rc=ajRwZTw7bGR2NjMzNzczM0ApaWhnOWZlO2U7N2ZoZDg5M2dvNmFvMXBvYGRgLS1kMTZzcy8xNmJfXzItNC42Yy5gXzQ6Yw%3D%3D&vl=&vr=
video/mp4, bytesbytes 0-288001/288002, 1642378157.922532, 1642378157.9246013, 1642378157.9433796, 1642378158.352138, v39.tiktokcdn-us.com, 12d35f65a44d7e0e00d93f77ec080a45, /12d35f65a44d7e0e00d93f77ec080a45/61e5080b/video/tos/useast2a/tos-useast2a-ve-0068c001/5952da63183a46f283d3a1be28cbc9cb/?a=1233&br=628&bt=314&cd=0%7C0%7C0&ch=0&cr=3&cs=2&cv=1&dr=0&ds=6&er=&ft=c~.Zm4L-gXoInz7T&l=202201170009090101131350041B1FC193&lr=all&mime_type=video_mp4&net=0&pl=0&qs=5&rc=ajc1ZWQ6Zml1NjMzNzczM0ApOjk5NjVoNDw7Nzg3MzVlaGdnai1lcjRfcWpgLS1kMTZzc2IxXi0wLzI1YGFgY18wNDY6Yw%3D%3D&vl=&vr=
video/mp4, bytesbytes 0-425400/425401, 1642378158.484585, 1642378158.486319, 1642378158.5089257, 1642378159.0851083, v39.tiktokcdn-us.com, 0f401f47721efbfd2dd9f9240d9205a7, /0f401f47721efbfd2dd9f9240d9205a7/61e5080f/video/tos/useast2a/tos-useast2a-ve-0068c002/c5ad9170dbb141c483b5fbdfd8828886/?a=1233&br=616&bt=308&cd=0%7C0%7C0&ch=0&cr=3&cs=2&cv=1&dr=0&ds=6&er=&ft=c~.Zm4L-gXoInz7T&l=202201170009090101131350041B1FC193&lr=all&mime_type=video_mp4&net=0&pl=0&qs=5&rc=M3Fxczs6Zmc1NzMzNzczM0ApaDtoMzY8Mzw2N2Y7OGY4NWdvNV4vcjRncjFgLS1kMTZzcy4tMS8vLTVhYDFjNjQvNTU6Yw%3D%3D&vl=&vr=
video/mp4, bytesbytes 0-568988/568989, 1642378159.7567923, 1642378159.760404, 1642378159.7770164, 1642378160.551427, v39.tiktokcdn-us.com, a7a25f8ed0a2a0eda2bf05e8b88d9946, /a7a25f8ed0a2a0eda2bf05e8b88d9946/61e50810/video/tos/useast2a/tos-useast2a-pve-0068/0db5a52be4814ca482755ba7b47a0966/?a=1233&br=764&bt=382&cd=0%7C0%7C0&ch=0&cr=3&cs=2&cv=1&dr=0&ds=6&er=&ft=c~.Zm4L-gXoInz7T&l=202201170009090101131350041B1FC193&lr=all&mime_type=video_mp4&net=0&pl=0&qs=11&rc=M204cjw6Zm1zODMzNzgzM0ApZmZkOGdkaTs0NztmODk3aGdecmtrcjQwZXFgLS1kLzZzc2BjMWAwLTRfMC8wYmAuNGI6Yw%3D%3D&vl=&vr=
video/mp4, bytesbytes 0-434444/434445, 1642378165.4918008, 1642378165.4932563, 1642378165.523413, 1642378166.5906053, v39.tiktokcdn-us.com, c9bbdb9782cb94cd99ee71c72156fad1, /c9bbdb9782cb94cd99ee71c72156fad1/61e50810/video/tos/useast2a/tos-useast2a-ve-0068c001/bf28981904014137853b7b34d02bb149/?a=1233&br=580&bt=290&cd=0%7C0%7C0&ch=0&cr=3&cs=2&cv=1&dr=0&ds=6&er=&ft=c~.Zm4L-gXoInz7T&l=202201170009090101131350041B1FC193&lr=all&mime_type=video_mp4&net=0&pl=0&qs=5&rc=ampkM21rdWVrNjMzNzczM0ApOztpNTllO2U4N2c2ZTc5OWdqM2luaWliMS5gLS1kMTZzczFjYTBeNS9eXmAtMy5iMWA6Yw%3D%3D&vl=&vr=
video/mp4, bytesbytes 1024000-1468105/1468106, 1642378182.698084, 1642378182.6992793, 1642378182.7233646, 1642378183.8545444, v39.tiktokcdn-us.com, b348e30dc04884e0a87715cf73263e2b, /b348e30dc04884e0a87715cf73263e2b/61e50813/video/tos/useast2a/tos-useast2a-ve-0068c001/b21486bb7d81477baabd50d3c947dcf1/?a=1233&br=1530&bt=765&cd=0%7C0%7C0&ch=0&cr=3&cs=2&cv=1&dr=0&ds=6&er=&ft=c~.Zm4L-gXoInz7T&l=202201170009090101131350041B1FC193&lr=all&mime_type=video_mp4&net=0&pl=0&qs=5&rc=ajRwZTw7bGR2NjMzNzczM0ApaWhnOWZlO2U7N2ZoZDg5M2dvNmFvMXBvYGRgLS1kMTZzcy8xNmJfXzItNC42Yy5gXzQ6Yw%3D%3D&vl=&vr=
video/mp4, bytesbytes 0-1024000/1589872, 1642378184.1242414, 1642378184.1251464, 1642378184.1479251, 1642378186.4493523, v39.tiktokcdn-us.com, 7e6c637b1e1e9a1b82d7a4be639c8267, /7e6c637b1e1e9a1b82d7a4be639c8267/61e50811/video/tos/useast2a/tos-useast2a-ve-0068c003/91c724bf933b40f5903e337d94f8f6a7/?a=1233&br=1944&bt=972&cd=0%7C0%7C0&ch=0&cr=3&cs=2&cv=1&dr=0&ds=6&er=&ft=c~.Zm4L-gXoInz7T&l=202201170009090101131350041B1FC193&lr=all&mime_type=video_mp4&net=0&pl=0&qs=5&rc=M2VqbzM6ZmQ7NjMzNzczM0ApZGU1aGc7ZGU2NzhoZTNoZ2dkZGFncjRfaG9gLS1kMTZzcy4zYmA1MmE0NmEzLV8tYjQ6Yw%3D%3D&vl=&vr=
video/mp4, bytesbytes 0-1008980/1008981, 1642378188.4321926, 1642378188.4371903, 1642378188.4651911, 1642378191.1318192, v39.tiktokcdn-us.com, 925056ed270cd8b0c3b206254256d320, /925056ed270cd8b0c3b206254256d320/61e50819/video/tos/useast2a/tos-useast2a-ve-0068c004/7cafb5cfde74427492e56ce8ea5f87dd/?a=1233&br=760&bt=380&cd=0%7C0%7C0&ch=0&cr=3&cs=2&cv=1&dr=0&ds=6&er=&ft=c~.Zm4L-gXoInz7T&l=202201170009090101131350041B1FC193&lr=all&mime_type=video_mp4&net=0&pl=0&qs=4&rc=MzY0NTY6ZjhrNzMzNzczM0ApOzw5aGU5aTxpNzdnO2Y3M2djYnFmcjQwLmhgLS1kMTZzcy8xNjJjL2MzMmI2NDRgNF46Yw%3D%3D&vl=&vr=
video/mp4, bytesbytes 0-888812/888813, 1642378191.6051633, 1642378191.6063952, 1642378191.6443093, 1642378193.7290406, v39.tiktokcdn-us.com, b80f5309e7662d690c17c42d2bddc0b7, /b80f5309e7662d690c17c42d2bddc0b7/61e50814/video/tos/alisg/tos-alisg-pve-0037c001/528ecdee582c401d94082a44d9ece479/?a=1233&br=898&bt=449&cd=0%7C0%7C0&ch=0&cr=3&cs=2&cv=1&dr=0&ds=6&er=&ft=c~.Zm4L-gXoInz7T&l=202201170009090101131350041B1FC193&lr=all&mime_type=video_mp4&net=0&pl=0&qs=5&rc=M3E3eTY6ZjNsNzMzODczNEApOjRnNjNpO2U2NzxkMzU6OWdncGlwcjRfZDNgLS1kMS1zczUuNGEwLzEzXzAyYC00LjQ6Yw%3D%3D&vl=&vr=
video/mp4, bytesbytes 0-301887/301888, 1642378199.9705853, 1642378199.9721553, 1642378200.0017462, 1642378201.2108586, v39.tiktokcdn-us.com, ce467eef0f80a1d9e82aca02e7ff26bd, /ce467eef0f80a1d9e82aca02e7ff26bd/61e5080c/video/tos/useast2a/tos-useast2a-pve-0068/6f7f256df4ac448b841cb880cb1c8805/?a=1233&br=638&bt=319&cd=0%7C0%7C0&ch=0&cr=3&cs=2&cv=1&dr=0&ds=6&er=&ft=c~.Zm4L-gXoInz7T&l=202201170009090101131350041B1FC193&lr=all&mime_type=video_mp4&net=0&pl=0&qs=5&rc=M3hxczRra3FwNjMzNzczM0ApMzxlODM3OmU6NzU4OmZpaWctaGdqMTVxcTFgLS1kMTZzc2I0MGExMDQxMy9jMjUtNl86Yw%3D%3D&vl=&vr=
video/mp4, bytesbytes 1024000-1589871/1589872, 1642378207.9895897, 1642378207.9920855, 1642378208.0159392, 1642378210.6347492, v39.tiktokcdn-us.com, 7e6c637b1e1e9a1b82d7a4be639c8267, /7e6c637b1e1e9a1b82d7a4be639c8267/61e50811/video/tos/useast2a/tos-useast2a-ve-0068c003/91c724bf933b40f5903e337d94f8f6a7/?a=1233&br=1944&bt=972&cd=0%7C0%7C0&ch=0&cr=3&cs=2&cv=1&dr=0&ds=6&er=&ft=c~.Zm4L-gXoInz7T&l=202201170009090101131350041B1FC193&lr=all&mime_type=video_mp4&net=0&pl=0&qs=5&rc=M2VqbzM6ZmQ7NjMzNzczM0ApZGU1aGc7ZGU2NzhoZTNoZ2dkZGFncjRfaG9gLS1kMTZzcy4zYmA1MmE0NmEzLV8tYjQ6Yw%3D%3D&vl=&vr=
video/mp4, bytesbytes 0-294588/294589, 1642378213.6989365, 1642378213.7004838, 1642378213.7240934, 1642378214.484859, v16m.tiktokcdn-us.com, eee9107ee9656efffab176e937101460, /eee9107ee9656efffab176e937101460/61e5084a/video/tos/maliva/tos-maliva-ve-0068c799-us/175802b59ea74d358f8e89a61a22fffb/?a=1233&br=602&bt=301&cd=0%7C0%7C0&ch=0&cr=3&cs=2&cv=1&dr=0&ds=6&er=&ft=c~.Zm4L-gXoInz7T&l=20220117001011010113135105031FF2FC&lr=all&mime_type=video_mp4&net=0&pl=0&qs=11&rc=anY1dmk6Zmk2OTMzZzczNEApZzw8OTdnZTs8NzM7ZDVmZWdtbl8ycjQwNTFgLS1kMS9zczUxYzIuYzI0Xi4yMWAzNS86Yw%3D%3D&vl=&vr=
video/mp4, bytesbytes 0-587184/587185, 1642378214.6088526, 1642378214.6098037, 1642378214.6413734, 1642378215.9385207, v16m.tiktokcdn-us.com, 214de9e712118fe55b9a6929ca8936c5, /214de9e712118fe55b9a6929ca8936c5/61e50849/video/tos/useast2a/tos-useast2a-ve-0068c001/0c2f08bc79c247508bee147852570e44/?a=1233&br=1376&bt=688&cd=0%7C0%7C0&ch=0&cr=3&cs=2&cv=1&dr=0&ds=6&er=&ft=c~.Zm4L-gXoInz7T&l=20220117001011010113135105031FF2FC&lr=all&mime_type=video_mp4&net=0&pl=0&qs=5&rc=amdzcjk6ZjpnNjMzNzczM0ApNDdoMzwzNjtkNztnNjc5ZWczNmBkcjRfbWxgLS1kMTZzc2IvYF41M2AtLS4wXl9iLzM6Yw%3D%3D&vl=&vr=
video/mp4, bytesbytes 0-951005/951006, 1642378216.1816814, 1642378216.1825585, 1642378216.2020495, 1642378218.954181, v16m.tiktokcdn-us.com, ee7113b1cd08097e1e9ae1223a5395a5, /ee7113b1cd08097e1e9ae1223a5395a5/61e5084e/video/tos/useast2a/tos-useast2a-ve-0068c001/5f3422e45d71461f903cd1d7b939af71/?a=1233&br=1316&bt=658&cd=0%7C0%7C0&ch=0&cr=3&cs=2&cv=1&dr=0&ds=6&er=&ft=c~.Zm4L-gXoInz7T&l=20220117001011010113135105031FF2FC&lr=all&mime_type=video_mp4&net=0&pl=0&qs=5&rc=M3dyOjM6ZmtqNzMzNzczM0ApODszNGY3PDw4N2Y0O2g4ZGcyaGAycjRvY2xgLS1kMTZzc2JjXy8wX14xYWEyYjAxXy86Yw%3D%3D&vl=&vr=
video/mp4, bytesbytes 0-327184/327185, 1642378219.456738, 1642378219.4576674, 1642378219.4922357, 1642378220.1487336, v16m.tiktokcdn-us.com, 75e15e2328cdee6d5bc92cf5c5a200d8, /75e15e2328cdee6d5bc92cf5c5a200d8/61e50849/video/tos/useast2a/tos-useast2a-pve-0068/8523120659db42c49ab822b089c08837/?a=1233&br=794&bt=397&cd=0%7C0%7C0&ch=0&cr=3&cs=2&cv=1&dr=0&ds=6&er=&ft=c~.Zm4L-gXoInz7T&l=20220117001011010113135105031FF2FC&lr=all&mime_type=video_mp4&net=0&pl=0&qs=5&rc=MzhyNDU8ZHF2NTMzNzczM0ApZWVkZjg5aWQ3N2dpOjhmNGdtMG1yM2lmZ2RgLS1kMTZzc18xMDM0MGAwYGA2LTM2XzM6Yw%3D%3D&vl=&vr=
