video/mp4, bytesbytes 0-449698/449699, 1642383119.0000443, 1642383119.0019226, 1642383119.0155056, 1642383119.3338375, v19-us.tiktokcdn.com, 47ba0ba3b63fb4fb77c3b9bc0c833d3a, /47ba0ba3b63fb4fb77c3b9bc0c833d3a/61e51b77/video/tos/maliva/tos-maliva-ve-0068c799-us/61e0e1714b96414ebe2c06bd7275066a/?a=1233&br=738&bt=369&cd=0%7C0%7C0&ch=0&cr=3&cs=2&cv=1&dr=0&ds=3&er=&ft=xo5uS4L-gXoInz7T&l=2022011701315701022307215821A933AE&lr=all&mime_type=video_mp4&net=0&pl=0&qs=14&rc=MzxkNDM6ZnQ5OjMzZzczNEApaGZmZmk2aTxlN2VmZmgzaGdncS4ycjRvb2FgLS1kMS9zczUxYzZeNTVjLTReYTQuMjU6Yw%3D%3D&vl=&vr=
video/mp4, bytesbytes 0-720884/720885, 1642383125.0287287, 1642383125.031084, 1642383125.0446048, 1642383125.4927905, v39-us.tiktokcdn.com, 6a9ad710612e73169d6dbbcb14b38832, /6a9ad710612e73169d6dbbcb14b38832/61e51b7c/video/tos/useast2a/tos-useast2a-ve-0068c002/8ed9d74a26454edcb3e5c7b3d1665e10/?a=1233&br=1222&bt=611&cd=0%7C0%7C0&ch=0&cr=3&cs=2&cv=1&dr=0&ds=3&er=&ft=xo5uS4L-gXoInz7T&l=2022011701320201019216204527274C09&lr=all&mime_type=video_mp4&net=0&pl=0&qs=14&rc=amc2cDU6Zm9tOjMzNzczM0ApZzc8ZTw1OTxlNzZlNDpkN2dlX201cjQwc2VgLS1kMTZzc2I2MV8xMl8vYGAtMGAwNDA6Yw%3D%3D&vl=&vr=
video/mp4, bytesbytes 0-1141717/1141718, 1642383129.4915853, 1642383129.4927106, 1642383129.5196252, 1642383134.1198812, v39-us.tiktokcdn.com, bf2c82d476251a3ec777e5b38a28463b, /bf2c82d476251a3ec777e5b38a28463b/61e51b80/video/tos/maliva/tos-maliva-ve-0068c799-us/2dae22d007114eecb285f0aa6ced527a/?a=1233&br=1336&bt=668&cd=0%7C0%7C0&ch=0&cr=3&cs=2&cv=1&dr=0&ds=6&er=&ft=xo5uS4L-gXoInz7T&l=2022011701320201019216204527274C09&lr=all&mime_type=video_mp4&net=0&pl=0&qs=5&rc=ajV4bjM6Zm40OjMzZzczNEApaWRkaWZmNzs7NzNpPDM4N2dzMS4vcjRfL2VgLS1kMS9zczQtYjFeYDBfNjQ0MTZhMC06Yw%3D%3D&vl=&vr=
video/mp4, bytes, 1642383187.9323058, 1642383187.934445, 1642383187.9700892, 1642383188.3924463, v25.tiktokcdn-us.com, ff106885f7addb44f6410bcb77f6f25e, /ff106885f7addb44f6410bcb77f6f25e/61e51bb8/video/tos/useast2a/tos-useast2a-ve-0068c004/c0f25d1b31ba4b86a90cb22cfe1b1294/?a=1233&br=1116&bt=558&cd=0%7C0%7C0&ch=0&cr=3&cs=2&cv=1&dr=0&ds=6&er=&ft=c~.Zm4L-gXoInz7T&l=20220117013305010113135214273AA212&lr=all&mime_type=video_mp4&net=0&pl=0&qs=4&rc=anRuNnZvNHNodzMzODczM0ApZjk8NWg5PGVoNzZlZGQ3OmdtYnJpNTJzXnJfLS1iMTZzczMuMF5hMmBhM2NfMi1gYTY6Yw%3D%3D&vl=&vr=
video/mp4, bytes, 1642383188.5714636, 1642383188.5730145, 1642383188.6007414, 1642383189.2752304, v25.tiktokcdn-us.com, 1469201da41e15b7a63a21e145bb5a78, /1469201da41e15b7a63a21e145bb5a78/61e51bbd/video/tos/useast5/tos-useast5-ve-0068c004-tx/7fb7755292e94b97ae2acf9bbfa03fe3/?a=1233&br=1250&bt=625&cd=0%7C0%7C0&ch=0&cr=3&cs=2&cv=1&dr=0&ds=6&er=&ft=c~.Zm4L-gXoInz7T&l=20220117013305010113135214273AA212&lr=all&mime_type=video_mp4&net=0&pl=0&qs=11&rc=M2RmZGQ6ZjNzOjMzZzczNEApMzY7PDVoNWVlNzQ5aTppN2drLWxocjRnc19gLS1kMS9zcy4vYF5hMDA0NjI2MzNhYC86Yw%3D%3D&vl=&vr=
video/mp4, bytes, 1642383192.3943691, 1642383192.3958526, 1642383192.4782155, 1642383193.6991372, v25.tiktokcdn-us.com, 2a85ccad8f0bce52cdf4cb8c374b5392, /2a85ccad8f0bce52cdf4cb8c374b5392/61e51bc2/video/tos/useast2a/tos-useast2a-ve-0068c003/50066f8f4d2b488ba152414c82b60e3c/?a=1233&br=1258&bt=629&cd=0%7C0%7C0&ch=0&cr=3&cs=2&cv=1&dr=0&ds=6&er=&ft=c~.Zm4L-gXoInz7T&l=20220117013305010113135214273AA212&lr=all&mime_type=video_mp4&net=0&pl=0&qs=11&rc=anZ3NmhraW1tNDMzNzczM0ApZjw7NmQ1OWQ8N2hoZjU2OGdubmg0Ml9oYGhgLS1kMTZzczZhNi8tMDJiMzRfMTRiNTY6Yw%3D%3D&vl=&vr=
video/mp4, bytes, 1642383190.202793, 1642383190.2051475, 1642383190.256193, 1642383193.868486, v25.tiktokcdn-us.com, 5450158fb69ce4c71d7ea9bb2d9ebbfc, /5450158fb69ce4c71d7ea9bb2d9ebbfc/61e51bc5/video/tos/useast2a/tos-useast2a-ve-0068c003/a3916a82751449e5bc996d3ea4c44e77/?a=1233&br=1710&bt=855&cd=0%7C0%7C0&ch=0&cr=3&cs=2&cv=1&dr=0&ds=6&er=&ft=c~.Zm4L-gXoInz7T&l=20220117013305010113135214273AA212&lr=all&mime_type=video_mp4&net=0&pl=0&qs=5&rc=ajx1NTU6ZmdqOTMzNzczM0ApZmk0NjlpOGQ4N2U4NTg8aGcwcTEucjQwbnJgLS1kMTZzc2EzYGBjLTYyNTNgYi1fNTY6Yw%3D%3D&vl=&vr=
video/mp4, bytes, 1642383195.1520271, 1642383195.155135, 1642383195.1925428, 1642383197.5541816, v25.tiktokcdn-us.com, a15d74307988a2c402d40d55002c1060, /a15d74307988a2c402d40d55002c1060/61e51bde/video/tos/useast2a/tos-useast2a-pve-0068/d71c0e8d4bdd441cb28765ca3433472b/?a=1233&br=1084&bt=542&cd=0%7C0%7C0&ch=0&cr=3&cs=2&cv=1&dr=0&ds=3&er=&ft=c~.Zm4L-gXoInz7T&l=20220117013305010113135214273AA212&lr=all&mime_type=video_mp4&net=0&pl=0&qs=14&rc=M25oMzw6ZjhqNjMzNzczM0ApN2kzaWQ4NDtmN2c6ZTg8aWdrYjJlcjRfNmlgLS1kMTZzczA0YmNjY2AtYDI2MDBfNjY6Yw%3D%3D&vl=&vr=
video/mp4, bytes 0-1024000/1181632, 1642383198.8021128, 1642383198.8036819, 1642383198.8314946, 1642383199.4842873, v25.tiktokcdn-us.com, 77b6f3829bc704f8f6a2b8005dd10c1d, /77b6f3829bc704f8f6a2b8005dd10c1d/61e51bc1/video/tos/useast2a/tos-useast2a-pve-0068/353eea5c512a4e96bf4aed8f1a7c9fe9/?a=1233&br=1108&bt=554&cd=0%7C0%7C0&ch=0&cr=3&cs=2&cv=1&dr=0&ds=3&er=&ft=c~.Zm4L-gXoInz7T&l=20220117013305010113135214273AA212&lr=all&mime_type=video_mp4&net=0&pl=0&qs=14&rc=MzZ4bjQ6ZmtoNzMzNzczM0ApODc0NGk0NmVlN2Q7OjczM2c0MGRjcjQwci9gLS1kMTZzcy8tMWFiYS5fMzIyNTUxXy06Yw%3D%3D&vl=&vr=
video/mp4, bytes 0-1024000/1492687, 1642383199.877771, 1642383199.879867, 1642383199.9278119, 1642383200.757989, v25.tiktokcdn-us.com, 086f81aa284b258a96fab7e061cd8849, /086f81aa284b258a96fab7e061cd8849/61e51bc8/video/tos/useast2a/tos-useast2a-ve-0068c004/02c11bae6e0c4bbaa3a6e4b386e22249/?a=1233&br=980&bt=490&cd=0%7C0%7C0&ch=0&cr=3&cs=2&cv=1&dr=0&ds=6&er=&ft=c~.Zm4L-gXoInz7T&l=20220117013305010113135214273AA212&lr=all&mime_type=video_mp4&net=0&pl=0&qs=4&rc=amQ1NTN2aDpmNjMzNzczM0ApNmg5OTw2ODtnNzhoO2RlNWc0LmVxZWpmNjBgLS1kMTZzczQyLy8wYjAyLl9jL2JjXjQ6Yw%3D%3D&vl=&vr=
video/mp4, bytes 0-1024000/3653700, 1642383201.2558675, 1642383201.257012, 1642383201.2842212, 1642383201.9311726, v25.tiktokcdn-us.com, 499fd4ffcf933914fca058edf6d44af5, /499fd4ffcf933914fca058edf6d44af5/61e51be3/video/tos/useast2a/tos-useast2a-ve-0068c001/5bc95ee24c964e9b933f7770c02b2951/?a=1233&br=1136&bt=568&cd=0%7C0%7C0&ch=0&cr=3&cs=2&cv=1&dr=0&ds=6&er=&ft=c~.Zm4L-gXoInz7T&l=20220117013305010113135214273AA212&lr=all&mime_type=video_mp4&net=0&pl=0&qs=5&rc=M2plODQ6ZjllNjMzNzczM0ApNWUzOGQ7NTw4Nzg8ZWU8O2drLmJucjQwLnBgLS1kMTZzczBjNjQvMDZeYS8xNGEvMDA6Yw%3D%3D&vl=&vr=
video/mp4, bytes 0-283561/283562, 1642383202.365966, 1642383202.3688693, 1642383202.4088597, 1642383202.6289785, v25.tiktokcdn-us.com, ff2053bc8fd6f75e4f4bbda9c52080f0, /ff2053bc8fd6f75e4f4bbda9c52080f0/61e51bb7/video/tos/useast2a/tos-useast2a-ve-0068c003/c82291f2f7744bbabb097f3a38918c6a/?a=1233&br=666&bt=333&cd=0%7C0%7C0&ch=0&cr=3&cs=2&cv=1&dr=0&ds=6&er=&ft=c~.Zm4L-gXoInz7T&l=20220117013305010113135214273AA212&lr=all&mime_type=video_mp4&net=0&pl=0&qs=4&rc=anVseHJvbmdtdTMzZjczM0ApZWc2M2g4PDs6N2g5ZDdkaWdwNDYwcnM0L3BfLS0yMTZzczE1MmBgYDNfYDYuMWM2YTE6Yw%3D%3D&vl=&vr=
video/mp4, bytes 0-1024000/1412515, 1642383202.8566768, 1642383202.8580413, 1642383202.9386725, 1642383203.6567037, v25.tiktokcdn-us.com, f21265c64a8f87895b5871677dfa0039, /f21265c64a8f87895b5871677dfa0039/61e51bc5/video/tos/useast2a/tos-useast2a-ve-0068c003/b2a74e92317c41a98ff396e61f505581/?a=1233&br=1092&bt=546&cd=0%7C0%7C0&ch=0&cr=3&cs=2&cv=1&dr=0&ds=6&er=&ft=c~.Zm4L-gXoInz7T&l=20220117013305010113135214273AA212&lr=all&mime_type=video_mp4&net=0&pl=0&qs=5&rc=MzhxNTo7OmluNTMzNzczM0ApaDNlODRpZzszNzc3NDk2NWdqYzQ1Z2RibzBgLS1kMTZzc2JjMmItYy5fLi9gY2EyM2A6Yw%3D%3D&vl=&vr=
video/mp4, bytes 1024000-1181631/1181632, 1642383205.527459, 1642383205.5300958, 1642383205.5784667, 1642383205.6914825, v25.tiktokcdn-us.com, 77b6f3829bc704f8f6a2b8005dd10c1d, /77b6f3829bc704f8f6a2b8005dd10c1d/61e51bc1/video/tos/useast2a/tos-useast2a-pve-0068/353eea5c512a4e96bf4aed8f1a7c9fe9/?a=1233&br=1108&bt=554&cd=0%7C0%7C0&ch=0&cr=3&cs=2&cv=1&dr=0&ds=3&er=&ft=c~.Zm4L-gXoInz7T&l=20220117013305010113135214273AA212&lr=all&mime_type=video_mp4&net=0&pl=0&qs=14&rc=MzZ4bjQ6ZmtoNzMzNzczM0ApODc0NGk0NmVlN2Q7OjczM2c0MGRjcjQwci9gLS1kMTZzcy8tMWFiYS5fMzIyNTUxXy06Yw%3D%3D&vl=&vr=
video/mp4, bytes 1024000-1492686/1492687, 1642383209.149556, 1642383209.1512125, 1642383209.1793857, 1642383209.6566234, v25.tiktokcdn-us.com, 086f81aa284b258a96fab7e061cd8849, /086f81aa284b258a96fab7e061cd8849/61e51bc8/video/tos/useast2a/tos-useast2a-ve-0068c004/02c11bae6e0c4bbaa3a6e4b386e22249/?a=1233&br=980&bt=490&cd=0%7C0%7C0&ch=0&cr=3&cs=2&cv=1&dr=0&ds=6&er=&ft=c~.Zm4L-gXoInz7T&l=20220117013305010113135214273AA212&lr=all&mime_type=video_mp4&net=0&pl=0&qs=4&rc=amQ1NTN2aDpmNjMzNzczM0ApNmg5OTw2ODtnNzhoO2RlNWc0LmVxZWpmNjBgLS1kMTZzczQyLy8wYjAyLl9jL2JjXjQ6Yw%3D%3D&vl=&vr=
video/mp4, bytes 1024000-3653699/3653700, 1642383215.8098516, 1642383215.8116748, 1642383215.8502066, 1642383217.629277, v25.tiktokcdn-us.com, 499fd4ffcf933914fca058edf6d44af5, /499fd4ffcf933914fca058edf6d44af5/61e51be3/video/tos/useast2a/tos-useast2a-ve-0068c001/5bc95ee24c964e9b933f7770c02b2951/?a=1233&br=1136&bt=568&cd=0%7C0%7C0&ch=0&cr=3&cs=2&cv=1&dr=0&ds=6&er=&ft=c~.Zm4L-gXoInz7T&l=20220117013305010113135214273AA212&lr=all&mime_type=video_mp4&net=0&pl=0&qs=5&rc=M2plODQ6ZjllNjMzNzczM0ApNWUzOGQ7NTw4Nzg8ZWU8O2drLmJucjQwLnBgLS1kMTZzczBjNjQvMDZeYS8xNGEvMDA6Yw%3D%3D&vl=&vr=
video/mp4, bytesbytes 0-1024000/1093114, 1642383218.8701284, 1642383218.8710287, 1642383218.9291778, 1642383219.5192964, v16m.tiktokcdn-us.com, 86761c8c9c432fe9e7f300209def5091, /86761c8c9c432fe9e7f300209def5091/61e51be1/video/tos/useast2a/tos-useast2a-ve-0068c004/ebeda0edfad943b88c11b94bd99d0786/?a=1233&br=976&bt=488&cd=0%7C0%7C0&ch=0&cr=3&cs=2&cv=1&dr=0&ds=3&er=&ft=c~.Zm4L-gXoInz7T&l=202201170133350101131352071737D9D3&lr=all&mime_type=video_mp4&net=0&pl=0&qs=14&rc=amo3a2g6ZnJoNzMzNzczM0ApNGhpNzppNmQ2NzRoNGk0OWcvb2IzcjRfZzBgLS1kMTZzczM1YzIvYWIzYC5iM2AvYDE6Yw%3D%3D&vl=&vr=
video/mp4, bytesbytes 0-1024000/4051674, 1642383219.9890878, 1642383219.99079, 1642383220.0127795, 1642383220.5183504, v16m.tiktokcdn-us.com, f9442bc6f34bbce2b78d131d022a7243, /f9442bc6f34bbce2b78d131d022a7243/61e51bf7/video/tos/useast2a/tos-useast2a-ve-0068c003/1a97b482df3c42a5a46f24c08775ee7e/?a=1233&br=1588&bt=794&cd=0%7C0%7C0&ch=0&cr=3&cs=2&cv=1&dr=0&ds=6&er=&ft=c~.Zm4L-gXoInz7T&l=202201170133350101131352071737D9D3&lr=all&mime_type=video_mp4&net=0&pl=0&qs=4&rc=am5zdDw6ZmhqNjMzNzczM0ApNmUzPGgzNztlN2U3Z2g3OmdtNGtncjRnb2hgLS1kMTZzc2FfYDZjLWIvMDFgNjM1L2A6Yw%3D%3D&vl=&vr=
video/mp4, bytesbytes 0-1024000/1692789, 1642383220.8922086, 1642383220.8946633, 1642383220.9537523, 1642383221.5285974, v16m.tiktokcdn-us.com, a8428b08e5d34e7c9b904fec24a60537, /a8428b08e5d34e7c9b904fec24a60537/61e51bdf/video/tos/useast2a/tos-useast2a-ve-0068c003/d918c7ad25384e74ae53ecaa17a10985/?a=1233&br=1736&bt=868&cd=0%7C0%7C0&ch=0&cr=3&cs=2&cv=1&dr=0&ds=6&er=&ft=c~.Zm4L-gXoInz7T&l=202201170133350101131352071737D9D3&lr=all&mime_type=video_mp4&net=0&pl=0&qs=4&rc=MzlqN214NThwNTMzNzczM0ApOmhkZzRkNzw0NzNpZTs3Z2cubjNkcWZyam5gLS1kMTZzc19iLWJgYmJeMWI2YDMyYC06Yw%3D%3D&vl=&vr=
video/mp4, bytesbytes 0-1024000/1245961, 1642383266.3695605, 1642383266.3710492, 1642383266.4168663, 1642383267.0366013, v16m.tiktokcdn-us.com, 06469919dac907e5fa6b342811d58b0b, /06469919dac907e5fa6b342811d58b0b/61e51bde/video/tos/useast5/tos-useast5-ve-0068c004-tx/288c2e7eff49415ba3911a0c11c53285/?a=1233&br=1292&bt=646&cd=0%7C0%7C0&ch=0&cr=3&cs=2&cv=1&dr=0&ds=3&er=&ft=c~.Zm4L-gXoInz7T&l=202201170133350101131352071737D9D3&lr=all&mime_type=video_mp4&net=0&pl=0&qs=14&rc=amkzdjo6ZnY6OjMzZzczNEApODloODVnOmU6N2k8NzQ6OGdoXnNtcjRnNTVgLS1kMS9zc2NeMzYvYl8tXy4tM19gXjY6Yw%3D%3D&vl=&vr=
video/mp4, bytes 1024000-1412514/1412515, 1642383273.2638912, 1642383273.2650807, 1642383273.2920885, 1642383273.5192626, v25.tiktokcdn-us.com, f21265c64a8f87895b5871677dfa0039, /f21265c64a8f87895b5871677dfa0039/61e51bc5/video/tos/useast2a/tos-useast2a-ve-0068c003/b2a74e92317c41a98ff396e61f505581/?a=1233&br=1092&bt=546&cd=0%7C0%7C0&ch=0&cr=3&cs=2&cv=1&dr=0&ds=6&er=&ft=c~.Zm4L-gXoInz7T&l=20220117013305010113135214273AA212&lr=all&mime_type=video_mp4&net=0&pl=0&qs=5&rc=MzhxNTo7OmluNTMzNzczM0ApaDNlODRpZzszNzc3NDk2NWdqYzQ1Z2RibzBgLS1kMTZzc2JjMmItYy5fLi9gY2EyM2A6Yw%3D%3D&vl=&vr=
video/mp4, bytesbytes 0-1024000/1849898, 1642383273.7749786, 1642383273.7759416, 1642383273.8146832, 1642383274.3858845, v16m.tiktokcdn-us.com, 7236caa2da5ff6708de533cee785bb84, /7236caa2da5ff6708de533cee785bb84/61e51be9/video/tos/alisg/tos-alisg-pve-0037c001/0fcd2e46f8c24166a41b1a8f9f5a534e/?a=1233&br=1140&bt=570&cd=0%7C0%7C0&ch=0&cr=3&cs=2&cv=1&dr=0&ds=6&er=&ft=c~.Zm4L-gXoInz7T&l=202201170133350101131352071737D9D3&lr=all&mime_type=video_mp4&net=0&pl=0&qs=11&rc=ajY3Njk6ZmU2OTMzODczNEApaDU1ODpnZzxmNzNmZGg4M2dsb25ucjRvM2BgLS1kMS1zczEuMDQxM2M0NS9jMWA0My46Yw%3D%3D&vl=&vr=
video/mp4, bytesbytes 1024000-1093113/1093114, 1642383280.029897, 1642383280.0310652, 1642383280.0492866, 1642383280.088651, v16m.tiktokcdn-us.com, 86761c8c9c432fe9e7f300209def5091, /86761c8c9c432fe9e7f300209def5091/61e51be1/video/tos/useast2a/tos-useast2a-ve-0068c004/ebeda0edfad943b88c11b94bd99d0786/?a=1233&br=976&bt=488&cd=0%7C0%7C0&ch=0&cr=3&cs=2&cv=1&dr=0&ds=3&er=&ft=c~.Zm4L-gXoInz7T&l=202201170133350101131352071737D9D3&lr=all&mime_type=video_mp4&net=0&pl=0&qs=14&rc=amo3a2g6ZnJoNzMzNzczM0ApNGhpNzppNmQ2NzRoNGk0OWcvb2IzcjRfZzBgLS1kMTZzczM1YzIvYWIzYC5iM2AvYDE6Yw%3D%3D&vl=&vr=
video/mp4, bytesbytes 0-1024000/1153834, 1642383280.2015913, 1642383280.2044487, 1642383280.2457702, 1642383281.070817, v16m.tiktokcdn-us.com, 6f99ac3ff87161393da89d30a74b92d9, /6f99ac3ff87161393da89d30a74b92d9/61e51bda/video/tos/useast2a/tos-useast2a-pve-0068/250df16a02a94b9187bfb0c9e76bfd7c/?a=1233&br=1688&bt=844&cd=0%7C0%7C0&ch=0&cr=3&cs=2&cv=1&dr=0&ds=6&er=&ft=c~.Zm4L-gXoInz7T&l=202201170133350101131352071737D9D3&lr=all&mime_type=video_mp4&net=0&pl=0&qs=11&rc=am53bnBmZ2Z2NDMzNzczM0ApNTY0Z2ZoNWVoN2U8NWhoNGduZmtiZy5pNG5gLS1kMTZzczUzMF5jNTYxNl8tLTIuNl86Yw%3D%3D&vl=&vr=
video/mp4, bytesbytes 1024000-4051673/4051674, 1642383288.6311088, 1642383288.6328957, 1642383288.7285132, 1642383290.3724203, v16m.tiktokcdn-us.com, f9442bc6f34bbce2b78d131d022a7243, /f9442bc6f34bbce2b78d131d022a7243/61e51bf7/video/tos/useast2a/tos-useast2a-ve-0068c003/1a97b482df3c42a5a46f24c08775ee7e/?a=1233&br=1588&bt=794&cd=0%7C0%7C0&ch=0&cr=3&cs=2&cv=1&dr=0&ds=6&er=&ft=c~.Zm4L-gXoInz7T&l=202201170133350101131352071737D9D3&lr=all&mime_type=video_mp4&net=0&pl=0&qs=4&rc=am5zdDw6ZmhqNjMzNzczM0ApNmUzPGgzNztlN2U3Z2g3OmdtNGtncjRnb2hgLS1kMTZzc2FfYDZjLWIvMDFgNjM1L2A6Yw%3D%3D&vl=&vr=
video/mp4, bytesbytes 0-1001318/1001319, 1642383291.593607, 1642383291.5948908, 1642383291.6175656, 1642383292.8586876, v16m.tiktokcdn-us.com, 4ec83147be5b4946132f20c9ccb1d549, /4ec83147be5b4946132f20c9ccb1d549/61e51bdb/video/tos/useast5/tos-useast5-ve-0068c003-tx/724514e92b8043a6947f02201f7c50ab/?a=1233&br=1328&bt=664&cd=0%7C0%7C0&ch=0&cr=3&cs=2&cv=1&dr=0&ds=3&er=&ft=c~.Zm4L-gXoInz7T&l=202201170133350101131352071737D9D3&lr=all&mime_type=video_mp4&net=0&pl=0&qs=14&rc=M29saWg6ZjczOjMzZzczNEApZ2hkaDY8NmQ7N2hnNjplaGcyNGBocjRfX2FgLS1kMS9zc2I2YzFeNTYyMTAyL2ItMmA6Yw%3D%3D&vl=&vr=
video/mp4, bytesbytes 1024000-1692788/1692789, 1642383316.5799713, 1642383316.583672, 1642383316.6005688, 1642383318.1599782, v16m.tiktokcdn-us.com, a8428b08e5d34e7c9b904fec24a60537, /a8428b08e5d34e7c9b904fec24a60537/61e51bdf/video/tos/useast2a/tos-useast2a-ve-0068c003/d918c7ad25384e74ae53ecaa17a10985/?a=1233&br=1736&bt=868&cd=0%7C0%7C0&ch=0&cr=3&cs=2&cv=1&dr=0&ds=6&er=&ft=c~.Zm4L-gXoInz7T&l=202201170133350101131352071737D9D3&lr=all&mime_type=video_mp4&net=0&pl=0&qs=4&rc=MzlqN214NThwNTMzNzczM0ApOmhkZzRkNzw0NzNpZTs3Z2cubjNkcWZyam5gLS1kMTZzc19iLWJgYmJeMWI2YDMyYC06Yw%3D%3D&vl=&vr=
video/mp4, bytesbytes 1024000-1245960/1245961, 1642383318.1660612, 1642383318.1673243, 1642383318.1944711, 1642383318.3189096, v16m.tiktokcdn-us.com, 06469919dac907e5fa6b342811d58b0b, /06469919dac907e5fa6b342811d58b0b/61e51bde/video/tos/useast5/tos-useast5-ve-0068c004-tx/288c2e7eff49415ba3911a0c11c53285/?a=1233&br=1292&bt=646&cd=0%7C0%7C0&ch=0&cr=3&cs=2&cv=1&dr=0&ds=3&er=&ft=c~.Zm4L-gXoInz7T&l=202201170133350101131352071737D9D3&lr=all&mime_type=video_mp4&net=0&pl=0&qs=14&rc=amkzdjo6ZnY6OjMzZzczNEApODloODVnOmU6N2k8NzQ6OGdoXnNtcjRnNTVgLS1kMS9zc2NeMzYvYl8tXy4tM19gXjY6Yw%3D%3D&vl=&vr=
video/mp4, bytesbytes 0-1024000/2121440, 1642383318.4538233, 1642383318.4554923, 1642383318.4747396, 1642383319.0360289, v16m.tiktokcdn-us.com, 5c4ebe98dab3ccf1f6f887d1d8ae2209, /5c4ebe98dab3ccf1f6f887d1d8ae2209/61e51be5/video/tos/useast2a/tos-useast2a-pve-0068/bce660f83b4044319aeab83ae5a264f6/?a=1233&br=1562&bt=781&cd=0%7C0%7C0&ch=0&cr=3&cs=2&cv=1&dr=0&ds=6&er=&ft=c~.Zm4L-gXoInz7T&l=202201170133350101131352071737D9D3&lr=all&mime_type=video_mp4&net=0&pl=0&qs=5&rc=ajtwaW9vZGt5NTMzNzczM0ApMzo0ZTNlNWQ4N2Y4Zjg5Z2djaTZlczNkM2dgLS1kMTZzc2A2MC4wYy9iYTQtMmBjNl46Yw%3D%3D&vl=&vr=
video/mp4, bytesbytes 1024000-1849897/1849898, 1642383319.1365752, 1642383319.137443, 1642383319.1669245, 1642383319.651202, v16m.tiktokcdn-us.com, 7236caa2da5ff6708de533cee785bb84, /7236caa2da5ff6708de533cee785bb84/61e51be9/video/tos/alisg/tos-alisg-pve-0037c001/0fcd2e46f8c24166a41b1a8f9f5a534e/?a=1233&br=1140&bt=570&cd=0%7C0%7C0&ch=0&cr=3&cs=2&cv=1&dr=0&ds=6&er=&ft=c~.Zm4L-gXoInz7T&l=202201170133350101131352071737D9D3&lr=all&mime_type=video_mp4&net=0&pl=0&qs=11&rc=ajY3Njk6ZmU2OTMzODczNEApaDU1ODpnZzxmNzNmZGg4M2dsb25ucjRvM2BgLS1kMS1zczEuMDQxM2M0NS9jMWA0My46Yw%3D%3D&vl=&vr=
video/mp4, bytesbytes 0-1024000/2121440, 1642383320.0618143, 1642383320.0630968, 1642383320.0850215, 1642383320.6460178, v16m.tiktokcdn-us.com, 5c4ebe98dab3ccf1f6f887d1d8ae2209, /5c4ebe98dab3ccf1f6f887d1d8ae2209/61e51be5/video/tos/useast2a/tos-useast2a-pve-0068/bce660f83b4044319aeab83ae5a264f6/?a=1233&br=1562&bt=781&cd=0%7C0%7C0&ch=0&cr=3&cs=2&cv=1&dr=0&ds=6&er=&ft=c~.Zm4L-gXoInz7T&l=202201170133350101131352071737D9D3&lr=all&mime_type=video_mp4&net=0&pl=0&qs=5&rc=ajtwaW9vZGt5NTMzNzczM0ApMzo0ZTNlNWQ4N2Y4Zjg5Z2djaTZlczNkM2dgLS1kMTZzc2A2MC4wYy9iYTQtMmBjNl46Yw%3D%3D&vl=&vr=
video/mp4, bytesbytes 1024000-1153833/1153834, 1642383321.6063406, 1642383321.6070192, 1642383321.6252384, 1642383321.6821702, v16m.tiktokcdn-us.com, 6f99ac3ff87161393da89d30a74b92d9, /6f99ac3ff87161393da89d30a74b92d9/61e51bda/video/tos/useast2a/tos-useast2a-pve-0068/250df16a02a94b9187bfb0c9e76bfd7c/?a=1233&br=1688&bt=844&cd=0%7C0%7C0&ch=0&cr=3&cs=2&cv=1&dr=0&ds=6&er=&ft=c~.Zm4L-gXoInz7T&l=202201170133350101131352071737D9D3&lr=all&mime_type=video_mp4&net=0&pl=0&qs=11&rc=am53bnBmZ2Z2NDMzNzczM0ApNTY0Z2ZoNWVoN2U8NWhoNGduZmtiZy5pNG5gLS1kMTZzczUzMF5jNTYxNl8tLTIuNl86Yw%3D%3D&vl=&vr=
video/mp4, bytesbytes 0-1024000/1418000, 1642383321.8092198, 1642383321.810269, 1642383321.834497, 1642383322.2954037, v16m.tiktokcdn-us.com, 1fdac754a642611130a77d44aff9ce1d, /1fdac754a642611130a77d44aff9ce1d/61e51bdf/video/tos/useast2a/tos-useast2a-pve-0068/1a4eb2b04b464350bb484bfe194ad9cb/?a=1233&br=1436&bt=718&cd=0%7C0%7C0&ch=0&cr=3&cs=2&cv=1&dr=0&ds=3&er=&ft=c~.Zm4L-gXoInz7T&l=202201170133350101131352071737D9D3&lr=all&mime_type=video_mp4&net=0&pl=0&qs=14&rc=ajo6ZzZyOmt2dDMzNzczM0ApZGkzNmk6MzszNzs8NGRlOGdfbmYzbDAvYzBfLS1jMTZzczEyLy9fMDFjMWBiXmFjM2A6Yw%3D%3D&vl=&vr=
video/mp4, bytesbytes 0-558138/558139, 1642383322.6707702, 1642383322.6716337, 1642383322.7045083, 1642383322.95513, v16m.tiktokcdn-us.com, 39f8070ab084926ef1d8df4351dc1d14, /39f8070ab084926ef1d8df4351dc1d14/61e51bd8/video/tos/useast2a/tos-useast2a-pve-0068/060bd750fbeb462c8e674263b1a14cc8/?a=1233&br=1054&bt=527&cd=0%7C0%7C0&ch=0&cr=3&cs=2&cv=1&dr=0&ds=3&er=&ft=c~.Zm4L-gXoInz7T&l=202201170133350101131352071737D9D3&lr=all&mime_type=video_mp4&net=0&pl=0&qs=14&rc=ajlncnh0bXY7NTMzNzczM0ApPDs8Nzk0ZmVmN2c3M2lkO2deNjU1MjFhZl5gLS1kMTZzcy8uXjMtYTJiX2BjMjIuNjQ6Yw%3D%3D&vl=&vr=
video/mp4, bytesbytes 1024000-2121439/2121440, 1642383343.615072, 1642383343.6161623, 1642383343.6403182, 1642383346.672794, v16m.tiktokcdn-us.com, 5c4ebe98dab3ccf1f6f887d1d8ae2209, /5c4ebe98dab3ccf1f6f887d1d8ae2209/61e51be5/video/tos/useast2a/tos-useast2a-pve-0068/bce660f83b4044319aeab83ae5a264f6/?a=1233&br=1562&bt=781&cd=0%7C0%7C0&ch=0&cr=3&cs=2&cv=1&dr=0&ds=6&er=&ft=c~.Zm4L-gXoInz7T&l=202201170133350101131352071737D9D3&lr=all&mime_type=video_mp4&net=0&pl=0&qs=5&rc=ajtwaW9vZGt5NTMzNzczM0ApMzo0ZTNlNWQ4N2Y4Zjg5Z2djaTZlczNkM2dgLS1kMTZzc2A2MC4wYy9iYTQtMmBjNl46Yw%3D%3D&vl=&vr=
video/mp4, bytesbytes 0-572369/572370, 1642383347.298911, 1642383347.3003695, 1642383347.3367052, 1642383348.3628385, v16m.tiktokcdn-us.com, 676fa5e47e19b3dea501016cf2f93fb3, /676fa5e47e19b3dea501016cf2f93fb3/61e51c57/video/tos/useast2a/tos-useast2a-ve-0068c002/9a2794aa230541308cc5eca4e5bafa23/?a=1233&br=1170&bt=585&cd=0%7C0%7C0&ch=0&cr=3&cs=2&cv=1&dr=0&ds=3&er=&ft=c~.Zm4L-gXoInz7T&l=202201170135440101130062330D2EDC49&lr=all&mime_type=video_mp4&net=0&pl=0&qs=14&rc=M3kzcms1NHd0NDMzOjczM0ApZGc7OjU6PGQ3Nzg4aTozZGc1a3NhbGowbDJgLS02MTZzcy82YjItMV9iLV8vYjEwNF86Yw%3D%3D&vl=&vr=
video/mp4, bytesbytes 0-1024000/1727848, 1642383348.642563, 1642383348.6445444, 1642383348.685471, 1642383351.9402716, v16m.tiktokcdn-us.com, 1b1c60f68c1723824b7e5d0624ee187e, /1b1c60f68c1723824b7e5d0624ee187e/61e51c60/video/tos/useast2a/tos-useast2a-ve-0068c002/dcc2b0bfb9ae4fb496fdaf811f3e57f0/?a=1233&br=1586&bt=793&cd=0%7C0%7C0&ch=0&cr=3&cs=2&cv=1&dr=0&ds=6&er=&ft=c~.Zm4L-gXoInz7T&l=202201170135440101130062330D2EDC49&lr=all&mime_type=video_mp4&net=0&pl=0&qs=4&rc=M2k6OHV0cm5yNjMzNzczM0ApPGhnNmk6OmQ0N2Q1NDdlaWdtcC01azE1bzZgLS1kMTZzc2BhY2FhY2FhYS9iNmNjNS46Yw%3D%3D&vl=&vr=
video/mp4, bytesbytes 0-1024000/1219030, 1642383352.3895402, 1642383352.39135, 1642383352.4508545, 1642383354.6207056, v16m.tiktokcdn-us.com, 4de9207cb6a988c684bb42ece1a31158, /4de9207cb6a988c684bb42ece1a31158/61e51c5e/video/tos/useast2a/tos-useast2a-ve-0068c004/634f17cf046d4f1ea70aa47fb2057d65/?a=1233&br=1274&bt=637&cd=0%7C0%7C0&ch=0&cr=3&cs=2&cv=1&dr=0&ds=6&er=&ft=c~.Zm4L-gXoInz7T&l=202201170135440101130062330D2EDC49&lr=all&mime_type=video_mp4&net=0&pl=0&qs=4&rc=ajhkeTtyNjM1NDMzNzczM0ApMzk8aTU5NmQ4NzM5Njk2aWcvamRjNGE2LmtgLS1kMTZzczMwYC9jYWIuXy9iMGMzNS86Yw%3D%3D&vl=&vr=
video/mp4, bytesbytes 1024000-1417999/1418000, 1642383365.1179652, 1642383365.1220198, 1642383365.141348, 1642383366.5048249, v16m.tiktokcdn-us.com, 1fdac754a642611130a77d44aff9ce1d, /1fdac754a642611130a77d44aff9ce1d/61e51bdf/video/tos/useast2a/tos-useast2a-pve-0068/1a4eb2b04b464350bb484bfe194ad9cb/?a=1233&br=1436&bt=718&cd=0%7C0%7C0&ch=0&cr=3&cs=2&cv=1&dr=0&ds=3&er=&ft=c~.Zm4L-gXoInz7T&l=202201170133350101131352071737D9D3&lr=all&mime_type=video_mp4&net=0&pl=0&qs=14&rc=ajo6ZzZyOmt2dDMzNzczM0ApZGkzNmk6MzszNzs8NGRlOGdfbmYzbDAvYzBfLS1jMTZzczEyLy9fMDFjMWBiXmFjM2A6Yw%3D%3D&vl=&vr=
video/mp4, bytesbytes 0-444670/444671, 1642383366.7184749, 1642383366.719868, 1642383366.7874982, 1642383368.2002006, v16m.tiktokcdn-us.com, 0d7917b27b056d23a853f7800e205f05, /0d7917b27b056d23a853f7800e205f05/61e51c57/video/tos/alisg/tos-alisg-pve-0037c001/483cae1dd53b40d999040db9dcbd2da8/?a=1233&br=864&bt=432&cd=0%7C0%7C0&ch=0&cr=3&cs=2&cv=1&dr=0&ds=6&er=&ft=c~.Zm4L-gXoInz7T&l=202201170135440101130062330D2EDC49&lr=all&mime_type=video_mp4&net=0&pl=0&qs=4&rc=MzQzPHNnNjg8NDMzNTczM0ApZzo7OTg8OWVnN2dkM2Y6OmdnYW5ibTJwcjZgLS0xMTRzc2I0NWBfLmIwXi0vLTMxYTE6Yw%3D%3D&vl=&vr=
video/mp4, bytesbytes 1024000-1727847/1727848, 1642383370.5186698, 1642383370.5208166, 1642383370.6382785, 1642383371.9077713, v16m.tiktokcdn-us.com, 1b1c60f68c1723824b7e5d0624ee187e, /1b1c60f68c1723824b7e5d0624ee187e/61e51c60/video/tos/useast2a/tos-useast2a-ve-0068c002/dcc2b0bfb9ae4fb496fdaf811f3e57f0/?a=1233&br=1586&bt=793&cd=0%7C0%7C0&ch=0&cr=3&cs=2&cv=1&dr=0&ds=6&er=&ft=c~.Zm4L-gXoInz7T&l=202201170135440101130062330D2EDC49&lr=all&mime_type=video_mp4&net=0&pl=0&qs=4&rc=M2k6OHV0cm5yNjMzNzczM0ApPGhnNmk6OmQ0N2Q1NDdlaWdtcC01azE1bzZgLS1kMTZzc2BhY2FhY2FhYS9iNmNjNS46Yw%3D%3D&vl=&vr=
video/mp4, bytesbytes 1024000-1219029/1219030, 1642383371.981809, 1642383371.9892054, 1642383372.0294993, 1642383372.3531098, v16m.tiktokcdn-us.com, 4de9207cb6a988c684bb42ece1a31158, /4de9207cb6a988c684bb42ece1a31158/61e51c5e/video/tos/useast2a/tos-useast2a-ve-0068c004/634f17cf046d4f1ea70aa47fb2057d65/?a=1233&br=1274&bt=637&cd=0%7C0%7C0&ch=0&cr=3&cs=2&cv=1&dr=0&ds=6&er=&ft=c~.Zm4L-gXoInz7T&l=202201170135440101130062330D2EDC49&lr=all&mime_type=video_mp4&net=0&pl=0&qs=4&rc=ajhkeTtyNjM1NDMzNzczM0ApMzk8aTU5NmQ4NzM5Njk2aWcvamRjNGE2LmtgLS1kMTZzczMwYC9jYWIuXy9iMGMzNS86Yw%3D%3D&vl=&vr=
video/mp4, bytesbytes 0-1024000/1417688, 1642383372.5265584, 1642383372.5283043, 1642383372.5498471, 1642383374.2504914, v16m.tiktokcdn-us.com, be460ac6427b23a5c0f5745842f210e5, /be460ac6427b23a5c0f5745842f210e5/61e51c64/video/tos/useast2a/tos-useast2a-ve-0068c003/ea7de911776840ddb16332a908d46e62/?a=1233&br=1060&bt=530&cd=0%7C0%7C0&ch=0&cr=3&cs=2&cv=1&dr=0&ds=6&er=&ft=c~.Zm4L-gXoInz7T&l=202201170135440101130062330D2EDC49&lr=all&mime_type=video_mp4&net=0&pl=0&qs=5&rc=anZ0aGhoNG0zNTMzNzczM0ApNDRoOmc0ZGVpNzdnM2QzOWcvbGZhM3BoLm5gLS1kMTZzcy1fYDBeNS00NF8yYjZgYWE6Yw%3D%3D&vl=&vr=
video/mp4, bytesbytes 0-621511/621512, 1642383374.7382267, 1642383374.7394328, 1642383374.7762055, 1642383375.7932281, v16m.tiktokcdn-us.com, 0ad57cf898adaae107df6e66017df1a1, /0ad57cf898adaae107df6e66017df1a1/61e51c5e/video/tos/useast2a/tos-useast2a-ve-0068c003/8a331142577249c1871010195fd4a5f3/?a=1233&br=682&bt=341&cd=0%7C0%7C0&ch=0&cr=3&cs=2&cv=1&dr=0&ds=6&er=&ft=c~.Zm4L-gXoInz7T&l=202201170135440101130062330D2EDC49&lr=all&mime_type=video_mp4&net=0&pl=0&qs=4&rc=MzRoaGV1czhxMzMzZzczM0ApMzZnPDZpNmRmN2RlZ2RkOGcvZDQxcDU1ZW5gLS1eMTZzczNgNGBhYl5jYzMyMzJgNDM6Yw%3D%3D&vl=&vr=
video/mp4, bytesbytes 0-435841/435842, 1642383376.106243, 1642383376.1072457, 1642383376.137816, 1642383376.905906, v16m.tiktokcdn-us.com, 0c8e717a58a5141dfefee8a512242038, /0c8e717a58a5141dfefee8a512242038/61e51c57/video/tos/useast2a/tos-useast2a-ve-0068c003/68d322896df040509a8850930ec1b841/?a=1233&br=856&bt=428&cd=0%7C0%7C0&ch=0&cr=3&cs=2&cv=1&dr=0&ds=6&er=&ft=c~.Zm4L-gXoInz7T&l=202201170135440101130062330D2EDC49&lr=all&mime_type=video_mp4&net=0&pl=0&qs=11&rc=M2dvcmg6ZmZtOTMzNzczM0ApOjZmOzVpOjw6NzdkaWQzPGdsaGEucjRvZV9gLS1kMTZzc2JeMWIyYDBjNC81NjY1LV46Yw%3D%3D&vl=&vr=
video/mp4, bytesbytes 0-473870/473871, 1642383377.0888317, 1642383377.0899932, 1642383377.1148915, 1642383377.8744752, v16m.tiktokcdn-us.com, 24366f567e1ff3d0af15b9f30367988f, /24366f567e1ff3d0af15b9f30367988f/61e51c54/video/tos/useast2a/tos-useast2a-ve-0068c004/e99cb9d5a11d4ac7a496622b02f8a9ad/?a=1233&br=1476&bt=738&cd=0%7C0%7C0&ch=0&cr=3&cs=0&dr=0&ds=2&er=&ft=c~.Zm4L-gXoInz7T&l=202201170135440101130062330D2EDC49&lr=all&mime_type=video_mp4&net=0&pl=0&qs=0&rc=MzN1NmdkcnU2NTMzNzczM0ApNjk0Z2c7Zzs4NzRmMzYzM2dwYmtrai5laXFgLS1kMTZzc2BiNV4zNTEyNjQ0XmEzMS86Yw%3D%3D&vl=&vr=
video/mp4, bytesbytes 1024000-1417687/1417688, 1642383379.041823, 1642383379.0494459, 1642383379.2215843, 1642383380.5486062, v16m.tiktokcdn-us.com, be460ac6427b23a5c0f5745842f210e5, /be460ac6427b23a5c0f5745842f210e5/61e51c64/video/tos/useast2a/tos-useast2a-ve-0068c003/ea7de911776840ddb16332a908d46e62/?a=1233&br=1060&bt=530&cd=0%7C0%7C0&ch=0&cr=3&cs=2&cv=1&dr=0&ds=6&er=&ft=c~.Zm4L-gXoInz7T&l=202201170135440101130062330D2EDC49&lr=all&mime_type=video_mp4&net=0&pl=0&qs=5&rc=anZ0aGhoNG0zNTMzNzczM0ApNDRoOmc0ZGVpNzdnM2QzOWcvbGZhM3BoLm5gLS1kMTZzcy1fYDBeNS00NF8yYjZgYWE6Yw%3D%3D&vl=&vr=
video/mp4, bytesbytes 0-920621/920622, 1642383380.7806766, 1642383380.7825487, 1642383380.8094335, 1642383382.7044823, v16m.tiktokcdn-us.com, fd58be3697716adf18593e6fce748645, /fd58be3697716adf18593e6fce748645/61e51c63/video/tos/useast2a/tos-useast2a-ve-0068c004/79b1b3f341fd40b0b1ece1a7d0931fa7/?a=1233&br=744&bt=372&cd=0%7C0%7C0&ch=0&cr=3&cs=2&cv=1&dr=0&ds=6&er=&ft=c~.Zm4L-gXoInz7T&l=202201170135440101130062330D2EDC49&lr=all&mime_type=video_mp4&net=0&pl=0&qs=5&rc=ampneXc6ZTR3NTMzNzczM0ApNzU8OjhlaWRoN2g3ZWkzM2dzLWgwNmMtNGNgLS1kMTZzc19fNmEtYzYzYS4vLTE0LzI6Yw%3D%3D&vl=&vr=
video/mp4, bytesbytes 0-633979/633980, 1642383383.1402626, 1642383383.1420243, 1642383383.1640449, 1642383384.2340658, v16m.tiktokcdn-us.com, f94cfdfd01d0edc294dd95d9d12de15d, /f94cfdfd01d0edc294dd95d9d12de15d/61e51c60/video/tos/useast5/tos-useast5-pve-0068-tx/f62e02f024c540c89a00998f535a6845/?a=1233&br=582&bt=291&cd=0%7C0%7C0&ch=0&cr=3&cs=2&cv=1&dr=0&ds=3&er=&ft=c~.Zm4L-gXoInz7T&l=202201170135440101130062330D2EDC49&lr=all&mime_type=video_mp4&net=0&pl=0&qs=14&rc=anhtOmY6Zmo6OjMzZzczNEApOjM6NDc4aWRkNzVlODRpOWdybmZucjRfbTZgLS1kMS9zcy4vYmFhMV5jMzZeNjY1XjY6Yw%3D%3D&vl=&vr=
video/mp4, bytesbytes 0-1024000/1696741, 1642383391.9042258, 1642383391.9057028, 1642383391.922345, 1642383393.8396702, v19.tiktokcdn-us.com, 20d333130174965d59a5bc9e234b6043, /20d333130174965d59a5bc9e234b6043/61e51c91/video/tos/useast2a/tos-useast2a-ve-0068c003/f348836467bc49eaa857075d7c4a121e/?a=1233&br=1382&bt=691&cd=0%7C0%7C0&ch=0&cr=3&cs=2&cv=1&dr=0&ds=6&er=&ft=c~.Zm4L-gXoInz7T&l=202201170136300101131351172339F0DD&lr=all&mime_type=video_mp4&net=0&pl=0&qs=5&rc=anhwMzw6ZnRqNzMzNzczM0ApZmRlNzpnaGQ0NzloO2k6OWctZ2sycjQwLWpgLS1kMTZzczZeMzE0YWAzLTMuXi8xYWM6Yw%3D%3D&vl=&vr=
video/mp4, bytesbytes 0-758420/758421, 1642383394.3011904, 1642383394.3020358, 1642383394.3153124, 1642383395.5920954, v19.tiktokcdn-us.com, b01a8a09bd851934d87f7deeb16580d4, /b01a8a09bd851934d87f7deeb16580d4/61e51c8e/video/tos/useast2a/tos-useast2a-pve-0068/aeef7600a288471fae3bb636b1330a2c/?a=1233&br=712&bt=356&cd=0%7C0%7C0&ch=0&cr=3&cs=2&cv=1&dr=0&ds=6&er=&ft=c~.Zm4L-gXoInz7T&l=202201170136300101131351172339F0DD&lr=all&mime_type=video_mp4&net=0&pl=0&qs=5&rc=anA2NDg6Zmt2NzMzNzczM0ApZ2c8ZzlnPDtoN2Y6aTg2PGdhMXI2cjRfZy9gLS1kMTZzcy4zYmE1NmNiMTAuMDAtXmM6Yw%3D%3D&vl=&vr=
video/mp4, bytesbytes 0-265347/265348, 1642383395.9304957, 1642383395.9326468, 1642383395.9484432, 1642383396.327343, v19.tiktokcdn-us.com, 26a999f3ac33cc75b9ab0b88025ea85b, /26a999f3ac33cc75b9ab0b88025ea85b/61e51c86/video/tos/alisg/tos-alisg-pve-0037c001/88d0a2f0d8fd40f699e281a9c3b021f0/?a=1233&br=482&bt=241&cd=0%7C0%7C0&ch=0&cr=3&cs=2&cv=1&dr=0&ds=6&er=&ft=c~.Zm4L-gXoInz7T&l=202201170136300101131351172339F0DD&lr=all&mime_type=video_mp4&net=0&pl=0&qs=11&rc=ajdzOXE6bDNyMzMzODczM0ApNTk1aTU8OGRoNzdoM2Y5aWdgMzExMm9rcDRgLS0yMTRzcy0zMTEyXmAvYi81MzAxLWI6Yw%3D%3D&vl=&vr=
video/mp4, bytesbytes 0-517792/517793, 1642383396.485281, 1642383396.4870772, 1642383396.5014477, 1642383397.2393723, v19.tiktokcdn-us.com, 08945c99e0cc7dbc5fec713ec692caa5, /08945c99e0cc7dbc5fec713ec692caa5/61e51c86/video/tos/useast2a/tos-useast2a-ve-0068c004/61ddc728cfd74da9806df42f9f1aa3a3/?a=1233&br=926&bt=463&cd=0%7C0%7C0&ch=0&cr=3&cs=2&cv=1&dr=0&ds=6&er=&ft=c~.Zm4L-gXoInz7T&l=202201170136300101131351172339F0DD&lr=all&mime_type=video_mp4&net=0&pl=0&qs=5&rc=amRzOzp5aHRneDMzPDczM0ApNzVmaTk2N2RoNzc7ZDQ3aWdyaGs0YWpnLWRfLS0zMTZzczJjNDMwXy1hYzVjYmA1Nl46Yw%3D%3D&vl=&vr=
video/mp4, bytesbytes 0-1024000/2333612, 1642383411.2466307, 1642383411.247842, 1642383411.2795863, 1642383415.3973386, v19.tiktokcdn-us.com, f3fc80b2f7e606722a64d6a95b1c6800, /f3fc80b2f7e606722a64d6a95b1c6800/61e51ca6/video/tos/useast5/tos-useast5-ve-0068c004-tx/178c4bb4832b4526b15de9a07d6089a6/?a=1233&br=892&bt=446&cd=0%7C0%7C0&ch=0&cr=3&cs=2&cv=1&dr=0&ds=6&er=&ft=c~.Zm4L-gXoInz7T&l=202201170136300101131351172339F0DD&lr=all&mime_type=video_mp4&net=0&pl=0&qs=4&rc=M3JsZGQ6Zjg5OjMzZzczNEApZGhnODs1N2U8NzNlZjRkNGdxY3BocjRfZTBgLS1kMS9zczAvMi1jNl8wLzMwY2MuLTI6Yw%3D%3D&vl=&vr=
video/mp4, bytesbytes 0-769252/769253, 1642383429.879687, 1642383429.8814733, 1642383429.9713209, 1642383431.7667558, v19.tiktokcdn-us.com, 0b3dad9a1c26a5c3b7cad004d777ddb2, /0b3dad9a1c26a5c3b7cad004d777ddb2/61e51c8d/video/tos/useast2a/tos-useast2a-ve-0068c004/efbfd78c2abf4559a766c6d6de5511bc/?a=1233&br=786&bt=393&cd=0%7C0%7C0&ch=0&cr=3&cs=2&cv=1&dr=0&ds=6&er=&ft=c~.Zm4L-gXoInz7T&l=202201170136300101131351172339F0DD&lr=all&mime_type=video_mp4&net=0&pl=0&qs=5&rc=ajZ5OTtzbGo5NDMzNzczM0ApMzc7PDo3OzxpNzQ8ZTc4NmdqXjFga3NvY2tgLS1kMTZzc2MuY180MzUuYjExLzI2LTE6Yw%3D%3D&vl=&vr=
video/mp4, bytesbytes 1024000-1696740/1696741, 1642383428.5051184, 1642383428.5062532, 1642383428.5194907, 1642383432.070407, v19.tiktokcdn-us.com, 20d333130174965d59a5bc9e234b6043, /20d333130174965d59a5bc9e234b6043/61e51c91/video/tos/useast2a/tos-useast2a-ve-0068c003/f348836467bc49eaa857075d7c4a121e/?a=1233&br=1382&bt=691&cd=0%7C0%7C0&ch=0&cr=3&cs=2&cv=1&dr=0&ds=6&er=&ft=c~.Zm4L-gXoInz7T&l=202201170136300101131351172339F0DD&lr=all&mime_type=video_mp4&net=0&pl=0&qs=5&rc=anhwMzw6ZnRqNzMzNzczM0ApZmRlNzpnaGQ0NzloO2k6OWctZ2sycjQwLWpgLS1kMTZzczZeMzE0YWAzLTMuXi8xYWM6Yw%3D%3D&vl=&vr=
video/mp4, bytesbytes 0-378397/378398, 1642383432.182623, 1642383432.1835783, 1642383432.1953988, 1642383432.7527602, v19.tiktokcdn-us.com, b9511400b1343a2acb2dbfb8a3a58edb, /b9511400b1343a2acb2dbfb8a3a58edb/61e51c87/video/tos/useast2a/tos-useast2a-ve-0068c002/da6204c267744dc49cc565b2ab43563d/?a=1233&br=618&bt=309&cd=0%7C0%7C0&ch=0&cr=3&cs=2&cv=1&dr=0&ds=6&er=&ft=c~.Zm4L-gXoInz7T&l=202201170136300101131351172339F0DD&lr=all&mime_type=video_mp4&net=0&pl=0&qs=5&rc=am52Zzs6ZndrNzMzNzczM0ApOzY0ZTtpNWU0NzdmNWc4ZWdnZGk1cjQwXmxgLS1kMTZzczRjYjI0YDRiLjNhNF8vYzU6Yw%3D%3D&vl=&vr=
video/mp4, bytesbytes 0-850417/850418, 1642383439.3591888, 1642383439.3603325, 1642383439.4585478, 1642383441.0603352, v19.tiktokcdn-us.com, 2556879c2ce0fddb1f908555b13319eb, /2556879c2ce0fddb1f908555b13319eb/61e51c8d/video/tos/useast2a/tos-useast2a-pve-0068/33def16ebd18444989dc7993a37978dd/?a=1233&br=854&bt=427&cd=0%7C0%7C0&ch=0&cr=3&cs=2&cv=1&dr=0&ds=6&er=&ft=c~.Zm4L-gXoInz7T&l=202201170136300101131351172339F0DD&lr=all&mime_type=video_mp4&net=0&pl=0&qs=5&rc=ajVyZzt5dGlreDMzZTczM0ApZzM0NDNmO2RnNzM5MzVlM2cuZWYxL3BuaDRfLS0wMTZzczQtNjBeMzIwMi4tYDI1L186Yw%3D%3D&vl=&vr=
video/mp4, bytesbytes 0-1024000/1468106, 1642383441.5179813, 1642383441.518798, 1642383441.531022, 1642383442.8517923, v19.tiktokcdn-us.com, 41508ffe61aaacd7fc8b2ea5f2a7a168, /41508ffe61aaacd7fc8b2ea5f2a7a168/61e51c8c/video/tos/useast2a/tos-useast2a-ve-0068c001/b21486bb7d81477baabd50d3c947dcf1/?a=1233&br=1530&bt=765&cd=0%7C0%7C0&ch=0&cr=3&cs=2&cv=1&dr=0&ds=6&er=&ft=c~.Zm4L-gXoInz7T&l=202201170136300101131351172339F0DD&lr=all&mime_type=video_mp4&net=0&pl=0&qs=5&rc=ajRwZTw7bGR2NjMzNzczM0ApaWhnOWZlO2U7N2ZoZDg5M2dvNmFvMXBvYGRgLS1kMTZzcy8xNmJfXzItNC42Yy5gXzQ6Yw%3D%3D&vl=&vr=
video/mp4, bytesbytes 1024000-2333611/2333612, 1642383448.9861574, 1642383448.988212, 1642383449.001284, 1642383450.9120781, v19.tiktokcdn-us.com, f3fc80b2f7e606722a64d6a95b1c6800, /f3fc80b2f7e606722a64d6a95b1c6800/61e51ca6/video/tos/useast5/tos-useast5-ve-0068c004-tx/178c4bb4832b4526b15de9a07d6089a6/?a=1233&br=892&bt=446&cd=0%7C0%7C0&ch=0&cr=3&cs=2&cv=1&dr=0&ds=6&er=&ft=c~.Zm4L-gXoInz7T&l=202201170136300101131351172339F0DD&lr=all&mime_type=video_mp4&net=0&pl=0&qs=4&rc=M3JsZGQ6Zjg5OjMzZzczNEApZGhnODs1N2U8NzNlZjRkNGdxY3BocjRfZTBgLS1kMS9zczAvMi1jNl8wLzMwY2MuLTI6Yw%3D%3D&vl=&vr=
video/mp4, bytesbytes 0-693192/693193, 1642383451.4446898, 1642383451.4459898, 1642383451.4722526, 1642383452.4691691, v19.tiktokcdn-us.com, e9b4444b72b0ef8bb8485104f3145f1c, /e9b4444b72b0ef8bb8485104f3145f1c/61e51c86/video/tos/useast2a/tos-useast2a-ve-0068c004/a9eb81410a7f48f794f98e82aae77edb/?a=1233&br=1254&bt=627&cd=0%7C0%7C0&ch=0&cr=3&cs=2&cv=1&dr=0&ds=6&er=&ft=c~.Zm4L-gXoInz7T&l=202201170136300101131351172339F0DD&lr=all&mime_type=video_mp4&net=0&pl=0&qs=5&rc=M3V0ZDxmOjtuNDMzMzczM0ApOmdmZGg3OGQ3N2VnZzQ5NWduZGVtNmVzMWRgLS02MTZzc2EyLi4xYmEuMzU1YzFeNWI6Yw%3D%3D&vl=&vr=
video/mp4, bytesbytes 1024000-1468105/1468106, 1642383473.5563464, 1642383473.5582354, 1642383473.574615, 1642383475.192875, v19.tiktokcdn-us.com, 41508ffe61aaacd7fc8b2ea5f2a7a168, /41508ffe61aaacd7fc8b2ea5f2a7a168/61e51c8c/video/tos/useast2a/tos-useast2a-ve-0068c001/b21486bb7d81477baabd50d3c947dcf1/?a=1233&br=1530&bt=765&cd=0%7C0%7C0&ch=0&cr=3&cs=2&cv=1&dr=0&ds=6&er=&ft=c~.Zm4L-gXoInz7T&l=202201170136300101131351172339F0DD&lr=all&mime_type=video_mp4&net=0&pl=0&qs=5&rc=ajRwZTw7bGR2NjMzNzczM0ApaWhnOWZlO2U7N2ZoZDg5M2dvNmFvMXBvYGRgLS1kMTZzcy8xNmJfXzItNC42Yy5gXzQ6Yw%3D%3D&vl=&vr=
video/mp4, bytesbytes 0-980941/980942, 1642383475.639783, 1642383475.640964, 1642383475.6699467, 1642383477.096516, v39.tiktokcdn-us.com, 8b57aea10f41d808b2269c701040b76b, /8b57aea10f41d808b2269c701040b76b/61e51ce1/video/tos/useast2a/tos-useast2a-ve-0068c003/e03dc43dab0a4436b4e65c3f1e1c5f17/?a=1233&br=814&bt=407&cd=0%7C0%7C0&ch=0&cr=3&cs=2&cv=1&dr=0&ds=6&er=&ft=c~.Zm4L-gXoInz7T&l=20220117013751010113135117233A434D&lr=all&mime_type=video_mp4&net=0&pl=0&qs=5&rc=amxzNWg6Zm1pNzMzNzczM0ApMzs1aWZlOTw4NzM4OzdkNWc0M2YzcjQwaWxgLS1kMTZzcy1eNDFfNV41NDJeMi1eYjI6Yw%3D%3D&vl=&vr=
video/mp4, bytesbytes 0-1024000/1123117, 1642383477.554809, 1642383477.5559938, 1642383477.578582, 1642383479.2646942, v39.tiktokcdn-us.com, cc62feccccf0540a0421930518b3347b, /cc62feccccf0540a0421930518b3347b/61e51ce2/video/tos/useast2a/tos-useast2a-ve-0068c002/ad9e6f821ef94c0589f67264dbccb396/?a=1233&br=898&bt=449&cd=0%7C0%7C0&ch=0&cr=3&cs=2&cv=1&dr=0&ds=6&er=&ft=c~.Zm4L-gXoInz7T&l=20220117013751010113135117233A434D&lr=all&mime_type=video_mp4&net=0&pl=0&qs=4&rc=anU4aW94PDRpeDMzZzczM0ApNzo5OGk7Nzs0NzszOjw3PGcyZmYtY2Znc2VfLS1jMTZzcy0wMWBfMTQuMDU1YTA0LWM6Yw%3D%3D&vl=&vr=
video/mp4, bytesbytes 0-419481/419482, 1642383479.7041755, 1642383479.7053478, 1642383479.730644, 1642383480.5187047, v39.tiktokcdn-us.com, 4cabcb9182ff5e48bd1b6ee9a1d75410, /4cabcb9182ff5e48bd1b6ee9a1d75410/61e51cd5/video/tos/useast2a/tos-useast2a-pve-0068/46543e7d809d430f8c7b431197bb09bf/?a=1233&br=916&bt=458&cd=0%7C0%7C0&ch=0&cr=3&cs=2&cv=1&dr=0&ds=6&er=&ft=c~.Zm4L-gXoInz7T&l=20220117013751010113135117233A434D&lr=all&mime_type=video_mp4&net=0&pl=0&qs=4&rc=ajc1ZWQ6Zml1NjMzNzczM0ApNDs7OWhnaDtoNzlkOTk4aWdnai1lcjRfcWpgLS1kMTZzc2M0YGBiYF8tYmA2Y2EuL2M6Yw%3D%3D&vl=&vr=
video/mp4, bytesbytes 0-630980/630981, 1642383480.7800205, 1642383480.7813282, 1642383480.8062856, 1642383481.8554747, v39.tiktokcdn-us.com, b30605b7462e2f20345cb757a0228103, /b30605b7462e2f20345cb757a0228103/61e51cd9/video/tos/useast2a/tos-useast2a-ve-0068c004/b274bc18b5ef4d42bff648b62ad9e7cf/?a=1233&br=914&bt=457&cd=0%7C0%7C0&ch=0&cr=3&cs=2&cv=1&dr=0&ds=6&er=&ft=c~.Zm4L-gXoInz7T&l=20220117013751010113135117233A434D&lr=all&mime_type=video_mp4&net=0&pl=0&qs=4&rc=M3Fxczs6Zmc1NzMzNzczM0ApNDY5aGY5ODtnNztlOTZmOmdvNV4vcjRncjFgLS1kMTZzcy9fXmBjXmAwLl9jNDAzYy46Yw%3D%3D&vl=&vr=
video/mp4, bytesbytes 0-1024000/1589872, 1642383482.1205835, 1642383482.1221175, 1642383482.1534126, 1642383483.8434768, v39.tiktokcdn-us.com, 9fbb0fe9b70337b9788f48954787d47c, /9fbb0fe9b70337b9788f48954787d47c/61e51cdb/video/tos/useast2a/tos-useast2a-ve-0068c003/91c724bf933b40f5903e337d94f8f6a7/?a=1233&br=1944&bt=972&cd=0%7C0%7C0&ch=0&cr=3&cs=2&cv=1&dr=0&ds=6&er=&ft=c~.Zm4L-gXoInz7T&l=20220117013751010113135117233A434D&lr=all&mime_type=video_mp4&net=0&pl=0&qs=5&rc=M2VqbzM6ZmQ7NjMzNzczM0ApZGU1aGc7ZGU2NzhoZTNoZ2dkZGFncjRfaG9gLS1kMTZzcy4zYmA1MmE0NmEzLV8tYjQ6Yw%3D%3D&vl=&vr=
video/mp4, bytesbytes 0-568988/568989, 1642383484.3155591, 1642383484.3181446, 1642383484.3557036, 1642383485.312528, v39.tiktokcdn-us.com, cf3a22b5108350bd74f90353aaa1ae03, /cf3a22b5108350bd74f90353aaa1ae03/61e51cda/video/tos/useast2a/tos-useast2a-pve-0068/0db5a52be4814ca482755ba7b47a0966/?a=1233&br=764&bt=382&cd=0%7C0%7C0&ch=0&cr=3&cs=2&cv=1&dr=0&ds=6&er=&ft=c~.Zm4L-gXoInz7T&l=20220117013751010113135117233A434D&lr=all&mime_type=video_mp4&net=0&pl=0&qs=11&rc=M204cjw6Zm1zODMzNzgzM0ApZmZkOGdkaTs0NztmODk3aGdecmtrcjQwZXFgLS1kLzZzc2BjMWAwLTRfMC8wYmAuNGI6Yw%3D%3D&vl=&vr=
video/mp4, bytesbytes 1024000-1123116/1123117, 1642383500.6981876, 1642383500.7001846, 1642383500.729375, 1642383500.9757547, v39.tiktokcdn-us.com, cc62feccccf0540a0421930518b3347b, /cc62feccccf0540a0421930518b3347b/61e51ce2/video/tos/useast2a/tos-useast2a-ve-0068c002/ad9e6f821ef94c0589f67264dbccb396/?a=1233&br=898&bt=449&cd=0%7C0%7C0&ch=0&cr=3&cs=2&cv=1&dr=0&ds=6&er=&ft=c~.Zm4L-gXoInz7T&l=20220117013751010113135117233A434D&lr=all&mime_type=video_mp4&net=0&pl=0&qs=4&rc=anU4aW94PDRpeDMzZzczM0ApNzo5OGk7Nzs0NzszOjw3PGcyZmYtY2Znc2VfLS1jMTZzcy0wMWBfMTQuMDU1YTA0LWM6Yw%3D%3D&vl=&vr=
video/mp4, bytesbytes 0-1008980/1008981, 1642383501.0917234, 1642383501.0934138, 1642383501.1203318, 1642383503.0882523, v39.tiktokcdn-us.com, 8a70965f648fcfa850c57c1bc01c0a18, /8a70965f648fcfa850c57c1bc01c0a18/61e51ce3/video/tos/useast2a/tos-useast2a-ve-0068c004/7cafb5cfde74427492e56ce8ea5f87dd/?a=1233&br=760&bt=380&cd=0%7C0%7C0&ch=0&cr=3&cs=2&cv=1&dr=0&ds=6&er=&ft=c~.Zm4L-gXoInz7T&l=20220117013751010113135117233A434D&lr=all&mime_type=video_mp4&net=0&pl=0&qs=4&rc=MzY0NTY6ZjhrNzMzNzczM0ApOzw5aGU5aTxpNzdnO2Y3M2djYnFmcjQwLmhgLS1kMTZzcy8xNjJjL2MzMmI2NDRgNF46Yw%3D%3D&vl=&vr=
video/mp4, bytesbytes 0-418386/418387, 1642383505.1602256, 1642383505.1616719, 1642383505.1861322, 1642383506.293378, v39.tiktokcdn-us.com, bb3c6f6f366f8f6961b5dcc81cea15f9, /bb3c6f6f366f8f6961b5dcc81cea15f9/61e51cd6/video/tos/useast5/tos-useast5-ve-0068c004-tx/76d2b8ec07e045ac97babd32e7849b66/?a=1233&br=856&bt=428&cd=0%7C0%7C0&ch=0&cr=3&cs=2&cv=1&dr=0&ds=3&er=&ft=c~.Zm4L-gXoInz7T&l=20220117013751010113135117233A434D&lr=all&mime_type=video_mp4&net=0&pl=0&qs=14&rc=anY1dmk6Zmk2OTMzZzczNEApNTM7PDplZDs3N2k3NTQ0NGdtbl8ycjQwNTFgLS1kMS9zcy1iMTNhMjVgXzFhX2MvNWI6Yw%3D%3D&vl=&vr=
video/mp4, bytesbytes 0-301887/301888, 1642383506.4805858, 1642383506.4819133, 1642383506.5059047, 1642383507.0438628, v39.tiktokcdn-us.com, 46d3f4fec611b385c1669d2d18340ca6, /46d3f4fec611b385c1669d2d18340ca6/61e51cd6/video/tos/useast2a/tos-useast2a-pve-0068/6f7f256df4ac448b841cb880cb1c8805/?a=1233&br=638&bt=319&cd=0%7C0%7C0&ch=0&cr=3&cs=2&cv=1&dr=0&ds=6&er=&ft=c~.Zm4L-gXoInz7T&l=20220117013751010113135117233A434D&lr=all&mime_type=video_mp4&net=0&pl=0&qs=5&rc=M3hxczRra3FwNjMzNzczM0ApMzxlODM3OmU6NzU4OmZpaWctaGdqMTVxcTFgLS1kMTZzc2I0MGExMDQxMy9jMjUtNl86Yw%3D%3D&vl=&vr=
video/mp4, bytesbytes 1024000-1589871/1589872, 1642383516.773833, 1642383516.7754357, 1642383516.8004737, 1642383518.4149923, v39.tiktokcdn-us.com, 9fbb0fe9b70337b9788f48954787d47c, /9fbb0fe9b70337b9788f48954787d47c/61e51cdb/video/tos/useast2a/tos-useast2a-ve-0068c003/91c724bf933b40f5903e337d94f8f6a7/?a=1233&br=1944&bt=972&cd=0%7C0%7C0&ch=0&cr=3&cs=2&cv=1&dr=0&ds=6&er=&ft=c~.Zm4L-gXoInz7T&l=20220117013751010113135117233A434D&lr=all&mime_type=video_mp4&net=0&pl=0&qs=5&rc=M2VqbzM6ZmQ7NjMzNzczM0ApZGU1aGc7ZGU2NzhoZTNoZ2dkZGFncjRfaG9gLS1kMTZzcy4zYmA1MmE0NmEzLV8tYjQ6Yw%3D%3D&vl=&vr=
video/mp4, bytesbytes 0-638227/638228, 1642383518.9489594, 1642383518.9508936, 1642383519.030523, 1642383521.271733, v39.tiktokcdn-us.com, bacd20b143b8e6293ad4acce42001373, /bacd20b143b8e6293ad4acce42001373/61e51cda/video/tos/useast2a/tos-useast2a-pve-0068/757a2f8b19044ed39ac6674811366bc1/?a=1233&br=852&bt=426&cd=0%7C0%7C0&ch=0&cr=3&cs=2&cv=1&dr=0&ds=6&er=&ft=c~.Zm4L-gXoInz7T&l=20220117013751010113135117233A434D&lr=all&mime_type=video_mp4&net=0&pl=0&qs=4&rc=ampkM21rdWVrNjMzNzczM0ApOztlZjVkZWQ1N2UzaTRnNWdqM2luaWliMS5gLS1kMTZzczEzYzQ0NS4uLjUvYDQxLjU6Yw%3D%3D&vl=&vr=
video/mp4, bytes, 1642383528.2176688, 1642383528.2213397, 1642383528.249553, 1642383529.7080524, v16m.tiktokcdn-us.com, c9fa9357b6915cc4e8d214976ff4db18, /c9fa9357b6915cc4e8d214976ff4db18/61e51d15/video/tos/alisg/tos-alisg-pve-0037c001/528ecdee582c401d94082a44d9ece479/?a=1233&br=898&bt=449&cd=0%7C0%7C0&ch=0&cr=3&cs=2&cv=1&dr=0&ds=6&er=&ft=c~.Zm4L-gXoInz7T&l=2022011701384501011300621301365138&lr=all&mime_type=video_mp4&net=0&pl=0&qs=5&rc=M3E3eTY6ZjNsNzMzODczNEApOjRnNjNpO2U2NzxkMzU6OWdncGlwcjRfZDNgLS1kMS1zczUuNGEwLzEzXzAyYC00LjQ6Yw%3D%3D&vl=&vr=
video/mp4, bytesbytes 0-587184/587185, 1642383530.1479611, 1642383530.1487806, 1642383530.1883025, 1642383531.1909957, v16m.tiktokcdn-us.com, 4576825715fb2febda9349e220b3fe6b, /4576825715fb2febda9349e220b3fe6b/61e51d0c/video/tos/useast2a/tos-useast2a-ve-0068c001/0c2f08bc79c247508bee147852570e44/?a=1233&br=1376&bt=688&cd=0%7C0%7C0&ch=0&cr=3&cs=2&cv=1&dr=0&ds=6&er=&ft=c~.Zm4L-gXoInz7T&l=2022011701384501011300621301365138&lr=all&mime_type=video_mp4&net=0&pl=0&qs=5&rc=amdzcjk6ZjpnNjMzNzczM0ApNDdoMzwzNjtkNztnNjc5ZWczNmBkcjRfbWxgLS1kMTZzc2IvYF41M2AtLS4wXl9iLzM6Yw%3D%3D&vl=&vr=
