0,v09044e50000btueapv15l8sl3ukeqpg,8077,1038069&571816&372444,949c9990639b9248743f0041148c9b40&583d113701adbe5889395d40cc7f41ac&d07d12d117aba86e331b5797e07961e6&0b274c956ad4dfc1853eaf05265ccfea&21493b0cbf8daead54692fd9ae73e6e5&105cb107193926026e5a2291cf01e841,https://v39.tiktokcdn-us.com/949c9990639b9248743f0041148c9b40/61e50887/video/tos/useast2a/tos-useast2a-ve-0068c004/13370ab11f50451d9ac6b44b0fed7e9d/?a=1233&br=2026&bt=1013&cd=0%7C0%7C0&ch=0&cr=3&cs=2&cv=1&dr=0&ds=6&er=&ft=c~.Zm4L-gXoInz7T&l=202201170011120101130061322625A7C9&lr=all&mime_type=video_mp4&net=0&pl=0&qs=11&rc=anRuNnZvNHNodzMzODczM0ApOGQ1aDlnM2U6N2k4ZjRmZ2dtYnJpNTJzXnJfLS1iMTZzcy0zMzQvYy81MmM1LS8uYzQ6Yw%3D%3D&vl=&vr=
1,v12044gd0000c7bpv0jc77uakaoc0an0,12560,640394&488219&247339&213602,3227c8991f61f2a7bd6587ba4c16eafd&4e5d3ec71fd9591915aaf9def6c129a9&dceaeafca7770e1b8d3a0b606805b965&7b0719bf94b0b781b63d60f7fefd5cd6&877837aded7a94710ceb50a0d41f4ca6&c7ea07362c758b34fb831460475ede51&fc08cfb51fd9afbdfa2c67ce6852fdc9&733e02738c0255dd3b71517e8f53cc49,https://v39.tiktokcdn-us.com/3227c8991f61f2a7bd6587ba4c16eafd/61e5088c/video/tos/useast5/tos-useast5-ve-0068c004-tx/7fb7755292e94b97ae2acf9bbfa03fe3/?a=1233&br=1250&bt=625&cd=0%7C0%7C0&ch=0&cr=3&cs=2&cv=1&dr=0&ds=6&er=&ft=c~.Zm4L-gXoInz7T&l=202201170011120101130061322625A7C9&lr=all&mime_type=video_mp4&net=0&pl=0&qs=11&rc=M2RmZGQ6ZjNzOjMzZzczNEApMzY7PDVoNWVlNzQ5aTppN2drLWxocjRnc19gLS1kMS9zcy4vYF5hMDA0NjI2MzNhYC86Yw%3D%3D&vl=&vr=
2,v09044g40000c6ugqd3c77u2124rt93g,20176,2319302&1902672&1030452&876028,c5844a6fe40b5e7660502e002c7adc99&8739201011f19d6648c8af405d5dfbbc&fbde663fbf814aff1d43bf2b33727196&e5f3f6b245d7ef45f68b1573336ac67f&5329790ee0ca0407b769109cdebdc2b8&e7681ad34655d2168c1806c96ab92348&4a08d5a868d285a0ec2cb76607c327f0&6751b94fae0883e3de035facd453568f,https://v39.tiktokcdn-us.com/c5844a6fe40b5e7660502e002c7adc99/61e50894/video/tos/useast2a/tos-useast2a-pve-0068/9cf3926d23504f68ba3b97edcdc97826/?a=1233&br=4528&bt=2264&cd=0%7C0%7C0&ch=0&cr=3&cs=2&cv=1&dr=0&ds=3&er=&ft=c~.Zm4L-gXoInz7T&l=202201170011120101130061322625A7C9&lr=all&mime_type=video_mp4&net=0&pl=0&qs=14&rc=ajx1NTU6ZmdqOTMzNzczM0ApNGkzaWQ1Nzs2NzU3NTQ6OmcwcTEucjQwbnJgLS1kMTZzczM2YjVgLy01YC0tXl40LWM6Yw%3D%3D&vl=&vr=
3,v09044g40000c1kjcjkfbh5e73ktqsqg,17807,788255&644665&394736&273289,4d2df4c637115b9d74298eb32f065b23&3e5e6877bc74f8396bb667b80cbad9ad&8ee507e2e22e15e12be75de0200a623f&3c89b597f105c237569935006ee28133&b680a73ce1cb958d02559cf3b6c3170b&3f243961fd751bdb8356734b7dceda98&9f3d078a36866e6f173a1aa623603725&f7398def9f6901c43d30678e5656fe0d,https://v39.tiktokcdn-us.com/4d2df4c637115b9d74298eb32f065b23/61e50891/video/tos/useast2a/tos-useast2a-pve-0068/28e9383b8a8843d19cdf71afb36ba310/?a=1233&br=1538&bt=769&cd=0%7C0%7C0&ch=0&cr=3&cs=2&cv=1&dr=0&ds=3&er=&ft=c~.Zm4L-gXoInz7T&l=202201170011120101130061322625A7C9&lr=all&mime_type=video_mp4&net=0&pl=0&qs=14&rc=anZ3NmhraW1tNDMzNzczM0ApZGQ8ZzZkNDxkN2QzNzg7ZWdubmg0Ml9oYGhgLS1kMTZzczYyYV8zNS0vMC9hX2M1Y2E6Yw%3D%3D&vl=&vr=
4,v09044g40000c3lg95bc77u9h05eekn0,46089,555273&414793&370651&261713,ce8df0bf9ea625dbc0cedbd8f4b0274b&8f918233829318512a5888f69cc4ec80&1ffed731af6f70e4c0174454692a4ce8&4b1b14d8e03deafa5e0305fe6e6bd1d3&89171073e5329be49450d0b15e6161e2&92f3cc32c06ed7ad242bce7410dc1548&55337c8af1a53b87a303b7f658eda885&145c96d55c8adeb9fbe28365be7a3f71,https://v39.tiktokcdn-us.com/ce8df0bf9ea625dbc0cedbd8f4b0274b/61e508ad/video/tos/useast2a/tos-useast2a-pve-0068/d71c0e8d4bdd441cb28765ca3433472b/?a=1233&br=1084&bt=542&cd=0%7C0%7C0&ch=0&cr=3&cs=2&cv=1&dr=0&ds=3&er=&ft=c~.Zm4L-gXoInz7T&l=202201170011120101130061322625A7C9&lr=all&mime_type=video_mp4&net=0&pl=0&qs=14&rc=M25oMzw6ZjhqNjMzNzczM0ApN2kzaWQ4NDtmN2c6ZTg8aWdrYjJlcjRfNmlgLS1kMTZzczA0YmNjY2AtYDI2MDBfNjY6Yw%3D%3D&vl=&vr=
5,v09044g40000c42euh3c77u1fkgu3370,16646,567887&444282&223592&160019,fe7cfa64e16dbbf193bde2a941b84586&5fc57e05f79ee0add718c34f92d0e22c&d1bfd172ab897ae95dca3632c48beab8&63e605793e56b588971ac72ed0251cea&2991e9b1ddeb9dcf33bd0105b844434e&5d7debda8e27e6ae07ef66f510b45317&ced70ab37f02106dbe286fb1db08af2c&4a0094fe5c73dcef33ec8ac3e031ad0e,https://v39.tiktokcdn-us.com/fe7cfa64e16dbbf193bde2a941b84586/61e50890/video/tos/useast2a/tos-useast2a-pve-0068/353eea5c512a4e96bf4aed8f1a7c9fe9/?a=1233&br=1108&bt=554&cd=0%7C0%7C0&ch=0&cr=3&cs=2&cv=1&dr=0&ds=3&er=&ft=c~.Zm4L-gXoInz7T&l=202201170011120101130061322625A7C9&lr=all&mime_type=video_mp4&net=0&pl=0&qs=14&rc=MzZ4bjQ6ZmtoNzMzNzczM0ApODc0NGk0NmVlN2Q7OjczM2c0MGRjcjQwci9gLS1kMTZzcy8tMWFiYS5fMzIyNTUxXy06Yw%3D%3D&vl=&vr=
6,v09044g40000c33c97iemsh0t2h21a7g,23752,1481860&967805&502757&322580&298757,a1b880a7e73ebdde82893bd339dd01ef&f84dacc34ce65322b78db41d3e3fd448&40f6edb3f26e158ab9fe8a688368f804&024160d637db5834114b848473686365&e72ae5b69e0d3a935fd5d07f94b6c06d&4f1b91842288056eeedb837cafc3a02c&edbf1b1c3436514ddb0553a23645ba25&288326eabd6b415c78cce70cb9f1d7cf&afff3f922e76a0862f931d4dce278e83&250dc91e1d9ba781fb928dad0931bb66,https://v39.tiktokcdn-us.com/a1b880a7e73ebdde82893bd339dd01ef/61e50897/video/tos/useast2a/tos-useast2a-pve-0068/6db60453f1e54ed6a6763c05f1e88f44/?a=1233&br=2894&bt=1447&cd=0%7C0%7C0&ch=0&cr=3&cs=2&cv=1&dr=0&ds=3&er=&ft=c~.Zm4L-gXoInz7T&l=202201170011120101130061322625A7C9&lr=all&mime_type=video_mp4&net=0&pl=0&qs=14&rc=amQ1NTN2aDpmNjMzNzczM0ApZjRkZzc6NzxkN2U4Ozg4O2c0LmVxZWpmNjBgLS1kMTZzczEvYWE1NDVhMjUvMTMyMzY6Yw%3D%3D&vl=&vr=
7,v09044g40000c3sb163c77u1q5eb1gn0,50199,2384648&1679789&1035368&582274,b87f312e236f1c8a856c8bcd2940181b&9dd6764b811316070d5094900cd84869&6326b67d1c167d66ed0a9314305e54f4&d28b0ac3be266617391f2265a8140b8f&5f1faa609625573112f22263f6fcdbca&322ef28fa6fd00cad9095815e0c43754&115360e717d3c8ed819f2efb56537e16&a6e681b8f203e43a78133bb2776354ef,https://v39.tiktokcdn-us.com/b87f312e236f1c8a856c8bcd2940181b/61e508b2/video/tos/useast2a/tos-useast2a-pve-0068/f8286e158fda4ed7bdaec686e27037e0/?a=1233&br=4656&bt=2328&cd=0%7C0%7C0&ch=0&cr=3&cs=2&cv=1&dr=0&ds=3&er=&ft=c~.Zm4L-gXoInz7T&l=202201170011120101130061322625A7C9&lr=all&mime_type=video_mp4&net=0&pl=0&qs=14&rc=M2plODQ6ZjllNjMzNzczM0ApZTtmM2Y4ZmU4Nzg0ZTxlOGdrLmJucjQwLnBgLS1kMTZzc2AwYWAzNjBfNDEzXy8uLjU6Yw%3D%3D&vl=&vr=
8,v090445c0000brsj2d7kvluo3u9i7rsg,6639,1025429&793373&341692&224755,232a649dbc4cf5d1ce85ae0473bcc379&b669467ebc32cbae16c2a4a8a617cf00&18a5dca917b3ee6d2b9f355ee8be921d&67e8a3a0aa4b6c6584cfffda90c866b9&4c81e5dff99ee161cee1cafec3921cdb&51a5547f1074c159d2c4797136ce248b&984e92e2bfad0bc3c1d4ca635ad16e11&953985164b296ff28f383092bdcd5831,https://v39.tiktokcdn-us.com/232a649dbc4cf5d1ce85ae0473bcc379/61e50886/video/tos/useast2a/tos-useast2a-ve-0068c003/a61a2fdecc7f4812a7e9dcb661f65801/?a=1233&br=2002&bt=1001&cd=0%7C0%7C0&ch=0&cr=3&cs=2&cv=1&dr=0&ds=3&er=&ft=c~.Zm4L-gXoInz7T&l=202201170011120101130061322625A7C9&lr=all&mime_type=video_mp4&net=0&pl=0&qs=14&rc=anVseHJvbmdtdTMzZjczM0ApaDZpNzQ0ZTw1N2YzOGk7OmdwNDYwcnM0L3BfLS0yMTZzc2IvYzAvMC8yNDJgNWBhYF86Yw%3D%3D&vl=&vr=
9,v09044g40000c1qs7cld1cjmekntikqg,10679,864376&417645&264892,17864b2ade6726025c89aa4dea9bf639&e9ef003d0ca7e4da459cd59449daa31b&a929d605b5f6a33709dde65485fd4031&ca8c8d0964b83b295bb5e041722150fe&e6052a747a9fdf8bdb11e3b9916e0edc&8ec0222176209ef5243d8a7641b568d4,https://v39.tiktokcdn-us.com/17864b2ade6726025c89aa4dea9bf639/61e5088a/video/tos/useast2a/tos-useast2a-pve-0068/250df16a02a94b9187bfb0c9e76bfd7c/?a=1233&br=1688&bt=844&cd=0%7C0%7C0&ch=0&cr=3&cs=2&cv=1&dr=0&ds=6&er=&ft=c~.Zm4L-gXoInz7T&l=202201170011120101130061322625A7C9&lr=all&mime_type=video_mp4&net=0&pl=0&qs=11&rc=am53bnBmZ2Z2NDMzNzczM0ApNTY0Z2ZoNWVoN2U8NWhoNGduZmtiZy5pNG5gLS1kMTZzczUzMF5jNTYxNl8tLTIuNl86Yw%3D%3D&vl=&vr=
10,v09044g40000c23krfe7g8j7827nf5m0,20176,1391827&955897&832763&560077,e23534ccb0c74ccaa2ac6210daf0a82d&3eec6c307f7938c78205404d90a793da&d4a927bc2b2b8536997afbc97dab89e8&be2ea98e83c623a442cd1ba22b76d761&523b25c5524287a7310e5013d8d8cabf&d2f5d18216c3ee1fa7d9027eaaeb427c&bc30d3de3f962a5306af65b5acbcd58a&1a31f787287f6d082379a5147bba8138,https://v39.tiktokcdn-us.com/e23534ccb0c74ccaa2ac6210daf0a82d/61e508de/video/tos/useast2a/tos-useast2a-ve-0068c003/0ed2412d233a49eba49e4af52e6d8eb1/?a=1233&br=2718&bt=1359&cd=0%7C0%7C0&ch=0&cr=3&cs=2&cv=1&dr=0&ds=3&er=&ft=c~.Zm4L-gXoInz7T&l=2022011700122601011300613507278519&lr=all&mime_type=video_mp4&net=0&pl=0&qs=14&rc=MzhxNTo7OmluNTMzNzczM0ApZGY3OjgzaTw0NzU7Z2k7OWdqYzQ1Z2RibzBgLS1kMTZzczNjYl4xXmNiXmEvMl9hMWE6Yw%3D%3D&vl=&vr=
11,v09044g40000c43ejobc77ue6he4rg2g,17482,500223&416016&227615&166397,8cbd72a1b5d9b26398921e7f657c13e8&70ff7ff177fdf3d6df3983c6194d808a&0baa0cdd30b7719f4b53a9f1e950672b&b8a45f1df1455f661e88179091445fd7&1afdfcbbf940f4f30c291746aefa694c&fa7d2b07702c17121656acb85fe28331&664007a77b48fd52f988c1c45a68589e&cc37e3db2133a32d09bbf70cb1c09e82,https://v39.tiktokcdn-us.com/8cbd72a1b5d9b26398921e7f657c13e8/61e508db/video/tos/useast2a/tos-useast2a-ve-0068c004/ebeda0edfad943b88c11b94bd99d0786/?a=1233&br=976&bt=488&cd=0%7C0%7C0&ch=0&cr=3&cs=2&cv=1&dr=0&ds=3&er=&ft=c~.Zm4L-gXoInz7T&l=2022011700122601011300613507278519&lr=all&mime_type=video_mp4&net=0&pl=0&qs=14&rc=amo3a2g6ZnJoNzMzNzczM0ApNGhpNzppNmQ2NzRoNGk0OWcvb2IzcjRfZzBgLS1kMTZzczM1YzIvYWIzYC5iM2AvYDE6Yw%3D%3D&vl=&vr=
12,v09044g40000c2qmm5u2iutjg46gq610,15230,1793520&1235045&889186&593926,2a75039167c62a0b6a192e0ff00ff465&966374f416a103d17e56e9827bba24b1&1584836a9a7256b328e1e1319141d4fc&39f5eba29cea2d4a4b8128355a99b4c9&5ed83e0a508af83edbde2770be2bd70c&384c6002b33ea902a10bd866e901df13&6f4613d7d503e3c494f58465e4ce197b&981ef024c126f75fdc18cf50241ee717,https://v39.tiktokcdn-us.com/2a75039167c62a0b6a192e0ff00ff465/61e508d9/video/tos/useast2a/tos-useast2a-ve-0068c004/8c2392560472467faadd751cb7757143/?a=1233&br=3502&bt=1751&cd=0%7C0%7C0&ch=0&cr=3&cs=2&cv=1&dr=0&ds=3&er=&ft=c~.Zm4L-gXoInz7T&l=2022011700122601011300613507278519&lr=all&mime_type=video_mp4&net=0&pl=0&qs=14&rc=MzlqN214NThwNTMzNzczM0ApZGdlO2c7O2VpNzRnZWYzNGcubjNkcWZyam5gLS1kMTZzc14yXzNgLS1gYzI2NjY2YzY6Yw%3D%3D&vl=&vr=
13,v12044gd0000c7878sjc77u7psv0afkg,15067,661557&552707&464615&385418,5dc06af406e153c3d1372b76fd0b3039&d9f2b5cdfdd1a280a9333f7d1e224547&0f27c3ce262571fd5b4c5ab0e1ad77ce&e01215e2def1991a3d05daf62ed63278&23531912d891ab886eb23d095e493f16&53cfffccdedbae1d02e47b1c7a5cb135&6310c39bc4658f1cb7aeed427c58d7c5&6444f1dcc55e51270f52f62cc4d941be,https://v39.tiktokcdn-us.com/5dc06af406e153c3d1372b76fd0b3039/61e508d8/video/tos/useast5/tos-useast5-ve-0068c004-tx/288c2e7eff49415ba3911a0c11c53285/?a=1233&br=1292&bt=646&cd=0%7C0%7C0&ch=0&cr=3&cs=2&cv=1&dr=0&ds=3&er=&ft=c~.Zm4L-gXoInz7T&l=2022011700122601011300613507278519&lr=all&mime_type=video_mp4&net=0&pl=0&qs=14&rc=amkzdjo6ZnY6OjMzZzczNEApODloODVnOmU6N2k8NzQ6OGdoXnNtcjRnNTVgLS1kMS9zc2NeMzYvYl8tXy4tM19gXjY6Yw%3D%3D&vl=&vr=
14,v09044g40000c3kgrejc77u9jqnp7kpg,39820,1450795&1047947&813997&500737,11d362c96536253270a59cd6db30dede&0ee373493cc7d7d43d38f6b6020c5ef9&c7781cb954eac888f0cc8d1dc2210a53&25de97e03519acabec7cc5a5271a3894&730b89df174caae4749cc2448f5f9d6e&90d56322f47505c8548e953e7fa778d4&652f04a10877827d0fa8080f386d1fd5&134e622e0d7b4e025480803a4ee0610f,https://v39.tiktokcdn-us.com/11d362c96536253270a59cd6db30dede/61e508f1/video/tos/useast2a/tos-useast2a-ve-0068c001/99d27d54a7b143af86fa5f55f0b033eb/?a=1233&br=2832&bt=1416&cd=0%7C0%7C0&ch=0&cr=3&cs=2&cv=1&dr=0&ds=3&er=&ft=c~.Zm4L-gXoInz7T&l=2022011700122601011300613507278519&lr=all&mime_type=video_mp4&net=0&pl=0&qs=14&rc=am5zdDw6ZmhqNjMzNzczM0ApNGk2aTVmZWU7N2U7Zzk7O2dtNGtncjRnb2hgLS1kMTZzc2I2LS8vNDUwX2A0My8xLjU6Yw%3D%3D&vl=&vr=
15,v09044g40000c2jv6hga6lvlhf9ml8fg,21221,1844886&1518566&799751,743e7addf3cdf4bf95b1f0e74f2eb4ee&2d3c7d28aa57d7ff34fd28c1ac194f1e&345d9b4598f4cb790e672ac954a548cb&fe465b182bb78f2813301e2758c4a0ae&fe491a6553e8d0f2eba9f980db8a9929&5e6d83ca91439db5f9043df2554c8f48,https://v39.tiktokcdn-us.com/743e7addf3cdf4bf95b1f0e74f2eb4ee/61e508df/video/tos/useast2a/tos-useast2a-ve-0068c001/5b760373d72949838db6ae7478a36a43/?a=1233&br=3602&bt=1801&cd=0%7C0%7C0&ch=0&cr=3&cs=2&cv=1&dr=0&ds=6&er=&ft=c~.Zm4L-gXoInz7T&l=2022011700122601011300613507278519&lr=all&mime_type=video_mp4&net=0&pl=0&qs=11&rc=ajtwaW9vZGt5NTMzNzczM0ApNGZmZmg1aGU3Nzk2PDo8ZWdjaTZlczNkM2dgLS1kMTZzczY2YGAyMzAwMjIzMWBjYDY6Yw%3D%3D&vl=&vr=
16,v09044g40000c2a8isdj4q5u8o8d96ag,8264,540308&478499&311419&223721,f8a1e99e7802c36dff96af43eed7ff99&f81358d851621043aa70f5950cea69ea&ff365ad5b9ac0632c4fb585b440e3c97&22efc1385000a87c271f6470f9f8d725&1f14517b2f02d7cc0d6adb00791ca1bb&1e9dd68487863f4b85b9c8f1e2af5955&3f833b993eaf960ce49676c76669e63d&9f6429059222cc73083cb2e178bba877,https://v39.tiktokcdn-us.com/f8a1e99e7802c36dff96af43eed7ff99/61e508d2/video/tos/useast2a/tos-useast2a-pve-0068/060bd750fbeb462c8e674263b1a14cc8/?a=1233&br=1054&bt=527&cd=0%7C0%7C0&ch=0&cr=3&cs=2&cv=1&dr=0&ds=3&er=&ft=c~.Zm4L-gXoInz7T&l=2022011700122601011300613507278519&lr=all&mime_type=video_mp4&net=0&pl=0&qs=14&rc=ajlncnh0bXY7NTMzNzczM0ApPDs8Nzk0ZmVmN2c3M2lkO2deNjU1MjFhZl5gLS1kMTZzcy8uXjMtYTJiX2BjMjIuNjQ6Yw%3D%3D&vl=&vr=
17,v12044gd0000c7d0b4bc77uekfci7l50,11770,680590&563748&390091&298756,f2198c8068ed7d943e292aa75ac32175&d47bdee92043a622cbb9574b7ede099e&db5e24aab554683e60a0d8bcaceb654a&1ff5d15dfa529f39ecde625d31120e45&c75ecb732aa416b00ce86bd683ae420c&b9b696469b275f257a4fd8af221c5e74&f1232b69caa8993fea2f4d2c9f9f5d58&3dd3dc1a117367a67273f78e60678926,https://v39.tiktokcdn-us.com/f2198c8068ed7d943e292aa75ac32175/61e508d5/video/tos/useast5/tos-useast5-ve-0068c003-tx/724514e92b8043a6947f02201f7c50ab/?a=1233&br=1328&bt=664&cd=0%7C0%7C0&ch=0&cr=3&cs=2&cv=1&dr=0&ds=3&er=&ft=c~.Zm4L-gXoInz7T&l=2022011700122601011300613507278519&lr=all&mime_type=video_mp4&net=0&pl=0&qs=14&rc=M29saWg6ZjczOjMzZzczNEApZ2hkaDY8NmQ7N2hnNjplaGcyNGBocjRfX2FgLS1kMS9zc2I2YzFeNTYyMTAyL2ItMmA6Yw%3D%3D&vl=&vr=
18,v10044g50000c6c36brc77u6q3q4r3og,25354,583702&337395&211799,ae8f50130c54460c599f1cf496be3ea5&3c378245d9aecd3c86532126bc7ae844&ba20fa0184dbac9986351a8a3593f728&bc8932ac822d71eb20ed37d669c0e605&d7a381dec52ad3147936baa49850197e&77748239fceddbb00728ea2a770e3585,https://v39.tiktokcdn-us.com/ae8f50130c54460c599f1cf496be3ea5/61e508e3/video/tos/alisg/tos-alisg-pve-0037c001/0fcd2e46f8c24166a41b1a8f9f5a534e/?a=1233&br=1140&bt=570&cd=0%7C0%7C0&ch=0&cr=3&cs=2&cv=1&dr=0&ds=6&er=&ft=c~.Zm4L-gXoInz7T&l=2022011700122601011300613507278519&lr=all&mime_type=video_mp4&net=0&pl=0&qs=11&rc=ajY3Njk6ZmU2OTMzODczNEApaDU1ODpnZzxmNzNmZGg4M2dsb25ucjRvM2BgLS1kMS1zczEuMDQxM2M0NS9jMWA0My46Yw%3D%3D&vl=&vr=
19,v09044970000c15qot31m2ohdov0nv80,7637,599575&441121&262117&179080,a47087f0889f2424229dfe4ec34956c8&b9c1d436ee45f5400f5302704a6e54e9&0b1eb4b3a49dd046477a42771927cf6c&52ea2c9aa252f578b147b54ec38309eb&61bf05c0749155e9d9c49029df238ab3&87c490df07ab660814497858e35001d5&f8cf2a6cd17059898c89cce9412bc0df&148404c9f830b681a666734f16161f6e,https://v39.tiktokcdn-us.com/a47087f0889f2424229dfe4ec34956c8/61e508d1/video/tos/useast2a/tos-useast2a-ve-0068c002/9a2794aa230541308cc5eca4e5bafa23/?a=1233&br=1170&bt=585&cd=0%7C0%7C0&ch=0&cr=3&cs=2&cv=1&dr=0&ds=3&er=&ft=c~.Zm4L-gXoInz7T&l=2022011700122601011300613507278519&lr=all&mime_type=video_mp4&net=0&pl=0&qs=14&rc=M3kzcms1NHd0NDMzOjczM0ApZGc7OjU6PGQ3Nzg4aTozZGc1a3NhbGowbDJgLS02MTZzcy82YjItMV9iLV8vYjEwNF86Yw%3D%3D&vl=&vr=
20,v09044f40000bq3sfh273oo36di7q7bg,15416,735858&566761&327403,8c77d5c97e9ae67b287bbd023a936b13&738b2428d07722403b4d5125e8ff7a11&5f205d3a12b2b796d95e980296e2baaa&5bc4adb44a1d96c7c04f62e502f8c657&c49e7493bb96261e110bcbd3adeaf216&5d700243fa8875724ea84b4c6717403a,https://v39.tiktokcdn-us.com/8c77d5c97e9ae67b287bbd023a936b13/61e50959/video/tos/useast2a/tos-useast2a-pve-0068/1a4eb2b04b464350bb484bfe194ad9cb/?a=1233&br=1436&bt=718&cd=0%7C0%7C0&ch=0&cr=3&cs=2&cv=1&dr=0&ds=3&er=&ft=c~.Zm4L-gXoInz7T&l=202201170014340101130060100A2822C9&lr=all&mime_type=video_mp4&net=0&pl=0&qs=14&rc=ajo6ZzZyOmt2dDMzNzczM0ApZGkzNmk6MzszNzs8NGRlOGdfbmYzbDAvYzBfLS1jMTZzczEyLy9fMDFjMWBiXmFjM2A6Yw%3D%3D&vl=&vr=
21,v07044420000c199u5s35dppe9q0d1j0,8032,700067&442899&309569,4d34c7c3bfb99d5c4df00fe281cce79a&869760d868458cb52ef432c0a002e1ea&5ce2f4d20871f6bebadd9ea2b0ecdd49&4adb4f9b9d580c3d0f570089108d0bd0&28b38396d0a1395c1f7e068b562df49a&1e0a9c6ca75b306557cf3ab73a507621,https://v39.tiktokcdn-us.com/4d34c7c3bfb99d5c4df00fe281cce79a/61e50951/video/tos/alisg/tos-alisg-pve-0037c001/202e295a089748c1b884ab25998a2b3a/?a=1233&br=1366&bt=683&cd=0%7C0%7C0&ch=0&cr=3&cs=2&cv=1&dr=0&ds=6&er=&ft=c~.Zm4L-gXoInz7T&l=202201170014340101130060100A2822C9&lr=all&mime_type=video_mp4&net=0&pl=0&qs=11&rc=MzQzPHNnNjg8NDMzNTczM0ApOTk5aGRlOjw6Nzg7NTxnZmdnYW5ibTJwcjZgLS0xMTRzczZfMTZjMGEyYDA0LmJfMWM6Yw%3D%3D&vl=&vr=
22,v09044g40000c1n21093do78fvgam52g,14928,1985159&1630658&653285&420754,45960b10eb58b8722995fd7f9023435e&57b1c5384f1321f4bde05b57f74ee3ec&8e54734347aca550c96d8a1112e509a1&3c730bb1bddab0c75494e284084fa975&3247ff1dc63fd6babb99132bfdb445bb&22cb60428d1cc23afd3efcc53e2463ff&e504c69d11258eb76f20036126aa881b&d6b97430ab8dd1c3b5df821830734038,https://v39.tiktokcdn-us.com/45960b10eb58b8722995fd7f9023435e/61e50958/video/tos/useast2a/tos-useast2a-pve-0068/21c531d693a240fbb4c2d8a41a8caa19/?a=1233&br=3876&bt=1938&cd=0%7C0%7C0&ch=0&cr=3&cs=2&cv=1&dr=0&ds=3&er=&ft=c~.Zm4L-gXoInz7T&l=202201170014340101130060100A2822C9&lr=all&mime_type=video_mp4&net=0&pl=0&qs=14&rc=ajhkeTtyNjM1NDMzNzczM0ApZjY7NmdpO2U3N2c0ZWlnZWcvamRjNGE2LmtgLS1kMTZzc18xMmMuLzMuLy4xMGMwYWI6Yw%3D%3D&vl=&vr=
23,v09044ad0000c0qnh58p8rsb4e7eg120,14208,881638&644122&349950&209351,f16e129a6e5da41cb341d36bf1930110&0126112243865666d012d56bf4b0b5ad&983851c07014b69b146eb57ffafe3543&ac469cf25fe8afb6e1da2e96e024cc01&9a3633709b08658e9280ed490c3bbf00&659c935012d827b887c381824d9aa986&466e4a684d759586208371d48da632dd&90f6edc7e78534be84dceb909569fa96,https://v39.tiktokcdn-us.com/f16e129a6e5da41cb341d36bf1930110/61e50958/video/tos/useast2a/tos-useast2a-ve-0068c002/78aa8b14fb054a35b79487b137b29b3c/?a=1233&br=1720&bt=860&cd=0%7C0%7C0&ch=0&cr=3&cs=2&cv=1&dr=0&ds=3&er=&ft=c~.Zm4L-gXoInz7T&l=202201170014340101130060100A2822C9&lr=all&mime_type=video_mp4&net=0&pl=0&qs=14&rc=MzRoaGV1czhxMzMzZzczM0ApO2Y3aDtkPDxpNzQ5ZmQ3OGcvZDQxcDU1ZW5gLS1eMTZzcy5gMS4wXzJiLWM0MDAvMTI6Yw%3D%3D&vl=&vr=
24,v09044g40000c6bjhcrc77ue1odlkdo0,7940,604161&439135&296553&183383,7d61d00b5a644019b9e774700c13bf65&48e984945dd55b6fa36f311043c573b9&710e55e020c25e176108c7a690568e7d&b22bb6b3a874c252361d26581b61f34e&a808268cfed7f455defe1902267841b3&9ea718d0237d4e2c727f67e161751f64&e22b438ff3ae17f9f9fd6d8f4cafcc10&06b59572d51987d31bcf3e49b8e6a55a,https://v39.tiktokcdn-us.com/7d61d00b5a644019b9e774700c13bf65/61e50951/video/tos/useast2a/tos-useast2a-ve-0068c004/53037072e7ea46719f71503983e53896/?a=1233&br=1180&bt=590&cd=0%7C0%7C0&ch=0&cr=3&cs=2&cv=1&dr=0&ds=3&er=&ft=c~.Zm4L-gXoInz7T&l=202201170014340101130060100A2822C9&lr=all&mime_type=video_mp4&net=0&pl=0&qs=14&rc=M2dvcmg6ZmZtOTMzNzczM0ApNWg6aWY2aGU8NzdpOWc7OWdsaGEucjRvZV9gLS1kMTZzc15hLjIzXmIxNWNeYjUwYGA6Yw%3D%3D&vl=&vr=
25,v09044g40000c2t3lrho1amdn3nre0s0,5013,756227,d75a5114f5f41c1800772d488155f40c&ff1bcc22adf190c54cba537ebe6a3927,https://v39.tiktokcdn-us.com/d75a5114f5f41c1800772d488155f40c/61e5094e/video/tos/useast2a/tos-useast2a-ve-0068c004/e99cb9d5a11d4ac7a496622b02f8a9ad/?a=1233&br=1476&bt=738&cd=0%7C0%7C0&ch=0&cr=3&cs=0&dr=0&ds=2&er=&ft=c~.Zm4L-gXoInz7T&l=202201170014340101130060100A2822C9&lr=all&mime_type=video_mp4&net=0&pl=0&qs=0&rc=MzN1NmdkcnU2NTMzNzczM0ApNjk0Z2c7Zzs4NzRmMzYzM2dwYmtrai5laXFgLS1kMTZzc2BiNV4zNTEyNjQ0XmEzMS86Yw%3D%3D&vl=&vr=
26,v09044g40000c4mg0q3c77u950nmju0g,19177,3191109&1932525&1342438&707823,849ffd25412b93460ac1e3f33bff9945&8c0a6f455ad28f8d8ac7b71148823ea4&aff1897939b105cbd46de17976c97677&910ad36963f32aa015e00665bd4e4a6d&a80ddcbcc2ef9b2d440fc8d2fff6bfca&c9c18bcff630d9259b07d0a431aca947&f4dfd22329bbca45a3ada5bbe94dbcf5&d02c5627e6c17e542c45e6e0ca9bebf0,https://v39.tiktokcdn-us.com/849ffd25412b93460ac1e3f33bff9945/61e5095d/video/tos/useast2a/tos-useast2a-ve-0068c003/1578429937b3407ab574c8a84355dafb/?a=1233&br=6232&bt=3116&cd=0%7C0%7C0&ch=0&cr=3&cs=2&cv=1&dr=0&ds=3&er=&ft=c~.Zm4L-gXoInz7T&l=202201170014340101130060100A2822C9&lr=all&mime_type=video_mp4&net=0&pl=0&qs=14&rc=anhwMzw6ZnRqNzMzNzczM0ApOTxoaWhlOjs6NzM3OzQzO2ctZ2sycjQwLWpgLS1kMTZzcy1hXy9jXmIyMjFjXzIyMS06Yw%3D%3D&vl=&vr=
27,v09044g40000c2q01jk1se6edeiqos2g,20896,1262211&1035288&794761&542759,6d00a80e948ab3f7bdc27d5a48adcd1f&718adcbed03296f1d3d00b54b61bbcfc&3bc03bc8db80b1b62941c40f71b9241a&dd7b4ded4c1c9c10111eef70dcec4917&572fd106a8bac0bd8fda4adc3d47bf2b&79893560e49b78e6698defa208bf9e0c&39761526e414e878a0a554270340344f&a9c8b9e1b6b4443c73588e1fc87f9ba1,https://v39.tiktokcdn-us.com/6d00a80e948ab3f7bdc27d5a48adcd1f/61e5095e/video/tos/useast2a/tos-useast2a-ve-0068c001/032f2f8815304c9394dd37c63db334a2/?a=1233&br=2464&bt=1232&cd=0%7C0%7C0&ch=0&cr=3&cs=2&cv=1&dr=0&ds=3&er=&ft=c~.Zm4L-gXoInz7T&l=202201170014340101130060100A2822C9&lr=all&mime_type=video_mp4&net=0&pl=0&qs=14&rc=anZ0aGhoNG0zNTMzNzczM0ApOWRpPDxnOGVoN2Y3OTVmO2cvbGZhM3BoLm5gLS1kMTZzczFhYjU2NWAzXjAuLS8uLi46Yw%3D%3D&vl=&vr=
28,v09044g40000c4ohat3c77u88dlsgkjg,9542,942322&447409&317248,f19c54c428e4bf5a5eb7c883b549b450&3b7e13459760412176517f3f666eb76b&917ed5158c87cc87e0e9fa5280cfb56d&2d13a5a1188186d0e7164cb5495a7396&8121244db9810cc58c75dbbcf554fb3b&74c74002ebb7712059a52e737ca62022,https://v39.tiktokcdn-us.com/f19c54c428e4bf5a5eb7c883b549b450/61e50953/video/tos/useast2a/tos-useast2a-ve-0068c004/c54e4db20e74481fa121eb15af5f85e5/?a=1233&br=1840&bt=920&cd=0%7C0%7C0&ch=0&cr=3&cs=2&cv=1&dr=0&ds=6&er=&ft=c~.Zm4L-gXoInz7T&l=202201170014340101130060100A2822C9&lr=all&mime_type=video_mp4&net=0&pl=0&qs=11&rc=am52Zzs6ZndrNzMzNzczM0ApaTU3PGc5N2U1NzM1Nzk1OmdnZGk1cjQwXmxgLS1kMTZzc2AtXjAxXy8yMGIwNS5jXzA6Yw%3D%3D&vl=&vr=
29,v09044g40000c39ork8o4qnr8507sfp0,17019,2400024&1680624&812197&524204,b3d24f097c541d6879e5de96bd0ae335&ae55f31bce39cca261ab6a4920d3059e&18da3776d6f9af32acb8ae4d8656d6f0&249813b6cd8873c949cd2e404ab08abe&7b58bc7871b633e5a741328501c104ea&9dfbc20684914558fc6aa308f7eee5a5&719c2e8da18afb179094b6d81f74127e&38fc2e34e74e4dae3066d110b4e1464f,https://v39.tiktokcdn-us.com/b3d24f097c541d6879e5de96bd0ae335/61e5095a/video/tos/useast2a/tos-useast2a-ve-0068c003/b2f1a5a1d3f0448f9fb4b5a037c92027/?a=1233&br=4686&bt=2343&cd=0%7C0%7C0&ch=0&cr=3&cs=2&cv=1&dr=0&ds=3&er=&ft=c~.Zm4L-gXoInz7T&l=202201170014340101130060100A2822C9&lr=all&mime_type=video_mp4&net=0&pl=0&qs=14&rc=M2k6OHV0cm5yNjMzNzczM0ApZWg8aDs6N2Q1NzYzOzk5NmdtcC01azE1bzZgLS1kMTZzcy82LzUtNjIxLWJiY141Ly46Yw%3D%3D&vl=&vr=
30,v090443b0000bu7hkfqqsv284dioh21g,15555,689791&625195&437373,e9253831bbcb87623b23599f91617649&6efd80695f3f9b947d0006b08ed60fd9&b07524a0e29e027110c9737f9f984226&55058a86bdf5d5b605f2c7a04bc35645&c2b93ff13245126a9be662868adfc5cb&e01ab7a542e7046a29a381fb97af8ea6,https://v19.tiktokcdn-us.com/e9253831bbcb87623b23599f91617649/61e5098f/video/tos/useast2a/tos-useast2a-ve-0068c002/9e8ed43555484c4b83d5257edb9435d0/?a=1233&br=1346&bt=673&cd=0%7C0%7C0&ch=0&cr=3&cs=2&cv=1&dr=0&ds=6&er=&ft=c~.Zm4L-gXoInz7T&l=20220117001528010113135143071B8122&lr=all&mime_type=video_mp4&net=0&pl=0&qs=11&rc=ajVyZzt5dGlreDMzZTczM0ApZzw0Ozk2OmQ0NzVoOWRnZmcuZWYxL3BuaDRfLS0wMTZzc2IyMC1jNF40XjY2LTAwLzQ6Yw%3D%3D&vl=&vr=
31,v09044g40000c2ft710bf79t3vkd0gvg,19293,1718431&1264133&618854&381743,05fbb407fa60605cb3f076f35a37b6bf&99b241a82f6a4de49831d7b60a579260&4099d9404de2f42b9d0dd5bb60fae983&e664a241b42c5d15deb1b52e6ae5b276&4a9fb5c0f521003f7b2e4896103f3ae8&cfb28e393e22a4afb55acb2214f14bb6&f992a241e76d4305f29de56fdf02963e&fd576a906045e12a8d411703c26d5fe2,https://v19.tiktokcdn-us.com/05fbb407fa60605cb3f076f35a37b6bf/61e50993/video/tos/useast2a/tos-useast2a-pve-0068/4b429b6507504a9cba99f12e0d4afe8a/?a=1233&br=3356&bt=1678&cd=0%7C0%7C0&ch=0&cr=3&cs=2&cv=1&dr=0&ds=3&er=&ft=c~.Zm4L-gXoInz7T&l=20220117001528010113135143071B8122&lr=all&mime_type=video_mp4&net=0&pl=0&qs=14&rc=ampneXc6ZTR3NTMzNzczM0ApN2ZlPDdlaGUzNzM2OmU6PGdzLWgwNmMtNGNgLS1kMTZzcy8uMDEtLTJiMWAyM181LTU6Yw%3D%3D&vl=&vr=
32,v09044g40000c42sjhbc77u591u34mdg,16600,1143137&860555&523772&365504,7ffc57f4e6e902501a1dbf8c3f43f6f7&c381667b56a8e65415185e3f17c80dfa&4406f71006601e85b5b6a029ffc193a3&7ea1b24db9fb63130f6ca86c32cf35c9&74c9cd7368fa865adb8f7fbcd871d6c6&eae0d25122c5f8958d395214884481cb&bbceec868f7ba62db378c3fa6eca7c6e&e4773c9605099e1f24f7000ff66a7128,https://v19.tiktokcdn-us.com/7ffc57f4e6e902501a1dbf8c3f43f6f7/61e50990/video/tos/useast2a/tos-useast2a-ve-0068c002/7da2afaad80f404fb164f84d77c8ba4d/?a=1233&br=2232&bt=1116&cd=0%7C0%7C0&ch=0&cr=3&cs=2&cv=1&dr=0&ds=3&er=&ft=c~.Zm4L-gXoInz7T&l=20220117001528010113135143071B8122&lr=all&mime_type=video_mp4&net=0&pl=0&qs=14&rc=anA2NDg6Zmt2NzMzNzczM0ApOzs7ZGQ5ZzxkNztlNTlnaGdhMXI2cjRfZy9gLS1kMTZzczUuLjJjMTFeNTIyMC0vYy46Yw%3D%3D&vl=&vr=
33,v09044g40000c1n6fgrivpn8c64va3mg,15276,1055778&904129&638191&402855,f346c1b64ce016602b9f463ee3672a13&2ed38e44948ab119e2aa6d5992fbb07f&86f3ee54535c4a68ae1ff77d18360750&b80e52805f691dd7b7319d8a94a51df9&cb9978c900659c34e57c28f90eb56f9f&eadea5db0fe7d8d59ad04afda742464b&171a78252932d4b5c65334e4897baada&e3626c65b61a992dfdc8322ca31c0124,https://v19.tiktokcdn-us.com/f346c1b64ce016602b9f463ee3672a13/61e5098f/video/tos/useast2a/tos-useast2a-pve-0068/0d6b12d875944f93abce543a86449ffc/?a=1233&br=2062&bt=1031&cd=0%7C0%7C0&ch=0&cr=3&cs=2&cv=1&dr=0&ds=3&er=&ft=c~.Zm4L-gXoInz7T&l=20220117001528010113135143071B8122&lr=all&mime_type=video_mp4&net=0&pl=0&qs=14&rc=ajZ5OTtzbGo5NDMzNzczM0ApPDc3ZTw6OzszN2UzO2Q1ZWdqXjFga3NvY2tgLS1kMTZzcy8wNTQwLy41L2BiYjEzMzI6Yw%3D%3D&vl=&vr=
34,v12044gd0000c736h5bc77uakasifot0,40843,832150&688079&457089&341092,82626387759b66a0c03362d117355dcb&7827f5a55393611620a2254816103e85&888fc6b0a553099f13e17649c45fa708&dbe914be934eebedbfa4c390b6147e23&84ebf31c274b08e8c085ac5a65eba763&2e233fd1a8265ec9045a4435a5323f89&5884a97787c0df98141774b0c7f7d804&625c3d0e11201497b4bd3686627263cb,https://v19.tiktokcdn-us.com/82626387759b66a0c03362d117355dcb/61e509a8/video/tos/useast5/tos-useast5-pve-0068-tx/967c907d787f47d1ba726183ac03a2a0/?a=1233&br=1624&bt=812&cd=0%7C0%7C0&ch=0&cr=3&cs=2&cv=1&dr=0&ds=3&er=&ft=c~.Zm4L-gXoInz7T&l=20220117001528010113135143071B8122&lr=all&mime_type=video_mp4&net=0&pl=0&qs=14&rc=M3JsZGQ6Zjg5OjMzZzczNEApNDlkOjo5ZjxmNzc8NjVpOGdxY3BocjRfZTBgLS1kMS9zczY2NjAyXjBfYi8xLzIuY2A6Yw%3D%3D&vl=&vr=
35,v07044550000c07os0nir75n464p64cg,8589,247151&169174&126295,0622c4598d5e30b0a58f405e533b8a2f&da8c44d3bf1fab769bcbb87d6cf55527&8cb66aec12009a295a2bb8b45e30d90f&1f70d777663b17fe2c4ab6f5ad9787c0&6fb7775c4d0e3ecefcb6c30e025c140f&ffc39d845f11d66afa9da5acfeed7956,https://v19.tiktokcdn-us.com/0622c4598d5e30b0a58f405e533b8a2f/61e50988/video/tos/alisg/tos-alisg-pve-0037c001/88d0a2f0d8fd40f699e281a9c3b021f0/?a=1233&br=482&bt=241&cd=0%7C0%7C0&ch=0&cr=3&cs=2&cv=1&dr=0&ds=6&er=&ft=c~.Zm4L-gXoInz7T&l=20220117001528010113135143071B8122&lr=all&mime_type=video_mp4&net=0&pl=0&qs=11&rc=ajdzOXE6bDNyMzMzODczM0ApNTk1aTU8OGRoNzdoM2Y5aWdgMzExMm9rcDRgLS0yMTRzcy0zMTEyXmAvYi81MzAxLWI6Yw%3D%3D&vl=&vr=
36,v09044690000bugd0qjemvd778npkaug,8728,1625869&1015423&736932&474604,460e638f53352d2a014c903a606446a1&461e1470013bc3b4a17d608aed52b2a3&afcc919989d0436369ddc1aab48b12cc&8e3ebe21f68881faaf52ebc445ff5df5&f06f565bd31aa7515872edcfb969549b&f2cbaa1f232f0a5e29564720b702c534&a6ae47eb5fbdbd67733a6e4c857739c6&1b26cbad7aa17392c101dc43b00944ae,https://v19.tiktokcdn-us.com/460e638f53352d2a014c903a606446a1/61e50988/video/tos/useast2a/tos-useast2a-ve-0068c003/577f7868462848419672cfb56e32c139/?a=1233&br=3174&bt=1587&cd=0%7C0%7C0&ch=0&cr=3&cs=2&cv=1&dr=0&ds=3&er=&ft=c~.Zm4L-gXoInz7T&l=20220117001528010113135143071B8122&lr=all&mime_type=video_mp4&net=0&pl=0&qs=14&rc=amRzOzp5aHRneDMzPDczM0ApZGc2NmRoZDxpN2hlOTw1NWdyaGs0YWpnLWRfLS0zMTZzc2IzYV8xMmBiLTAuMC4wNC86Yw%3D%3D&vl=&vr=
37,v09044g40000c4oflj3c77ue62ip6i7g,18829,1005587&678099&416779,6032071d84f717450e05c3526c21cfbe&314275264ec0e7a6a11a07e6b5f4c943&e8fd0371181275b55bedc3b8924d21f7&bf7af3edb690f8f4bcbbbe1690fa891d&721ba42bdd7fd98b6a4f663d3f373a8c&3aea3c64a1ff504122b6c14ba5e5703c,https://v19.tiktokcdn-us.com/6032071d84f717450e05c3526c21cfbe/61e50992/video/tos/useast2a/tos-useast2a-ve-0068c004/ba81bb2590184a42916525640ac6a34f/?a=1233&br=1964&bt=982&cd=0%7C0%7C0&ch=0&cr=3&cs=2&cv=1&dr=0&ds=6&er=&ft=c~.Zm4L-gXoInz7T&l=20220117001528010113135143071B8122&lr=all&mime_type=video_mp4&net=0&pl=0&qs=11&rc=amxzNWg6Zm1pNzMzNzczM0ApOTpnNDZkZ2U3Nzc7Zzg4OWc0M2YzcjQwaWxgLS1kMTZzc2AyNmA1MTRgNS40LjViM186Yw%3D%3D&vl=&vr=
38,v09044900000c1gk48v7hc99pahqgrq0,8637,2052471&1561356&980982&642068,11e53c652e90c7f9215c62e088a4dc1c&40d101b449e4364f0396e8bd5c2ffd8b&9e0ed599d0b7b12ec1469dff3e0f5626&bd233be68d945bdccf23d688658cf4e8&524f35f83fecb8767c2d19ad7f885126&42b07daf5ce370eb8a55aca983fde6f5&6cf58ee4fe518205e40a815d25e04d5e&9f7bde47d8a9bb42dfb4be403399182e,https://v19.tiktokcdn-us.com/11e53c652e90c7f9215c62e088a4dc1c/61e50988/video/tos/useast2a/tos-useast2a-ve-0068c002/7eeeb48d29a048fb8a43c2e4f44e7786/?a=1233&br=4008&bt=2004&cd=0%7C0%7C0&ch=0&cr=3&cs=2&cv=1&dr=0&ds=3&er=&ft=c~.Zm4L-gXoInz7T&l=20220117001528010113135143071B8122&lr=all&mime_type=video_mp4&net=0&pl=0&qs=14&rc=M3V0ZDxmOjtuNDMzMzczM0ApOmUzOjc6aGQ5N2k2O2c2ZmduZGVtNmVzMWRgLS02MTZzc2FeM2MtMTEvMy8uNDA2NmI6Yw%3D%3D&vl=&vr=
39,v09044fd0000buhfv1j9iufl0fi5ir5g,19502,568440&460718&327550,3203119855d696f9ea4bd19faa34f0eb&8b33a5466244c47b4844c5eb17ea4760&1446abd5cbc3bd21f06b2600b867d98f&e404a26cee16334f3d60a352fccecda6&61ade08ca045b472a996878f557cb56e&a591d7492992a87c402f60c44ab09cc8,https://v19.tiktokcdn-us.com/3203119855d696f9ea4bd19faa34f0eb/61e50993/video/tos/useast2a/tos-useast2a-pve-0068/a27f7933c7584a20ab3fd6eb8b24a7cc/?a=1233&br=1110&bt=555&cd=0%7C0%7C0&ch=0&cr=3&cs=2&cv=1&dr=0&ds=6&er=&ft=c~.Zm4L-gXoInz7T&l=20220117001528010113135143071B8122&lr=all&mime_type=video_mp4&net=0&pl=0&qs=11&rc=anU4aW94PDRpeDMzZzczM0ApZ2U2ZTU7ZDw5NzNoZDg5NGcyZmYtY2Znc2VfLS1jMTZzc2MxMmJeL2BeMzM2XmIvMTQ6Yw%3D%3D&vl=&vr=
40,v12044gd0000c797pgbc77ucq7ijquug,16995,298431&235242&154197&125184,4342bd049fb478171fef088a1a801aec&17dc722f8a9db2529b733cfbd1bc483f&b782c97150dfcf89494cd3136c09cb93&fca5b3213c0973ad0c33b55a871cbf53&19b0371e877931c2968ee3a41bd99893&b52b3f70373c63b4b8ffa01a717546a8&2a19e66cdce02bf74a8a1de3fc58b239&382887010b7bf2782d6da19d036db16c,https://v19.tiktokcdn-us.com/4342bd049fb478171fef088a1a801aec/61e509e7/video/tos/useast5/tos-useast5-pve-0068-tx/f62e02f024c540c89a00998f535a6845/?a=1233&br=582&bt=291&cd=0%7C0%7C0&ch=0&cr=3&cs=2&cv=1&dr=0&ds=3&er=&ft=c~.Zm4L-gXoInz7T&l=2022011700165501011313522806249485&lr=all&mime_type=video_mp4&net=0&pl=0&qs=14&rc=anhtOmY6Zmo6OjMzZzczNEApOjM6NDc4aWRkNzVlODRpOWdybmZucjRfbTZgLS1kMS9zcy4vYmFhMV5jMzZeNjY1XjY6Yw%3D%3D&vl=&vr=
41,v09044g40000c3gscaris849rbdm91rg,14975,1649189&1352918&1157202&784297,f04a1fe2b6d893edea372c5d3e46c7d9&b897442cce1a994b0e76f15be399af40&fc50a58c2a547aae009a97122f63f934&c66fa5a348823c585e5d27d71c0805ab&567328b7317c575da0f28245db72ecb8&71a3fd655c4d32f33094886b90806a5c&351e318c7c7fc9b6d330bb83ab2dbb7d&f5113c2191e0683a53ab7155002a8bcb,https://v19.tiktokcdn-us.com/f04a1fe2b6d893edea372c5d3e46c7d9/61e509e5/video/tos/useast2a/tos-useast2a-pve-0068/9d511f5263d34272a97a3e7ab284c1ce/?a=1233&br=3220&bt=1610&cd=0%7C0%7C0&ch=0&cr=3&cs=2&cv=1&dr=0&ds=3&er=&ft=c~.Zm4L-gXoInz7T&l=2022011700165501011313522806249485&lr=all&mime_type=video_mp4&net=0&pl=0&qs=14&rc=ajRwZTw7bGR2NjMzNzczM0ApNGg7ODYzNTxpNzw8aTllNGdvNmFvMXBvYGRgLS1kMTZzczIxXi1hNmJeNS02YS1gXjU6Yw%3D%3D&vl=&vr=
42,v09044g40000c3mrtfbc77uahb02m4jg,7149,1009186&814846&469416&322285,842e6e8f7ebf0a06379812dcbacd09eb&c40a5a998df3b5a319abfcbc259d1190&e55b4bab951fc724a29cbe7347f29c7a&29d45d23ad8c353c9fb4870662b91c9d&e19431369d0cc8bf8f72f6b92d3a6937&6bb4ed6070021d11e2e8898cefeb1512&72470bacfd1f48735e52577a92db68e7&163294c4ef99ba764592fcee6d0431b8,https://v19.tiktokcdn-us.com/842e6e8f7ebf0a06379812dcbacd09eb/61e509dd/video/tos/useast2a/tos-useast2a-pve-0068/3ebc7ee2989f443883330b31dfab49f4/?a=1233&br=1970&bt=985&cd=0%7C0%7C0&ch=0&cr=3&cs=2&cv=1&dr=0&ds=3&er=&ft=c~.Zm4L-gXoInz7T&l=2022011700165501011313522806249485&lr=all&mime_type=video_mp4&net=0&pl=0&qs=14&rc=ajc1ZWQ6Zml1NjMzNzczM0ApOWg2NjxmNDw2NzY8OTg4Z2dnai1lcjRfcWpgLS1kMTZzczA1LWJgYy9jYi9eMGIvXjY6Yw%3D%3D&vl=&vr=
43,v09044g40000c442udjc77u82pan8nr0,10773,532271&468564&315901,6f4e6b3a46e973188be1076ebabe0c6f&09bc533cb58bb3916f42e77b448a5954&fe97149d82af765628094cef4f01df1c&84b85d15f8c48a7fc39ceaf514ddc659&364833f7a0555f6f710b78e9b1e4c454&9eba15ff019ab312040cdcc59440955b,https://v19.tiktokcdn-us.com/6f4e6b3a46e973188be1076ebabe0c6f/61e509e1/video/tos/useast2a/tos-useast2a-ve-0068c004/8ef5572352a949ec98150aec8025dd70/?a=1233&br=1038&bt=519&cd=0%7C0%7C0&ch=0&cr=3&cs=2&cv=1&dr=0&ds=6&er=&ft=c~.Zm4L-gXoInz7T&l=2022011700165501011313522806249485&lr=all&mime_type=video_mp4&net=0&pl=0&qs=11&rc=M3Fxczs6Zmc1NzMzNzczM0ApOWdkPDllaDtlNzs0aDdmNmdvNV4vcjRncjFgLS1kMTZzczFiXzQzNjU0NV9fLWBfXl86Yw%3D%3D&vl=&vr=
44,v09025g40000c5tphj3c77u9non5uja0,11632,391326&216922&156694,d2202b925b2b72bdd08796013a919cc3&9a92ac6fd638da471772ac75aa665f65&4cc9207030259f507068e7e1588ccf8d&23150b214430e9d68d45c3d1b5a9b814&25e75b25ece76bbb20db387c59eecbbc&f3ee3a188a2599f39140c992f0337e2c,https://v19.tiktokcdn-us.com/d2202b925b2b72bdd08796013a919cc3/61e509e2/video/tos/useast2a/tos-useast2a-pve-0068/0db5a52be4814ca482755ba7b47a0966/?a=1233&br=764&bt=382&cd=0%7C0%7C0&ch=0&cr=3&cs=2&cv=1&dr=0&ds=6&er=&ft=c~.Zm4L-gXoInz7T&l=2022011700165501011313522806249485&lr=all&mime_type=video_mp4&net=0&pl=0&qs=11&rc=M204cjw6Zm1zODMzNzgzM0ApZmZkOGdkaTs0NztmODk3aGdecmtrcjQwZXFgLS1kLzZzc2BjMWAwLTRfMC8wYmAuNGI6Yw%3D%3D&vl=&vr=
45,v09044g40000c31h4berlhljq0la6gmg,11702,1276937&955175&436320&297005,da63e62461a326d96f46cd256d159a52&a34fab2ea6fe8844bcc3d36deef6c15c&9c65c169f164fe3ee36e824dbab38abe&903d6f5df388abebf5161f55e04c14b1&a95dbbfe61342bc5320fa98ecfcd389a&7353394fe0e8271caeb3d1575ada9c18&06fae2dadeac55d8c676902e5b01cc0a&dff1d04794acbd2448be920571a4f21b,https://v19.tiktokcdn-us.com/da63e62461a326d96f46cd256d159a52/61e509e2/video/tos/useast2a/tos-useast2a-ve-0068c001/c3efc14c6e3045bb9d9a7123d0c5447d/?a=1233&br=2494&bt=1247&cd=0%7C0%7C0&ch=0&cr=3&cs=2&cv=1&dr=0&ds=3&er=&ft=c~.Zm4L-gXoInz7T&l=2022011700165501011313522806249485&lr=all&mime_type=video_mp4&net=0&pl=0&qs=14&rc=ampkM21rdWVrNjMzNzczM0ApZ2g5Njs0PGVoNzNkNzdoPGdqM2luaWliMS5gLS1kMTZzczBjYGMyLjQ2My4uLTYyMjE6Yw%3D%3D&vl=&vr=
46,v09044g40000c3r8kabc77u0jldggbg0,12769,2330361&1704943&1469448&996082,e470eae82e68b0ddd7026ee66bfc18f7&b13bf7e65f7d328e9d7f253357278fbb&6e8d7549eb96e4103b23bbd70c983774&dc9ebde09ebc70f2fc09f8aa07d4c6c9&8d7c5d0345e98f09641ab3bf913b8e26&2e29f1529e02abb7110e8875bb598bde&ed64ec4a02ffac422abb0479e7d6f3f4&9f114ab573e60b28748a675fe6aee528,https://v19.tiktokcdn-us.com/e470eae82e68b0ddd7026ee66bfc18f7/61e509e3/video/tos/useast2a/tos-useast2a-pve-0068/8cab7da36e664048988304d7ef7a47b7/?a=1233&br=4550&bt=2275&cd=0%7C0%7C0&ch=0&cr=3&cs=2&cv=1&dr=0&ds=3&er=&ft=c~.Zm4L-gXoInz7T&l=2022011700165501011313522806249485&lr=all&mime_type=video_mp4&net=0&pl=0&qs=14&rc=M2VqbzM6ZmQ7NjMzNzczM0ApaDY2PGk8aTs8NzhpPDg8OmdkZGFncjRfaG9gLS1kMTZzcy1jY2BgMF5iMjQwLS8wYGA6Yw%3D%3D&vl=&vr=
47,v09044g40000c4kh153c77u3i2t1e3f0,20710,790267&584037&389756&259282,d54bfef0a14e469308bb0b0cd3f4daae&bf06160a0b4e8643502812a780785754&746070baa86a9372d1674526f011275f&02efe43f62fd9447bf193bae7c805653&8aaed9c13030cac1f9aeaf55e666468c&8150abb4e8b053d20d769517a5985b16&6a11d23251fae3013d14865b0fc930ec&ecbdf81f79f3da0d5bbe58a90fe248b6,https://v19.tiktokcdn-us.com/d54bfef0a14e469308bb0b0cd3f4daae/61e509eb/video/tos/useast2a/tos-useast2a-ve-0068c004/fc7e9f17e2344ce89e8aa991b7d0e895/?a=1233&br=1542&bt=771&cd=0%7C0%7C0&ch=0&cr=3&cs=2&cv=1&dr=0&ds=3&er=&ft=c~.Zm4L-gXoInz7T&l=2022011700165501011313522806249485&lr=all&mime_type=video_mp4&net=0&pl=0&qs=14&rc=MzY0NTY6ZjhrNzMzNzczM0ApOGY1OzNoNjs2NzZlM2UzOWdjYnFmcjQwLmhgLS1kMTZzc2IzLy1iNjNeYC4uMTIuLTA6Yw%3D%3D&vl=&vr=
48,v10044g50000c46ig0bc77u3svl4snj0,15439,1003742&711074&460554,5701780b7fbc267f1321179eb5ecf7ba&bd87ccf39382a592942ea3ec3daefef7&14e1551d053fcdba7c8bc5e1d8f63036&a8211930ab55c6e60b79deb60afdd5eb&e120b42c37c8f194788dc88d1f3450f3&e8bd94fd1888615b00ea4419458e0f50,https://v19.tiktokcdn-us.com/5701780b7fbc267f1321179eb5ecf7ba/61e509e6/video/tos/alisg/tos-alisg-pve-0037c001/e423ff66fd7745cca108a9f2edb90248/?a=1233&br=1960&bt=980&cd=0%7C0%7C0&ch=0&cr=3&cs=2&cv=1&dr=0&ds=6&er=&ft=c~.Zm4L-gXoInz7T&l=2022011700165501011313522806249485&lr=all&mime_type=video_mp4&net=0&pl=0&qs=11&rc=M3E3eTY6ZjNsNzMzODczNEApOzk4M2Q2OTtoNzxpOWhoZGdncGlwcjRfZDNgLS1kMS1zczItY19iMzNhYzJfYTExYTI6Yw%3D%3D&vl=&vr=
49,v09044g40000c34mtnth8h41mpjnku00,7382,1175019&925927&534792&327161,b133fa3469352b6f5127130e9e5acafa&8ea95f93ed69875a29cc65855a3d9fc6&e2ae00fafb18167b9960770aee6ff24c&9d09f2acafdde4a1be0200007b299387&e3de56609ed19107839d8c83309cb38c&16faab6fe35cc767450cae6a95094727&5879d588f2a8d2d380d03d8b66279a03&c3f79b94a62465485cebdd5e75fdf982,https://v19.tiktokcdn-us.com/b133fa3469352b6f5127130e9e5acafa/61e509de/video/tos/useast2a/tos-useast2a-ve-0068c002/18dc538910c34b97b0ba2334398c0c1c/?a=1233&br=2294&bt=1147&cd=0%7C0%7C0&ch=0&cr=3&cs=2&cv=1&dr=0&ds=3&er=&ft=c~.Zm4L-gXoInz7T&l=2022011700165501011313522806249485&lr=all&mime_type=video_mp4&net=0&pl=0&qs=14&rc=M3hxczRra3FwNjMzNzczM0ApOmVnZTNmPGVkNzg5OjMzZmctaGdqMTVxcTFgLS1kMTZzczBeYDMyMS1iXjE2L2BgYjU6Yw%3D%3D&vl=&vr=
50,v12044gd0000c6438f3c77uf5sb2qspg,7637,438273&308591&211521&145661,540382ec521ae82efab264c5c97335fd&afd3a7566dfe69b10c8236359ab91245&558e8671d0216a7d8757c43a6881a620&b76429af842be2c51dc85efa33a259b4&d6198b3c802317e9e37f2eb0538feb33&7e0adb1e06432dac4083c58805bd0369&d44a3ef1b794d1f039f653ec17c47026&4087ef13e096a2129f0b96a885a82e36,https://v25.tiktokcdn-us.com/540382ec521ae82efab264c5c97335fd/61e50a15/video/tos/useast5/tos-useast5-ve-0068c004-tx/76d2b8ec07e045ac97babd32e7849b66/?a=1233&br=856&bt=428&cd=0%7C0%7C0&ch=0&cr=3&cs=2&cv=1&dr=0&ds=3&er=&ft=c~.Zm4L-gXoInz7T&l=2022011700175001011313514314255862&lr=all&mime_type=video_mp4&net=0&pl=0&qs=14&rc=anY1dmk6Zmk2OTMzZzczNEApNTM7PDplZDs3N2k3NTQ0NGdtbl8ycjQwNTFgLS1kMS9zcy1iMTNhMjVgXzFhX2MvNWI6Yw%3D%3D&vl=&vr=
51,v09044g40000c3odp7bc77u6gocp9d6g,6662,1213038&1048223&705115,d30117c4962489b2d4516016456936ae&9ece0a17866ec6976c83aa7e4b6f3243&bd5f486261c6e5a8a6c48c8aab3a44bd&26a6901994d9b5910fd31e9eb023a988&c8cd383bb75cdcdc03a041821d61fb4f&e30efe4818623ffd93b0ac37f904b5dd,https://v25.tiktokcdn-us.com/d30117c4962489b2d4516016456936ae/61e50a14/video/tos/useast2a/tos-useast2a-ve-0068c003/de59c410050643d6ae007381bedffa4e/?a=1233&br=2368&bt=1184&cd=0%7C0%7C0&ch=0&cr=3&cs=2&cv=1&dr=0&ds=6&er=&ft=c~.Zm4L-gXoInz7T&l=2022011700175001011313514314255862&lr=all&mime_type=video_mp4&net=0&pl=0&qs=11&rc=amdzcjk6ZjpnNjMzNzczM0ApOTQ2NzdlPDs1N2Q8ZWc4N2czNmBkcjRfbWxgLS1kMTZzc2MvNS8tMy8zYDItXzIvLWA6Yw%3D%3D&vl=&vr=
52,v09044g40000c4ogfhrc77u057cokt50,11283,1788582&1332930&1009342&674293,0877fbee44b181883c467f32bc8294e4&c431a6aa5a1aba2445a85e25639fac60&8010ce13e859a1e99eff80e2e72b8130&c0b5a73f682cc9fbc327a7fb1e160b4e&46638d1886f58699abdffe4999a583d7&b5056c09bba7a0e720c3016bef685bb1&59298a2b6d8327005266c98cdf20e834&a4336cf880574e5ac410d1671b1cbe96,https://v25.tiktokcdn-us.com/0877fbee44b181883c467f32bc8294e4/61e50a19/video/tos/useast2a/tos-useast2a-ve-0068c004/37fdace7ea5e47a28e67f8ddd291d8cf/?a=1233&br=3492&bt=1746&cd=0%7C0%7C0&ch=0&cr=3&cs=2&cv=1&dr=0&ds=3&er=&ft=c~.Zm4L-gXoInz7T&l=2022011700175001011313514314255862&lr=all&mime_type=video_mp4&net=0&pl=0&qs=14&rc=M3dyOjM6ZmtqNzMzNzczM0ApNTQ1PGg2NTxmN2dkOzc6ZGcyaGAycjRvY2xgLS1kMTZzczA1Xy9gMC5gXzZjMC9eMl86Yw%3D%3D&vl=&vr=
53,v09044g40000c2gsjnial962u1po35p0,6430,770553&599707&407073,3d41a4e2ac8adcbbc1fa1e19ad61dda0&159317891f5a0e97d982f41cc4149548&6333f41925988b8c6e44dbc05e1325c0&670e061bf8a70a340a5ec76cc7f68c08&9637666671cb71dd87557b3202ca0f2c&ee8dcc7a7717d29cef9c288c9d4374c1,https://v25.tiktokcdn-us.com/3d41a4e2ac8adcbbc1fa1e19ad61dda0/61e50a14/video/tos/useast2a/tos-useast2a-ve-0068c003/c87454664ebb4e1a9171e23979c58e98/?a=1233&br=1504&bt=752&cd=0%7C0%7C0&ch=0&cr=3&cs=2&cv=1&dr=0&ds=6&er=&ft=c~.Zm4L-gXoInz7T&l=2022011700175001011313514314255862&lr=all&mime_type=video_mp4&net=0&pl=0&qs=11&rc=MzhyNDU8ZHF2NTMzNzczM0ApZzg8Mzc7OjtmN2g4ZGdkOmdtMG1yM2lmZ2RgLS1kMTZzczAxMDY2LjI1Nl4zNS5iYDU6Yw%3D%3D&vl=&vr=
54,v09044310000bmoil77ho6foanv5jaj0,8267,1413832&978032&948578&551346,ffe17b583873a704eca09c529740708a&e2527ac030e5fbdeb67d7063d39a48b6&2c16f8f85b591436c331e86d80118c36&a273dbfd962bdb6a75d9682f8527c1d1&07f7180fefdfa7a25a3d378c9c8fe54a&a59dbaff6dfccc38acf6419b61450556&d9f819e781910e0a07bee6d8718c076c&4fc5d8102b910b8c90567e7e49cc4991,https://v25.tiktokcdn-us.com/ffe17b583873a704eca09c529740708a/61e50a16/video/tos/useast2a/tos-useast2a-ve-0068/ddd5955b873440ed8f5b7bf11392250d/?a=1233&br=2760&bt=1380&cd=0%7C0%7C0&ch=0&cr=3&cs=2&cv=1&dr=0&ds=3&er=&ft=c~.Zm4L-gXoInz7T&l=2022011700175001011313514314255862&lr=all&mime_type=video_mp4&net=0&pl=0&qs=14&rc=M2Q4cXI5azpscDMzNDczM0ApaWVmNDQ3NztoNztlODY4OWdnZ3NeY2w0aWxfLS0wMTZzc19fMi00Nl8zMTVjYy0yY146Yw%3D%3D&vl=&vr=
55,v09044g40000c410g73c77uf1vhdufc0,8635,1640421&1292537&1074754&697653,7ee56ba893f72588bcf738aab8f3e0f4&084c22b55730aaef75b321644afb5d2a&092b73f15afebd517acd7f261c692d02&29b01b61b16e9c5a3cf445565498b5cd&554806edbdd91b798b9045191524f48c&2b8a2191924b30db42cf4fdbade56d3a&6f01a1eb56389bc67d25007ce117cc2d&88e68a2b896838990b816fdb9c9c1461,https://v25.tiktokcdn-us.com/7ee56ba893f72588bcf738aab8f3e0f4/61e50a16/video/tos/useast2a/tos-useast2a-pve-0068/186f2293eddc429e855872f618200d52/?a=1233&br=3202&bt=1601&cd=0%7C0%7C0&ch=0&cr=3&cs=2&cv=1&dr=0&ds=3&er=&ft=c~.Zm4L-gXoInz7T&l=2022011700175001011313514314255862&lr=all&mime_type=video_mp4&net=0&pl=0&qs=14&rc=M2lneWk6ZjozNzMzNzczM0ApaGc8OTNmNGU7NzUzODU8M2dgcmUucjQwZC5gLS1kMTZzczAyMS4zYjFgMC00M2AyLWA6Yw%3D%3D&vl=&vr=
56,v09044g40000c3ai05e0nro67dgk3fbg,9286,1284202&756360&437868&275058,4b9ef0730b2005fac5ba0100d1fb589e&1cb3b93db7cd3842b056234a53ce82a9&563abc8a159cacdfc03e8634357b186d&52570210eecd5af7a558f37980718984&e7d5194bc4b81503f3e953e8c4a13eb0&9ae17b8947f0f7e83d4a856ba459754c&c6dd1c4f48567a4c313a2570da166b4f&41936607d0a0f31cb2eb9520a0a83ffa,https://v25.tiktokcdn-us.com/4b9ef0730b2005fac5ba0100d1fb589e/61e50a17/video/tos/useast2a/tos-useast2a-pve-0068/e6e3a6962bc94b55b4ea6c5013954c7f/?a=1233&br=2508&bt=1254&cd=0%7C0%7C0&ch=0&cr=3&cs=2&cv=1&dr=0&ds=3&er=&ft=c~.Zm4L-gXoInz7T&l=2022011700175001011313514314255862&lr=all&mime_type=video_mp4&net=0&pl=0&qs=14&rc=amluZzl1MzhsNjMzNzczM0ApNGc3Zmk5Zjw2NzxlZ2RnPGdfMGQ0bGtiLV5gLS1kMTZzczJjNS8tYGIvLmI1Y180YS86Yw%3D%3D&vl=&vr=
57,v09044g40000c45clkjc77u4160srdj0,19781,594321&416882&283318&196864,0ebb66c1fdd499ecef2af6b65272c624&7d6dd3b0aa82d6a1f292746b47c55b04&cc7819b39d9a3abb52834a46106dcf6a&5153239e7aa519ce392c2ec55a69b8d1&9d4d23be2098ba8222c0b84e0ffb8350&6fa6e55c3748f30763cbc08b4e69cacd&7f093156b1ba22e994910c68e2fb1ef7&35f3814882f33d38bca4d26224502861,https://v25.tiktokcdn-us.com/0ebb66c1fdd499ecef2af6b65272c624/61e50a21/video/tos/useast2a/tos-useast2a-ve-0068c001/f9d901e8f28941f9bfce8994d038f273/?a=1233&br=1160&bt=580&cd=0%7C0%7C0&ch=0&cr=3&cs=2&cv=1&dr=0&ds=3&er=&ft=c~.Zm4L-gXoInz7T&l=2022011700175001011313514314255862&lr=all&mime_type=video_mp4&net=0&pl=0&qs=14&rc=M2d2OTc6Zm5mNzMzNzczM0ApZDw6PDg8OTw6NzpoOztmPGdnby0ucjRnaTJgLS1kMTZzc2ItYzZiMjQvXi8zYy4uNjA6Yw%3D%3D&vl=&vr=
58,v09044g40000c4aqt4bc77uek70jn260,14603,853714&490562&304377,5cec00d1ef21034e31621657e4325ea7&4b056b0e1cbe0c623c378848b1faa90c&9298579c09cf01e12e6df9c0f52570dd&af6d223f45f3f31e9bd46fa5b982a5aa&297811a81191d6c0a08d3c64a1af2f07&c1db991d70905c754308ff0305690f57,https://v25.tiktokcdn-us.com/5cec00d1ef21034e31621657e4325ea7/61e50a1c/video/tos/useast2a/tos-useast2a-ve-0068c003/f5ab0881c8614d2997fc3563a380cca5/?a=1233&br=1666&bt=833&cd=0%7C0%7C0&ch=0&cr=3&cs=2&cv=1&dr=0&ds=6&er=&ft=c~.Zm4L-gXoInz7T&l=2022011700175001011313514314255862&lr=all&mime_type=video_mp4&net=0&pl=0&qs=11&rc=MzVtOmg6Zjd0NzMzNzczM0ApZ2lnPGlkPDw8NzM6aGQ4aGczay1ocjRfcV5gLS1kMTZzcy0tX2JjX18yMzM2LmFhNTM6Yw%3D%3D&vl=&vr=
59,v09044g40000c3vdmejc77u7uoaiehrg,11330,566505&438577&226220&162988,d734dbfc49f7a988ff7137dd13b01cb5&b00feda3fd14759075d2f64f7cb706a6&5890f4e3cabf9c697f6bb8724b0a3ff1&7ddb59986abe2145641a8284992143ce&42aec0869ff3d8f1753d3276d8391348&cc8e5d16ecdf4d818bd103ea43337a18&d0c54ebd8d8502e6a7bf2af2a087c350&f40d77012b666bb1b6e873cc145253a2,https://v25.tiktokcdn-us.com/d734dbfc49f7a988ff7137dd13b01cb5/61e50a19/video/tos/useast2a/tos-useast2a-pve-0068/dd6af54476d34c538cb4008e341b415b/?a=1233&br=1106&bt=553&cd=0%7C0%7C0&ch=0&cr=3&cs=2&cv=1&dr=0&ds=3&er=&ft=c~.Zm4L-gXoInz7T&l=2022011700175001011313514314255862&lr=all&mime_type=video_mp4&net=0&pl=0&qs=14&rc=amtscjo6ZmhnNjMzNzczM0ApOzVmNDg0Ojs8N2g7OWk2ZmdvYl5ycjRnanNgLS1kMTZzc2A0YTQ2NDMtMjExNDQwLS06Yw%3D%3D&vl=&vr=
