video/mp4, bytesbytes 0-860323/860324, 1642378243.2656364, 1642378243.2668793, 1642378243.2819507, 1642378243.7854605, v39-us.tiktokcdn.com, cc598e5c84008f7a6b0631bfce176bca, /cc598e5c84008f7a6b0631bfce176bca/61e5086e/video/tos/useast5/tos-useast5-ve-0068c004-tx/20aa2461a69c4f5b9cc82ed71bf0ae3e/?a=1233&br=1164&bt=582&cd=0%7C0%7C0&ch=0&cr=3&cs=2&cv=1&dr=0&ds=3&er=&ft=xo5uS4L-gXoInz7T&l=2022011700104201022307316101A2767F&lr=all&mime_type=video_mp4&net=0&pl=0&qs=14&rc=M207NjQ6ZmtzOTMzZzczNEApZjllNDllO2U5Nzw8ODk7NmdraTNmcjRnNG9gLS1kMS9zczIxX19fLzBiMGMzLjJjMjU6Yw%3D%3D&vl=&vr=
video/mp4, bytesbytes 0-569489/569490, 1642378248.9968264, 1642378248.9979625, 1642378249.009497, 1642378250.91814, v19.tiktokcdn-us.com, 80f48aac83d1998c4ea47d7a9ee17771, /80f48aac83d1998c4ea47d7a9ee17771/61e5086c/video/tos/useast5/tos-useast5-ve-0068c002-tx/779c97230718415eb2e331756a58122b/?a=1233&br=1508&bt=754&cd=0%7C0%7C0&ch=0&cr=3&cs=2&cv=1&dr=0&ds=6&er=&ft=c~.Zm4L-gXoInz7T&l=2022011700104701011313520025CD58C4&lr=all&mime_type=video_mp4&net=0&pl=0&qs=11&rc=M2kzNDM6ZnNxOTMzZzczNEApN2hpaTZoOWUzN2U4ZjZoM2cxZDMycjRvZHNgLS1kMS9zcy8wLzJeNTZfMTBfMjAwXzU6Yw%3D%3D&vl=&vr=
video/mp4, bytesbytes 0-453973/453974, 1642378253.5575042, 1642378253.5587206, 1642378253.574034, 1642378255.5736666, v19.tiktokcdn-us.com, 5eeaaa607fe7a722bc2290b3b18c1582, /5eeaaa607fe7a722bc2290b3b18c1582/61e50870/video/tos/useast5/tos-useast5-pve-0068-tx/dd4b917cb8104d1882a6b879acc1055a/?a=1233&br=772&bt=386&cd=0%7C0%7C0&ch=0&cr=3&cs=2&cv=1&dr=0&ds=6&er=&ft=c~.Zm4L-gXoInz7T&l=2022011700104701011313520025CD58C4&lr=all&mime_type=video_mp4&net=0&pl=0&qs=11&rc=M3B3bDs6ZnB1OjMzZzczNEApOWg5ZDRkaTw7NzQzNTk7OWdlby1ocjRfbGVgLS1kMS9zcy0uYzAuMzEvNWEyXy5jYDE6Yw%3D%3D&vl=&vr=
video/mp4, bytes, 1642378290.3994005, 1642378290.400698, 1642378290.4171104, 1642378290.6030297, v39.tiktokcdn-us.com, 21493b0cbf8daead54692fd9ae73e6e5, /21493b0cbf8daead54692fd9ae73e6e5/61e50887/video/tos/useast2a/tos-useast2a-pve-0068/1ff73ed8995540e392ee5ef1f90c1730/?a=1233&br=726&bt=363&cd=0%7C0%7C0&ch=0&cr=3&cs=2&cv=1&dr=0&ds=6&er=&ft=c~.Zm4L-gXoInz7T&l=202201170011120101130061322625A7C9&lr=all&mime_type=video_mp4&net=0&pl=0&qs=5&rc=anRuNnZvNHNodzMzODczM0ApN2k1OTw3NWVlNzg2Omc6OGdtYnJpNTJzXnJfLS1iMTZzczBhNC4yX2IuYmMuMWBjLzE6Yw%3D%3D&vl=&vr=
video/mp4, bytesbytes 0-388322/388323, 1642378290.7988021, 1642378290.7998767, 1642378290.8154268, 1642378291.0072818, v39.tiktokcdn-us.com, 877837aded7a94710ceb50a0d41f4ca6, /877837aded7a94710ceb50a0d41f4ca6/61e5088c/video/tos/useast5/tos-useast5-pve-0068-tx/7f390b6056b34dfaad417a55d3f276de/?a=1233&br=482&bt=241&cd=0%7C0%7C0&ch=0&cr=3&cs=2&cv=1&dr=0&ds=6&er=&ft=c~.Zm4L-gXoInz7T&l=202201170011120101130061322625A7C9&lr=all&mime_type=video_mp4&net=0&pl=0&qs=4&rc=M2RmZGQ6ZjNzOjMzZzczNEApPGU2NTw4Ozw5N2VoZTU1PGdrLWxocjRnc19gLS1kMS9zczAuNDQvNDIyLTA0My1eL2I6Yw%3D%3D&vl=&vr=
video/mp4, bytesbytes 0-1024000/2209343, 1642378292.5231597, 1642378292.524095, 1642378292.5459824, 1642378293.1040525, v39.tiktokcdn-us.com, 4a08d5a868d285a0ec2cb76607c327f0, /4a08d5a868d285a0ec2cb76607c327f0/61e50894/video/tos/useast2a/tos-useast2a-ve-0068c003/a3916a82751449e5bc996d3ea4c44e77/?a=1233&br=1710&bt=855&cd=0%7C0%7C0&ch=0&cr=3&cs=2&cv=1&dr=0&ds=6&er=&ft=c~.Zm4L-gXoInz7T&l=202201170011120101130061322625A7C9&lr=all&mime_type=video_mp4&net=0&pl=0&qs=5&rc=ajx1NTU6ZmdqOTMzNzczM0ApZmk0NjlpOGQ4N2U4NTg8aGcwcTEucjQwbnJgLS1kMTZzc2EzYGBjLTYyNTNgYi1fNTY6Yw%3D%3D&vl=&vr=
video/mp4, bytesbytes 0-608308/608309, 1642378293.5960588, 1642378293.5975046, 1642378293.6171587, 1642378293.95075, v39.tiktokcdn-us.com, 9f3d078a36866e6f173a1aa623603725, /9f3d078a36866e6f173a1aa623603725/61e50891/video/tos/useast2a/tos-useast2a-ve-0068c001/f9d4c3f6f0a5403b9250d8ab7385d8f1/?a=1233&br=532&bt=266&cd=0%7C0%7C0&ch=0&cr=3&cs=2&cv=1&dr=0&ds=6&er=&ft=c~.Zm4L-gXoInz7T&l=202201170011120101130061322625A7C9&lr=all&mime_type=video_mp4&net=0&pl=0&qs=5&rc=anZ3NmhraW1tNDMzNzczM0ApPGc1ODk0ODs5Nzc0Zjo5M2dubmg0Ml9oYGhgLS1kMTZzczIyL15fLjIxX2FfNDEtMy06Yw%3D%3D&vl=&vr=
video/mp4, bytesbytes 0-1024000/3199001, 1642378294.5168767, 1642378294.5177674, 1642378294.5362108, 1642378295.3274534, v39.tiktokcdn-us.com, ce8df0bf9ea625dbc0cedbd8f4b0274b, /ce8df0bf9ea625dbc0cedbd8f4b0274b/61e508ad/video/tos/useast2a/tos-useast2a-pve-0068/d71c0e8d4bdd441cb28765ca3433472b/?a=1233&br=1084&bt=542&cd=0%7C0%7C0&ch=0&cr=3&cs=2&cv=1&dr=0&ds=3&er=&ft=c~.Zm4L-gXoInz7T&l=202201170011120101130061322625A7C9&lr=all&mime_type=video_mp4&net=0&pl=0&qs=14&rc=M25oMzw6ZjhqNjMzNzczM0ApN2kzaWQ4NDtmN2c6ZTg8aWdrYjJlcjRfNmlgLS1kMTZzczA0YmNjY2AtYDI2MDBfNjY6Yw%3D%3D&vl=&vr=
video/mp4, bytesbytes 0-1024000/1181632, 1642378295.934127, 1642378295.9359324, 1642378296.0184648, 1642378297.270985, v39.tiktokcdn-us.com, fe7cfa64e16dbbf193bde2a941b84586, /fe7cfa64e16dbbf193bde2a941b84586/61e50890/video/tos/useast2a/tos-useast2a-pve-0068/353eea5c512a4e96bf4aed8f1a7c9fe9/?a=1233&br=1108&bt=554&cd=0%7C0%7C0&ch=0&cr=3&cs=2&cv=1&dr=0&ds=3&er=&ft=c~.Zm4L-gXoInz7T&l=202201170011120101130061322625A7C9&lr=all&mime_type=video_mp4&net=0&pl=0&qs=14&rc=MzZ4bjQ6ZmtoNzMzNzczM0ApODc0NGk0NmVlN2Q7OjczM2c0MGRjcjQwci9gLS1kMTZzcy8tMWFiYS5fMzIyNTUxXy06Yw%3D%3D&vl=&vr=
video/mp4, bytesbytes 0-1024000/1492687, 1642378312.3688009, 1642378312.370344, 1642378312.3935297, 1642378313.1997852, v39.tiktokcdn-us.com, e72ae5b69e0d3a935fd5d07f94b6c06d, /e72ae5b69e0d3a935fd5d07f94b6c06d/61e50897/video/tos/useast2a/tos-useast2a-ve-0068c004/02c11bae6e0c4bbaa3a6e4b386e22249/?a=1233&br=980&bt=490&cd=0%7C0%7C0&ch=0&cr=3&cs=2&cv=1&dr=0&ds=6&er=&ft=c~.Zm4L-gXoInz7T&l=202201170011120101130061322625A7C9&lr=all&mime_type=video_mp4&net=0&pl=0&qs=4&rc=amQ1NTN2aDpmNjMzNzczM0ApNmg5OTw2ODtnNzhoO2RlNWc0LmVxZWpmNjBgLS1kMTZzczQyLy8wYjAyLl9jL2JjXjQ6Yw%3D%3D&vl=&vr=
video/mp4, bytesbytes 1024000-2209342/2209343, 1642378314.4737306, 1642378314.475056, 1642378314.528589, 1642378316.0348592, v39.tiktokcdn-us.com, 4a08d5a868d285a0ec2cb76607c327f0, /4a08d5a868d285a0ec2cb76607c327f0/61e50894/video/tos/useast2a/tos-useast2a-ve-0068c003/a3916a82751449e5bc996d3ea4c44e77/?a=1233&br=1710&bt=855&cd=0%7C0%7C0&ch=0&cr=3&cs=2&cv=1&dr=0&ds=6&er=&ft=c~.Zm4L-gXoInz7T&l=202201170011120101130061322625A7C9&lr=all&mime_type=video_mp4&net=0&pl=0&qs=5&rc=ajx1NTU6ZmdqOTMzNzczM0ApZmk0NjlpOGQ4N2U4NTg8aGcwcTEucjQwbnJgLS1kMTZzc2EzYGBjLTYyNTNgYi1fNTY6Yw%3D%3D&vl=&vr=
video/mp4, bytesbytes 0-1024000/3653700, 1642378316.5716507, 1642378316.5730307, 1642378316.601728, 1642378317.8031862, v39.tiktokcdn-us.com, 115360e717d3c8ed819f2efb56537e16, /115360e717d3c8ed819f2efb56537e16/61e508b2/video/tos/useast2a/tos-useast2a-ve-0068c001/5bc95ee24c964e9b933f7770c02b2951/?a=1233&br=1136&bt=568&cd=0%7C0%7C0&ch=0&cr=3&cs=2&cv=1&dr=0&ds=6&er=&ft=c~.Zm4L-gXoInz7T&l=202201170011120101130061322625A7C9&lr=all&mime_type=video_mp4&net=0&pl=0&qs=5&rc=M2plODQ6ZjllNjMzNzczM0ApNWUzOGQ7NTw4Nzg8ZWU8O2drLmJucjQwLnBgLS1kMTZzczBjNjQvMDZeYS8xNGEvMDA6Yw%3D%3D&vl=&vr=
video/mp4, bytesbytes 0-283561/283562, 1642378318.2012937, 1642378318.2025316, 1642378318.2236366, 1642378318.529494, v39.tiktokcdn-us.com, 4c81e5dff99ee161cee1cafec3921cdb, /4c81e5dff99ee161cee1cafec3921cdb/61e50886/video/tos/useast2a/tos-useast2a-ve-0068c003/c82291f2f7744bbabb097f3a38918c6a/?a=1233&br=666&bt=333&cd=0%7C0%7C0&ch=0&cr=3&cs=2&cv=1&dr=0&ds=6&er=&ft=c~.Zm4L-gXoInz7T&l=202201170011120101130061322625A7C9&lr=all&mime_type=video_mp4&net=0&pl=0&qs=4&rc=anVseHJvbmdtdTMzZjczM0ApZWc2M2g4PDs6N2g5ZDdkaWdwNDYwcnM0L3BfLS0yMTZzczE1MmBgYDNfYDYuMWM2YTE6Yw%3D%3D&vl=&vr=
video/mp4, bytesbytes 1024000-3199000/3199001, 1642378320.5296924, 1642378320.533711, 1642378320.5540934, 1642378323.3842537, v39.tiktokcdn-us.com, ce8df0bf9ea625dbc0cedbd8f4b0274b, /ce8df0bf9ea625dbc0cedbd8f4b0274b/61e508ad/video/tos/useast2a/tos-useast2a-pve-0068/d71c0e8d4bdd441cb28765ca3433472b/?a=1233&br=1084&bt=542&cd=0%7C0%7C0&ch=0&cr=3&cs=2&cv=1&dr=0&ds=3&er=&ft=c~.Zm4L-gXoInz7T&l=202201170011120101130061322625A7C9&lr=all&mime_type=video_mp4&net=0&pl=0&qs=14&rc=M25oMzw6ZjhqNjMzNzczM0ApN2kzaWQ4NDtmN2c6ZTg8aWdrYjJlcjRfNmlgLS1kMTZzczA0YmNjY2AtYDI2MDBfNjY6Yw%3D%3D&vl=&vr=
video/mp4, bytesbytes 0-557503/557504, 1642378324.2239668, 1642378324.2252069, 1642378324.268516, 1642378324.9074128, v39.tiktokcdn-us.com, a929d605b5f6a33709dde65485fd4031, /a929d605b5f6a33709dde65485fd4031/61e5088a/video/tos/useast2a/tos-useast2a-ve-0068c002/3b04e783681a450b960ddb8446dd3c3b/?a=1233&br=814&bt=407&cd=0%7C0%7C0&ch=0&cr=3&cs=2&cv=1&dr=0&ds=6&er=&ft=c~.Zm4L-gXoInz7T&l=202201170011120101130061322625A7C9&lr=all&mime_type=video_mp4&net=0&pl=0&qs=4&rc=am53bnBmZ2Z2NDMzNzczM0ApOzU6ZGhlOmQ0Nzk6NmU2ZWduZmtiZy5pNG5gLS1kMTZzc18wMl9fNTAuMF9eMmMvNC06Yw%3D%3D&vl=&vr=
video/mp4, bytesbytes 1024000-1181631/1181632, 1642378333.7771935, 1642378333.7790504, 1642378333.8012238, 1642378334.0265172, v39.tiktokcdn-us.com, fe7cfa64e16dbbf193bde2a941b84586, /fe7cfa64e16dbbf193bde2a941b84586/61e50890/video/tos/useast2a/tos-useast2a-pve-0068/353eea5c512a4e96bf4aed8f1a7c9fe9/?a=1233&br=1108&bt=554&cd=0%7C0%7C0&ch=0&cr=3&cs=2&cv=1&dr=0&ds=3&er=&ft=c~.Zm4L-gXoInz7T&l=202201170011120101130061322625A7C9&lr=all&mime_type=video_mp4&net=0&pl=0&qs=14&rc=MzZ4bjQ6ZmtoNzMzNzczM0ApODc0NGk0NmVlN2Q7OjczM2c0MGRjcjQwci9gLS1kMTZzcy8tMWFiYS5fMzIyNTUxXy06Yw%3D%3D&vl=&vr=
video/mp4, bytesbytes 1024000-1492686/1492687, 1642378338.230847, 1642378338.2335227, 1642378338.314727, 1642378338.7210126, v39.tiktokcdn-us.com, e72ae5b69e0d3a935fd5d07f94b6c06d, /e72ae5b69e0d3a935fd5d07f94b6c06d/61e50897/video/tos/useast2a/tos-useast2a-ve-0068c004/02c11bae6e0c4bbaa3a6e4b386e22249/?a=1233&br=980&bt=490&cd=0%7C0%7C0&ch=0&cr=3&cs=2&cv=1&dr=0&ds=6&er=&ft=c~.Zm4L-gXoInz7T&l=202201170011120101130061322625A7C9&lr=all&mime_type=video_mp4&net=0&pl=0&qs=4&rc=amQ1NTN2aDpmNjMzNzczM0ApNmg5OTw2ODtnNzhoO2RlNWc0LmVxZWpmNjBgLS1kMTZzczQyLy8wYjAyLl9jL2JjXjQ6Yw%3D%3D&vl=&vr=
video/mp4, bytesbytes 1024000-3653699/3653700, 1642378346.5092068, 1642378346.510841, 1642378346.5366123, 1642378349.7653954, v39.tiktokcdn-us.com, 115360e717d3c8ed819f2efb56537e16, /115360e717d3c8ed819f2efb56537e16/61e508b2/video/tos/useast2a/tos-useast2a-ve-0068c001/5bc95ee24c964e9b933f7770c02b2951/?a=1233&br=1136&bt=568&cd=0%7C0%7C0&ch=0&cr=3&cs=2&cv=1&dr=0&ds=6&er=&ft=c~.Zm4L-gXoInz7T&l=202201170011120101130061322625A7C9&lr=all&mime_type=video_mp4&net=0&pl=0&qs=5&rc=M2plODQ6ZjllNjMzNzczM0ApNWUzOGQ7NTw4Nzg8ZWU8O2drLmJucjQwLnBgLS1kMTZzczBjNjQvMDZeYS8xNGEvMDA6Yw%3D%3D&vl=&vr=
video/mp4, bytesbytes 0-1024000/1412515, 1642378350.6468027, 1642378350.6503654, 1642378350.6955712, 1642378351.7968507, v39.tiktokcdn-us.com, bc30d3de3f962a5306af65b5acbcd58a, /bc30d3de3f962a5306af65b5acbcd58a/61e508de/video/tos/useast2a/tos-useast2a-ve-0068c003/b2a74e92317c41a98ff396e61f505581/?a=1233&br=1092&bt=546&cd=0%7C0%7C0&ch=0&cr=3&cs=2&cv=1&dr=0&ds=6&er=&ft=c~.Zm4L-gXoInz7T&l=2022011700122601011300613507278519&lr=all&mime_type=video_mp4&net=0&pl=0&qs=5&rc=MzhxNTo7OmluNTMzNzczM0ApaDNlODRpZzszNzc3NDk2NWdqYzQ1Z2RibzBgLS1kMTZzc2JjMmItYy5fLi9gY2EyM2A6Yw%3D%3D&vl=&vr=
video/mp4, bytesbytes 0-1024000/1093114, 1642378352.2327383, 1642378352.2338207, 1642378352.268432, 1642378353.4555058, v39.tiktokcdn-us.com, 8cbd72a1b5d9b26398921e7f657c13e8, /8cbd72a1b5d9b26398921e7f657c13e8/61e508db/video/tos/useast2a/tos-useast2a-ve-0068c004/ebeda0edfad943b88c11b94bd99d0786/?a=1233&br=976&bt=488&cd=0%7C0%7C0&ch=0&cr=3&cs=2&cv=1&dr=0&ds=3&er=&ft=c~.Zm4L-gXoInz7T&l=2022011700122601011300613507278519&lr=all&mime_type=video_mp4&net=0&pl=0&qs=14&rc=amo3a2g6ZnJoNzMzNzczM0ApNGhpNzppNmQ2NzRoNGk0OWcvb2IzcjRfZzBgLS1kMTZzczM1YzIvYWIzYC5iM2AvYDE6Yw%3D%3D&vl=&vr=
video/mp4, bytesbytes 0-1024000/1130687, 1642378353.8898823, 1642378353.8915634, 1642378353.9178796, 1642378355.1283822, v39.tiktokcdn-us.com, 6f4613d7d503e3c494f58465e4ce197b, /6f4613d7d503e3c494f58465e4ce197b/61e508d9/video/tos/useast2a/tos-useast2a-ve-0068c004/4dd3485cb1714c11939fbdd0790ecb0f/?a=1233&br=1160&bt=580&cd=0%7C0%7C0&ch=0&cr=3&cs=2&cv=1&dr=0&ds=6&er=&ft=c~.Zm4L-gXoInz7T&l=2022011700122601011300613507278519&lr=all&mime_type=video_mp4&net=0&pl=0&qs=5&rc=MzlqN214NThwNTMzNzczM0ApNmQ5PGZnO2Q8N2VoN2ZkM2cubjNkcWZyam5gLS1kMTZzc2MyYTY2Yy4yLjYyXzMvMDA6Yw%3D%3D&vl=&vr=
video/mp4, bytesbytes 0-1024000/1040955, 1642378397.1092741, 1642378397.1129038, 1642378397.1341655, 1642378398.0382574, v39.tiktokcdn-us.com, 0f27c3ce262571fd5b4c5ab0e1ad77ce, /0f27c3ce262571fd5b4c5ab0e1ad77ce/61e508d8/video/tos/useast5/tos-useast5-ve-0068c002-tx/81d5a7de49db427a8ee34e83ff2f209c/?a=1233&br=1078&bt=539&cd=0%7C0%7C0&ch=0&cr=3&cs=2&cv=1&dr=0&ds=6&er=&ft=c~.Zm4L-gXoInz7T&l=2022011700122601011300613507278519&lr=all&mime_type=video_mp4&net=0&pl=0&qs=11&rc=amkzdjo6ZnY6OjMzZzczNEApPDU4OGk3M2VmN2U8OTQ3aGdoXnNtcjRnNTVgLS1kMS9zczU2NDU1MDZhMTEyYC9fM2I6Yw%3D%3D&vl=&vr=
video/mp4, bytesbytes 0-1024000/2492421, 1642378404.0867817, 1642378404.1048076, 1642378404.1451612, 1642378404.902584, v39.tiktokcdn-us.com, 652f04a10877827d0fa8080f386d1fd5, /652f04a10877827d0fa8080f386d1fd5/61e508f1/video/tos/useast2a/tos-useast2a-pve-0068/85f26dad7c324228908ebbb101ade411/?a=1233&br=978&bt=489&cd=0%7C0%7C0&ch=0&cr=3&cs=2&cv=1&dr=0&ds=6&er=&ft=c~.Zm4L-gXoInz7T&l=2022011700122601011300613507278519&lr=all&mime_type=video_mp4&net=0&pl=0&qs=5&rc=am5zdDw6ZmhqNjMzNzczM0ApOWRnZ2k2NmU0NzRoaGg5O2dtNGtncjRnb2hgLS1kMTZzczQxYF81MjRgM18wNjAxYV86Yw%3D%3D&vl=&vr=
video/mp4, bytesbytes 1024000-1412514/1412515, 1642378408.568117, 1642378408.5691452, 1642378408.5897326, 1642378408.8810766, v39.tiktokcdn-us.com, bc30d3de3f962a5306af65b5acbcd58a, /bc30d3de3f962a5306af65b5acbcd58a/61e508de/video/tos/useast2a/tos-useast2a-ve-0068c003/b2a74e92317c41a98ff396e61f505581/?a=1233&br=1092&bt=546&cd=0%7C0%7C0&ch=0&cr=3&cs=2&cv=1&dr=0&ds=6&er=&ft=c~.Zm4L-gXoInz7T&l=2022011700122601011300613507278519&lr=all&mime_type=video_mp4&net=0&pl=0&qs=5&rc=MzhxNTo7OmluNTMzNzczM0ApaDNlODRpZzszNzc3NDk2NWdqYzQ1Z2RibzBgLS1kMTZzc2JjMmItYy5fLi9gY2EyM2A6Yw%3D%3D&vl=&vr=
video/mp4, bytesbytes 0-1024000/2121440, 1642378409.1097646, 1642378409.1107965, 1642378409.1292486, 1642378410.0295956, v39.tiktokcdn-us.com, fe491a6553e8d0f2eba9f980db8a9929, /fe491a6553e8d0f2eba9f980db8a9929/61e508df/video/tos/useast2a/tos-useast2a-pve-0068/bce660f83b4044319aeab83ae5a264f6/?a=1233&br=1562&bt=781&cd=0%7C0%7C0&ch=0&cr=3&cs=2&cv=1&dr=0&ds=6&er=&ft=c~.Zm4L-gXoInz7T&l=2022011700122601011300613507278519&lr=all&mime_type=video_mp4&net=0&pl=0&qs=5&rc=ajtwaW9vZGt5NTMzNzczM0ApMzo0ZTNlNWQ4N2Y4Zjg5Z2djaTZlczNkM2dgLS1kMTZzc2A2MC4wYy9iYTQtMmBjNl46Yw%3D%3D&vl=&vr=
video/mp4, bytesbytes 1024000-1093113/1093114, 1642378420.7668808, 1642378420.7682147, 1642378420.8006146, 1642378420.8512652, v39.tiktokcdn-us.com, 8cbd72a1b5d9b26398921e7f657c13e8, /8cbd72a1b5d9b26398921e7f657c13e8/61e508db/video/tos/useast2a/tos-useast2a-ve-0068c004/ebeda0edfad943b88c11b94bd99d0786/?a=1233&br=976&bt=488&cd=0%7C0%7C0&ch=0&cr=3&cs=2&cv=1&dr=0&ds=3&er=&ft=c~.Zm4L-gXoInz7T&l=2022011700122601011300613507278519&lr=all&mime_type=video_mp4&net=0&pl=0&qs=14&rc=amo3a2g6ZnJoNzMzNzczM0ApNGhpNzppNmQ2NzRoNGk0OWcvb2IzcjRfZzBgLS1kMTZzczM1YzIvYWIzYC5iM2AvYDE6Yw%3D%3D&vl=&vr=
video/mp4, bytesbytes 0-558138/558139, 1642378420.9638455, 1642378420.96668, 1642378420.9974275, 1642378421.4919558, v39.tiktokcdn-us.com, f8a1e99e7802c36dff96af43eed7ff99, /f8a1e99e7802c36dff96af43eed7ff99/61e508d2/video/tos/useast2a/tos-useast2a-pve-0068/060bd750fbeb462c8e674263b1a14cc8/?a=1233&br=1054&bt=527&cd=0%7C0%7C0&ch=0&cr=3&cs=2&cv=1&dr=0&ds=3&er=&ft=c~.Zm4L-gXoInz7T&l=2022011700122601011300613507278519&lr=all&mime_type=video_mp4&net=0&pl=0&qs=14&rc=ajlncnh0bXY7NTMzNzczM0ApPDs8Nzk0ZmVmN2c3M2lkO2deNjU1MjFhZl5gLS1kMTZzcy8uXjMtYTJiX2BjMjIuNjQ6Yw%3D%3D&vl=&vr=
video/mp4, bytesbytes 1024000-1130686/1130687, 1642378436.2403886, 1642378436.2412012, 1642378436.2611694, 1642378436.3455658, v39.tiktokcdn-us.com, 6f4613d7d503e3c494f58465e4ce197b, /6f4613d7d503e3c494f58465e4ce197b/61e508d9/video/tos/useast2a/tos-useast2a-ve-0068c004/4dd3485cb1714c11939fbdd0790ecb0f/?a=1233&br=1160&bt=580&cd=0%7C0%7C0&ch=0&cr=3&cs=2&cv=1&dr=0&ds=6&er=&ft=c~.Zm4L-gXoInz7T&l=2022011700122601011300613507278519&lr=all&mime_type=video_mp4&net=0&pl=0&qs=5&rc=MzlqN214NThwNTMzNzczM0ApNmQ5PGZnO2Q8N2VoN2ZkM2cubjNkcWZyam5gLS1kMTZzc2MyYTY2Yy4yLjYyXzMvMDA6Yw%3D%3D&vl=&vr=
video/mp4, bytesbytes 0-829414/829415, 1642378436.4720402, 1642378436.4734726, 1642378436.4933648, 1642378437.1217542, v39.tiktokcdn-us.com, db5e24aab554683e60a0d8bcaceb654a, /db5e24aab554683e60a0d8bcaceb654a/61e508d5/video/tos/useast5/tos-useast5-ve-0068c001-tx/a5750ac544c0489d9dc41c02107a19b2/?a=1233&br=1100&bt=550&cd=0%7C0%7C0&ch=0&cr=3&cs=2&cv=1&dr=0&ds=6&er=&ft=c~.Zm4L-gXoInz7T&l=2022011700122601011300613507278519&lr=all&mime_type=video_mp4&net=0&pl=0&qs=11&rc=M29saWg6ZjczOjMzZzczNEApODk4NDs5O2VlNzY3aDszaGcyNGBocjRfX2FgLS1kMS9zczRgMTRhNDA1NC1jYzNiMy86Yw%3D%3D&vl=&vr=
video/mp4, bytesbytes 1024000-1040954/1040955, 1642378437.5709317, 1642378437.5720425, 1642378437.599566, 1642378437.6104927, v39.tiktokcdn-us.com, 0f27c3ce262571fd5b4c5ab0e1ad77ce, /0f27c3ce262571fd5b4c5ab0e1ad77ce/61e508d8/video/tos/useast5/tos-useast5-ve-0068c002-tx/81d5a7de49db427a8ee34e83ff2f209c/?a=1233&br=1078&bt=539&cd=0%7C0%7C0&ch=0&cr=3&cs=2&cv=1&dr=0&ds=6&er=&ft=c~.Zm4L-gXoInz7T&l=2022011700122601011300613507278519&lr=all&mime_type=video_mp4&net=0&pl=0&qs=11&rc=amkzdjo6ZnY6OjMzZzczNEApPDU4OGk3M2VmN2U8OTQ3aGdoXnNtcjRnNTVgLS1kMS9zczU2NDU1MDZhMTEyYC9fM2I6Yw%3D%3D&vl=&vr=
video/mp4, bytesbytes 0-1024000/1849898, 1642378437.6640775, 1642378437.665533, 1642378437.6907399, 1642378438.4398975, v39.tiktokcdn-us.com, ae8f50130c54460c599f1cf496be3ea5, /ae8f50130c54460c599f1cf496be3ea5/61e508e3/video/tos/alisg/tos-alisg-pve-0037c001/0fcd2e46f8c24166a41b1a8f9f5a534e/?a=1233&br=1140&bt=570&cd=0%7C0%7C0&ch=0&cr=3&cs=2&cv=1&dr=0&ds=6&er=&ft=c~.Zm4L-gXoInz7T&l=2022011700122601011300613507278519&lr=all&mime_type=video_mp4&net=0&pl=0&qs=11&rc=ajY3Njk6ZmU2OTMzODczNEApaDU1ODpnZzxmNzNmZGg4M2dsb25ucjRvM2BgLS1kMS1zczEuMDQxM2M0NS9jMWA0My46Yw%3D%3D&vl=&vr=
video/mp4, bytesbytes 1024000-2492420/2492421, 1642378439.3161905, 1642378439.317682, 1642378439.3365226, 1642378440.3725007, v39.tiktokcdn-us.com, 652f04a10877827d0fa8080f386d1fd5, /652f04a10877827d0fa8080f386d1fd5/61e508f1/video/tos/useast2a/tos-useast2a-pve-0068/85f26dad7c324228908ebbb101ade411/?a=1233&br=978&bt=489&cd=0%7C0%7C0&ch=0&cr=3&cs=2&cv=1&dr=0&ds=6&er=&ft=c~.Zm4L-gXoInz7T&l=2022011700122601011300613507278519&lr=all&mime_type=video_mp4&net=0&pl=0&qs=5&rc=am5zdDw6ZmhqNjMzNzczM0ApOWRnZ2k2NmU0NzRoaGg5O2dtNGtncjRnb2hgLS1kMTZzczQxYF81MjRgM18wNjAxYV86Yw%3D%3D&vl=&vr=
video/mp4, bytesbytes 0-572369/572370, 1642378441.053572, 1642378441.0544875, 1642378441.0765073, 1642378441.4624035, v39.tiktokcdn-us.com, a47087f0889f2424229dfe4ec34956c8, /a47087f0889f2424229dfe4ec34956c8/61e508d1/video/tos/useast2a/tos-useast2a-ve-0068c002/9a2794aa230541308cc5eca4e5bafa23/?a=1233&br=1170&bt=585&cd=0%7C0%7C0&ch=0&cr=3&cs=2&cv=1&dr=0&ds=3&er=&ft=c~.Zm4L-gXoInz7T&l=2022011700122601011300613507278519&lr=all&mime_type=video_mp4&net=0&pl=0&qs=14&rc=M3kzcms1NHd0NDMzOjczM0ApZGc7OjU6PGQ3Nzg4aTozZGc1a3NhbGowbDJgLS02MTZzcy82YjItMV9iLV8vYjEwNF86Yw%3D%3D&vl=&vr=
video/mp4, bytesbytes 1024000-2121439/2121440, 1642378443.8183405, 1642378443.8231819, 1642378443.8610344, 1642378444.5370958, v39.tiktokcdn-us.com, fe491a6553e8d0f2eba9f980db8a9929, /fe491a6553e8d0f2eba9f980db8a9929/61e508df/video/tos/useast2a/tos-useast2a-pve-0068/bce660f83b4044319aeab83ae5a264f6/?a=1233&br=1562&bt=781&cd=0%7C0%7C0&ch=0&cr=3&cs=2&cv=1&dr=0&ds=6&er=&ft=c~.Zm4L-gXoInz7T&l=2022011700122601011300613507278519&lr=all&mime_type=video_mp4&net=0&pl=0&qs=5&rc=ajtwaW9vZGt5NTMzNzczM0ApMzo0ZTNlNWQ4N2Y4Zjg5Z2djaTZlczNkM2dgLS1kMTZzc2A2MC4wYy9iYTQtMmBjNl46Yw%3D%3D&vl=&vr=
video/mp4, bytesbytes 1024000-1849897/1849898, 1642378485.9044445, 1642378485.9057732, 1642378485.9297736, 1642378488.0968487, v39.tiktokcdn-us.com, ae8f50130c54460c599f1cf496be3ea5, /ae8f50130c54460c599f1cf496be3ea5/61e508e3/video/tos/alisg/tos-alisg-pve-0037c001/0fcd2e46f8c24166a41b1a8f9f5a534e/?a=1233&br=1140&bt=570&cd=0%7C0%7C0&ch=0&cr=3&cs=2&cv=1&dr=0&ds=6&er=&ft=c~.Zm4L-gXoInz7T&l=2022011700122601011300613507278519&lr=all&mime_type=video_mp4&net=0&pl=0&qs=11&rc=ajY3Njk6ZmU2OTMzODczNEApaDU1ODpnZzxmNzNmZGg4M2dsb25ucjRvM2BgLS1kMS1zczEuMDQxM2M0NS9jMWA0My46Yw%3D%3D&vl=&vr=
video/mp4, bytesbytes 0-1024000/1418000, 1642378488.3924315, 1642378488.393338, 1642378488.4176285, 1642378490.6288579, v39.tiktokcdn-us.com, 8c77d5c97e9ae67b287bbd023a936b13, /8c77d5c97e9ae67b287bbd023a936b13/61e50959/video/tos/useast2a/tos-useast2a-pve-0068/1a4eb2b04b464350bb484bfe194ad9cb/?a=1233&br=1436&bt=718&cd=0%7C0%7C0&ch=0&cr=3&cs=2&cv=1&dr=0&ds=3&er=&ft=c~.Zm4L-gXoInz7T&l=202201170014340101130060100A2822C9&lr=all&mime_type=video_mp4&net=0&pl=0&qs=14&rc=ajo6ZzZyOmt2dDMzNzczM0ApZGkzNmk6MzszNzs8NGRlOGdfbmYzbDAvYzBfLS1jMTZzczEyLy9fMDFjMWBiXmFjM2A6Yw%3D%3D&vl=&vr=
video/mp4, bytesbytes 0-702867/702868, 1642378491.0768983, 1642378491.0781522, 1642378491.105459, 1642378493.3565798, v39.tiktokcdn-us.com, 4d34c7c3bfb99d5c4df00fe281cce79a, /4d34c7c3bfb99d5c4df00fe281cce79a/61e50951/video/tos/alisg/tos-alisg-pve-0037c001/202e295a089748c1b884ab25998a2b3a/?a=1233&br=1366&bt=683&cd=0%7C0%7C0&ch=0&cr=3&cs=2&cv=1&dr=0&ds=6&er=&ft=c~.Zm4L-gXoInz7T&l=202201170014340101130060100A2822C9&lr=all&mime_type=video_mp4&net=0&pl=0&qs=11&rc=MzQzPHNnNjg8NDMzNTczM0ApOTk5aGRlOjw6Nzg7NTxnZmdnYW5ibTJwcjZgLS0xMTRzczZfMTZjMGEyYDA0LmJfMWM6Yw%3D%3D&vl=&vr=
video/mp4, bytesbytes 1024000-1417999/1418000, 1642378494.3983724, 1642378494.399485, 1642378494.5492086, 1642378496.3477328, v39.tiktokcdn-us.com, 8c77d5c97e9ae67b287bbd023a936b13, /8c77d5c97e9ae67b287bbd023a936b13/61e50959/video/tos/useast2a/tos-useast2a-pve-0068/1a4eb2b04b464350bb484bfe194ad9cb/?a=1233&br=1436&bt=718&cd=0%7C0%7C0&ch=0&cr=3&cs=2&cv=1&dr=0&ds=3&er=&ft=c~.Zm4L-gXoInz7T&l=202201170014340101130060100A2822C9&lr=all&mime_type=video_mp4&net=0&pl=0&qs=14&rc=ajo6ZzZyOmt2dDMzNzczM0ApZGkzNmk6MzszNzs8NGRlOGdfbmYzbDAvYzBfLS1jMTZzczEyLy9fMDFjMWBiXmFjM2A6Yw%3D%3D&vl=&vr=
video/mp4, bytes, 1642378496.5253813, 1642378496.5264666, 1642378496.5682244, 1642378499.4319317, v39.tiktokcdn-us.com, 3247ff1dc63fd6babb99132bfdb445bb, /3247ff1dc63fd6babb99132bfdb445bb/61e50958/video/tos/useast2a/tos-useast2a-ve-0068c004/634f17cf046d4f1ea70aa47fb2057d65/?a=1233&br=1274&bt=637&cd=0%7C0%7C0&ch=0&cr=3&cs=2&cv=1&dr=0&ds=6&er=&ft=c~.Zm4L-gXoInz7T&l=202201170014340101130060100A2822C9&lr=all&mime_type=video_mp4&net=0&pl=0&qs=4&rc=ajhkeTtyNjM1NDMzNzczM0ApMzk8aTU5NmQ4NzM5Njk2aWcvamRjNGE2LmtgLS1kMTZzczMwYC9jYWIuXy9iMGMzNS86Yw%3D%3D&vl=&vr=
video/mp4, bytes, 1642378502.0854945, 1642378502.0870924, 1642378502.1161764, 1642378504.9016862, v39.tiktokcdn-us.com, 983851c07014b69b146eb57ffafe3543, /983851c07014b69b146eb57ffafe3543/61e50958/video/tos/useast2a/tos-useast2a-pve-0068/b637ca2b83ce47c2ac2e48d883388487/?a=1233&br=1258&bt=629&cd=0%7C0%7C0&ch=0&cr=3&cs=2&cv=1&dr=0&ds=6&er=&ft=c~.Zm4L-gXoInz7T&l=202201170014340101130060100A2822C9&lr=all&mime_type=video_mp4&net=0&pl=0&qs=11&rc=MzRoaGV1czhxMzMzZzczM0ApZjM0ZztmOmRnN2ZkOjw4PGcvZDQxcDU1ZW5gLS1eMTZzczRgYWE1MzNeLjYxXmFgMWA6Yw%3D%3D&vl=&vr=
video/mp4, bytesbytes 0-294328/294329, 1642378505.4628227, 1642378505.4636922, 1642378505.505739, 1642378506.1344125, v39.tiktokcdn-us.com, a808268cfed7f455defe1902267841b3, /a808268cfed7f455defe1902267841b3/61e50951/video/tos/useast2a/tos-useast2a-ve-0068c002/96030d9ce31e45dfb0e5e1b54b5f8428/?a=1233&br=578&bt=289&cd=0%7C0%7C0&ch=0&cr=3&cs=2&cv=1&dr=0&ds=6&er=&ft=c~.Zm4L-gXoInz7T&l=202201170014340101130060100A2822C9&lr=all&mime_type=video_mp4&net=0&pl=0&qs=4&rc=M2dvcmg6ZmZtOTMzNzczM0ApaDU8Zzg3aDtlNzZmNTc6NGdsaGEucjRvZV9gLS1kMTZzc14wMzNjMC4yL15fMF5jLl46Yw%3D%3D&vl=&vr=
video/mp4, bytes, 1642378507.5443916, 1642378507.5459354, 1642378507.5705383, 1642378508.821762, v39.tiktokcdn-us.com, d75a5114f5f41c1800772d488155f40c, /d75a5114f5f41c1800772d488155f40c/61e5094e/video/tos/useast2a/tos-useast2a-ve-0068c004/e99cb9d5a11d4ac7a496622b02f8a9ad/?a=1233&br=1476&bt=738&cd=0%7C0%7C0&ch=0&cr=3&cs=0&dr=0&ds=2&er=&ft=c~.Zm4L-gXoInz7T&l=202201170014340101130060100A2822C9&lr=all&mime_type=video_mp4&net=0&pl=0&qs=0&rc=MzN1NmdkcnU2NTMzNzczM0ApNjk0Z2c7Zzs4NzRmMzYzM2dwYmtrai5laXFgLS1kMTZzc2BiNV4zNTEyNjQ0XmEzMS86Yw%3D%3D&vl=&vr=
video/mp4, bytes, 1642378508.985539, 1642378508.98975, 1642378509.0145245, 1642378511.4445262, v39.tiktokcdn-us.com, f4dfd22329bbca45a3ada5bbe94dbcf5, /f4dfd22329bbca45a3ada5bbe94dbcf5/61e5095d/video/tos/useast2a/tos-useast2a-ve-0068c003/f348836467bc49eaa857075d7c4a121e/?a=1233&br=1382&bt=691&cd=0%7C0%7C0&ch=0&cr=3&cs=2&cv=1&dr=0&ds=6&er=&ft=c~.Zm4L-gXoInz7T&l=202201170014340101130060100A2822C9&lr=all&mime_type=video_mp4&net=0&pl=0&qs=5&rc=anhwMzw6ZnRqNzMzNzczM0ApZmRlNzpnaGQ0NzloO2k6OWctZ2sycjQwLWpgLS1kMTZzczZeMzE0YWAzLTMuXi8xYWM6Yw%3D%3D&vl=&vr=
video/mp4, bytesbytes 0-1024000/1417688, 1642378512.1969244, 1642378512.1991475, 1642378512.223665, 1642378513.4841855, v39.tiktokcdn-us.com, 39761526e414e878a0a554270340344f, /39761526e414e878a0a554270340344f/61e5095e/video/tos/useast2a/tos-useast2a-ve-0068c003/ea7de911776840ddb16332a908d46e62/?a=1233&br=1060&bt=530&cd=0%7C0%7C0&ch=0&cr=3&cs=2&cv=1&dr=0&ds=6&er=&ft=c~.Zm4L-gXoInz7T&l=202201170014340101130060100A2822C9&lr=all&mime_type=video_mp4&net=0&pl=0&qs=5&rc=anZ0aGhoNG0zNTMzNzczM0ApNDRoOmc0ZGVpNzdnM2QzOWcvbGZhM3BoLm5gLS1kMTZzcy1fYDBeNS00NF8yYjZgYWE6Yw%3D%3D&vl=&vr=
video/mp4, bytesbytes 0-378397/378398, 1642378513.9646602, 1642378513.9654548, 1642378513.9967782, 1642378514.4215555, v39.tiktokcdn-us.com, 8121244db9810cc58c75dbbcf554fb3b, /8121244db9810cc58c75dbbcf554fb3b/61e50953/video/tos/useast2a/tos-useast2a-ve-0068c002/da6204c267744dc49cc565b2ab43563d/?a=1233&br=618&bt=309&cd=0%7C0%7C0&ch=0&cr=3&cs=2&cv=1&dr=0&ds=6&er=&ft=c~.Zm4L-gXoInz7T&l=202201170014340101130060100A2822C9&lr=all&mime_type=video_mp4&net=0&pl=0&qs=5&rc=am52Zzs6ZndrNzMzNzczM0ApOzY0ZTtpNWU0NzdmNWc4ZWdnZGk1cjQwXmxgLS1kMTZzczRjYjI0YDRiLjNhNF8vYzU6Yw%3D%3D&vl=&vr=
video/mp4, bytesbytes 0-1024000/1115179, 1642378514.6430485, 1642378514.644468, 1642378514.6681497, 1642378515.7871826, v39.tiktokcdn-us.com, 719c2e8da18afb179094b6d81f74127e, /719c2e8da18afb179094b6d81f74127e/61e5095a/video/tos/useast2a/tos-useast2a-pve-0068/b7bce4a37804449f9d2183c5933ac52d/?a=1233&br=1022&bt=511&cd=0%7C0%7C0&ch=0&cr=3&cs=2&cv=1&dr=0&ds=6&er=&ft=c~.Zm4L-gXoInz7T&l=202201170014340101130060100A2822C9&lr=all&mime_type=video_mp4&net=0&pl=0&qs=5&rc=M2k6OHV0cm5yNjMzNzczM0ApOTU1N2lpNjtmNzo2NTc4aWdtcC01azE1bzZgLS1kMTZzc2I0LTI0YjI1LmA0Ni4xYS86Yw%3D%3D&vl=&vr=
video/mp4, bytesbytes 1024000-1417687/1417688, 1642378527.9922457, 1642378527.99827, 1642378528.047775, 1642378529.0141618, v39.tiktokcdn-us.com, 39761526e414e878a0a554270340344f, /39761526e414e878a0a554270340344f/61e5095e/video/tos/useast2a/tos-useast2a-ve-0068c003/ea7de911776840ddb16332a908d46e62/?a=1233&br=1060&bt=530&cd=0%7C0%7C0&ch=0&cr=3&cs=2&cv=1&dr=0&ds=6&er=&ft=c~.Zm4L-gXoInz7T&l=202201170014340101130060100A2822C9&lr=all&mime_type=video_mp4&net=0&pl=0&qs=5&rc=anZ0aGhoNG0zNTMzNzczM0ApNDRoOmc0ZGVpNzdnM2QzOWcvbGZhM3BoLm5gLS1kMTZzcy1fYDBeNS00NF8yYjZgYWE6Yw%3D%3D&vl=&vr=
video/mp4, bytesbytes 0-850417/850418, 1642378529.1945183, 1642378529.195369, 1642378529.206105, 1642378530.3497136, v19.tiktokcdn-us.com, c2b93ff13245126a9be662868adfc5cb, /c2b93ff13245126a9be662868adfc5cb/61e5098f/video/tos/useast2a/tos-useast2a-pve-0068/33def16ebd18444989dc7993a37978dd/?a=1233&br=854&bt=427&cd=0%7C0%7C0&ch=0&cr=3&cs=2&cv=1&dr=0&ds=6&er=&ft=c~.Zm4L-gXoInz7T&l=20220117001528010113135143071B8122&lr=all&mime_type=video_mp4&net=0&pl=0&qs=5&rc=ajVyZzt5dGlreDMzZTczM0ApZzM0NDNmO2RnNzM5MzVlM2cuZWYxL3BuaDRfLS0wMTZzczQtNjBeMzIwMi4tYDI1L186Yw%3D%3D&vl=&vr=
video/mp4, bytesbytes 0-920621/920622, 1642378530.8595135, 1642378530.861562, 1642378530.876032, 1642378532.0105643, v19.tiktokcdn-us.com, f992a241e76d4305f29de56fdf02963e, /f992a241e76d4305f29de56fdf02963e/61e50993/video/tos/useast2a/tos-useast2a-ve-0068c004/79b1b3f341fd40b0b1ece1a7d0931fa7/?a=1233&br=744&bt=372&cd=0%7C0%7C0&ch=0&cr=3&cs=2&cv=1&dr=0&ds=6&er=&ft=c~.Zm4L-gXoInz7T&l=20220117001528010113135143071B8122&lr=all&mime_type=video_mp4&net=0&pl=0&qs=5&rc=ampneXc6ZTR3NTMzNzczM0ApNzU8OjhlaWRoN2g3ZWkzM2dzLWgwNmMtNGNgLS1kMTZzc19fNmEtYzYzYS4vLTE0LzI6Yw%3D%3D&vl=&vr=
video/mp4, bytesbytes 0-758420/758421, 1642378532.4980536, 1642378532.4996874, 1642378532.513174, 1642378533.5185866, v19.tiktokcdn-us.com, bbceec868f7ba62db378c3fa6eca7c6e, /bbceec868f7ba62db378c3fa6eca7c6e/61e50990/video/tos/useast2a/tos-useast2a-pve-0068/aeef7600a288471fae3bb636b1330a2c/?a=1233&br=712&bt=356&cd=0%7C0%7C0&ch=0&cr=3&cs=2&cv=1&dr=0&ds=6&er=&ft=c~.Zm4L-gXoInz7T&l=20220117001528010113135143071B8122&lr=all&mime_type=video_mp4&net=0&pl=0&qs=5&rc=anA2NDg6Zmt2NzMzNzczM0ApZ2c8ZzlnPDtoN2Y6aTg2PGdhMXI2cjRfZy9gLS1kMTZzcy4zYmE1NmNiMTAuMDAtXmM6Yw%3D%3D&vl=&vr=
video/mp4, bytesbytes 0-769252/769253, 1642378534.5489419, 1642378534.5502186, 1642378534.5652885, 1642378537.0048797, v19.tiktokcdn-us.com, 171a78252932d4b5c65334e4897baada, /171a78252932d4b5c65334e4897baada/61e5098f/video/tos/useast2a/tos-useast2a-ve-0068c004/efbfd78c2abf4559a766c6d6de5511bc/?a=1233&br=786&bt=393&cd=0%7C0%7C0&ch=0&cr=3&cs=2&cv=1&dr=0&ds=6&er=&ft=c~.Zm4L-gXoInz7T&l=20220117001528010113135143071B8122&lr=all&mime_type=video_mp4&net=0&pl=0&qs=5&rc=ajZ5OTtzbGo5NDMzNzczM0ApMzc7PDo3OzxpNzQ8ZTc4NmdqXjFga3NvY2tgLS1kMTZzc2MuY180MzUuYjExLzI2LTE6Yw%3D%3D&vl=&vr=
video/mp4, bytesbytes 1024000-1115178/1115179, 1642378544.322295, 1642378544.325312, 1642378544.3495457, 1642378544.6333911, v39.tiktokcdn-us.com, 719c2e8da18afb179094b6d81f74127e, /719c2e8da18afb179094b6d81f74127e/61e5095a/video/tos/useast2a/tos-useast2a-pve-0068/b7bce4a37804449f9d2183c5933ac52d/?a=1233&br=1022&bt=511&cd=0%7C0%7C0&ch=0&cr=3&cs=2&cv=1&dr=0&ds=6&er=&ft=c~.Zm4L-gXoInz7T&l=202201170014340101130060100A2822C9&lr=all&mime_type=video_mp4&net=0&pl=0&qs=5&rc=M2k6OHV0cm5yNjMzNzczM0ApOTU1N2lpNjtmNzo2NTc4aWdtcC01azE1bzZgLS1kMTZzc2I0LTI0YjI1LmA0Ni4xYS86Yw%3D%3D&vl=&vr=
video/mp4, bytesbytes 0-1024000/2333612, 1642378545.1597767, 1642378545.1612074, 1642378545.1711857, 1642378548.5049186, v19.tiktokcdn-us.com, 84ebf31c274b08e8c085ac5a65eba763, /84ebf31c274b08e8c085ac5a65eba763/61e509a8/video/tos/useast5/tos-useast5-ve-0068c004-tx/178c4bb4832b4526b15de9a07d6089a6/?a=1233&br=892&bt=446&cd=0%7C0%7C0&ch=0&cr=3&cs=2&cv=1&dr=0&ds=6&er=&ft=c~.Zm4L-gXoInz7T&l=20220117001528010113135143071B8122&lr=all&mime_type=video_mp4&net=0&pl=0&qs=4&rc=M3JsZGQ6Zjg5OjMzZzczNEApZGhnODs1N2U8NzNlZjRkNGdxY3BocjRfZTBgLS1kMS9zczAvMi1jNl8wLzMwY2MuLTI6Yw%3D%3D&vl=&vr=
video/mp4, bytesbytes 0-265347/265348, 1642378561.6824288, 1642378561.6893582, 1642378561.7057142, 1642378562.490524, v19.tiktokcdn-us.com, 0622c4598d5e30b0a58f405e533b8a2f, /0622c4598d5e30b0a58f405e533b8a2f/61e50988/video/tos/alisg/tos-alisg-pve-0037c001/88d0a2f0d8fd40f699e281a9c3b021f0/?a=1233&br=482&bt=241&cd=0%7C0%7C0&ch=0&cr=3&cs=2&cv=1&dr=0&ds=6&er=&ft=c~.Zm4L-gXoInz7T&l=20220117001528010113135143071B8122&lr=all&mime_type=video_mp4&net=0&pl=0&qs=11&rc=ajdzOXE6bDNyMzMzODczM0ApNTk1aTU8OGRoNzdoM2Y5aWdgMzExMm9rcDRgLS0yMTRzcy0zMTEyXmAvYi81MzAxLWI6Yw%3D%3D&vl=&vr=
video/mp4, bytesbytes 0-517792/517793, 1642378562.6587074, 1642378562.660537, 1642378562.6926968, 1642378564.0258758, v19.tiktokcdn-us.com, a6ae47eb5fbdbd67733a6e4c857739c6, /a6ae47eb5fbdbd67733a6e4c857739c6/61e50988/video/tos/useast2a/tos-useast2a-ve-0068c004/61ddc728cfd74da9806df42f9f1aa3a3/?a=1233&br=926&bt=463&cd=0%7C0%7C0&ch=0&cr=3&cs=2&cv=1&dr=0&ds=6&er=&ft=c~.Zm4L-gXoInz7T&l=20220117001528010113135143071B8122&lr=all&mime_type=video_mp4&net=0&pl=0&qs=5&rc=amRzOzp5aHRneDMzPDczM0ApNzVmaTk2N2RoNzc7ZDQ3aWdyaGs0YWpnLWRfLS0zMTZzczJjNDMwXy1hYzVjYmA1Nl46Yw%3D%3D&vl=&vr=
video/mp4, bytesbytes 0-980941/980942, 1642378576.9415352, 1642378576.9464066, 1642378576.9681807, 1642378581.067899, v19.tiktokcdn-us.com, 721ba42bdd7fd98b6a4f663d3f373a8c, /721ba42bdd7fd98b6a4f663d3f373a8c/61e50992/video/tos/useast2a/tos-useast2a-ve-0068c003/e03dc43dab0a4436b4e65c3f1e1c5f17/?a=1233&br=814&bt=407&cd=0%7C0%7C0&ch=0&cr=3&cs=2&cv=1&dr=0&ds=6&er=&ft=c~.Zm4L-gXoInz7T&l=20220117001528010113135143071B8122&lr=all&mime_type=video_mp4&net=0&pl=0&qs=5&rc=amxzNWg6Zm1pNzMzNzczM0ApMzs1aWZlOTw4NzM4OzdkNWc0M2YzcjQwaWxgLS1kMTZzcy1eNDFfNV41NDJeMi1eYjI6Yw%3D%3D&vl=&vr=
video/mp4, bytesbytes 0-693192/693193, 1642378582.1687844, 1642378582.1733942, 1642378582.3263, 1642378584.142098, v19.tiktokcdn-us.com, 6cf58ee4fe518205e40a815d25e04d5e, /6cf58ee4fe518205e40a815d25e04d5e/61e50988/video/tos/useast2a/tos-useast2a-ve-0068c004/a9eb81410a7f48f794f98e82aae77edb/?a=1233&br=1254&bt=627&cd=0%7C0%7C0&ch=0&cr=3&cs=2&cv=1&dr=0&ds=6&er=&ft=c~.Zm4L-gXoInz7T&l=20220117001528010113135143071B8122&lr=all&mime_type=video_mp4&net=0&pl=0&qs=5&rc=M3V0ZDxmOjtuNDMzMzczM0ApOmdmZGg3OGQ3N2VnZzQ5NWduZGVtNmVzMWRgLS02MTZzc2EyLi4xYmEuMzU1YzFeNWI6Yw%3D%3D&vl=&vr=
video/mp4, bytesbytes 1024000-2333611/2333612, 1642378593.6342156, 1642378593.6352704, 1642378593.6639097, 1642378595.3091862, v19.tiktokcdn-us.com, 84ebf31c274b08e8c085ac5a65eba763, /84ebf31c274b08e8c085ac5a65eba763/61e509a8/video/tos/useast5/tos-useast5-ve-0068c004-tx/178c4bb4832b4526b15de9a07d6089a6/?a=1233&br=892&bt=446&cd=0%7C0%7C0&ch=0&cr=3&cs=2&cv=1&dr=0&ds=6&er=&ft=c~.Zm4L-gXoInz7T&l=20220117001528010113135143071B8122&lr=all&mime_type=video_mp4&net=0&pl=0&qs=4&rc=M3JsZGQ6Zjg5OjMzZzczNEApZGhnODs1N2U8NzNlZjRkNGdxY3BocjRfZTBgLS1kMS9zczAvMi1jNl8wLzMwY2MuLTI6Yw%3D%3D&vl=&vr=
video/mp4, bytesbytes 0-798486/798487, 1642378595.902438, 1642378595.9035144, 1642378595.9192584, 1642378596.9876823, v19.tiktokcdn-us.com, 61ade08ca045b472a996878f557cb56e, /61ade08ca045b472a996878f557cb56e/61e50993/video/tos/useast2a/tos-useast2a-ve-0068c001/93def875131f4cfdac3da9c8d5663b46/?a=1233&br=638&bt=319&cd=0%7C0%7C0&ch=0&cr=3&cs=2&cv=1&dr=0&ds=6&er=&ft=c~.Zm4L-gXoInz7T&l=20220117001528010113135143071B8122&lr=all&mime_type=video_mp4&net=0&pl=0&qs=5&rc=anU4aW94PDRpeDMzZzczM0ApaTY8O2hlODwzNzU7PDo5ZWcyZmYtY2Znc2VfLS1jMTZzczQ0MWM1Mi8zMDEuXmItMGA6Yw%3D%3D&vl=&vr=
video/mp4, bytesbytes 0-633979/633980, 1642378618.9103785, 1642378618.9144258, 1642378618.9327254, 1642378619.8343818, v19.tiktokcdn-us.com, 4342bd049fb478171fef088a1a801aec, /4342bd049fb478171fef088a1a801aec/61e509e7/video/tos/useast5/tos-useast5-pve-0068-tx/f62e02f024c540c89a00998f535a6845/?a=1233&br=582&bt=291&cd=0%7C0%7C0&ch=0&cr=3&cs=2&cv=1&dr=0&ds=3&er=&ft=c~.Zm4L-gXoInz7T&l=2022011700165501011313522806249485&lr=all&mime_type=video_mp4&net=0&pl=0&qs=14&rc=anhtOmY6Zmo6OjMzZzczNEApOjM6NDc4aWRkNzVlODRpOWdybmZucjRfbTZgLS1kMS9zcy4vYmFhMV5jMzZeNjY1XjY6Yw%3D%3D&vl=&vr=
video/mp4, bytesbytes 0-1024000/1468106, 1642378620.2545867, 1642378620.255692, 1642378620.2671046, 1642378621.534039, v19.tiktokcdn-us.com, 351e318c7c7fc9b6d330bb83ab2dbb7d, /351e318c7c7fc9b6d330bb83ab2dbb7d/61e509e5/video/tos/useast2a/tos-useast2a-ve-0068c001/b21486bb7d81477baabd50d3c947dcf1/?a=1233&br=1530&bt=765&cd=0%7C0%7C0&ch=0&cr=3&cs=2&cv=1&dr=0&ds=6&er=&ft=c~.Zm4L-gXoInz7T&l=2022011700165501011313522806249485&lr=all&mime_type=video_mp4&net=0&pl=0&qs=5&rc=ajRwZTw7bGR2NjMzNzczM0ApaWhnOWZlO2U7N2ZoZDg5M2dvNmFvMXBvYGRgLS1kMTZzcy8xNmJfXzItNC42Yy5gXzQ6Yw%3D%3D&vl=&vr=
video/mp4, bytesbytes 0-288001/288002, 1642378622.0001311, 1642378622.0013607, 1642378622.014887, 1642378622.7085607, v19.tiktokcdn-us.com, 72470bacfd1f48735e52577a92db68e7, /72470bacfd1f48735e52577a92db68e7/61e509dd/video/tos/useast2a/tos-useast2a-ve-0068c001/5952da63183a46f283d3a1be28cbc9cb/?a=1233&br=628&bt=314&cd=0%7C0%7C0&ch=0&cr=3&cs=2&cv=1&dr=0&ds=6&er=&ft=c~.Zm4L-gXoInz7T&l=2022011700165501011313522806249485&lr=all&mime_type=video_mp4&net=0&pl=0&qs=5&rc=ajc1ZWQ6Zml1NjMzNzczM0ApOjk5NjVoNDw7Nzg3MzVlaGdnai1lcjRfcWpgLS1kMTZzc2IxXi0wLzI1YGFgY18wNDY6Yw%3D%3D&vl=&vr=
video/mp4, bytesbytes 0-630980/630981, 1642378622.969693, 1642378622.9716349, 1642378622.9860651, 1642378624.5091665, v19.tiktokcdn-us.com, fe97149d82af765628094cef4f01df1c, /fe97149d82af765628094cef4f01df1c/61e509e1/video/tos/useast2a/tos-useast2a-ve-0068c004/b274bc18b5ef4d42bff648b62ad9e7cf/?a=1233&br=914&bt=457&cd=0%7C0%7C0&ch=0&cr=3&cs=2&cv=1&dr=0&ds=6&er=&ft=c~.Zm4L-gXoInz7T&l=2022011700165501011313522806249485&lr=all&mime_type=video_mp4&net=0&pl=0&qs=4&rc=M3Fxczs6Zmc1NzMzNzczM0ApNDY5aGY5ODtnNztlOTZmOmdvNV4vcjRncjFgLS1kMTZzcy9fXmBjXmAwLl9jNDAzYy46Yw%3D%3D&vl=&vr=
video/mp4, bytesbytes 0-568988/568989, 1642378624.8627083, 1642378624.8639357, 1642378624.882407, 1642378626.1116714, v19.tiktokcdn-us.com, d2202b925b2b72bdd08796013a919cc3, /d2202b925b2b72bdd08796013a919cc3/61e509e2/video/tos/useast2a/tos-useast2a-pve-0068/0db5a52be4814ca482755ba7b47a0966/?a=1233&br=764&bt=382&cd=0%7C0%7C0&ch=0&cr=3&cs=2&cv=1&dr=0&ds=6&er=&ft=c~.Zm4L-gXoInz7T&l=2022011700165501011313522806249485&lr=all&mime_type=video_mp4&net=0&pl=0&qs=11&rc=M204cjw6Zm1zODMzNzgzM0ApZmZkOGdkaTs0NztmODk3aGdecmtrcjQwZXFgLS1kLzZzc2BjMWAwLTRfMC8wYmAuNGI6Yw%3D%3D&vl=&vr=
video/mp4, bytesbytes 0-638227/638228, 1642378627.9370167, 1642378627.9418404, 1642378627.9672668, 1642378629.364358, v19.tiktokcdn-us.com, a95dbbfe61342bc5320fa98ecfcd389a, /a95dbbfe61342bc5320fa98ecfcd389a/61e509e2/video/tos/useast2a/tos-useast2a-pve-0068/757a2f8b19044ed39ac6674811366bc1/?a=1233&br=852&bt=426&cd=0%7C0%7C0&ch=0&cr=3&cs=2&cv=1&dr=0&ds=6&er=&ft=c~.Zm4L-gXoInz7T&l=2022011700165501011313522806249485&lr=all&mime_type=video_mp4&net=0&pl=0&qs=4&rc=ampkM21rdWVrNjMzNzczM0ApOztlZjVkZWQ1N2UzaTRnNWdqM2luaWliMS5gLS1kMTZzczEzYzQ0NS4uLjUvYDQxLjU6Yw%3D%3D&vl=&vr=
video/mp4, bytesbytes 1024000-1468105/1468106, 1642378645.1405985, 1642378645.141596, 1642378645.1539464, 1642378646.2555916, v19.tiktokcdn-us.com, 351e318c7c7fc9b6d330bb83ab2dbb7d, /351e318c7c7fc9b6d330bb83ab2dbb7d/61e509e5/video/tos/useast2a/tos-useast2a-ve-0068c001/b21486bb7d81477baabd50d3c947dcf1/?a=1233&br=1530&bt=765&cd=0%7C0%7C0&ch=0&cr=3&cs=2&cv=1&dr=0&ds=6&er=&ft=c~.Zm4L-gXoInz7T&l=2022011700165501011313522806249485&lr=all&mime_type=video_mp4&net=0&pl=0&qs=5&rc=ajRwZTw7bGR2NjMzNzczM0ApaWhnOWZlO2U7N2ZoZDg5M2dvNmFvMXBvYGRgLS1kMTZzcy8xNmJfXzItNC42Yy5gXzQ6Yw%3D%3D&vl=&vr=
video/mp4, bytesbytes 0-1024000/1589872, 1642378646.5683289, 1642378646.5705388, 1642378646.5823812, 1642378648.6579638, v19.tiktokcdn-us.com, ed64ec4a02ffac422abb0479e7d6f3f4, /ed64ec4a02ffac422abb0479e7d6f3f4/61e509e3/video/tos/useast2a/tos-useast2a-ve-0068c003/91c724bf933b40f5903e337d94f8f6a7/?a=1233&br=1944&bt=972&cd=0%7C0%7C0&ch=0&cr=3&cs=2&cv=1&dr=0&ds=6&er=&ft=c~.Zm4L-gXoInz7T&l=2022011700165501011313522806249485&lr=all&mime_type=video_mp4&net=0&pl=0&qs=5&rc=M2VqbzM6ZmQ7NjMzNzczM0ApZGU1aGc7ZGU2NzhoZTNoZ2dkZGFncjRfaG9gLS1kMTZzcy4zYmA1MmE0NmEzLV8tYjQ6Yw%3D%3D&vl=&vr=
video/mp4, bytesbytes 0-1008980/1008981, 1642378649.4411042, 1642378649.4421475, 1642378649.4571881, 1642378651.583106, v19.tiktokcdn-us.com, 8aaed9c13030cac1f9aeaf55e666468c, /8aaed9c13030cac1f9aeaf55e666468c/61e509eb/video/tos/useast2a/tos-useast2a-ve-0068c004/7cafb5cfde74427492e56ce8ea5f87dd/?a=1233&br=760&bt=380&cd=0%7C0%7C0&ch=0&cr=3&cs=2&cv=1&dr=0&ds=6&er=&ft=c~.Zm4L-gXoInz7T&l=2022011700165501011313522806249485&lr=all&mime_type=video_mp4&net=0&pl=0&qs=4&rc=MzY0NTY6ZjhrNzMzNzczM0ApOzw5aGU5aTxpNzdnO2Y3M2djYnFmcjQwLmhgLS1kMTZzcy8xNjJjL2MzMmI2NDRgNF46Yw%3D%3D&vl=&vr=
video/mp4, bytesbytes 0-888812/888813, 1642378652.104125, 1642378652.1060026, 1642378652.1232827, 1642378653.8644416, v19.tiktokcdn-us.com, e120b42c37c8f194788dc88d1f3450f3, /e120b42c37c8f194788dc88d1f3450f3/61e509e6/video/tos/alisg/tos-alisg-pve-0037c001/528ecdee582c401d94082a44d9ece479/?a=1233&br=898&bt=449&cd=0%7C0%7C0&ch=0&cr=3&cs=2&cv=1&dr=0&ds=6&er=&ft=c~.Zm4L-gXoInz7T&l=2022011700165501011313522806249485&lr=all&mime_type=video_mp4&net=0&pl=0&qs=5&rc=M3E3eTY6ZjNsNzMzODczNEApOjRnNjNpO2U2NzxkMzU6OWdncGlwcjRfZDNgLS1kMS1zczUuNGEwLzEzXzAyYC00LjQ6Yw%3D%3D&vl=&vr=
video/mp4, bytesbytes 0-301887/301888, 1642378661.1153872, 1642378661.1239827, 1642378661.139733, 1642378661.7330167, v19.tiktokcdn-us.com, 5879d588f2a8d2d380d03d8b66279a03, /5879d588f2a8d2d380d03d8b66279a03/61e509de/video/tos/useast2a/tos-useast2a-pve-0068/6f7f256df4ac448b841cb880cb1c8805/?a=1233&br=638&bt=319&cd=0%7C0%7C0&ch=0&cr=3&cs=2&cv=1&dr=0&ds=6&er=&ft=c~.Zm4L-gXoInz7T&l=2022011700165501011313522806249485&lr=all&mime_type=video_mp4&net=0&pl=0&qs=5&rc=M3hxczRra3FwNjMzNzczM0ApMzxlODM3OmU6NzU4OmZpaWctaGdqMTVxcTFgLS1kMTZzc2I0MGExMDQxMy9jMjUtNl86Yw%3D%3D&vl=&vr=
video/mp4, bytesbytes 1024000-1589871/1589872, 1642378667.232334, 1642378667.2332182, 1642378667.247208, 1642378669.1650355, v19.tiktokcdn-us.com, ed64ec4a02ffac422abb0479e7d6f3f4, /ed64ec4a02ffac422abb0479e7d6f3f4/61e509e3/video/tos/useast2a/tos-useast2a-ve-0068c003/91c724bf933b40f5903e337d94f8f6a7/?a=1233&br=1944&bt=972&cd=0%7C0%7C0&ch=0&cr=3&cs=2&cv=1&dr=0&ds=6&er=&ft=c~.Zm4L-gXoInz7T&l=2022011700165501011313522806249485&lr=all&mime_type=video_mp4&net=0&pl=0&qs=5&rc=M2VqbzM6ZmQ7NjMzNzczM0ApZGU1aGc7ZGU2NzhoZTNoZ2dkZGFncjRfaG9gLS1kMTZzcy4zYmA1MmE0NmEzLV8tYjQ6Yw%3D%3D&vl=&vr=
video/mp4, bytes 0-294588/294589, 1642378671.7072227, 1642378671.708065, 1642378671.7592838, 1642378672.327825, v25.tiktokcdn-us.com, 558e8671d0216a7d8757c43a6881a620, /558e8671d0216a7d8757c43a6881a620/61e50a15/video/tos/useast5/tos-useast5-ve-0068c004-tx/175802b59ea74d358f8e89a61a22fffb/?a=1233&br=602&bt=301&cd=0%7C0%7C0&ch=0&cr=3&cs=2&cv=1&dr=0&ds=6&er=&ft=c~.Zm4L-gXoInz7T&l=2022011700175001011313514314255862&lr=all&mime_type=video_mp4&net=0&pl=0&qs=11&rc=anY1dmk6Zmk2OTMzZzczNEApZzw8OTdnZTs8NzM7ZDVmZWdtbl8ycjQwNTFgLS1kMS9zczUxYzIuYzI0Xi4yMWAzNS86Yw%3D%3D&vl=&vr=
video/mp4, bytes 0-587184/587185, 1642378672.4422302, 1642378672.4430277, 1642378672.5095973, 1642378673.6716807, v25.tiktokcdn-us.com, c8cd383bb75cdcdc03a041821d61fb4f, /c8cd383bb75cdcdc03a041821d61fb4f/61e50a14/video/tos/useast2a/tos-useast2a-ve-0068c001/0c2f08bc79c247508bee147852570e44/?a=1233&br=1376&bt=688&cd=0%7C0%7C0&ch=0&cr=3&cs=2&cv=1&dr=0&ds=6&er=&ft=c~.Zm4L-gXoInz7T&l=2022011700175001011313514314255862&lr=all&mime_type=video_mp4&net=0&pl=0&qs=5&rc=amdzcjk6ZjpnNjMzNzczM0ApNDdoMzwzNjtkNztnNjc5ZWczNmBkcjRfbWxgLS1kMTZzc2IvYF41M2AtLS4wXl9iLzM6Yw%3D%3D&vl=&vr=
video/mp4, bytes 0-951005/951006, 1642378673.8943753, 1642378673.8963072, 1642378673.9958308, 1642378676.2298138, v25.tiktokcdn-us.com, 59298a2b6d8327005266c98cdf20e834, /59298a2b6d8327005266c98cdf20e834/61e50a19/video/tos/useast2a/tos-useast2a-ve-0068c001/5f3422e45d71461f903cd1d7b939af71/?a=1233&br=1316&bt=658&cd=0%7C0%7C0&ch=0&cr=3&cs=2&cv=1&dr=0&ds=6&er=&ft=c~.Zm4L-gXoInz7T&l=2022011700175001011313514314255862&lr=all&mime_type=video_mp4&net=0&pl=0&qs=5&rc=M3dyOjM6ZmtqNzMzNzczM0ApODszNGY3PDw4N2Y0O2g4ZGcyaGAycjRvY2xgLS1kMTZzc2JjXy8wX14xYWEyYjAxXy86Yw%3D%3D&vl=&vr=
video/mp4, bytes 0-327184/327185, 1642378676.6278443, 1642378676.6290689, 1642378676.734149, 1642378677.3889244, v25.tiktokcdn-us.com, 9637666671cb71dd87557b3202ca0f2c, /9637666671cb71dd87557b3202ca0f2c/61e50a14/video/tos/useast2a/tos-useast2a-pve-0068/8523120659db42c49ab822b089c08837/?a=1233&br=794&bt=397&cd=0%7C0%7C0&ch=0&cr=3&cs=2&cv=1&dr=0&ds=6&er=&ft=c~.Zm4L-gXoInz7T&l=2022011700175001011313514314255862&lr=all&mime_type=video_mp4&net=0&pl=0&qs=5&rc=MzhyNDU8ZHF2NTMzNzczM0ApZWVkZjg5aWQ3N2dpOjhmNGdtMG1yM2lmZ2RgLS1kMTZzc18xMDM0MGAwYGA2LTM2XzM6Yw%3D%3D&vl=&vr=
