0,v09044e50000btueapv15l8sl3ukeqpg,8077,1038069&571816&372444,7953f4d93a07c04a140d6421f799d884&a47465df2d8c9100f384e16ba19cb43b&56e4f54e1e0e83a31f693d76dda0a9de&36315deb1a6c082aa707e4507c9cc04c&e971c22026912541f03e5bd4dfc5ec27&01ec3aaf89ca082d552d25c1b21892dc,https://v39.tiktokcdn-us.com/7953f4d93a07c04a140d6421f799d884/61e538b2/video/tos/useast2a/tos-useast2a-ve-0068c004/13370ab11f50451d9ac6b44b0fed7e9d/?a=1233&br=2026&bt=1013&cd=0%7C0%7C0&ch=0&cr=3&cs=2&cv=1&dr=0&ds=6&er=&ft=c~.Zm4L-gXoInz7T&l=202201170336430101130062330C45A59A&lr=all&mime_type=video_mp4&net=0&pl=0&qs=11&rc=anRuNnZvNHNodzMzODczM0ApOGQ1aDlnM2U6N2k4ZjRmZ2dtYnJpNTJzXnJfLS1iMTZzcy0zMzQvYy81MmM1LS8uYzQ6Yw%3D%3D&vl=&vr=
1,v12044gd0000c7bpv0jc77uakaoc0an0,12560,640394&488219&247339&213602,1f07f015dbd7af4f43ac95f6d7d72a98&c38100ff7f80aac3d9c9ecccc4219189&dc859a250dd7dd2fc02153365cc9caa8&f767a33321a77e60a692e9d364913957&21149e230f288a6235fead5544740687&da246081f4604dbbb7d78100699e3054&65033f72ea542f7be0248b76b73429d0&1f22c1dcaa3aafdb0eea3a0ebe63e047,https://v39.tiktokcdn-us.com/1f07f015dbd7af4f43ac95f6d7d72a98/61e538b7/video/tos/useast5/tos-useast5-ve-0068c004-tx/7fb7755292e94b97ae2acf9bbfa03fe3/?a=1233&br=1250&bt=625&cd=0%7C0%7C0&ch=0&cr=3&cs=2&cv=1&dr=0&ds=6&er=&ft=c~.Zm4L-gXoInz7T&l=202201170336430101130062330C45A59A&lr=all&mime_type=video_mp4&net=0&pl=0&qs=11&rc=M2RmZGQ6ZjNzOjMzZzczNEApMzY7PDVoNWVlNzQ5aTppN2drLWxocjRnc19gLS1kMS9zcy4vYF5hMDA0NjI2MzNhYC86Yw%3D%3D&vl=&vr=
2,v09044g40000c6ugqd3c77u2124rt93g,20176,2319302&1902672&1030452&876028,7bae316cbc216e32e6b46e9195030737&edf686223b5c1d5d9f1931c84f63f1d7&1f19b46815fffc4be0c8ff04acd4b322&dcbc43cf34143078440100bb10438c45&fa663f7a1309287320cba4ba95ec9d52&47b53fe4b00074f408e8eb6daaf175d8&a1338b234280304d4b63bfb0dd4b7c59&c903bb1ff0e3ec82973eb633d54c0b43,https://v39.tiktokcdn-us.com/7bae316cbc216e32e6b46e9195030737/61e538bf/video/tos/useast2a/tos-useast2a-pve-0068/9cf3926d23504f68ba3b97edcdc97826/?a=1233&br=4528&bt=2264&cd=0%7C0%7C0&ch=0&cr=3&cs=2&cv=1&dr=0&ds=3&er=&ft=c~.Zm4L-gXoInz7T&l=202201170336430101130062330C45A59A&lr=all&mime_type=video_mp4&net=0&pl=0&qs=14&rc=ajx1NTU6ZmdqOTMzNzczM0ApNGkzaWQ1Nzs2NzU3NTQ6OmcwcTEucjQwbnJgLS1kMTZzczM2YjVgLy01YC0tXl40LWM6Yw%3D%3D&vl=&vr=
3,v09044g40000c1kjcjkfbh5e73ktqsqg,17807,788255&644665&394736&273289,543991431031acc666aa01305fe020ed&c35f06f42693853ec6175bb99931bd63&4b5913754ecf4824f61c16885a710898&582868c329ced8bb24cc1a5e0159af37&77d0b82246e92ff68d5f6615f98af13c&c6f5cce897688583da64f477fd82cad8&5427af138432c7b78388050ca056d0fd&4a5362b0141585e5c127daadbf116362,https://v39.tiktokcdn-us.com/543991431031acc666aa01305fe020ed/61e538bc/video/tos/useast2a/tos-useast2a-pve-0068/28e9383b8a8843d19cdf71afb36ba310/?a=1233&br=1538&bt=769&cd=0%7C0%7C0&ch=0&cr=3&cs=2&cv=1&dr=0&ds=3&er=&ft=c~.Zm4L-gXoInz7T&l=202201170336430101130062330C45A59A&lr=all&mime_type=video_mp4&net=0&pl=0&qs=14&rc=anZ3NmhraW1tNDMzNzczM0ApZGQ8ZzZkNDxkN2QzNzg7ZWdubmg0Ml9oYGhgLS1kMTZzczYyYV8zNS0vMC9hX2M1Y2E6Yw%3D%3D&vl=&vr=
4,v09044g40000c3lg95bc77u9h05eekn0,46089,555273&414793&370651&261713,08beabeca999cf260f0c4dcdf7795b89&a12199c3e6d23cee23c203c58ceeeba3&a3f19b3508320eda159a6c12be57c74b&e680438158b5a01d88be46dd9e613177&13833024d3b125cf65c41bb5b89e995e&2eef2fccaf0c6cc3d77d611b777f7e33&395b65e422c031cfcae63accfdb1fabc&52717a80470fcfd4ced7025d8249dba1,https://v39.tiktokcdn-us.com/08beabeca999cf260f0c4dcdf7795b89/61e538d8/video/tos/useast2a/tos-useast2a-pve-0068/d71c0e8d4bdd441cb28765ca3433472b/?a=1233&br=1084&bt=542&cd=0%7C0%7C0&ch=0&cr=3&cs=2&cv=1&dr=0&ds=3&er=&ft=c~.Zm4L-gXoInz7T&l=202201170336430101130062330C45A59A&lr=all&mime_type=video_mp4&net=0&pl=0&qs=14&rc=M25oMzw6ZjhqNjMzNzczM0ApN2kzaWQ4NDtmN2c6ZTg8aWdrYjJlcjRfNmlgLS1kMTZzczA0YmNjY2AtYDI2MDBfNjY6Yw%3D%3D&vl=&vr=
5,v09044g40000c42euh3c77u1fkgu3370,16646,567887&444282&223592&160019,196b8efbc19690bf136886a12d506d4f&6b11e33ce743e013912e68b227532c6f&f8e815773deca48ee6674df8ea27fcf1&fa7f51eb211a6987aca6cb2bc3fb047a&01fa6570713968e5f52ec365fdd8a6dd&551889075ad46733cc96e2e484504b67&7aa297b73de9ab5a19b44b64beffd5b4&ad1d802e8d0def09020b9292ceede9b6,https://v39.tiktokcdn-us.com/196b8efbc19690bf136886a12d506d4f/61e538bb/video/tos/useast2a/tos-useast2a-pve-0068/353eea5c512a4e96bf4aed8f1a7c9fe9/?a=1233&br=1108&bt=554&cd=0%7C0%7C0&ch=0&cr=3&cs=2&cv=1&dr=0&ds=3&er=&ft=c~.Zm4L-gXoInz7T&l=202201170336430101130062330C45A59A&lr=all&mime_type=video_mp4&net=0&pl=0&qs=14&rc=MzZ4bjQ6ZmtoNzMzNzczM0ApODc0NGk0NmVlN2Q7OjczM2c0MGRjcjQwci9gLS1kMTZzcy8tMWFiYS5fMzIyNTUxXy06Yw%3D%3D&vl=&vr=
6,v09044g40000c33c97iemsh0t2h21a7g,23752,1481860&967805&502757&322580&298757,77410500384548dbb8a6411538e2d1ef&a45a0d44b2864e27b3dfda5b6daa2f9e&73016f4342aa45da714b36d40369ebf8&5ba4c77e599c00937afe4f32a330d747&bf6a930526772dd592d20f3acbf145be&a48a3aeb6e83ee3c5a632b58b8c6867b&52d8817694ca104fd3f9f1fa4686f26c&c1463c205890dd28a232e8c682b5d199&f81f80544bdb7e8d7bca3942329b5db6&cc0d70b55c633e5cd20ad146f5866ada,https://v39.tiktokcdn-us.com/77410500384548dbb8a6411538e2d1ef/61e538c2/video/tos/useast2a/tos-useast2a-pve-0068/6db60453f1e54ed6a6763c05f1e88f44/?a=1233&br=2894&bt=1447&cd=0%7C0%7C0&ch=0&cr=3&cs=2&cv=1&dr=0&ds=3&er=&ft=c~.Zm4L-gXoInz7T&l=202201170336430101130062330C45A59A&lr=all&mime_type=video_mp4&net=0&pl=0&qs=14&rc=amQ1NTN2aDpmNjMzNzczM0ApZjRkZzc6NzxkN2U4Ozg4O2c0LmVxZWpmNjBgLS1kMTZzczEvYWE1NDVhMjUvMTMyMzY6Yw%3D%3D&vl=&vr=
7,v09044g40000c3sb163c77u1q5eb1gn0,50199,2384648&1679789&1035368&582274,225678ea17c7be75983837145f539308&abc4741ccda8ddf82482ee6a0ba40e23&9640eb642c7e19d2ec7d5f69a48e699a&30396a03d6def27064b49a87d96b3526&e8e28ba6dae5851c62e25e843a4d9b1b&8b5bafacec1e848041261c74e92069dc&9782522851bcef76e8ed051acaeb4032&b0b470b0ce7ef1c7d949b53a865eec2d,https://v39.tiktokcdn-us.com/225678ea17c7be75983837145f539308/61e538dd/video/tos/useast2a/tos-useast2a-pve-0068/f8286e158fda4ed7bdaec686e27037e0/?a=1233&br=4656&bt=2328&cd=0%7C0%7C0&ch=0&cr=3&cs=2&cv=1&dr=0&ds=3&er=&ft=c~.Zm4L-gXoInz7T&l=202201170336430101130062330C45A59A&lr=all&mime_type=video_mp4&net=0&pl=0&qs=14&rc=M2plODQ6ZjllNjMzNzczM0ApZTtmM2Y4ZmU4Nzg0ZTxlOGdrLmJucjQwLnBgLS1kMTZzc2AwYWAzNjBfNDEzXy8uLjU6Yw%3D%3D&vl=&vr=
8,v090445c0000brsj2d7kvluo3u9i7rsg,6639,1025429&793373&341692&224755,8fe05c70c7e523133fd9cc90984184c8&9594550269b81463d9ada97c4ac3f41e&92fc328880ad9f77b7d661a13485fd63&8e0f6a40da5dbf407094103668330bbd&283e5188c1849a6f1515ddecb8e30f3c&6716b8e8b67f3fdf68a94d023e2675b4&5d21ed6e3431584e7a303a5f2787fa8a&d6fd064ea6695b0dde585e8d8d0a44cc,https://v19.tiktokcdn-us.com/8fe05c70c7e523133fd9cc90984184c8/61e538b1/video/tos/useast2a/tos-useast2a-ve-0068c003/a61a2fdecc7f4812a7e9dcb661f65801/?a=1233&br=2002&bt=1001&cd=0%7C0%7C0&ch=0&cr=3&cs=2&cv=1&dr=0&ds=3&er=&ft=c~.Zm4L-gXoInz7T&l=202201170336430101130062330C45A59A&lr=all&mime_type=video_mp4&net=0&pl=0&qs=14&rc=anVseHJvbmdtdTMzZjczM0ApaDZpNzQ0ZTw1N2YzOGk7OmdwNDYwcnM0L3BfLS0yMTZzc2IvYzAvMC8yNDJgNWBhYF86Yw%3D%3D&vl=&vr=
9,v09044g40000c23krfe7g8j7827nf5m0,20176,1391827&955897&832763&560077,01f0269b8e541ca9b359678c338ead32&2bfd8d85dd8fc1f1e71d810eb7072cb7&dd25d87002e434279fdbec7bdeee584a&0f4b54a3e2c211e430694a04cc93bc99&eba73d3d10a775506b642a2c7e5d9a0b&df614ce33335fe92a8b4fd9b5e48427e&4a02c39f2b3e1eb7791477356c4ce1e5&d251542132557105bfee2e541bddc4ec,https://v39.tiktokcdn-us.com/01f0269b8e541ca9b359678c338ead32/61e538bf/video/tos/useast2a/tos-useast2a-ve-0068c003/0ed2412d233a49eba49e4af52e6d8eb1/?a=1233&br=2718&bt=1359&cd=0%7C0%7C0&ch=0&cr=3&cs=2&cv=1&dr=0&ds=3&er=&ft=c~.Zm4L-gXoInz7T&l=202201170336430101130062330C45A59A&lr=all&mime_type=video_mp4&net=0&pl=0&qs=14&rc=MzhxNTo7OmluNTMzNzczM0ApZGY3OjgzaTw0NzU7Z2k7OWdqYzQ1Z2RibzBgLS1kMTZzczNjYl4xXmNiXmEvMl9hMWE6Yw%3D%3D&vl=&vr=
10,v09044g40000c43ejobc77ue6he4rg2g,17482,500223&416016&227615&166397,38414134a8fc9698d6fce026ac71391f&b58021dedacffe556912ec6d80614d24&9c8577b2bf5b828ff2492dec61f48590&b26066e9c1c38ad0ac70585811037f18&6f780628d5984d1ac230c69998eb04a6&89b229a3a407c1099cdf5e337cc28288&7b82d0b6194ea51d59901fe8527bd785&03ebe3effe7236530d5a6baaaaea1843,https://v25.tiktokcdn-us.com/38414134a8fc9698d6fce026ac71391f/61e53927/video/tos/useast2a/tos-useast2a-ve-0068c004/ebeda0edfad943b88c11b94bd99d0786/?a=1233&br=976&bt=488&cd=0%7C0%7C0&ch=0&cr=3&cs=2&cv=1&dr=0&ds=3&er=&ft=c~.Zm4L-gXoInz7T&l=202201170338300101131351391250E3D8&lr=all&mime_type=video_mp4&net=0&pl=0&qs=14&rc=amo3a2g6ZnJoNzMzNzczM0ApNGhpNzppNmQ2NzRoNGk0OWcvb2IzcjRfZzBgLS1kMTZzczM1YzIvYWIzYC5iM2AvYDE6Yw%3D%3D&vl=&vr=
11,v09044g40000c3kgrejc77u9jqnp7kpg,39820,1450795&1047947&813997&500737,3cad6e5b9536b6aee1f4463ea9036877&21b785b998dc18ab03dffdc43f159030&9d4304a3caad7188daea5ed79a34591d&8b946edb1c0bc9970b3f9535a12006b1&86956900cb01a2a47660d54ee765747c&28cc742ad28c50f5bc694b849512a60c&f73940813f4dc08297654c2bf10ea832&1f5d7b93efaa754e961450a925382258,https://v25.tiktokcdn-us.com/3cad6e5b9536b6aee1f4463ea9036877/61e5393d/video/tos/useast2a/tos-useast2a-ve-0068c001/99d27d54a7b143af86fa5f55f0b033eb/?a=1233&br=2832&bt=1416&cd=0%7C0%7C0&ch=0&cr=3&cs=2&cv=1&dr=0&ds=3&er=&ft=c~.Zm4L-gXoInz7T&l=202201170338300101131351391250E3D8&lr=all&mime_type=video_mp4&net=0&pl=0&qs=14&rc=am5zdDw6ZmhqNjMzNzczM0ApNGk2aTVmZWU7N2U7Zzk7O2dtNGtncjRnb2hgLS1kMTZzc2I2LS8vNDUwX2A0My8xLjU6Yw%3D%3D&vl=&vr=
12,v09044g40000c2qmm5u2iutjg46gq610,15230,1793520&1235045&889186&593926,7b49bfdd0e1a6be3de2770504b356f94&6d3efa1819b24367b479d717ae16e2b4&90e1032158d33ccc042ebb8a54f2670a&13acbb6d8044384158c259aee222755f&c0d414659369ecf1f64568771fafe059&3d0adc70e2eac9adf4932e6040e68b77&adcfdc8bcfcc84d47222b0cffaf55283&d14b07ddefb6d5a10625c9cb0f403752,https://v25.tiktokcdn-us.com/7b49bfdd0e1a6be3de2770504b356f94/61e53925/video/tos/useast2a/tos-useast2a-ve-0068c004/8c2392560472467faadd751cb7757143/?a=1233&br=3502&bt=1751&cd=0%7C0%7C0&ch=0&cr=3&cs=2&cv=1&dr=0&ds=3&er=&ft=c~.Zm4L-gXoInz7T&l=202201170338300101131351391250E3D8&lr=all&mime_type=video_mp4&net=0&pl=0&qs=14&rc=MzlqN214NThwNTMzNzczM0ApZGdlO2c7O2VpNzRnZWYzNGcubjNkcWZyam5gLS1kMTZzc14yXzNgLS1gYzI2NjY2YzY6Yw%3D%3D&vl=&vr=
13,v12044gd0000c7878sjc77u7psv0afkg,15067,661557&552707&464615&385418,5ddf304c3f37eeab29ed75eef60efce5&73ae06f773e8360e6d353219d1484549&0ebcef1bebde947d196baeb989eeeb1f&6912683bce4875a98c9ad9bafd1fde38&e9cf513f9e185dbf48032106d65e0fa7&52f53aa32e4255b1f7fdf0b8c561da5f&afeb14372787ffa59e810196a0069e42&aaab15b5bcc075061addc433497553ee,https://v25.tiktokcdn-us.com/5ddf304c3f37eeab29ed75eef60efce5/61e53924/video/tos/useast5/tos-useast5-ve-0068c004-tx/288c2e7eff49415ba3911a0c11c53285/?a=1233&br=1292&bt=646&cd=0%7C0%7C0&ch=0&cr=3&cs=2&cv=1&dr=0&ds=3&er=&ft=c~.Zm4L-gXoInz7T&l=202201170338300101131351391250E3D8&lr=all&mime_type=video_mp4&net=0&pl=0&qs=14&rc=amkzdjo6ZnY6OjMzZzczNEApODloODVnOmU6N2k8NzQ6OGdoXnNtcjRnNTVgLS1kMS9zc2NeMzYvYl8tXy4tM19gXjY6Yw%3D%3D&vl=&vr=
14,v10044g50000c6c36brc77u6q3q4r3og,25354,583702&337395&211799,9d4ba65d4791d440c5a01d1cce7cb118&27be1639fb8a61d47897e8036b13c079&a65d7643ce8d807830b6ffa9ae787c0b&28e41e3a8ba02519d9f9bb378f484e7f&45b7540172773297ea9f24805a8b4eb0&199c2eb121efefc8d4d269fa471189d8,https://v25.tiktokcdn-us.com/9d4ba65d4791d440c5a01d1cce7cb118/61e5392f/video/tos/alisg/tos-alisg-pve-0037c001/0fcd2e46f8c24166a41b1a8f9f5a534e/?a=1233&br=1140&bt=570&cd=0%7C0%7C0&ch=0&cr=3&cs=2&cv=1&dr=0&ds=6&er=&ft=c~.Zm4L-gXoInz7T&l=202201170338300101131351391250E3D8&lr=all&mime_type=video_mp4&net=0&pl=0&qs=11&rc=ajY3Njk6ZmU2OTMzODczNEApaDU1ODpnZzxmNzNmZGg4M2dsb25ucjRvM2BgLS1kMS1zczEuMDQxM2M0NS9jMWA0My46Yw%3D%3D&vl=&vr=
15,v09044g40000c1qs7cld1cjmekntikqg,10679,864376&417645&264892,55714c3577fffac9da6f1e4a6b1b8e96&dd3969cee7ec1ed75042eded39cc6e8e&3642a5685c2a80d11bdd605a7111e6d2&a728b58e0e2a4a1e308dc025a275754a&a49a4c12f7ef53a0a68e919da39eba2f&bd9013cdf90bae39f7e6e3e03d6b4abb,https://v25.tiktokcdn-us.com/55714c3577fffac9da6f1e4a6b1b8e96/61e53920/video/tos/useast2a/tos-useast2a-pve-0068/250df16a02a94b9187bfb0c9e76bfd7c/?a=1233&br=1688&bt=844&cd=0%7C0%7C0&ch=0&cr=3&cs=2&cv=1&dr=0&ds=6&er=&ft=c~.Zm4L-gXoInz7T&l=202201170338300101131351391250E3D8&lr=all&mime_type=video_mp4&net=0&pl=0&qs=11&rc=am53bnBmZ2Z2NDMzNzczM0ApNTY0Z2ZoNWVoN2U8NWhoNGduZmtiZy5pNG5gLS1kMTZzczUzMF5jNTYxNl8tLTIuNl86Yw%3D%3D&vl=&vr=
16,v12044gd0000c7d0b4bc77uekfci7l50,11770,680590&563748&390091&298756,cad54a37c9101f8f1053a00ab3896bf4&47e657e6675f3d7a93475c20236271ee&a2c065af13c247d0020d401a55f59231&99109002c10c85de714cd028e848a70f&64791412588c984e31a818b2a28fbe80&8a6b304533c9a9071fbfb330906893d7&f096d47998f3e26fb82b8670578faee7&2ad4ef887ebcbb182609d014c9bdb1e9,https://v25.tiktokcdn-us.com/cad54a37c9101f8f1053a00ab3896bf4/61e53921/video/tos/useast5/tos-useast5-ve-0068c003-tx/724514e92b8043a6947f02201f7c50ab/?a=1233&br=1328&bt=664&cd=0%7C0%7C0&ch=0&cr=3&cs=2&cv=1&dr=0&ds=3&er=&ft=c~.Zm4L-gXoInz7T&l=202201170338300101131351391250E3D8&lr=all&mime_type=video_mp4&net=0&pl=0&qs=14&rc=M29saWg6ZjczOjMzZzczNEApZ2hkaDY8NmQ7N2hnNjplaGcyNGBocjRfX2FgLS1kMS9zc2I2YzFeNTYyMTAyL2ItMmA6Yw%3D%3D&vl=&vr=
17,v09044g40000c2jv6hga6lvlhf9ml8fg,21221,1844886&1518566&799751,81b6d8814efc59906ebfb86b159f3e69&a4fd89c58d974bf30e1d8d8a8c2d22e5&ccf132146a86f0596e18ffe2802ce5b3&6e3f37351b36344859810f28365b1fef&acfec30bc9c1e759aeea3ba909e9cff3&4b8d209366caaff4c4e9b8d5c3753576,https://v25.tiktokcdn-us.com/81b6d8814efc59906ebfb86b159f3e69/61e5392b/video/tos/useast2a/tos-useast2a-ve-0068c001/5b760373d72949838db6ae7478a36a43/?a=1233&br=3602&bt=1801&cd=0%7C0%7C0&ch=0&cr=3&cs=2&cv=1&dr=0&ds=6&er=&ft=c~.Zm4L-gXoInz7T&l=202201170338300101131351391250E3D8&lr=all&mime_type=video_mp4&net=0&pl=0&qs=11&rc=ajtwaW9vZGt5NTMzNzczM0ApNGZmZmg1aGU3Nzk2PDo8ZWdjaTZlczNkM2dgLS1kMTZzczY2YGAyMzAwMjIzMWBjYDY6Yw%3D%3D&vl=&vr=
18,v09044f40000bq3sfh273oo36di7q7bg,15416,735858&566761&327403,7b33ff5154979ca8308de38a7a75d536&be730e04a213e119a5af1873f7683b21&77193c8f54e4a37a41e6e63416c90d31&68485da48a3ac8f065a14e5bbe13176c&19746f1ea0940e26bd18f909e13e6a6e&fb82a224e9ef8de865fa2f96af22d8cc,https://v25.tiktokcdn-us.com/7b33ff5154979ca8308de38a7a75d536/61e53925/video/tos/useast2a/tos-useast2a-pve-0068/1a4eb2b04b464350bb484bfe194ad9cb/?a=1233&br=1436&bt=718&cd=0%7C0%7C0&ch=0&cr=3&cs=2&cv=1&dr=0&ds=3&er=&ft=c~.Zm4L-gXoInz7T&l=202201170338300101131351391250E3D8&lr=all&mime_type=video_mp4&net=0&pl=0&qs=14&rc=ajo6ZzZyOmt2dDMzNzczM0ApZGkzNmk6MzszNzs8NGRlOGdfbmYzbDAvYzBfLS1jMTZzczEyLy9fMDFjMWBiXmFjM2A6Yw%3D%3D&vl=&vr=
19,v09044g40000c2a8isdj4q5u8o8d96ag,8264,540308&478499&311419&223721,629cc7e51f276ce90d71bc09eb07afd2&66f76b76630d2603b3b0653b1b8ef71b&5e454bbae50f43fcf8f503809b9162b9&00785e0117c398e53dd2e65acd86dd89&90103b474da02522bca2137b542dd02d&4a9cee0612a7146a166add036edebda6&c8f2bd19d6d1cdcb1cf7fcc9fd1e74b1&4df94655a25518f5fd866a523cb25a77,https://v25.tiktokcdn-us.com/629cc7e51f276ce90d71bc09eb07afd2/61e5391e/video/tos/useast2a/tos-useast2a-pve-0068/060bd750fbeb462c8e674263b1a14cc8/?a=1233&br=1054&bt=527&cd=0%7C0%7C0&ch=0&cr=3&cs=2&cv=1&dr=0&ds=3&er=&ft=c~.Zm4L-gXoInz7T&l=202201170338300101131351391250E3D8&lr=all&mime_type=video_mp4&net=0&pl=0&qs=14&rc=ajlncnh0bXY7NTMzNzczM0ApPDs8Nzk0ZmVmN2c3M2lkO2deNjU1MjFhZl5gLS1kMTZzcy8uXjMtYTJiX2BjMjIuNjQ6Yw%3D%3D&vl=&vr=
20,v09044970000c15qot31m2ohdov0nv80,7637,599575&441121&262117&179080,adc98311b79e866a24178e642378133f&0069fa87feee78a00be95aefcede6a92&90c0328ceefb4086b2117a15d590337a&d6236796b7503351b0ed05eede32a41e&79a0b802b0e61276ccbc69a5c4d3212c&527550c0d094c1fffa5774515045be53&97d6fc77e1757f1fca84dc789f0ef93d&12b4f143977dc9f9ea02d7aadfa2b830,https://v16m.tiktokcdn-us.com/adc98311b79e866a24178e642378133f/61e539c3/video/tos/useast2a/tos-useast2a-ve-0068c002/9a2794aa230541308cc5eca4e5bafa23/?a=1233&br=1170&bt=585&cd=0%7C0%7C0&ch=0&cr=3&cs=2&cv=1&dr=0&ds=3&er=&ft=c~.Zm4L-gXoInz7T&l=20220117034116010113135043094FBC34&lr=all&mime_type=video_mp4&net=0&pl=0&qs=14&rc=M3kzcms1NHd0NDMzOjczM0ApZGc7OjU6PGQ3Nzg4aTozZGc1a3NhbGowbDJgLS02MTZzcy82YjItMV9iLV8vYjEwNF86Yw%3D%3D&vl=&vr=
21,v09044g40000c39ork8o4qnr8507sfp0,17019,2400024&1680624&812197&524204,aee6eeadf3517b18327828b4234c1816&a46643a14a8a5e35b73ad205db6924c9&0b35d6755456f84023083a47daf173e6&47990b955621ebb1e10a07b795b697e4&2722d64295976e30baeef149e1609415&c3c9a7da1be3665eb6acf068c2dc5830&42f0b54ed1feeee28f438b779c37dd91&1ed6e06082bde0afce447cb2978b5639,https://v16m.tiktokcdn-us.com/aee6eeadf3517b18327828b4234c1816/61e539cc/video/tos/useast2a/tos-useast2a-ve-0068c003/b2f1a5a1d3f0448f9fb4b5a037c92027/?a=1233&br=4686&bt=2343&cd=0%7C0%7C0&ch=0&cr=3&cs=2&cv=1&dr=0&ds=3&er=&ft=c~.Zm4L-gXoInz7T&l=20220117034116010113135043094FBC34&lr=all&mime_type=video_mp4&net=0&pl=0&qs=14&rc=M2k6OHV0cm5yNjMzNzczM0ApZWg8aDs6N2Q1NzYzOzk5NmdtcC01azE1bzZgLS1kMTZzcy82LzUtNjIxLWJiY141Ly46Yw%3D%3D&vl=&vr=
22,v09044g40000c1n21093do78fvgam52g,14928,1985159&1630658&653285&420754,973ae98c206c13d98d5bc3cc4d9dd304&3e14b1d43d16c68128179a22ed26438c&63e62a00b965b7705bc4e1d9d390e17a&cfcdf8ab4ca0e1b11d72f0f2ce3d8a98&e5b386ea2a307d4aff2726533d0225f1&4cefda59e54fdc7fe769ecb8e3b567eb&fd7af273c8daef68bf291022c1d4634b&10bd73cd43d6a0a847b7126afbd08a21,https://v16m.tiktokcdn-us.com/973ae98c206c13d98d5bc3cc4d9dd304/61e539ca/video/tos/useast2a/tos-useast2a-pve-0068/21c531d693a240fbb4c2d8a41a8caa19/?a=1233&br=3876&bt=1938&cd=0%7C0%7C0&ch=0&cr=3&cs=2&cv=1&dr=0&ds=3&er=&ft=c~.Zm4L-gXoInz7T&l=20220117034116010113135043094FBC34&lr=all&mime_type=video_mp4&net=0&pl=0&qs=14&rc=ajhkeTtyNjM1NDMzNzczM0ApZjY7NmdpO2U3N2c0ZWlnZWcvamRjNGE2LmtgLS1kMTZzc18xMmMuLzMuLy4xMGMwYWI6Yw%3D%3D&vl=&vr=
23,v07044420000c199u5s35dppe9q0d1j0,8032,700067&442899&309569,e543741b13a3dc197b5399f79ef82dc2&3ff63733044433e98d382d559cfd8c4c&874284fa2973fd9b4d27dd8b63faa701&32ebda8b156f0df2e08da5fcb43beeea&2e02703bc966f3cebe0fe917f69fcdd4&e3c38aac2a67af136f29d16d4dfd80dd,https://v16m.tiktokcdn-us.com/e543741b13a3dc197b5399f79ef82dc2/61e539c3/video/tos/alisg/tos-alisg-pve-0037c001/202e295a089748c1b884ab25998a2b3a/?a=1233&br=1366&bt=683&cd=0%7C0%7C0&ch=0&cr=3&cs=2&cv=1&dr=0&ds=6&er=&ft=c~.Zm4L-gXoInz7T&l=20220117034116010113135043094FBC34&lr=all&mime_type=video_mp4&net=0&pl=0&qs=11&rc=MzQzPHNnNjg8NDMzNTczM0ApOTk5aGRlOjw6Nzg7NTxnZmdnYW5ibTJwcjZgLS0xMTRzczZfMTZjMGEyYDA0LmJfMWM6Yw%3D%3D&vl=&vr=
24,v09044g40000c2q01jk1se6edeiqos2g,20896,1262211&1035288&794761&542759,667347bd4c99ede34bd13fdff36726e0&bf5c0cd0e368dd1a3fbd1bf87192417b&a7393821b8db74e076928f9b66312635&1b53824f06b1442f45b056028bcdaf82&f6ab1045813e475baf54df6b29b1873d&c5494b814c8a0c51e0f0733e486f122f&f87639e5c01e82542f3b7ec5341b2d98&76246af59fd30b125c304059fb4b35b3,https://v16m.tiktokcdn-us.com/667347bd4c99ede34bd13fdff36726e0/61e539d0/video/tos/useast2a/tos-useast2a-ve-0068c001/032f2f8815304c9394dd37c63db334a2/?a=1233&br=2464&bt=1232&cd=0%7C0%7C0&ch=0&cr=3&cs=2&cv=1&dr=0&ds=3&er=&ft=c~.Zm4L-gXoInz7T&l=20220117034116010113135043094FBC34&lr=all&mime_type=video_mp4&net=0&pl=0&qs=14&rc=anZ0aGhoNG0zNTMzNzczM0ApOWRpPDxnOGVoN2Y3OTVmO2cvbGZhM3BoLm5gLS1kMTZzczFhYjU2NWAzXjAuLS8uLi46Yw%3D%3D&vl=&vr=
25,v09044ad0000c0qnh58p8rsb4e7eg120,14208,881638&644122&349950&209351,7dc12812154514c23e828e813ccac691&03aef6fa109e51eb990072494fe4ece7&15e172a9ea894a83d61718ea188a6912&dab190bc43bcd98eb3211c9762663901&691564ddea6610d8c7da58d50ada0934&2df46440ecedfc03a56f8fb82753d04c&c5f935bad1af7050dc0b19e5def8a232&83d5e11b49d2eeb82bcb0a0b04b189d2,https://v16m.tiktokcdn-us.com/7dc12812154514c23e828e813ccac691/61e539ca/video/tos/useast2a/tos-useast2a-ve-0068c002/78aa8b14fb054a35b79487b137b29b3c/?a=1233&br=1720&bt=860&cd=0%7C0%7C0&ch=0&cr=3&cs=2&cv=1&dr=0&ds=3&er=&ft=c~.Zm4L-gXoInz7T&l=20220117034116010113135043094FBC34&lr=all&mime_type=video_mp4&net=0&pl=0&qs=14&rc=MzRoaGV1czhxMzMzZzczM0ApO2Y3aDtkPDxpNzQ5ZmQ3OGcvZDQxcDU1ZW5gLS1eMTZzcy5gMS4wXzJiLWM0MDAvMTI6Yw%3D%3D&vl=&vr=
26,v09044g40000c6bjhcrc77ue1odlkdo0,7940,604161&439135&296553&183383,e59bfbc63f0cf3cfa4077f9ca609bb91&30dda974cbd3dd58fe3cdecef2a9819e&56d684c1ca6bde4efac5c44276bf4cdc&0952fc394548af8a29d16c9d4e01e2af&9e90b79bf755b786b66021688830049b&0e5eefc312c7bc25efe26df32ef9e092&508432556707f47000b1e1d29d2e5cb4&7d125a24ef427cfcbe34c8d310ca7874,https://v16m.tiktokcdn-us.com/e59bfbc63f0cf3cfa4077f9ca609bb91/61e539c3/video/tos/useast2a/tos-useast2a-ve-0068c004/53037072e7ea46719f71503983e53896/?a=1233&br=1180&bt=590&cd=0%7C0%7C0&ch=0&cr=3&cs=2&cv=1&dr=0&ds=3&er=&ft=c~.Zm4L-gXoInz7T&l=20220117034116010113135043094FBC34&lr=all&mime_type=video_mp4&net=0&pl=0&qs=14&rc=M2dvcmg6ZmZtOTMzNzczM0ApNWg6aWY2aGU8NzdpOWc7OWdsaGEucjRvZV9gLS1kMTZzc15hLjIzXmIxNWNeYjUwYGA6Yw%3D%3D&vl=&vr=
27,v09044g40000c2t3lrho1amdn3nre0s0,5013,756227,65096e6ce2b190df3d5d6f7f8792fe60&bd07a77488c85c1f41b388daf415432d,https://v16m.tiktokcdn-us.com/65096e6ce2b190df3d5d6f7f8792fe60/61e539c0/video/tos/useast2a/tos-useast2a-ve-0068c004/e99cb9d5a11d4ac7a496622b02f8a9ad/?a=1233&br=1476&bt=738&cd=0%7C0%7C0&ch=0&cr=3&cs=0&dr=0&ds=2&er=&ft=c~.Zm4L-gXoInz7T&l=20220117034116010113135043094FBC34&lr=all&mime_type=video_mp4&net=0&pl=0&qs=0&rc=MzN1NmdkcnU2NTMzNzczM0ApNjk0Z2c7Zzs4NzRmMzYzM2dwYmtrai5laXFgLS1kMTZzc2BiNV4zNTEyNjQ0XmEzMS86Yw%3D%3D&vl=&vr=
28,v09044g40000c2ft710bf79t3vkd0gvg,19293,1718431&1264133&618854&381743,e461125193aeeab89341e64f40d5ed32&c1e54f4e22a100a82dbe00782f1a6182&fd8a8278bcafe14ddaa1e678cb4660cb&f1f94289d7381d81cf6e676aa4933d0f&1aa2b3bb9e02411ec536f946e46c5ddc&5d7849292e3ca522d5596f7e65465cfb&346a8132e0c13ad1747cadf8819443d0&ddad71e384f5f8f5cb72f9d67fc4a98b,https://v16m.tiktokcdn-us.com/e461125193aeeab89341e64f40d5ed32/61e539cf/video/tos/useast2a/tos-useast2a-pve-0068/4b429b6507504a9cba99f12e0d4afe8a/?a=1233&br=3356&bt=1678&cd=0%7C0%7C0&ch=0&cr=3&cs=2&cv=1&dr=0&ds=3&er=&ft=c~.Zm4L-gXoInz7T&l=20220117034116010113135043094FBC34&lr=all&mime_type=video_mp4&net=0&pl=0&qs=14&rc=ampneXc6ZTR3NTMzNzczM0ApN2ZlPDdlaGUzNzM2OmU6PGdzLWgwNmMtNGNgLS1kMTZzcy8uMDEtLTJiMWAyM181LTU6Yw%3D%3D&vl=&vr=
29,v12044gd0000c797pgbc77ucq7ijquug,16995,298431&235242&154197&125184,935abda6443f78d57c091c3f72b6cf14&6c78896a5f75b71d819ca39f6c485ce9&57c28a6efc4ae95fc08b9eecfd76e233&9bd05559dc337dd5bc8560c2885d3999&8b0329e10165cf778c32cc85b2cbb9fe&1e42d00ad9ab0b63accd8431fc3f6b6e&0474a966a92a707b4bc5488cac211587&45c502fe959b9bfa36a8002927d5fce0,https://v16m.tiktokcdn-us.com/935abda6443f78d57c091c3f72b6cf14/61e539cc/video/tos/useast5/tos-useast5-pve-0068-tx/f62e02f024c540c89a00998f535a6845/?a=1233&br=582&bt=291&cd=0%7C0%7C0&ch=0&cr=3&cs=2&cv=1&dr=0&ds=3&er=&ft=c~.Zm4L-gXoInz7T&l=20220117034116010113135043094FBC34&lr=all&mime_type=video_mp4&net=0&pl=0&qs=14&rc=anhtOmY6Zmo6OjMzZzczNEApOjM6NDc4aWRkNzVlODRpOWdybmZucjRfbTZgLS1kMS9zcy4vYmFhMV5jMzZeNjY1XjY6Yw%3D%3D&vl=&vr=
30,v09044g40000c4mg0q3c77u950nmju0g,19177,3191109&1932525&1342438&707823,f12362ca256cd23675009faa4eec5272&b02be8ae199c85642ec03c167f01c8a9&9c6c35067ffbb103146140431c23ec8b&1bef2ecbab24328f5fe91237cb3578e8&715e764a767a5fc65edeab058f83c53b&ad509bc601b2983a5091f48a36f4aa94&ec52e205f45d06ab8f0ca778a01bd95a&7bdec5f1798783db2a57eadc69201994,https://v39.tiktokcdn-us.com/f12362ca256cd23675009faa4eec5272/61e53a13/video/tos/useast2a/tos-useast2a-ve-0068c003/1578429937b3407ab574c8a84355dafb/?a=1233&br=6232&bt=3116&cd=0%7C0%7C0&ch=0&cr=3&cs=2&cv=1&dr=0&ds=3&er=&ft=c~.Zm4L-gXoInz7T&l=20220117034224010113006132214D7388&lr=all&mime_type=video_mp4&net=0&pl=0&qs=14&rc=anhwMzw6ZnRqNzMzNzczM0ApOTxoaWhlOjs6NzM3OzQzO2ctZ2sycjQwLWpgLS1kMTZzcy1hXy9jXmIyMjFjXzIyMS06Yw%3D%3D&vl=&vr=
31,v09044g40000c42sjhbc77u591u34mdg,16600,1143137&860555&523772&365504,e3d6cfb4755b32d9430754a504f6b989&39ec281d0249ff32cf483b499e60c32b&999805f0846b888f6bf5853b1e8b8116&f05ac44e8e50b9127999ee7f4ec0beb1&de1a941712624ef2239b306ba69389e3&0d55926d9ffe1d6e7c114f8495314cdf&4c578fb9b4610249b6de7f3c241424d8&7faff6d67468262223823e61d8453279,https://v39.tiktokcdn-us.com/e3d6cfb4755b32d9430754a504f6b989/61e53a10/video/tos/useast2a/tos-useast2a-ve-0068c002/7da2afaad80f404fb164f84d77c8ba4d/?a=1233&br=2232&bt=1116&cd=0%7C0%7C0&ch=0&cr=3&cs=2&cv=1&dr=0&ds=3&er=&ft=c~.Zm4L-gXoInz7T&l=20220117034224010113006132214D7388&lr=all&mime_type=video_mp4&net=0&pl=0&qs=14&rc=anA2NDg6Zmt2NzMzNzczM0ApOzs7ZGQ5ZzxkNztlNTlnaGdhMXI2cjRfZy9gLS1kMTZzczUuLjJjMTFeNTIyMC0vYy46Yw%3D%3D&vl=&vr=
32,v07044550000c07os0nir75n464p64cg,8589,247151&169174&126295,d58e3bd401b18e82dcbd51507ebc3877&0ba20ea688708d9cf9b501c3c5a1ae4f&c97606d41b4dccbc93e8d6a8b044605d&7676f42680806cf5c28e9c7506805d30&1097b67cc31303b90175cfb23b4d798e&0d4e73fda4957566ac7ad8cd31021804,https://v39.tiktokcdn-us.com/d58e3bd401b18e82dcbd51507ebc3877/61e53a08/video/tos/alisg/tos-alisg-pve-0037c001/88d0a2f0d8fd40f699e281a9c3b021f0/?a=1233&br=482&bt=241&cd=0%7C0%7C0&ch=0&cr=3&cs=2&cv=1&dr=0&ds=6&er=&ft=c~.Zm4L-gXoInz7T&l=20220117034224010113006132214D7388&lr=all&mime_type=video_mp4&net=0&pl=0&qs=11&rc=ajdzOXE6bDNyMzMzODczM0ApNTk1aTU8OGRoNzdoM2Y5aWdgMzExMm9rcDRgLS0yMTRzcy0zMTEyXmAvYi81MzAxLWI6Yw%3D%3D&vl=&vr=
33,v09044690000bugd0qjemvd778npkaug,8728,1625869&1015423&736932&474604,af147b4f7522a7d06c2b719dbe4872b6&8e15aad098cf108e2121c23b8c112d22&3e06f91437cd60d53a0ca0e6f048d1a1&090ce9a50d6ed1f194c5ae3c5b31e0b0&ffa12ec02ff7b2646fba5c17e0be7d37&f44452180cd8eaaf4d08784575bd0adf&678946de5bdded584d09f28a8c44d4d4&99923d1c7514ebce56392d406dcb114f,https://v39.tiktokcdn-us.com/af147b4f7522a7d06c2b719dbe4872b6/61e53a08/video/tos/useast2a/tos-useast2a-ve-0068c003/577f7868462848419672cfb56e32c139/?a=1233&br=3174&bt=1587&cd=0%7C0%7C0&ch=0&cr=3&cs=2&cv=1&dr=0&ds=3&er=&ft=c~.Zm4L-gXoInz7T&l=20220117034224010113006132214D7388&lr=all&mime_type=video_mp4&net=0&pl=0&qs=14&rc=amRzOzp5aHRneDMzPDczM0ApZGc2NmRoZDxpN2hlOTw1NWdyaGs0YWpnLWRfLS0zMTZzc2IzYV8xMmBiLTAuMC4wNC86Yw%3D%3D&vl=&vr=
34,v12044gd0000c736h5bc77uakasifot0,40843,832150&688079&457089&341092,0f9e23ba139cac77ef6358e7a9ce8fc7&0411e830463efe40b3f68d796a67efb7&5e9d072fc89f9064ca1795e46f90a81a&01ee709add705247e5f91da22f44c42b&c470cf59b962fae42d57ab1b40d1680f&7edd906df100c8b8216dfb3643ad1d49&78c0c1603ca441d05fe43ba8a86ba7ab&f7855fe46eab4d87e29efdc1053f77c3,https://v39.tiktokcdn-us.com/0f9e23ba139cac77ef6358e7a9ce8fc7/61e53a28/video/tos/useast5/tos-useast5-pve-0068-tx/967c907d787f47d1ba726183ac03a2a0/?a=1233&br=1624&bt=812&cd=0%7C0%7C0&ch=0&cr=3&cs=2&cv=1&dr=0&ds=3&er=&ft=c~.Zm4L-gXoInz7T&l=20220117034224010113006132214D7388&lr=all&mime_type=video_mp4&net=0&pl=0&qs=14&rc=M3JsZGQ6Zjg5OjMzZzczNEApNDlkOjo5ZjxmNzc8NjVpOGdxY3BocjRfZTBgLS1kMS9zczY2NjAyXjBfYi8xLzIuY2A6Yw%3D%3D&vl=&vr=
35,v09044g40000c1n6fgrivpn8c64va3mg,15276,1055778&904129&638191&402855,e0f13a3b083321780eafb461d22dc1b8&b6c40fc5cc8cef2264acd5bc0f316d59&67082fa7a4e32a0070b4d75298ed6d03&97a334a47bd9cc63eaa2c05860b66e0d&ff36f3bc1f4c2614bdf4321d097c1c7c&a6fb444704a9d942b184b5921ed1ee1a&080d03ca11c4265362d70c055df08cc3&dd62c7dd164ad123931a1ea85305023f,https://v39.tiktokcdn-us.com/e0f13a3b083321780eafb461d22dc1b8/61e53a0f/video/tos/useast2a/tos-useast2a-pve-0068/0d6b12d875944f93abce543a86449ffc/?a=1233&br=2062&bt=1031&cd=0%7C0%7C0&ch=0&cr=3&cs=2&cv=1&dr=0&ds=3&er=&ft=c~.Zm4L-gXoInz7T&l=20220117034224010113006132214D7388&lr=all&mime_type=video_mp4&net=0&pl=0&qs=14&rc=ajZ5OTtzbGo5NDMzNzczM0ApPDc3ZTw6OzszN2UzO2Q1ZWdqXjFga3NvY2tgLS1kMTZzcy8wNTQwLy41L2BiYjEzMzI6Yw%3D%3D&vl=&vr=
36,v09044g40000c4ohat3c77u88dlsgkjg,9542,942322&447409&317248,fe3bc757df71c0c828ce572c668267fd&6b1e043d83c1452e09d75747a98fadc1&91d689c603b39124771cb8a17dd30a25&4a37ae5adc6440404313000c3cafde01&cacd8cf06109e04c634761a221640e3e&de3d4d237ae9929a498ec501dc3344d8,https://v39.tiktokcdn-us.com/fe3bc757df71c0c828ce572c668267fd/61e53a09/video/tos/useast2a/tos-useast2a-ve-0068c004/c54e4db20e74481fa121eb15af5f85e5/?a=1233&br=1840&bt=920&cd=0%7C0%7C0&ch=0&cr=3&cs=2&cv=1&dr=0&ds=6&er=&ft=c~.Zm4L-gXoInz7T&l=20220117034224010113006132214D7388&lr=all&mime_type=video_mp4&net=0&pl=0&qs=11&rc=am52Zzs6ZndrNzMzNzczM0ApaTU3PGc5N2U1NzM1Nzk1OmdnZGk1cjQwXmxgLS1kMTZzc2AtXjAxXy8yMGIwNS5jXzA6Yw%3D%3D&vl=&vr=
37,v090443b0000bu7hkfqqsv284dioh21g,15555,689791&625195&437373,7895ce8fa06b381fd83fc1f7e7986e6c&1ff3e146111f391828a12c004d0b60e5&c93f8233aaf8551b08a0bb8611cf3cd1&d139ec7c5e9e0628d6f76dfac0f1a24f&92af8dbc2c2a3ae5f3d6c827772f5c5e&64c0fee3e36eb488e2b5663260954442,https://v39.tiktokcdn-us.com/7895ce8fa06b381fd83fc1f7e7986e6c/61e53a0f/video/tos/useast2a/tos-useast2a-ve-0068c002/9e8ed43555484c4b83d5257edb9435d0/?a=1233&br=1346&bt=673&cd=0%7C0%7C0&ch=0&cr=3&cs=2&cv=1&dr=0&ds=6&er=&ft=c~.Zm4L-gXoInz7T&l=20220117034224010113006132214D7388&lr=all&mime_type=video_mp4&net=0&pl=0&qs=11&rc=ajVyZzt5dGlreDMzZTczM0ApZzw0Ozk2OmQ0NzVoOWRnZmcuZWYxL3BuaDRfLS0wMTZzc2IyMC1jNF40XjY2LTAwLzQ6Yw%3D%3D&vl=&vr=
38,v09044g40000c3gscaris849rbdm91rg,14975,1649189&1352918&1157202&784297,d67ceb27242ff272b9e10e62980b57c1&35601500979525eaf1d9bee8ccc698b7&ef3ac1bbd036314f5bd09431e2734f6b&d0760cccbea30d235c8a532a55d84b33&271bd86925bbdfe0e8ce1b37dec639fb&cb8c3ee6efa3da47243c113e4289e413&91b735d032b4d949386d753ba9d2c86b&000db0de8ff347d4f3f60026d5a01a9a,https://v39.tiktokcdn-us.com/d67ceb27242ff272b9e10e62980b57c1/61e53a0e/video/tos/useast2a/tos-useast2a-pve-0068/9d511f5263d34272a97a3e7ab284c1ce/?a=1233&br=3220&bt=1610&cd=0%7C0%7C0&ch=0&cr=3&cs=2&cv=1&dr=0&ds=3&er=&ft=c~.Zm4L-gXoInz7T&l=20220117034224010113006132214D7388&lr=all&mime_type=video_mp4&net=0&pl=0&qs=14&rc=ajRwZTw7bGR2NjMzNzczM0ApNGg7ODYzNTxpNzw8aTllNGdvNmFvMXBvYGRgLS1kMTZzczIxXi1hNmJeNS02YS1gXjU6Yw%3D%3D&vl=&vr=
39,v09044900000c1gk48v7hc99pahqgrq0,8637,2052471&1561356&980982&642068,37bc717f43d5db3de8a623644ca1285e&bb92c0c1b416c870c6baaafdc5461504&0cafa45a46ee8e771a9b9bfbc60fc00b&4b3271e0c7d21313dee294eab4752bf3&aec60e30a942dd68eb8d12aaeba37184&b0dba37af20ce78414ccfaabb994eeda&52a9ac487e848b0302369fa04fd935b3&88dce18dde5328c178771093c440c59c,https://v39.tiktokcdn-us.com/37bc717f43d5db3de8a623644ca1285e/61e53a08/video/tos/useast2a/tos-useast2a-ve-0068c002/7eeeb48d29a048fb8a43c2e4f44e7786/?a=1233&br=4008&bt=2004&cd=0%7C0%7C0&ch=0&cr=3&cs=2&cv=1&dr=0&ds=3&er=&ft=c~.Zm4L-gXoInz7T&l=20220117034224010113006132214D7388&lr=all&mime_type=video_mp4&net=0&pl=0&qs=14&rc=M3V0ZDxmOjtuNDMzMzczM0ApOmUzOjc6aGQ5N2k2O2c2ZmduZGVtNmVzMWRgLS02MTZzc2FeM2MtMTEvMy8uNDA2NmI6Yw%3D%3D&vl=&vr=
40,v09044g40000c4oflj3c77ue62ip6i7g,18829,1005587&678099&416779,7fcdf4961b23ca26dd07dae5e112002a&bdfb8ace4139b48e97a65993e45606e9&5790c8bdb071f8f30ac6c702766c22ab&67c00b31ec31c4cceb787b4eff87dfb9&9f302c6ef9bfe95ed1d433258b89cd84&d27bed0009a4f907dc0a2283c68e1a7b,https://v19.tiktokcdn-us.com/7fcdf4961b23ca26dd07dae5e112002a/61e53a7f/video/tos/useast2a/tos-useast2a-ve-0068c004/ba81bb2590184a42916525640ac6a34f/?a=1233&br=1964&bt=982&cd=0%7C0%7C0&ch=0&cr=3&cs=2&cv=1&dr=0&ds=6&er=&ft=c~.Zm4L-gXoInz7T&l=20220117034413010113135214024C7C84&lr=all&mime_type=video_mp4&net=0&pl=0&qs=11&rc=amxzNWg6Zm1pNzMzNzczM0ApOTpnNDZkZ2U3Nzc7Zzg4OWc0M2YzcjQwaWxgLS1kMTZzc2AyNmA1MTRgNS40LjViM186Yw%3D%3D&vl=&vr=
41,v09044fd0000buhfv1j9iufl0fi5ir5g,19502,568440&460718&327550,bf23b37c79442cf20660b270299ac8d7&0990bb24362d0c7ccb6488a216a3fb83&897ce0dd4cb6e19790a23a884e6df7ad&c9b1a44c52098e722f08014125d93943&f77a3b1351219fb0f378deb5eccf212a&eefad458df3e7eb9548acdf47d1142ab,https://v19.tiktokcdn-us.com/bf23b37c79442cf20660b270299ac8d7/61e53a80/video/tos/useast2a/tos-useast2a-pve-0068/a27f7933c7584a20ab3fd6eb8b24a7cc/?a=1233&br=1110&bt=555&cd=0%7C0%7C0&ch=0&cr=3&cs=2&cv=1&dr=0&ds=6&er=&ft=c~.Zm4L-gXoInz7T&l=20220117034413010113135214024C7C84&lr=all&mime_type=video_mp4&net=0&pl=0&qs=11&rc=anU4aW94PDRpeDMzZzczM0ApZ2U2ZTU7ZDw5NzNoZDg5NGcyZmYtY2Znc2VfLS1jMTZzc2MxMmJeL2BeMzM2XmIvMTQ6Yw%3D%3D&vl=&vr=
42,v09044g40000c3mrtfbc77uahb02m4jg,7149,1009186&814846&469416&322285,c7971ec1edf211fecdee10f54edf931a&25129527f9e65685680abbb2e988588b&7dc6b8d18c05199e5591f356c1e4d4f7&d6adadba0807a5842d91f6979845eda5&f3d26c08963ccb65fa006433c0527e1d&96d786a34f0054f9c03649e1f8ab2e9c&0f3bef99755bdc6d763132c32f530dda&ee8fc79069c44caab39684f7dcc30079,https://v19.tiktokcdn-us.com/c7971ec1edf211fecdee10f54edf931a/61e53a73/video/tos/useast2a/tos-useast2a-pve-0068/3ebc7ee2989f443883330b31dfab49f4/?a=1233&br=1970&bt=985&cd=0%7C0%7C0&ch=0&cr=3&cs=2&cv=1&dr=0&ds=3&er=&ft=c~.Zm4L-gXoInz7T&l=20220117034413010113135214024C7C84&lr=all&mime_type=video_mp4&net=0&pl=0&qs=14&rc=ajc1ZWQ6Zml1NjMzNzczM0ApOWg2NjxmNDw2NzY8OTg4Z2dnai1lcjRfcWpgLS1kMTZzczA1LWJgYy9jYi9eMGIvXjY6Yw%3D%3D&vl=&vr=
43,v09044g40000c442udjc77u82pan8nr0,10773,532271&468564&315901,2f017971537ba61432b7840f3d52b2ac&9365ffba2f478ce71bb27c84674966b7&3ff1edf7d69afd7c9a2ffba4d7e0d759&a94b53ef4524d9d6c7f16dedaaedcbb1&a84b0665c036a41149ad39ed41500d23&874484e80c329ad22d1dd43e0d23c240,https://v19.tiktokcdn-us.com/2f017971537ba61432b7840f3d52b2ac/61e53a77/video/tos/useast2a/tos-useast2a-ve-0068c004/8ef5572352a949ec98150aec8025dd70/?a=1233&br=1038&bt=519&cd=0%7C0%7C0&ch=0&cr=3&cs=2&cv=1&dr=0&ds=6&er=&ft=c~.Zm4L-gXoInz7T&l=20220117034413010113135214024C7C84&lr=all&mime_type=video_mp4&net=0&pl=0&qs=11&rc=M3Fxczs6Zmc1NzMzNzczM0ApOWdkPDllaDtlNzs0aDdmNmdvNV4vcjRncjFgLS1kMTZzczFiXzQzNjU0NV9fLWBfXl86Yw%3D%3D&vl=&vr=
44,v09044g40000c3r8kabc77u0jldggbg0,12769,2330361&1704943&1469448&996082,38a5cb4c0a8d077f8e0c7156ed8dd380&16750b61494cbbb8d144c8c8dd9673a7&12ee5a952cae88560c7ac81ead81a1c2&8be9a30e00ee2e3963385f6b1c1e1933&8759e1ccc21beeebc1d77703237cd340&f19bcdc8a00c1f852c97745fc58fafb6&8bb2ce6c4c42af785053e07aab01f0e3&a22c32556b81159873a5ae868df56c20,https://v19.tiktokcdn-us.com/38a5cb4c0a8d077f8e0c7156ed8dd380/61e53a79/video/tos/useast2a/tos-useast2a-pve-0068/8cab7da36e664048988304d7ef7a47b7/?a=1233&br=4550&bt=2275&cd=0%7C0%7C0&ch=0&cr=3&cs=2&cv=1&dr=0&ds=3&er=&ft=c~.Zm4L-gXoInz7T&l=20220117034413010113135214024C7C84&lr=all&mime_type=video_mp4&net=0&pl=0&qs=14&rc=M2VqbzM6ZmQ7NjMzNzczM0ApaDY2PGk8aTs8NzhpPDg8OmdkZGFncjRfaG9gLS1kMTZzcy1jY2BgMF5iMjQwLS8wYGA6Yw%3D%3D&vl=&vr=
45,v09025g40000c5tphj3c77u9non5uja0,11632,391326&216922&156694,3be7bba659fc07ac8d68b66611a3f8c6&b613012494209693a01b8ebdb48ba417&6377feda27b69d3effac2e871bd13c65&ba3b4d9e99f6a595ae934c8ea83a6986&e04a9e21508d2285e77eb47d9a7c3ca6&0bae34f97f39891bcde497f2c11e8cf6,https://v19.tiktokcdn-us.com/3be7bba659fc07ac8d68b66611a3f8c6/61e53a78/video/tos/useast2a/tos-useast2a-pve-0068/0db5a52be4814ca482755ba7b47a0966/?a=1233&br=764&bt=382&cd=0%7C0%7C0&ch=0&cr=3&cs=2&cv=1&dr=0&ds=6&er=&ft=c~.Zm4L-gXoInz7T&l=20220117034413010113135214024C7C84&lr=all&mime_type=video_mp4&net=0&pl=0&qs=11&rc=M204cjw6Zm1zODMzNzgzM0ApZmZkOGdkaTs0NztmODk3aGdecmtrcjQwZXFgLS1kLzZzc2BjMWAwLTRfMC8wYmAuNGI6Yw%3D%3D&vl=&vr=
46,v09044g40000c4kh153c77u3i2t1e3f0,20710,790267&584037&389756&259282,d7cac77a0af1d7b5c753d90fcad1f3b0&26f8aa33e33d41e7334a9f8344a562e0&8e5b90c066d4742c59754a2120baebca&2d85dca6c7927d835b5e922aa607d9b7&83629d215edde147d422b373ee48eaca&0dfdb579ceb86a05cfea4eac16b5eee0&0315ca9420a4b9dfd1605521bea12870&2da3727c23c52677b433641eb32bac5e,https://v19.tiktokcdn-us.com/d7cac77a0af1d7b5c753d90fcad1f3b0/61e53a81/video/tos/useast2a/tos-useast2a-ve-0068c004/fc7e9f17e2344ce89e8aa991b7d0e895/?a=1233&br=1542&bt=771&cd=0%7C0%7C0&ch=0&cr=3&cs=2&cv=1&dr=0&ds=3&er=&ft=c~.Zm4L-gXoInz7T&l=20220117034413010113135214024C7C84&lr=all&mime_type=video_mp4&net=0&pl=0&qs=14&rc=MzY0NTY6ZjhrNzMzNzczM0ApOGY1OzNoNjs2NzZlM2UzOWdjYnFmcjQwLmhgLS1kMTZzc2IzLy1iNjNeYC4uMTIuLTA6Yw%3D%3D&vl=&vr=
47,v12044gd0000c6438f3c77uf5sb2qspg,7637,438273&308591&211521&145661,7ce183a2838d2557526b9155e7c68bb2&e17444dc7a92ea1e046d0d4eb00e6311&adab3354c06074f9075e72c2e218eda1&8bada81f93ef263e2f7dd95195022c38&af48a449c7e084d3084d9fad6febdb5b&13709a13882b9cfa9d769a16254a8c63&8ac53799b10f3f65d9aa1075e2783ed9&00598435ee9e06ec4f003036d5ddacf9,https://v19.tiktokcdn-us.com/7ce183a2838d2557526b9155e7c68bb2/61e53a74/video/tos/maliva/tos-maliva-ve-0068c799-us/76d2b8ec07e045ac97babd32e7849b66/?a=1233&br=856&bt=428&cd=0%7C0%7C0&ch=0&cr=3&cs=2&cv=1&dr=0&ds=3&er=&ft=c~.Zm4L-gXoInz7T&l=20220117034413010113135214024C7C84&lr=all&mime_type=video_mp4&net=0&pl=0&qs=14&rc=anY1dmk6Zmk2OTMzZzczNEApNTM7PDplZDs3N2k3NTQ0NGdtbl8ycjQwNTFgLS1kMS9zcy1iMTNhMjVgXzFhX2MvNWI6Yw%3D%3D&vl=&vr=
48,v09044g40000c34mtnth8h41mpjnku00,7382,1175019&925927&534792&327161,3994d9b88809e0673f965d77efae0e8c&cc4cc09ee8b00ae7885f3eb25a03c612&81eef8626d6ac673a8dd12c56e1f25b9&b4624181dfc18df3823cc352c9cb0b1b&f95b7fdcb03acdba6ee4287f5bf89228&60b96302ee6c5909f6aef891f20cb849&d79de7b703695a23d78d6c7b664dde3f&8fde879f480d3eb006e3fe9e909c01a7,https://v19.tiktokcdn-us.com/3994d9b88809e0673f965d77efae0e8c/61e53a74/video/tos/useast2a/tos-useast2a-ve-0068c002/18dc538910c34b97b0ba2334398c0c1c/?a=1233&br=2294&bt=1147&cd=0%7C0%7C0&ch=0&cr=3&cs=2&cv=1&dr=0&ds=3&er=&ft=c~.Zm4L-gXoInz7T&l=20220117034413010113135214024C7C84&lr=all&mime_type=video_mp4&net=0&pl=0&qs=14&rc=M3hxczRra3FwNjMzNzczM0ApOmVnZTNmPGVkNzg5OjMzZmctaGdqMTVxcTFgLS1kMTZzczBeYDMyMS1iXjE2L2BgYjU6Yw%3D%3D&vl=&vr=
49,v09044g40000c31h4berlhljq0la6gmg,11702,1276937&955175&436320&297005,bf923d9cc2dfcd06de34ae08a84004c2&a8e4a88cc2247cfbac0f0c9a5a94be56&6571f4bd6491c6331fba4957a3ff5796&c34cfd696e1827537b858d986562b867&323aab7d7db798b9dee10e71da2ef168&38e8f40754a5ee84a27bdf9d57f8917e&9cdb7b8e4b3f994e8f56925c8185c833&07a73541ebc9c3ad567a5ec2fc631e5e,https://v19.tiktokcdn-us.com/bf923d9cc2dfcd06de34ae08a84004c2/61e53a78/video/tos/useast2a/tos-useast2a-ve-0068c001/c3efc14c6e3045bb9d9a7123d0c5447d/?a=1233&br=2494&bt=1247&cd=0%7C0%7C0&ch=0&cr=3&cs=2&cv=1&dr=0&ds=3&er=&ft=c~.Zm4L-gXoInz7T&l=20220117034413010113135214024C7C84&lr=all&mime_type=video_mp4&net=0&pl=0&qs=14&rc=ampkM21rdWVrNjMzNzczM0ApZ2g5Njs0PGVoNzNkNzdoPGdqM2luaWliMS5gLS1kMTZzczBjYGMyLjQ2My4uLTYyMjE6Yw%3D%3D&vl=&vr=
50,v10044g50000c46ig0bc77u3svl4snj0,15439,1003742&711074&460554,7d750202c8b906f493064514a52036b3&cd01066e2f65c5d0c2e5f2fb710131a6&7a25d5ec6873d693fa9cf77b6a8bb1ef&61fd2e9ef50c20f4cdbcef7cc4041362&77ac40960462d1424e84b279c34573a9&28dd029771f57284ff5cacb3600c51c6,https://v19.tiktokcdn-us.com/7d750202c8b906f493064514a52036b3/61e53ad3/video/tos/alisg/tos-alisg-pve-0037c001/e423ff66fd7745cca108a9f2edb90248/?a=1233&br=1960&bt=980&cd=0%7C0%7C0&ch=0&cr=3&cs=2&cv=1&dr=0&ds=6&er=&ft=c~.Zm4L-gXoInz7T&l=2022011703454001011313519416489CD6&lr=all&mime_type=video_mp4&net=0&pl=0&qs=11&rc=M3E3eTY6ZjNsNzMzODczNEApOzk4M2Q2OTtoNzxpOWhoZGdncGlwcjRfZDNgLS1kMS1zczItY19iMzNhYzJfYTExYTI6Yw%3D%3D&vl=&vr=
51,v09044g40000c3odp7bc77u6gocp9d6g,6662,1213038&1048223&705115,d8227c2e5b7fe03cad03bb7f414369b6&7e9d0b6fe013ffc34881f76dd1f6cae5&c736a0b9084c93ffa13c4e87249431d6&4ff8a9b30b238505ff80377f277a36b4&fe74809cac722af33cb4eaac6599e19e&4ba5a3aca894d45f40f1b6a347965b09,https://v19.tiktokcdn-us.com/d8227c2e5b7fe03cad03bb7f414369b6/61e53aca/video/tos/useast2a/tos-useast2a-ve-0068c003/de59c410050643d6ae007381bedffa4e/?a=1233&br=2368&bt=1184&cd=0%7C0%7C0&ch=0&cr=3&cs=2&cv=1&dr=0&ds=6&er=&ft=c~.Zm4L-gXoInz7T&l=2022011703454001011313519416489CD6&lr=all&mime_type=video_mp4&net=0&pl=0&qs=11&rc=amdzcjk6ZjpnNjMzNzczM0ApOTQ2NzdlPDs1N2Q8ZWc4N2czNmBkcjRfbWxgLS1kMTZzc2MvNS8tMy8zYDItXzIvLWA6Yw%3D%3D&vl=&vr=
52,v09044g40000c4ogfhrc77u057cokt50,11283,1788582&1332930&1009342&674293,126ca3dbf8c46cbc679ee94b7b293aac&0a4a37e4a77269cd9b2800f563e45cdd&f1ce702288cb260c865247e3444c2b91&a38aa94e2809f1c1485082bd62757c6b&35b4aacbea32a23cdd7137c7e1c41f27&7cf79427b20b052c5dcb2597ab9f5924&c2401b5d60df8f4435cb390731fe9121&1d985b2c12346dc0d892cfb367fa84f2,https://v19.tiktokcdn-us.com/126ca3dbf8c46cbc679ee94b7b293aac/61e53acf/video/tos/useast2a/tos-useast2a-ve-0068c004/37fdace7ea5e47a28e67f8ddd291d8cf/?a=1233&br=3492&bt=1746&cd=0%7C0%7C0&ch=0&cr=3&cs=2&cv=1&dr=0&ds=3&er=&ft=c~.Zm4L-gXoInz7T&l=2022011703454001011313519416489CD6&lr=all&mime_type=video_mp4&net=0&pl=0&qs=14&rc=M3dyOjM6ZmtqNzMzNzczM0ApNTQ1PGg2NTxmN2dkOzc6ZGcyaGAycjRvY2xgLS1kMTZzczA1Xy9gMC5gXzZjMC9eMl86Yw%3D%3D&vl=&vr=
53,v09044310000bmoil77ho6foanv5jaj0,8267,1413832&978032&948578&551346,7ad8f7567e15e78c9413bced86f8af3b&2cbe4846b1bd27c095a3dada4d0c06c5&6da0c11295558a9c42af30e8f0a090e0&efee14d1cb6614423df31500e6934a8e&25cf03c9fa942c62de333ed050d01efc&2aca8d1d85df3f23016729b9b8443ea4&66b35d45d7ea42029b0d5a2a7349d141&9658e7bc967fb6a2b01f4a83a753e94b,https://v19.tiktokcdn-us.com/7ad8f7567e15e78c9413bced86f8af3b/61e53acc/video/tos/useast2a/tos-useast2a-ve-0068/ddd5955b873440ed8f5b7bf11392250d/?a=1233&br=2760&bt=1380&cd=0%7C0%7C0&ch=0&cr=3&cs=2&cv=1&dr=0&ds=3&er=&ft=c~.Zm4L-gXoInz7T&l=2022011703454001011313519416489CD6&lr=all&mime_type=video_mp4&net=0&pl=0&qs=14&rc=M2Q4cXI5azpscDMzNDczM0ApaWVmNDQ3NztoNztlODY4OWdnZ3NeY2w0aWxfLS0wMTZzc19fMi00Nl8zMTVjYy0yY146Yw%3D%3D&vl=&vr=
54,v09044g40000c2gsjnial962u1po35p0,6430,770553&599707&407073,89d3f90794c99ef0e68899748828f627&abe14c2107cf366ba267c93f06bc24c8&c9d4e970e3578ec1fe8c9bf2f788422f&49a48f447f51f09e2e1e2017840194d8&f8a650b096832454bb8a2f712de0e78a&d93f6794a77a37bf0aadf310d872aaad,https://v19.tiktokcdn-us.com/89d3f90794c99ef0e68899748828f627/61e53aca/video/tos/useast2a/tos-useast2a-ve-0068c003/c87454664ebb4e1a9171e23979c58e98/?a=1233&br=1504&bt=752&cd=0%7C0%7C0&ch=0&cr=3&cs=2&cv=1&dr=0&ds=6&er=&ft=c~.Zm4L-gXoInz7T&l=2022011703454001011313519416489CD6&lr=all&mime_type=video_mp4&net=0&pl=0&qs=11&rc=MzhyNDU8ZHF2NTMzNzczM0ApZzg8Mzc7OjtmN2g4ZGdkOmdtMG1yM2lmZ2RgLS1kMTZzczAxMDY2LjI1Nl4zNS5iYDU6Yw%3D%3D&vl=&vr=
55,v09044g40000c3ai05e0nro67dgk3fbg,9286,1284202&756360&437868&275058,bded6e03ff654997fd34b49e119473af&9bdc34bf8833f8796b32d587a1ac2c44&ac15366a9fea495c8239eeaa98b897c9&61e67cce835f56779ebe34b61afaaeeb&016e4f51d7db74042485803c36474aad&7423478f194a1a51c3e61d71acc16d44&a061094897dd74cbe8852acf078eb408&c6d46831bd7a0bf98c271f22fe026c9a,https://v19.tiktokcdn-us.com/bded6e03ff654997fd34b49e119473af/61e53acd/video/tos/useast2a/tos-useast2a-pve-0068/e6e3a6962bc94b55b4ea6c5013954c7f/?a=1233&br=2508&bt=1254&cd=0%7C0%7C0&ch=0&cr=3&cs=2&cv=1&dr=0&ds=3&er=&ft=c~.Zm4L-gXoInz7T&l=2022011703454001011313519416489CD6&lr=all&mime_type=video_mp4&net=0&pl=0&qs=14&rc=amluZzl1MzhsNjMzNzczM0ApNGc3Zmk5Zjw2NzxlZ2RnPGdfMGQ0bGtiLV5gLS1kMTZzczJjNS8tYGIvLmI1Y180YS86Yw%3D%3D&vl=&vr=
56,v09044g40000c410g73c77uf1vhdufc0,8635,1640421&1292537&1074754&697653,c6e7406c26074310a65525a1c0bcaafc&4497455cb10727b951253d9887a3e281&c3c4290bc539182b37cbb242741785bd&d63bcbddaed1767ac0e4e299ee255d69&ac10981c86d1cb935fb43c3bea42a14e&bd40750f13b9bcf7596808032bacf10a&8b6cd33768707f6108e27fa3628eb9b2&b80219bddbbddf67ff185dfaa71fea44,https://v19.tiktokcdn-us.com/c6e7406c26074310a65525a1c0bcaafc/61e53acc/video/tos/useast2a/tos-useast2a-pve-0068/186f2293eddc429e855872f618200d52/?a=1233&br=3202&bt=1601&cd=0%7C0%7C0&ch=0&cr=3&cs=2&cv=1&dr=0&ds=3&er=&ft=c~.Zm4L-gXoInz7T&l=2022011703454001011313519416489CD6&lr=all&mime_type=video_mp4&net=0&pl=0&qs=14&rc=M2lneWk6ZjozNzMzNzczM0ApaGc8OTNmNGU7NzUzODU8M2dgcmUucjQwZC5gLS1kMTZzczAyMS4zYjFgMC00M2AyLWA6Yw%3D%3D&vl=&vr=
57,v09044g40000c45clkjc77u4160srdj0,19781,594321&416882&283318&196864,1aa0393958bc8e32145ed505557ecc7e&31050c7cb9df40bbd3efd36360a987d1&04ca4c2ae1235549f20e18ac038a81b0&91107f7b657cb0e2bc7fe6839b9e512c&d6d81a16467dfb6a8654f61ac8d896db&27abcca5f5ea1afd9925d70b513d3c9e&c9c4e7d0192730896ef101a27ae32b8d&e4f67cad21d8191291a157c8346e49e9,https://v19.tiktokcdn-us.com/1aa0393958bc8e32145ed505557ecc7e/61e53ad7/video/tos/useast2a/tos-useast2a-ve-0068c001/f9d901e8f28941f9bfce8994d038f273/?a=1233&br=1160&bt=580&cd=0%7C0%7C0&ch=0&cr=3&cs=2&cv=1&dr=0&ds=3&er=&ft=c~.Zm4L-gXoInz7T&l=2022011703454001011313519416489CD6&lr=all&mime_type=video_mp4&net=0&pl=0&qs=14&rc=M2d2OTc6Zm5mNzMzNzczM0ApZDw6PDg8OTw6NzpoOztmPGdnby0ucjRnaTJgLS1kMTZzc2ItYzZiMjQvXi8zYy4uNjA6Yw%3D%3D&vl=&vr=
58,v09044g40000c4aqt4bc77uek70jn260,14603,853714&490562&304377,391f3fedd3bb594e38931511ca9f4d9b&3b2690d1fa3deedca469664908bde646&ad3cf62ab68659c9232364ef5d30d026&1e16fed9525b274f78919f8b8f29c032&b8d21a8347374dc29a8f39bd1d6cef8a&f0eefaaaae7317627b8df67448d625f9,https://v19.tiktokcdn-us.com/391f3fedd3bb594e38931511ca9f4d9b/61e53ad2/video/tos/useast2a/tos-useast2a-ve-0068c003/f5ab0881c8614d2997fc3563a380cca5/?a=1233&br=1666&bt=833&cd=0%7C0%7C0&ch=0&cr=3&cs=2&cv=1&dr=0&ds=6&er=&ft=c~.Zm4L-gXoInz7T&l=2022011703454001011313519416489CD6&lr=all&mime_type=video_mp4&net=0&pl=0&qs=11&rc=MzVtOmg6Zjd0NzMzNzczM0ApZ2lnPGlkPDw8NzM6aGQ4aGczay1ocjRfcV5gLS1kMTZzcy0tX2JjX18yMzM2LmFhNTM6Yw%3D%3D&vl=&vr=
59,v09044g40000c3vdmejc77u7uoaiehrg,11330,566505&438577&226220&162988,1cbbe3feb0a77812e35598c64cc7e458&507fa4771ad35d5302353c2791e095db&10a40ff4b1f4c95f240bb1b2bf103320&2df18ec2f72e3d73c436dff73e72cae8&3caebae7d5d5edec92a67598360fb082&231a43f0c28b3b27dcc05f325c9be559&2018599ea9f8e715abb624a34cbb80b6&ace0f1642ee2af4e73b14d0f104085c5,https://v19.tiktokcdn-us.com/1cbbe3feb0a77812e35598c64cc7e458/61e53acf/video/tos/useast2a/tos-useast2a-pve-0068/dd6af54476d34c538cb4008e341b415b/?a=1233&br=1106&bt=553&cd=0%7C0%7C0&ch=0&cr=3&cs=2&cv=1&dr=0&ds=3&er=&ft=c~.Zm4L-gXoInz7T&l=2022011703454001011313519416489CD6&lr=all&mime_type=video_mp4&net=0&pl=0&qs=14&rc=amtscjo6ZmhnNjMzNzczM0ApOzVmNDg0Ojs8N2g7OWk2ZmdvYl5ycjRnanNgLS1kMTZzc2A0YTQ2NDMtMjExNDQwLS06Yw%3D%3D&vl=&vr=
