video/mp4, bytesbytes 0-2516112/2516113, 1642390574.2018294, 1642390574.2027678, 1642390574.2208734, 1642390576.435082, v39-us.tiktokcdn.com, c528364476a3f8a7c95c5fbb75ff259e, /c528364476a3f8a7c95c5fbb75ff259e/61e538a1/video/tos/useast5/tos-useast5-ve-0068c004-tx/a62d08acb13a4b6ca7c0adb24b7f217d/?a=1233&br=1886&bt=943&cd=0%7C0%7C0&ch=0&cr=3&cs=2&cv=1&dr=0&ds=3&er=&ft=xo5uS4L-gXoInz7T&l=2022011703361201019104103622AF9372&lr=all&mime_type=video_mp4&net=0&pl=0&qs=14&rc=am48Ojs6Zm8zOTMzZzczNEApO2hoZWY8N2Q8NzQ1O2ZpNGc0LmtqcjQwZ2xgLS1kMS9zczBeYjUyX2FgNF5iYi4zYS06Yw%3D%3D&vl=&vr=
video/mp4, bytesbytes 0-770134/770135, 1642390579.982145, 1642390579.9835076, 1642390580.0079896, 1642390580.7886498, v39-us.tiktokcdn.com, 94b64afc21c8ddb01b8310127db5a75f, /94b64afc21c8ddb01b8310127db5a75f/61e538a2/video/tos/maliva/tos-maliva-ve-0068c799-us/9e2a3129f659468ea5fcf0ab7b1f391b/?a=1233&br=730&bt=365&cd=0%7C0%7C0&ch=0&cr=3&cs=2&cv=1&dr=0&ds=6&er=&ft=.NpOiIFh7KNWH6Bt-8miLo&l=202201170336170101890722151F2F1DD0&lr=all&mime_type=video_mp4&net=0&pl=0&qs=4&rc=MzxnZDw6ZnlzOjMzZzczNEApOGY0OjZpPDs1NzU4NTg8OWdpY3BtcjRnYmRgLS1kMS9zc15jLy0uMi5iNi5fMzFjLjU6Yw%3D%3D&vl=&vr=
video/mp4, bytesbytes 0-1009066/1009067, 1642390584.6951091, 1642390584.696082, 1642390584.7194726, 1642390585.7805674, v39-us.tiktokcdn.com, a7837c9620bc5902390c564304675afa, /a7837c9620bc5902390c564304675afa/61e5389d/video/tos/maliva/tos-maliva-ve-0068c799-us/599ce3f6458e48d89f0c9bc9415f1b2c/?a=1233&br=1360&bt=680&cd=0%7C0%7C0&ch=0&cr=3&cs=2&cv=1&dr=0&ds=6&er=&ft=.NpOiIFh7KNWH6Bt-8miLo&l=202201170336170101890722151F2F1DD0&lr=all&mime_type=video_mp4&net=0&pl=0&qs=11&rc=M2k4a2k6Znc5OjMzZzczNEApNjYzZmk3Ojs0NzllZWhnM2dyZy9fcjRvb2ZgLS1kMS9zc18xMS1jXy01NWNfXzNjMDA6Yw%3D%3D&vl=&vr=
video/mp4, bytes, 1642390621.628223, 1642390621.629272, 1642390621.6481895, 1642390622.0873861, v39.tiktokcdn-us.com, 56e4f54e1e0e83a31f693d76dda0a9de, /56e4f54e1e0e83a31f693d76dda0a9de/61e538b2/video/tos/useast2a/tos-useast2a-ve-0068c004/c0f25d1b31ba4b86a90cb22cfe1b1294/?a=1233&br=1116&bt=558&cd=0%7C0%7C0&ch=0&cr=3&cs=2&cv=1&dr=0&ds=6&er=&ft=c~.Zm4L-gXoInz7T&l=202201170336430101130062330C45A59A&lr=all&mime_type=video_mp4&net=0&pl=0&qs=4&rc=anRuNnZvNHNodzMzODczM0ApZjk8NWg5PGVoNzZlZGQ3OmdtYnJpNTJzXnJfLS1iMTZzczMuMF5hMmBhM2NfMi1gYTY6Yw%3D%3D&vl=&vr=
video/mp4, bytesbytes 0-1005419/1005420, 1642390622.4603982, 1642390622.4612424, 1642390622.4790604, 1642390623.2440524, v39.tiktokcdn-us.com, 1f07f015dbd7af4f43ac95f6d7d72a98, /1f07f015dbd7af4f43ac95f6d7d72a98/61e538b7/video/tos/useast5/tos-useast5-ve-0068c004-tx/7fb7755292e94b97ae2acf9bbfa03fe3/?a=1233&br=1250&bt=625&cd=0%7C0%7C0&ch=0&cr=3&cs=2&cv=1&dr=0&ds=6&er=&ft=c~.Zm4L-gXoInz7T&l=202201170336430101130062330C45A59A&lr=all&mime_type=video_mp4&net=0&pl=0&qs=11&rc=M2RmZGQ6ZjNzOjMzZzczNEApMzY7PDVoNWVlNzQ5aTppN2drLWxocjRnc19gLS1kMS9zcy4vYF5hMDA0NjI2MzNhYC86Yw%3D%3D&vl=&vr=
video/mp4, bytesbytes 0-1024000/2209343, 1642390623.6817954, 1642390623.6826482, 1642390623.700489, 1642390624.5210066, v39.tiktokcdn-us.com, a1338b234280304d4b63bfb0dd4b7c59, /a1338b234280304d4b63bfb0dd4b7c59/61e538bf/video/tos/useast2a/tos-useast2a-ve-0068c003/a3916a82751449e5bc996d3ea4c44e77/?a=1233&br=1710&bt=855&cd=0%7C0%7C0&ch=0&cr=3&cs=2&cv=1&dr=0&ds=6&er=&ft=c~.Zm4L-gXoInz7T&l=202201170336430101130062330C45A59A&lr=all&mime_type=video_mp4&net=0&pl=0&qs=5&rc=ajx1NTU6ZmdqOTMzNzczM0ApZmk0NjlpOGQ4N2U4NTg8aGcwcTEucjQwbnJgLS1kMTZzc2EzYGBjLTYyNTNgYi1fNTY6Yw%3D%3D&vl=&vr=
video/mp4, bytesbytes 0-1024000/1434945, 1642390625.140704, 1642390625.1415842, 1642390625.2205813, 1642390626.08399, v39.tiktokcdn-us.com, 4b5913754ecf4824f61c16885a710898, /4b5913754ecf4824f61c16885a710898/61e538bc/video/tos/useast2a/tos-useast2a-ve-0068c003/50066f8f4d2b488ba152414c82b60e3c/?a=1233&br=1258&bt=629&cd=0%7C0%7C0&ch=0&cr=3&cs=2&cv=1&dr=0&ds=6&er=&ft=c~.Zm4L-gXoInz7T&l=202201170336430101130062330C45A59A&lr=all&mime_type=video_mp4&net=0&pl=0&qs=11&rc=anZ3NmhraW1tNDMzNzczM0ApZjw7NmQ1OWQ8N2hoZjU2OGdubmg0Ml9oYGhgLS1kMTZzczZhNi8tMDJiMzRfMTRiNTY6Yw%3D%3D&vl=&vr=
video/mp4, bytesbytes 0-1024000/3199001, 1642390626.8816159, 1642390626.8827136, 1642390626.9025552, 1642390627.8899338, v39.tiktokcdn-us.com, 08beabeca999cf260f0c4dcdf7795b89, /08beabeca999cf260f0c4dcdf7795b89/61e538d8/video/tos/useast2a/tos-useast2a-pve-0068/d71c0e8d4bdd441cb28765ca3433472b/?a=1233&br=1084&bt=542&cd=0%7C0%7C0&ch=0&cr=3&cs=2&cv=1&dr=0&ds=3&er=&ft=c~.Zm4L-gXoInz7T&l=202201170336430101130062330C45A59A&lr=all&mime_type=video_mp4&net=0&pl=0&qs=14&rc=M25oMzw6ZjhqNjMzNzczM0ApN2kzaWQ4NDtmN2c6ZTg8aWdrYjJlcjRfNmlgLS1kMTZzczA0YmNjY2AtYDI2MDBfNjY6Yw%3D%3D&vl=&vr=
video/mp4, bytesbytes 0-1024000/1181632, 1642390628.3152797, 1642390628.3162417, 1642390628.3349757, 1642390629.1843157, v39.tiktokcdn-us.com, 196b8efbc19690bf136886a12d506d4f, /196b8efbc19690bf136886a12d506d4f/61e538bb/video/tos/useast2a/tos-useast2a-pve-0068/353eea5c512a4e96bf4aed8f1a7c9fe9/?a=1233&br=1108&bt=554&cd=0%7C0%7C0&ch=0&cr=3&cs=2&cv=1&dr=0&ds=3&er=&ft=c~.Zm4L-gXoInz7T&l=202201170336430101130062330C45A59A&lr=all&mime_type=video_mp4&net=0&pl=0&qs=14&rc=MzZ4bjQ6ZmtoNzMzNzczM0ApODc0NGk0NmVlN2Q7OjczM2c0MGRjcjQwci9gLS1kMTZzcy8tMWFiYS5fMzIyNTUxXy06Yw%3D%3D&vl=&vr=
video/mp4, bytesbytes 0-1024000/1492687, 1642390643.3680904, 1642390643.3700566, 1642390643.39152, 1642390644.4482195, v39.tiktokcdn-us.com, bf6a930526772dd592d20f3acbf145be, /bf6a930526772dd592d20f3acbf145be/61e538c2/video/tos/useast2a/tos-useast2a-ve-0068c004/02c11bae6e0c4bbaa3a6e4b386e22249/?a=1233&br=980&bt=490&cd=0%7C0%7C0&ch=0&cr=3&cs=2&cv=1&dr=0&ds=6&er=&ft=c~.Zm4L-gXoInz7T&l=202201170336430101130062330C45A59A&lr=all&mime_type=video_mp4&net=0&pl=0&qs=4&rc=amQ1NTN2aDpmNjMzNzczM0ApNmg5OTw2ODtnNzhoO2RlNWc0LmVxZWpmNjBgLS1kMTZzczQyLy8wYjAyLl9jL2JjXjQ6Yw%3D%3D&vl=&vr=
video/mp4, bytesbytes 1024000-2209342/2209343, 1642390647.3050811, 1642390647.3066716, 1642390647.3297253, 1642390649.2115397, v39.tiktokcdn-us.com, a1338b234280304d4b63bfb0dd4b7c59, /a1338b234280304d4b63bfb0dd4b7c59/61e538bf/video/tos/useast2a/tos-useast2a-ve-0068c003/a3916a82751449e5bc996d3ea4c44e77/?a=1233&br=1710&bt=855&cd=0%7C0%7C0&ch=0&cr=3&cs=2&cv=1&dr=0&ds=6&er=&ft=c~.Zm4L-gXoInz7T&l=202201170336430101130062330C45A59A&lr=all&mime_type=video_mp4&net=0&pl=0&qs=5&rc=ajx1NTU6ZmdqOTMzNzczM0ApZmk0NjlpOGQ4N2U4NTg8aGcwcTEucjQwbnJgLS1kMTZzc2EzYGBjLTYyNTNgYi1fNTY6Yw%3D%3D&vl=&vr=
video/mp4, bytesbytes 0-1024000/3653700, 1642390649.7239816, 1642390649.7264543, 1642390649.7574682, 1642390651.34519, v39.tiktokcdn-us.com, 9782522851bcef76e8ed051acaeb4032, /9782522851bcef76e8ed051acaeb4032/61e538dd/video/tos/useast2a/tos-useast2a-ve-0068c001/5bc95ee24c964e9b933f7770c02b2951/?a=1233&br=1136&bt=568&cd=0%7C0%7C0&ch=0&cr=3&cs=2&cv=1&dr=0&ds=6&er=&ft=c~.Zm4L-gXoInz7T&l=202201170336430101130062330C45A59A&lr=all&mime_type=video_mp4&net=0&pl=0&qs=5&rc=M2plODQ6ZjllNjMzNzczM0ApNWUzOGQ7NTw4Nzg8ZWU8O2drLmJucjQwLnBgLS1kMTZzczBjNjQvMDZeYS8xNGEvMDA6Yw%3D%3D&vl=&vr=
video/mp4, bytesbytes 1024000-1434944/1434945, 1642390652.157378, 1642390652.1592543, 1642390652.197948, 1642390652.9121904, v39.tiktokcdn-us.com, 4b5913754ecf4824f61c16885a710898, /4b5913754ecf4824f61c16885a710898/61e538bc/video/tos/useast2a/tos-useast2a-ve-0068c003/50066f8f4d2b488ba152414c82b60e3c/?a=1233&br=1258&bt=629&cd=0%7C0%7C0&ch=0&cr=3&cs=2&cv=1&dr=0&ds=6&er=&ft=c~.Zm4L-gXoInz7T&l=202201170336430101130062330C45A59A&lr=all&mime_type=video_mp4&net=0&pl=0&qs=11&rc=anZ3NmhraW1tNDMzNzczM0ApZjw7NmQ1OWQ8N2hoZjU2OGdubmg0Ml9oYGhgLS1kMTZzczZhNi8tMDJiMzRfMTRiNTY6Yw%3D%3D&vl=&vr=
video/mp4, bytesbytes 0-283561/283562, 1642390653.3557215, 1642390653.3587172, 1642390653.3745587, 1642390653.7130504, v19.tiktokcdn-us.com, 283e5188c1849a6f1515ddecb8e30f3c, /283e5188c1849a6f1515ddecb8e30f3c/61e538b1/video/tos/useast2a/tos-useast2a-ve-0068c003/c82291f2f7744bbabb097f3a38918c6a/?a=1233&br=666&bt=333&cd=0%7C0%7C0&ch=0&cr=3&cs=2&cv=1&dr=0&ds=6&er=&ft=c~.Zm4L-gXoInz7T&l=202201170336430101130062330C45A59A&lr=all&mime_type=video_mp4&net=0&pl=0&qs=4&rc=anVseHJvbmdtdTMzZjczM0ApZWc2M2g4PDs6N2g5ZDdkaWdwNDYwcnM0L3BfLS0yMTZzczE1MmBgYDNfYDYuMWM2YTE6Yw%3D%3D&vl=&vr=
video/mp4, bytesbytes 1024000-3199000/3199001, 1642390658.8124163, 1642390658.8134787, 1642390658.8864543, 1642390661.898506, v39.tiktokcdn-us.com, 08beabeca999cf260f0c4dcdf7795b89, /08beabeca999cf260f0c4dcdf7795b89/61e538d8/video/tos/useast2a/tos-useast2a-pve-0068/d71c0e8d4bdd441cb28765ca3433472b/?a=1233&br=1084&bt=542&cd=0%7C0%7C0&ch=0&cr=3&cs=2&cv=1&dr=0&ds=3&er=&ft=c~.Zm4L-gXoInz7T&l=202201170336430101130062330C45A59A&lr=all&mime_type=video_mp4&net=0&pl=0&qs=14&rc=M25oMzw6ZjhqNjMzNzczM0ApN2kzaWQ4NDtmN2c6ZTg8aWdrYjJlcjRfNmlgLS1kMTZzczA0YmNjY2AtYDI2MDBfNjY6Yw%3D%3D&vl=&vr=
video/mp4, bytesbytes 0-1024000/1412515, 1642390662.6702065, 1642390662.6713028, 1642390662.7149954, 1642390664.1265523, v39.tiktokcdn-us.com, 4a02c39f2b3e1eb7791477356c4ce1e5, /4a02c39f2b3e1eb7791477356c4ce1e5/61e538bf/video/tos/useast2a/tos-useast2a-ve-0068c003/b2a74e92317c41a98ff396e61f505581/?a=1233&br=1092&bt=546&cd=0%7C0%7C0&ch=0&cr=3&cs=2&cv=1&dr=0&ds=6&er=&ft=c~.Zm4L-gXoInz7T&l=202201170336430101130062330C45A59A&lr=all&mime_type=video_mp4&net=0&pl=0&qs=5&rc=MzhxNTo7OmluNTMzNzczM0ApaDNlODRpZzszNzc3NDk2NWdqYzQ1Z2RibzBgLS1kMTZzc2JjMmItYy5fLi9gY2EyM2A6Yw%3D%3D&vl=&vr=
video/mp4, bytesbytes 1024000-1181631/1181632, 1642390685.169131, 1642390685.1726565, 1642390685.2438605, 1642390685.4955516, v39.tiktokcdn-us.com, 196b8efbc19690bf136886a12d506d4f, /196b8efbc19690bf136886a12d506d4f/61e538bb/video/tos/useast2a/tos-useast2a-pve-0068/353eea5c512a4e96bf4aed8f1a7c9fe9/?a=1233&br=1108&bt=554&cd=0%7C0%7C0&ch=0&cr=3&cs=2&cv=1&dr=0&ds=3&er=&ft=c~.Zm4L-gXoInz7T&l=202201170336430101130062330C45A59A&lr=all&mime_type=video_mp4&net=0&pl=0&qs=14&rc=MzZ4bjQ6ZmtoNzMzNzczM0ApODc0NGk0NmVlN2Q7OjczM2c0MGRjcjQwci9gLS1kMTZzcy8tMWFiYS5fMzIyNTUxXy06Yw%3D%3D&vl=&vr=
video/mp4, bytesbytes 1024000-1492686/1492687, 1642390693.8591826, 1642390693.8608916, 1642390693.9059377, 1642390694.7389174, v39.tiktokcdn-us.com, bf6a930526772dd592d20f3acbf145be, /bf6a930526772dd592d20f3acbf145be/61e538c2/video/tos/useast2a/tos-useast2a-ve-0068c004/02c11bae6e0c4bbaa3a6e4b386e22249/?a=1233&br=980&bt=490&cd=0%7C0%7C0&ch=0&cr=3&cs=2&cv=1&dr=0&ds=6&er=&ft=c~.Zm4L-gXoInz7T&l=202201170336430101130062330C45A59A&lr=all&mime_type=video_mp4&net=0&pl=0&qs=4&rc=amQ1NTN2aDpmNjMzNzczM0ApNmg5OTw2ODtnNzhoO2RlNWc0LmVxZWpmNjBgLS1kMTZzczQyLy8wYjAyLl9jL2JjXjQ6Yw%3D%3D&vl=&vr=
video/mp4, bytesbytes 1024000-3653699/3653700, 1642390710.135087, 1642390710.136034, 1642390710.1576605, 1642390712.7957387, v39.tiktokcdn-us.com, 9782522851bcef76e8ed051acaeb4032, /9782522851bcef76e8ed051acaeb4032/61e538dd/video/tos/useast2a/tos-useast2a-ve-0068c001/5bc95ee24c964e9b933f7770c02b2951/?a=1233&br=1136&bt=568&cd=0%7C0%7C0&ch=0&cr=3&cs=2&cv=1&dr=0&ds=6&er=&ft=c~.Zm4L-gXoInz7T&l=202201170336430101130062330C45A59A&lr=all&mime_type=video_mp4&net=0&pl=0&qs=5&rc=M2plODQ6ZjllNjMzNzczM0ApNWUzOGQ7NTw4Nzg8ZWU8O2drLmJucjQwLnBgLS1kMTZzczBjNjQvMDZeYS8xNGEvMDA6Yw%3D%3D&vl=&vr=
video/mp4, bytes 0-1024000/1093114, 1642390714.0138986, 1642390714.0160737, 1642390714.0548518, 1642390715.0518408, v25.tiktokcdn-us.com, 38414134a8fc9698d6fce026ac71391f, /38414134a8fc9698d6fce026ac71391f/61e53927/video/tos/useast2a/tos-useast2a-ve-0068c004/ebeda0edfad943b88c11b94bd99d0786/?a=1233&br=976&bt=488&cd=0%7C0%7C0&ch=0&cr=3&cs=2&cv=1&dr=0&ds=3&er=&ft=c~.Zm4L-gXoInz7T&l=202201170338300101131351391250E3D8&lr=all&mime_type=video_mp4&net=0&pl=0&qs=14&rc=amo3a2g6ZnJoNzMzNzczM0ApNGhpNzppNmQ2NzRoNGk0OWcvb2IzcjRfZzBgLS1kMTZzczM1YzIvYWIzYC5iM2AvYDE6Yw%3D%3D&vl=&vr=
video/mp4, bytes 0-1024000/2492421, 1642390715.6629968, 1642390715.6642568, 1642390715.716309, 1642390716.6111932, v25.tiktokcdn-us.com, f73940813f4dc08297654c2bf10ea832, /f73940813f4dc08297654c2bf10ea832/61e5393d/video/tos/useast2a/tos-useast2a-pve-0068/85f26dad7c324228908ebbb101ade411/?a=1233&br=978&bt=489&cd=0%7C0%7C0&ch=0&cr=3&cs=2&cv=1&dr=0&ds=6&er=&ft=c~.Zm4L-gXoInz7T&l=202201170338300101131351391250E3D8&lr=all&mime_type=video_mp4&net=0&pl=0&qs=5&rc=am5zdDw6ZmhqNjMzNzczM0ApOWRnZ2k2NmU0NzRoaGg5O2dtNGtncjRnb2hgLS1kMTZzczQxYF81MjRgM18wNjAxYV86Yw%3D%3D&vl=&vr=
video/mp4, bytes 0-1024000/1130687, 1642390717.0969408, 1642390717.0993168, 1642390717.13708, 1642390718.0211468, v25.tiktokcdn-us.com, adcfdc8bcfcc84d47222b0cffaf55283, /adcfdc8bcfcc84d47222b0cffaf55283/61e53925/video/tos/useast2a/tos-useast2a-ve-0068c004/4dd3485cb1714c11939fbdd0790ecb0f/?a=1233&br=1160&bt=580&cd=0%7C0%7C0&ch=0&cr=3&cs=2&cv=1&dr=0&ds=6&er=&ft=c~.Zm4L-gXoInz7T&l=202201170338300101131351391250E3D8&lr=all&mime_type=video_mp4&net=0&pl=0&qs=5&rc=MzlqN214NThwNTMzNzczM0ApNmQ5PGZnO2Q8N2VoN2ZkM2cubjNkcWZyam5gLS1kMTZzc2MyYTY2Yy4yLjYyXzMvMDA6Yw%3D%3D&vl=&vr=
video/mp4, bytes 0-1024000/1040955, 1642390760.672095, 1642390760.6761127, 1642390760.707767, 1642390761.6888785, v25.tiktokcdn-us.com, 0ebcef1bebde947d196baeb989eeeb1f, /0ebcef1bebde947d196baeb989eeeb1f/61e53924/video/tos/useast5/tos-useast5-ve-0068c002-tx/81d5a7de49db427a8ee34e83ff2f209c/?a=1233&br=1078&bt=539&cd=0%7C0%7C0&ch=0&cr=3&cs=2&cv=1&dr=0&ds=6&er=&ft=c~.Zm4L-gXoInz7T&l=202201170338300101131351391250E3D8&lr=all&mime_type=video_mp4&net=0&pl=0&qs=11&rc=amkzdjo6ZnY6OjMzZzczNEApPDU4OGk3M2VmN2U8OTQ3aGdoXnNtcjRnNTVgLS1kMS9zczU2NDU1MDZhMTEyYC9fM2I6Yw%3D%3D&vl=&vr=
video/mp4, bytesbytes 1024000-1412514/1412515, 1642390767.5835378, 1642390767.5863788, 1642390767.6129324, 1642390768.0596728, v39.tiktokcdn-us.com, 4a02c39f2b3e1eb7791477356c4ce1e5, /4a02c39f2b3e1eb7791477356c4ce1e5/61e538bf/video/tos/useast2a/tos-useast2a-ve-0068c003/b2a74e92317c41a98ff396e61f505581/?a=1233&br=1092&bt=546&cd=0%7C0%7C0&ch=0&cr=3&cs=2&cv=1&dr=0&ds=6&er=&ft=c~.Zm4L-gXoInz7T&l=202201170336430101130062330C45A59A&lr=all&mime_type=video_mp4&net=0&pl=0&qs=5&rc=MzhxNTo7OmluNTMzNzczM0ApaDNlODRpZzszNzc3NDk2NWdqYzQ1Z2RibzBgLS1kMTZzc2JjMmItYy5fLi9gY2EyM2A6Yw%3D%3D&vl=&vr=
video/mp4, bytes 0-1024000/1849898, 1642390768.2974632, 1642390768.2983406, 1642390768.324977, 1642390769.7712734, v25.tiktokcdn-us.com, 9d4ba65d4791d440c5a01d1cce7cb118, /9d4ba65d4791d440c5a01d1cce7cb118/61e5392f/video/tos/alisg/tos-alisg-pve-0037c001/0fcd2e46f8c24166a41b1a8f9f5a534e/?a=1233&br=1140&bt=570&cd=0%7C0%7C0&ch=0&cr=3&cs=2&cv=1&dr=0&ds=6&er=&ft=c~.Zm4L-gXoInz7T&l=202201170338300101131351391250E3D8&lr=all&mime_type=video_mp4&net=0&pl=0&qs=11&rc=ajY3Njk6ZmU2OTMzODczNEApaDU1ODpnZzxmNzNmZGg4M2dsb25ucjRvM2BgLS1kMS1zczEuMDQxM2M0NS9jMWA0My46Yw%3D%3D&vl=&vr=
video/mp4, bytes 1024000-1093113/1093114, 1642390784.1693733, 1642390784.1707659, 1642390784.2068923, 1642390784.2484763, v25.tiktokcdn-us.com, 38414134a8fc9698d6fce026ac71391f, /38414134a8fc9698d6fce026ac71391f/61e53927/video/tos/useast2a/tos-useast2a-ve-0068c004/ebeda0edfad943b88c11b94bd99d0786/?a=1233&br=976&bt=488&cd=0%7C0%7C0&ch=0&cr=3&cs=2&cv=1&dr=0&ds=3&er=&ft=c~.Zm4L-gXoInz7T&l=202201170338300101131351391250E3D8&lr=all&mime_type=video_mp4&net=0&pl=0&qs=14&rc=amo3a2g6ZnJoNzMzNzczM0ApNGhpNzppNmQ2NzRoNGk0OWcvb2IzcjRfZzBgLS1kMTZzczM1YzIvYWIzYC5iM2AvYDE6Yw%3D%3D&vl=&vr=
video/mp4, bytes 0-557503/557504, 1642390784.3465137, 1642390784.3482587, 1642390784.423211, 1642390785.339263, v25.tiktokcdn-us.com, 3642a5685c2a80d11bdd605a7111e6d2, /3642a5685c2a80d11bdd605a7111e6d2/61e53920/video/tos/useast2a/tos-useast2a-ve-0068c002/3b04e783681a450b960ddb8446dd3c3b/?a=1233&br=814&bt=407&cd=0%7C0%7C0&ch=0&cr=3&cs=2&cv=1&dr=0&ds=6&er=&ft=c~.Zm4L-gXoInz7T&l=202201170338300101131351391250E3D8&lr=all&mime_type=video_mp4&net=0&pl=0&qs=4&rc=am53bnBmZ2Z2NDMzNzczM0ApOzU6ZGhlOmQ0Nzk6NmU2ZWduZmtiZy5pNG5gLS1kMTZzc18wMl9fNTAuMF9eMmMvNC06Yw%3D%3D&vl=&vr=
video/mp4, bytes 1024000-2492420/2492421, 1642390801.9879336, 1642390801.989562, 1642390802.031271, 1642390803.7473776, v25.tiktokcdn-us.com, f73940813f4dc08297654c2bf10ea832, /f73940813f4dc08297654c2bf10ea832/61e5393d/video/tos/useast2a/tos-useast2a-pve-0068/85f26dad7c324228908ebbb101ade411/?a=1233&br=978&bt=489&cd=0%7C0%7C0&ch=0&cr=3&cs=2&cv=1&dr=0&ds=6&er=&ft=c~.Zm4L-gXoInz7T&l=202201170338300101131351391250E3D8&lr=all&mime_type=video_mp4&net=0&pl=0&qs=5&rc=am5zdDw6ZmhqNjMzNzczM0ApOWRnZ2k2NmU0NzRoaGg5O2dtNGtncjRnb2hgLS1kMTZzczQxYF81MjRgM18wNjAxYV86Yw%3D%3D&vl=&vr=
video/mp4, bytes 0-1001318/1001319, 1642390804.4449687, 1642390804.4463181, 1642390804.4747028, 1642390805.445906, v25.tiktokcdn-us.com, cad54a37c9101f8f1053a00ab3896bf4, /cad54a37c9101f8f1053a00ab3896bf4/61e53921/video/tos/useast5/tos-useast5-ve-0068c003-tx/724514e92b8043a6947f02201f7c50ab/?a=1233&br=1328&bt=664&cd=0%7C0%7C0&ch=0&cr=3&cs=2&cv=1&dr=0&ds=3&er=&ft=c~.Zm4L-gXoInz7T&l=202201170338300101131351391250E3D8&lr=all&mime_type=video_mp4&net=0&pl=0&qs=14&rc=M29saWg6ZjczOjMzZzczNEApZ2hkaDY8NmQ7N2hnNjplaGcyNGBocjRfX2FgLS1kMS9zc2I2YzFeNTYyMTAyL2ItMmA6Yw%3D%3D&vl=&vr=
video/mp4, bytes 1024000-1130686/1130687, 1642390842.1321087, 1642390842.1362562, 1642390842.1599276, 1642390842.244296, v25.tiktokcdn-us.com, adcfdc8bcfcc84d47222b0cffaf55283, /adcfdc8bcfcc84d47222b0cffaf55283/61e53925/video/tos/useast2a/tos-useast2a-ve-0068c004/4dd3485cb1714c11939fbdd0790ecb0f/?a=1233&br=1160&bt=580&cd=0%7C0%7C0&ch=0&cr=3&cs=2&cv=1&dr=0&ds=6&er=&ft=c~.Zm4L-gXoInz7T&l=202201170338300101131351391250E3D8&lr=all&mime_type=video_mp4&net=0&pl=0&qs=5&rc=MzlqN214NThwNTMzNzczM0ApNmQ5PGZnO2Q8N2VoN2ZkM2cubjNkcWZyam5gLS1kMTZzc2MyYTY2Yy4yLjYyXzMvMDA6Yw%3D%3D&vl=&vr=
video/mp4, bytes 0-1024000/2121440, 1642390842.3753443, 1642390842.3769224, 1642390842.4205782, 1642390843.2825546, v25.tiktokcdn-us.com, acfec30bc9c1e759aeea3ba909e9cff3, /acfec30bc9c1e759aeea3ba909e9cff3/61e5392b/video/tos/useast2a/tos-useast2a-pve-0068/bce660f83b4044319aeab83ae5a264f6/?a=1233&br=1562&bt=781&cd=0%7C0%7C0&ch=0&cr=3&cs=2&cv=1&dr=0&ds=6&er=&ft=c~.Zm4L-gXoInz7T&l=202201170338300101131351391250E3D8&lr=all&mime_type=video_mp4&net=0&pl=0&qs=5&rc=ajtwaW9vZGt5NTMzNzczM0ApMzo0ZTNlNWQ4N2Y4Zjg5Z2djaTZlczNkM2dgLS1kMTZzc2A2MC4wYy9iYTQtMmBjNl46Yw%3D%3D&vl=&vr=
video/mp4, bytes 1024000-1040954/1040955, 1642390844.4440823, 1642390844.445141, 1642390844.472554, 1642390844.475285, v25.tiktokcdn-us.com, 0ebcef1bebde947d196baeb989eeeb1f, /0ebcef1bebde947d196baeb989eeeb1f/61e53924/video/tos/useast5/tos-useast5-ve-0068c002-tx/81d5a7de49db427a8ee34e83ff2f209c/?a=1233&br=1078&bt=539&cd=0%7C0%7C0&ch=0&cr=3&cs=2&cv=1&dr=0&ds=6&er=&ft=c~.Zm4L-gXoInz7T&l=202201170338300101131351391250E3D8&lr=all&mime_type=video_mp4&net=0&pl=0&qs=11&rc=amkzdjo6ZnY6OjMzZzczNEApPDU4OGk3M2VmN2U8OTQ3aGdoXnNtcjRnNTVgLS1kMS9zczU2NDU1MDZhMTEyYC9fM2I6Yw%3D%3D&vl=&vr=
video/mp4, bytes 0-1024000/1092150, 1642390844.5482159, 1642390844.5494251, 1642390844.613334, 1642390845.5611565, v25.tiktokcdn-us.com, 77193c8f54e4a37a41e6e63416c90d31, /77193c8f54e4a37a41e6e63416c90d31/61e53925/video/tos/useast2a/tos-useast2a-ve-0068c003/611da05dff2541bba24506d504120187/?a=1233&br=1106&bt=553&cd=0%7C0%7C0&ch=0&cr=3&cs=2&cv=1&dr=0&ds=6&er=&ft=c~.Zm4L-gXoInz7T&l=202201170338300101131351391250E3D8&lr=all&mime_type=video_mp4&net=0&pl=0&qs=11&rc=ajo6ZzZyOmt2dDMzNzczM0ApaGc0OzY6N2VlNzM1OTw3aWdfbmYzbDAvYzBfLS1jMTZzc2NjNmA1NS0zLTE0MF80MGI6Yw%3D%3D&vl=&vr=
video/mp4, bytes 1024000-1849897/1849898, 1642390847.6578531, 1642390847.658998, 1642390847.6877038, 1642390848.6761274, v25.tiktokcdn-us.com, 9d4ba65d4791d440c5a01d1cce7cb118, /9d4ba65d4791d440c5a01d1cce7cb118/61e5392f/video/tos/alisg/tos-alisg-pve-0037c001/0fcd2e46f8c24166a41b1a8f9f5a534e/?a=1233&br=1140&bt=570&cd=0%7C0%7C0&ch=0&cr=3&cs=2&cv=1&dr=0&ds=6&er=&ft=c~.Zm4L-gXoInz7T&l=202201170338300101131351391250E3D8&lr=all&mime_type=video_mp4&net=0&pl=0&qs=11&rc=ajY3Njk6ZmU2OTMzODczNEApaDU1ODpnZzxmNzNmZGg4M2dsb25ucjRvM2BgLS1kMS1zczEuMDQxM2M0NS9jMWA0My46Yw%3D%3D&vl=&vr=
video/mp4, bytes 0-558138/558139, 1642390849.1182237, 1642390849.1192586, 1642390849.2042851, 1642390849.6966784, v25.tiktokcdn-us.com, 629cc7e51f276ce90d71bc09eb07afd2, /629cc7e51f276ce90d71bc09eb07afd2/61e5391e/video/tos/useast2a/tos-useast2a-pve-0068/060bd750fbeb462c8e674263b1a14cc8/?a=1233&br=1054&bt=527&cd=0%7C0%7C0&ch=0&cr=3&cs=2&cv=1&dr=0&ds=3&er=&ft=c~.Zm4L-gXoInz7T&l=202201170338300101131351391250E3D8&lr=all&mime_type=video_mp4&net=0&pl=0&qs=14&rc=ajlncnh0bXY7NTMzNzczM0ApPDs8Nzk0ZmVmN2c3M2lkO2deNjU1MjFhZl5gLS1kMTZzcy8uXjMtYTJiX2BjMjIuNjQ6Yw%3D%3D&vl=&vr=
video/mp4, bytes 1024000-2121439/2121440, 1642390876.2343428, 1642390876.2378862, 1642390876.2667594, 1642390877.2386582, v25.tiktokcdn-us.com, acfec30bc9c1e759aeea3ba909e9cff3, /acfec30bc9c1e759aeea3ba909e9cff3/61e5392b/video/tos/useast2a/tos-useast2a-pve-0068/bce660f83b4044319aeab83ae5a264f6/?a=1233&br=1562&bt=781&cd=0%7C0%7C0&ch=0&cr=3&cs=2&cv=1&dr=0&ds=6&er=&ft=c~.Zm4L-gXoInz7T&l=202201170338300101131351391250E3D8&lr=all&mime_type=video_mp4&net=0&pl=0&qs=5&rc=ajtwaW9vZGt5NTMzNzczM0ApMzo0ZTNlNWQ4N2Y4Zjg5Z2djaTZlczNkM2dgLS1kMTZzc2A2MC4wYy9iYTQtMmBjNl46Yw%3D%3D&vl=&vr=
video/mp4, bytesbytes 0-572369/572370, 1642390877.795184, 1642390877.797113, 1642390877.8196573, 1642390878.285927, v16m.tiktokcdn-us.com, adc98311b79e866a24178e642378133f, /adc98311b79e866a24178e642378133f/61e539c3/video/tos/useast2a/tos-useast2a-ve-0068c002/9a2794aa230541308cc5eca4e5bafa23/?a=1233&br=1170&bt=585&cd=0%7C0%7C0&ch=0&cr=3&cs=2&cv=1&dr=0&ds=3&er=&ft=c~.Zm4L-gXoInz7T&l=20220117034116010113135043094FBC34&lr=all&mime_type=video_mp4&net=0&pl=0&qs=14&rc=M3kzcms1NHd0NDMzOjczM0ApZGc7OjU6PGQ3Nzg4aTozZGc1a3NhbGowbDJgLS02MTZzcy82YjItMV9iLV8vYjEwNF86Yw%3D%3D&vl=&vr=
video/mp4, bytesbytes 0-1024000/1115179, 1642390878.6083422, 1642390878.6112216, 1642390878.635457, 1642390879.551497, v16m.tiktokcdn-us.com, 42f0b54ed1feeee28f438b779c37dd91, /42f0b54ed1feeee28f438b779c37dd91/61e539cc/video/tos/useast2a/tos-useast2a-pve-0068/b7bce4a37804449f9d2183c5933ac52d/?a=1233&br=1022&bt=511&cd=0%7C0%7C0&ch=0&cr=3&cs=2&cv=1&dr=0&ds=6&er=&ft=c~.Zm4L-gXoInz7T&l=20220117034116010113135043094FBC34&lr=all&mime_type=video_mp4&net=0&pl=0&qs=5&rc=M2k6OHV0cm5yNjMzNzczM0ApOTU1N2lpNjtmNzo2NTc4aWdtcC01azE1bzZgLS1kMTZzc2I0LTI0YjI1LmA0Ni4xYS86Yw%3D%3D&vl=&vr=
video/mp4, bytesbytes 0-1024000/1219030, 1642390880.016448, 1642390880.0177047, 1642390880.0539157, 1642390880.9505534, v16m.tiktokcdn-us.com, e5b386ea2a307d4aff2726533d0225f1, /e5b386ea2a307d4aff2726533d0225f1/61e539ca/video/tos/useast2a/tos-useast2a-ve-0068c004/634f17cf046d4f1ea70aa47fb2057d65/?a=1233&br=1274&bt=637&cd=0%7C0%7C0&ch=0&cr=3&cs=2&cv=1&dr=0&ds=6&er=&ft=c~.Zm4L-gXoInz7T&l=20220117034116010113135043094FBC34&lr=all&mime_type=video_mp4&net=0&pl=0&qs=4&rc=ajhkeTtyNjM1NDMzNzczM0ApMzk8aTU5NmQ4NzM5Njk2aWcvamRjNGE2LmtgLS1kMTZzczMwYC9jYWIuXy9iMGMzNS86Yw%3D%3D&vl=&vr=
video/mp4, bytes 1024000-1092149/1092150, 1642390897.7340834, 1642390897.7363486, 1642390897.7737353, 1642390897.8196483, v25.tiktokcdn-us.com, 77193c8f54e4a37a41e6e63416c90d31, /77193c8f54e4a37a41e6e63416c90d31/61e53925/video/tos/useast2a/tos-useast2a-ve-0068c003/611da05dff2541bba24506d504120187/?a=1233&br=1106&bt=553&cd=0%7C0%7C0&ch=0&cr=3&cs=2&cv=1&dr=0&ds=6&er=&ft=c~.Zm4L-gXoInz7T&l=202201170338300101131351391250E3D8&lr=all&mime_type=video_mp4&net=0&pl=0&qs=11&rc=ajo6ZzZyOmt2dDMzNzczM0ApaGc0OzY6N2VlNzM1OTw3aWdfbmYzbDAvYzBfLS1jMTZzc2NjNmA1NS0zLTE0MF80MGI6Yw%3D%3D&vl=&vr=
video/mp4, bytesbytes 0-702867/702868, 1642390897.9279587, 1642390897.931047, 1642390897.9554465, 1642390898.70104, v16m.tiktokcdn-us.com, e543741b13a3dc197b5399f79ef82dc2, /e543741b13a3dc197b5399f79ef82dc2/61e539c3/video/tos/alisg/tos-alisg-pve-0037c001/202e295a089748c1b884ab25998a2b3a/?a=1233&br=1366&bt=683&cd=0%7C0%7C0&ch=0&cr=3&cs=2&cv=1&dr=0&ds=6&er=&ft=c~.Zm4L-gXoInz7T&l=20220117034116010113135043094FBC34&lr=all&mime_type=video_mp4&net=0&pl=0&qs=11&rc=MzQzPHNnNjg8NDMzNTczM0ApOTk5aGRlOjw6Nzg7NTxnZmdnYW5ibTJwcjZgLS0xMTRzczZfMTZjMGEyYDA0LmJfMWM6Yw%3D%3D&vl=&vr=
video/mp4, bytesbytes 0-1024000/1417688, 1642390905.5140705, 1642390905.5190067, 1642390905.5708487, 1642390906.6266599, v16m.tiktokcdn-us.com, f87639e5c01e82542f3b7ec5341b2d98, /f87639e5c01e82542f3b7ec5341b2d98/61e539d0/video/tos/useast2a/tos-useast2a-ve-0068c003/ea7de911776840ddb16332a908d46e62/?a=1233&br=1060&bt=530&cd=0%7C0%7C0&ch=0&cr=3&cs=2&cv=1&dr=0&ds=6&er=&ft=c~.Zm4L-gXoInz7T&l=20220117034116010113135043094FBC34&lr=all&mime_type=video_mp4&net=0&pl=0&qs=5&rc=anZ0aGhoNG0zNTMzNzczM0ApNDRoOmc0ZGVpNzdnM2QzOWcvbGZhM3BoLm5gLS1kMTZzcy1fYDBeNS00NF8yYjZgYWE6Yw%3D%3D&vl=&vr=
video/mp4, bytesbytes 1024000-1115178/1115179, 1642390909.7355933, 1642390909.7383327, 1642390909.7721846, 1642390909.8508556, v16m.tiktokcdn-us.com, 42f0b54ed1feeee28f438b779c37dd91, /42f0b54ed1feeee28f438b779c37dd91/61e539cc/video/tos/useast2a/tos-useast2a-pve-0068/b7bce4a37804449f9d2183c5933ac52d/?a=1233&br=1022&bt=511&cd=0%7C0%7C0&ch=0&cr=3&cs=2&cv=1&dr=0&ds=6&er=&ft=c~.Zm4L-gXoInz7T&l=20220117034116010113135043094FBC34&lr=all&mime_type=video_mp4&net=0&pl=0&qs=5&rc=M2k6OHV0cm5yNjMzNzczM0ApOTU1N2lpNjtmNzo2NTc4aWdtcC01azE1bzZgLS1kMTZzc2I0LTI0YjI1LmA0Ni4xYS86Yw%3D%3D&vl=&vr=
video/mp4, bytesbytes 1024000-1219029/1219030, 1642390910.8469589, 1642390910.848193, 1642390910.863757, 1642390911.031874, v16m.tiktokcdn-us.com, e5b386ea2a307d4aff2726533d0225f1, /e5b386ea2a307d4aff2726533d0225f1/61e539ca/video/tos/useast2a/tos-useast2a-ve-0068c004/634f17cf046d4f1ea70aa47fb2057d65/?a=1233&br=1274&bt=637&cd=0%7C0%7C0&ch=0&cr=3&cs=2&cv=1&dr=0&ds=6&er=&ft=c~.Zm4L-gXoInz7T&l=20220117034116010113135043094FBC34&lr=all&mime_type=video_mp4&net=0&pl=0&qs=4&rc=ajhkeTtyNjM1NDMzNzczM0ApMzk8aTU5NmQ4NzM5Njk2aWcvamRjNGE2LmtgLS1kMTZzczMwYC9jYWIuXy9iMGMzNS86Yw%3D%3D&vl=&vr=
video/mp4, bytesbytes 0-1024000/1143962, 1642390911.1658115, 1642390911.1670752, 1642390911.1842093, 1642390912.061233, v16m.tiktokcdn-us.com, 15e172a9ea894a83d61718ea188a6912, /15e172a9ea894a83d61718ea188a6912/61e539ca/video/tos/useast2a/tos-useast2a-pve-0068/b637ca2b83ce47c2ac2e48d883388487/?a=1233&br=1258&bt=629&cd=0%7C0%7C0&ch=0&cr=3&cs=2&cv=1&dr=0&ds=6&er=&ft=c~.Zm4L-gXoInz7T&l=20220117034116010113135043094FBC34&lr=all&mime_type=video_mp4&net=0&pl=0&qs=11&rc=MzRoaGV1czhxMzMzZzczM0ApZjM0ZztmOmRnN2ZkOjw4PGcvZDQxcDU1ZW5gLS1eMTZzczRgYWE1MzNeLjYxXmFgMWA6Yw%3D%3D&vl=&vr=
video/mp4, bytesbytes 0-599629/599630, 1642390912.4774482, 1642390912.4789894, 1642390912.4958591, 1642390913.0063286, v16m.tiktokcdn-us.com, e59bfbc63f0cf3cfa4077f9ca609bb91, /e59bfbc63f0cf3cfa4077f9ca609bb91/61e539c3/video/tos/useast2a/tos-useast2a-ve-0068c004/53037072e7ea46719f71503983e53896/?a=1233&br=1180&bt=590&cd=0%7C0%7C0&ch=0&cr=3&cs=2&cv=1&dr=0&ds=3&er=&ft=c~.Zm4L-gXoInz7T&l=20220117034116010113135043094FBC34&lr=all&mime_type=video_mp4&net=0&pl=0&qs=14&rc=M2dvcmg6ZmZtOTMzNzczM0ApNWg6aWY2aGU8NzdpOWc7OWdsaGEucjRvZV9gLS1kMTZzc15hLjIzXmIxNWNeYjUwYGA6Yw%3D%3D&vl=&vr=
video/mp4, bytesbytes 0-473870/473871, 1642390913.2413468, 1642390913.2422187, 1642390913.2605839, 1642390913.7156913, v16m.tiktokcdn-us.com, 65096e6ce2b190df3d5d6f7f8792fe60, /65096e6ce2b190df3d5d6f7f8792fe60/61e539c0/video/tos/useast2a/tos-useast2a-ve-0068c004/e99cb9d5a11d4ac7a496622b02f8a9ad/?a=1233&br=1476&bt=738&cd=0%7C0%7C0&ch=0&cr=3&cs=0&dr=0&ds=2&er=&ft=c~.Zm4L-gXoInz7T&l=20220117034116010113135043094FBC34&lr=all&mime_type=video_mp4&net=0&pl=0&qs=0&rc=MzN1NmdkcnU2NTMzNzczM0ApNjk0Z2c7Zzs4NzRmMzYzM2dwYmtrai5laXFgLS1kMTZzc2BiNV4zNTEyNjQ0XmEzMS86Yw%3D%3D&vl=&vr=
video/mp4, bytesbytes 0-1024000/1492445, 1642390923.743308, 1642390923.7489843, 1642390923.7856104, 1642390924.8066063, v16m.tiktokcdn-us.com, 1aa2b3bb9e02411ec536f946e46c5ddc, /1aa2b3bb9e02411ec536f946e46c5ddc/61e539cf/video/tos/useast2a/tos-useast2a-ve-0068c001/c5de9ff6392249969411ec47d9e78136/?a=1233&br=1208&bt=604&cd=0%7C0%7C0&ch=0&cr=3&cs=2&cv=1&dr=0&ds=6&er=&ft=c~.Zm4L-gXoInz7T&l=20220117034116010113135043094FBC34&lr=all&mime_type=video_mp4&net=0&pl=0&qs=4&rc=ampneXc6ZTR3NTMzNzczM0ApPDo7OjtpZzs6N2Y8ZWdmZGdzLWgwNmMtNGNgLS1kMTZzc2M0NTU2MDUyYDExXmE2Y146Yw%3D%3D&vl=&vr=
video/mp4, bytesbytes 1024000-1417687/1417688, 1642390929.01153, 1642390929.01365, 1642390929.0299506, 1642390929.4520226, v16m.tiktokcdn-us.com, f87639e5c01e82542f3b7ec5341b2d98, /f87639e5c01e82542f3b7ec5341b2d98/61e539d0/video/tos/useast2a/tos-useast2a-ve-0068c003/ea7de911776840ddb16332a908d46e62/?a=1233&br=1060&bt=530&cd=0%7C0%7C0&ch=0&cr=3&cs=2&cv=1&dr=0&ds=6&er=&ft=c~.Zm4L-gXoInz7T&l=20220117034116010113135043094FBC34&lr=all&mime_type=video_mp4&net=0&pl=0&qs=5&rc=anZ0aGhoNG0zNTMzNzczM0ApNDRoOmc0ZGVpNzdnM2QzOWcvbGZhM3BoLm5gLS1kMTZzcy1fYDBeNS00NF8yYjZgYWE6Yw%3D%3D&vl=&vr=
video/mp4, bytesbytes 0-633979/633980, 1642390929.6816297, 1642390929.6829267, 1642390929.7029712, 1642390930.26481, v16m.tiktokcdn-us.com, 935abda6443f78d57c091c3f72b6cf14, /935abda6443f78d57c091c3f72b6cf14/61e539cc/video/tos/useast5/tos-useast5-pve-0068-tx/f62e02f024c540c89a00998f535a6845/?a=1233&br=582&bt=291&cd=0%7C0%7C0&ch=0&cr=3&cs=2&cv=1&dr=0&ds=3&er=&ft=c~.Zm4L-gXoInz7T&l=20220117034116010113135043094FBC34&lr=all&mime_type=video_mp4&net=0&pl=0&qs=14&rc=anhtOmY6Zmo6OjMzZzczNEApOjM6NDc4aWRkNzVlODRpOWdybmZucjRfbTZgLS1kMS9zcy4vYmFhMV5jMzZeNjY1XjY6Yw%3D%3D&vl=&vr=
video/mp4, bytesbytes 1024000-1143961/1143962, 1642390931.3243132, 1642390931.325785, 1642390931.3423405, 1642390931.449403, v16m.tiktokcdn-us.com, 15e172a9ea894a83d61718ea188a6912, /15e172a9ea894a83d61718ea188a6912/61e539ca/video/tos/useast2a/tos-useast2a-pve-0068/b637ca2b83ce47c2ac2e48d883388487/?a=1233&br=1258&bt=629&cd=0%7C0%7C0&ch=0&cr=3&cs=2&cv=1&dr=0&ds=6&er=&ft=c~.Zm4L-gXoInz7T&l=20220117034116010113135043094FBC34&lr=all&mime_type=video_mp4&net=0&pl=0&qs=11&rc=MzRoaGV1czhxMzMzZzczM0ApZjM0ZztmOmRnN2ZkOjw4PGcvZDQxcDU1ZW5gLS1eMTZzczRgYWE1MzNeLjYxXmFgMWA6Yw%3D%3D&vl=&vr=
video/mp4, bytesbytes 1024000-1492444/1492445, 1642390947.857197, 1642390947.8580658, 1642390947.873749, 1642390948.3657322, v16m.tiktokcdn-us.com, 1aa2b3bb9e02411ec536f946e46c5ddc, /1aa2b3bb9e02411ec536f946e46c5ddc/61e539cf/video/tos/useast2a/tos-useast2a-ve-0068c001/c5de9ff6392249969411ec47d9e78136/?a=1233&br=1208&bt=604&cd=0%7C0%7C0&ch=0&cr=3&cs=2&cv=1&dr=0&ds=6&er=&ft=c~.Zm4L-gXoInz7T&l=20220117034116010113135043094FBC34&lr=all&mime_type=video_mp4&net=0&pl=0&qs=4&rc=ampneXc6ZTR3NTMzNzczM0ApPDo7OjtpZzs6N2Y8ZWdmZGdzLWgwNmMtNGNgLS1kMTZzc2M0NTU2MDUyYDExXmE2Y146Yw%3D%3D&vl=&vr=
video/mp4, bytesbytes 0-1024000/1696741, 1642390948.7277653, 1642390948.7295547, 1642390948.7940974, 1642390949.7532403, v39.tiktokcdn-us.com, ec52e205f45d06ab8f0ca778a01bd95a, /ec52e205f45d06ab8f0ca778a01bd95a/61e53a13/video/tos/useast2a/tos-useast2a-ve-0068c003/f348836467bc49eaa857075d7c4a121e/?a=1233&br=1382&bt=691&cd=0%7C0%7C0&ch=0&cr=3&cs=2&cv=1&dr=0&ds=6&er=&ft=c~.Zm4L-gXoInz7T&l=20220117034224010113006132214D7388&lr=all&mime_type=video_mp4&net=0&pl=0&qs=5&rc=anhwMzw6ZnRqNzMzNzczM0ApZmRlNzpnaGQ0NzloO2k6OWctZ2sycjQwLWpgLS1kMTZzczZeMzE0YWAzLTMuXi8xYWM6Yw%3D%3D&vl=&vr=
video/mp4, bytesbytes 0-1024000/1086827, 1642390950.2632315, 1642390950.2648215, 1642390950.2904627, 1642390951.2277763, v39.tiktokcdn-us.com, de1a941712624ef2239b306ba69389e3, /de1a941712624ef2239b306ba69389e3/61e53a10/video/tos/useast2a/tos-useast2a-ve-0068c001/295b332c110d4d928a200669b9671d6c/?a=1233&br=1022&bt=511&cd=0%7C0%7C0&ch=0&cr=3&cs=2&cv=1&dr=0&ds=6&er=&ft=c~.Zm4L-gXoInz7T&l=20220117034224010113006132214D7388&lr=all&mime_type=video_mp4&net=0&pl=0&qs=4&rc=anA2NDg6Zmt2NzMzNzczM0ApPGc1Omg2ZWU3N2hmMzc4OWdhMXI2cjRfZy9gLS1kMTZzcy1eX14zLTUzYGNeYi9fNjE6Yw%3D%3D&vl=&vr=
video/mp4, bytesbytes 0-265347/265348, 1642390951.9016004, 1642390951.9032516, 1642390951.9269505, 1642390952.1648018, v39.tiktokcdn-us.com, d58e3bd401b18e82dcbd51507ebc3877, /d58e3bd401b18e82dcbd51507ebc3877/61e53a08/video/tos/alisg/tos-alisg-pve-0037c001/88d0a2f0d8fd40f699e281a9c3b021f0/?a=1233&br=482&bt=241&cd=0%7C0%7C0&ch=0&cr=3&cs=2&cv=1&dr=0&ds=6&er=&ft=c~.Zm4L-gXoInz7T&l=20220117034224010113006132214D7388&lr=all&mime_type=video_mp4&net=0&pl=0&qs=11&rc=ajdzOXE6bDNyMzMzODczM0ApNTk1aTU8OGRoNzdoM2Y5aWdgMzExMm9rcDRgLS0yMTRzcy0zMTEyXmAvYi81MzAxLWI6Yw%3D%3D&vl=&vr=
video/mp4, bytesbytes 0-517792/517793, 1642390952.3538353, 1642390952.356666, 1642390952.378401, 1642390952.8444114, v39.tiktokcdn-us.com, 678946de5bdded584d09f28a8c44d4d4, /678946de5bdded584d09f28a8c44d4d4/61e53a08/video/tos/useast2a/tos-useast2a-ve-0068c004/61ddc728cfd74da9806df42f9f1aa3a3/?a=1233&br=926&bt=463&cd=0%7C0%7C0&ch=0&cr=3&cs=2&cv=1&dr=0&ds=6&er=&ft=c~.Zm4L-gXoInz7T&l=20220117034224010113006132214D7388&lr=all&mime_type=video_mp4&net=0&pl=0&qs=5&rc=amRzOzp5aHRneDMzPDczM0ApNzVmaTk2N2RoNzc7ZDQ3aWdyaGs0YWpnLWRfLS0zMTZzczJjNDMwXy1hYzVjYmA1Nl46Yw%3D%3D&vl=&vr=
video/mp4, bytesbytes 0-1024000/2333612, 1642390967.5688174, 1642390967.5709543, 1642390967.5927992, 1642390968.9008348, v39.tiktokcdn-us.com, c470cf59b962fae42d57ab1b40d1680f, /c470cf59b962fae42d57ab1b40d1680f/61e53a28/video/tos/useast5/tos-useast5-ve-0068c004-tx/178c4bb4832b4526b15de9a07d6089a6/?a=1233&br=892&bt=446&cd=0%7C0%7C0&ch=0&cr=3&cs=2&cv=1&dr=0&ds=6&er=&ft=c~.Zm4L-gXoInz7T&l=20220117034224010113006132214D7388&lr=all&mime_type=video_mp4&net=0&pl=0&qs=4&rc=M3JsZGQ6Zjg5OjMzZzczNEApZGhnODs1N2U8NzNlZjRkNGdxY3BocjRfZTBgLS1kMS9zczAvMi1jNl8wLzMwY2MuLTI6Yw%3D%3D&vl=&vr=
video/mp4, bytesbytes 1024000-1696740/1696741, 1642390984.772312, 1642390984.7755666, 1642390984.7982185, 1642390985.410617, v39.tiktokcdn-us.com, ec52e205f45d06ab8f0ca778a01bd95a, /ec52e205f45d06ab8f0ca778a01bd95a/61e53a13/video/tos/useast2a/tos-useast2a-ve-0068c003/f348836467bc49eaa857075d7c4a121e/?a=1233&br=1382&bt=691&cd=0%7C0%7C0&ch=0&cr=3&cs=2&cv=1&dr=0&ds=6&er=&ft=c~.Zm4L-gXoInz7T&l=20220117034224010113006132214D7388&lr=all&mime_type=video_mp4&net=0&pl=0&qs=5&rc=anhwMzw6ZnRqNzMzNzczM0ApZmRlNzpnaGQ0NzloO2k6OWctZ2sycjQwLWpgLS1kMTZzczZeMzE0YWAzLTMuXi8xYWM6Yw%3D%3D&vl=&vr=
video/mp4, bytesbytes 1024000-1086826/1086827, 1642390986.4009302, 1642390986.4027483, 1642390986.431111, 1642390986.480833, v39.tiktokcdn-us.com, de1a941712624ef2239b306ba69389e3, /de1a941712624ef2239b306ba69389e3/61e53a10/video/tos/useast2a/tos-useast2a-ve-0068c001/295b332c110d4d928a200669b9671d6c/?a=1233&br=1022&bt=511&cd=0%7C0%7C0&ch=0&cr=3&cs=2&cv=1&dr=0&ds=6&er=&ft=c~.Zm4L-gXoInz7T&l=20220117034224010113006132214D7388&lr=all&mime_type=video_mp4&net=0&pl=0&qs=4&rc=anA2NDg6Zmt2NzMzNzczM0ApPGc1Omg2ZWU3N2hmMzc4OWdhMXI2cjRfZy9gLS1kMTZzcy1eX14zLTUzYGNeYi9fNjE6Yw%3D%3D&vl=&vr=
video/mp4, bytesbytes 0-1024000/1218626, 1642390986.5809271, 1642390986.582211, 1642390986.6402051, 1642390987.498916, v39.tiktokcdn-us.com, ff36f3bc1f4c2614bdf4321d097c1c7c, /ff36f3bc1f4c2614bdf4321d097c1c7c/61e53a0f/video/tos/useast2a/tos-useast2a-ve-0068c003/747444f35516410996c8d053f099c6cf/?a=1233&br=1246&bt=623&cd=0%7C0%7C0&ch=0&cr=3&cs=2&cv=1&dr=0&ds=6&er=&ft=c~.Zm4L-gXoInz7T&l=20220117034224010113006132214D7388&lr=all&mime_type=video_mp4&net=0&pl=0&qs=4&rc=ajZ5OTtzbGo5NDMzNzczM0ApOmRmNzc0ZDs4NzszZ2RpZ2dqXjFga3NvY2tgLS1kMTZzczQzLTZjMV8uYS4wLmFgXjA6Yw%3D%3D&vl=&vr=
video/mp4, bytesbytes 0-533647/533648, 1642390987.901685, 1642390987.9031022, 1642390987.9422812, 1642390988.3949752, v39.tiktokcdn-us.com, 91d689c603b39124771cb8a17dd30a25, /91d689c603b39124771cb8a17dd30a25/61e53a09/video/tos/useast2a/tos-useast2a-ve-0068c002/3de104e8920c42b783312742acf07bdb/?a=1233&br=872&bt=436&cd=0%7C0%7C0&ch=0&cr=3&cs=2&cv=1&dr=0&ds=6&er=&ft=c~.Zm4L-gXoInz7T&l=20220117034224010113006132214D7388&lr=all&mime_type=video_mp4&net=0&pl=0&qs=4&rc=am52Zzs6ZndrNzMzNzczM0ApOGk2ZWU4Zzs1N2RoOmVpZ2dnZGk1cjQwXmxgLS1kMTZzczRgMWAyYmBeY2BhMWIxLl46Yw%3D%3D&vl=&vr=
video/mp4, bytesbytes 0-1024000/1215615, 1642391003.2035666, 1642391003.204744, 1642391003.2279632, 1642391004.3011022, v39.tiktokcdn-us.com, c93f8233aaf8551b08a0bb8611cf3cd1, /c93f8233aaf8551b08a0bb8611cf3cd1/61e53a0f/video/tos/useast2a/tos-useast2a-pve-0068/c7fd5b4282c54119b97e1a44f00b8f4c/?a=1233&br=1220&bt=610&cd=0%7C0%7C0&ch=0&cr=3&cs=2&cv=1&dr=0&ds=6&er=&ft=c~.Zm4L-gXoInz7T&l=20220117034224010113006132214D7388&lr=all&mime_type=video_mp4&net=0&pl=0&qs=4&rc=ajVyZzt5dGlreDMzZTczM0ApPGU1Z2U0NTs6NzQ8aWdnZWcuZWYxL3BuaDRfLS0wMTZzczBeY2ExMmNiXy5gLl8vNF86Yw%3D%3D&vl=&vr=
video/mp4, bytesbytes 0-1024000/1468106, 1642391004.7287703, 1642391004.7302794, 1642391004.7509854, 1642391005.6560922, v39.tiktokcdn-us.com, 91b735d032b4d949386d753ba9d2c86b, /91b735d032b4d949386d753ba9d2c86b/61e53a0e/video/tos/useast2a/tos-useast2a-ve-0068c001/b21486bb7d81477baabd50d3c947dcf1/?a=1233&br=1530&bt=765&cd=0%7C0%7C0&ch=0&cr=3&cs=2&cv=1&dr=0&ds=6&er=&ft=c~.Zm4L-gXoInz7T&l=20220117034224010113006132214D7388&lr=all&mime_type=video_mp4&net=0&pl=0&qs=5&rc=ajRwZTw7bGR2NjMzNzczM0ApaWhnOWZlO2U7N2ZoZDg5M2dvNmFvMXBvYGRgLS1kMTZzcy8xNmJfXzItNC42Yy5gXzQ6Yw%3D%3D&vl=&vr=
video/mp4, bytesbytes 1024000-2333611/2333612, 1642391013.3418822, 1642391013.3427608, 1642391013.3707745, 1642391014.4130745, v39.tiktokcdn-us.com, c470cf59b962fae42d57ab1b40d1680f, /c470cf59b962fae42d57ab1b40d1680f/61e53a28/video/tos/useast5/tos-useast5-ve-0068c004-tx/178c4bb4832b4526b15de9a07d6089a6/?a=1233&br=892&bt=446&cd=0%7C0%7C0&ch=0&cr=3&cs=2&cv=1&dr=0&ds=6&er=&ft=c~.Zm4L-gXoInz7T&l=20220117034224010113006132214D7388&lr=all&mime_type=video_mp4&net=0&pl=0&qs=4&rc=M3JsZGQ6Zjg5OjMzZzczNEApZGhnODs1N2U8NzNlZjRkNGdxY3BocjRfZTBgLS1kMS9zczAvMi1jNl8wLzMwY2MuLTI6Yw%3D%3D&vl=&vr=
video/mp4, bytesbytes 0-693192/693193, 1642391014.9800382, 1642391014.9813144, 1642391015.0002637, 1642391015.535906, v39.tiktokcdn-us.com, 52a9ac487e848b0302369fa04fd935b3, /52a9ac487e848b0302369fa04fd935b3/61e53a08/video/tos/useast2a/tos-useast2a-ve-0068c004/a9eb81410a7f48f794f98e82aae77edb/?a=1233&br=1254&bt=627&cd=0%7C0%7C0&ch=0&cr=3&cs=2&cv=1&dr=0&ds=6&er=&ft=c~.Zm4L-gXoInz7T&l=20220117034224010113006132214D7388&lr=all&mime_type=video_mp4&net=0&pl=0&qs=5&rc=M3V0ZDxmOjtuNDMzMzczM0ApOmdmZGg3OGQ3N2VnZzQ5NWduZGVtNmVzMWRgLS02MTZzc2EyLi4xYmEuMzU1YzFeNWI6Yw%3D%3D&vl=&vr=
video/mp4, bytesbytes 1024000-1218625/1218626, 1642391032.0843394, 1642391032.0857553, 1642391032.1226368, 1642391032.315439, v39.tiktokcdn-us.com, ff36f3bc1f4c2614bdf4321d097c1c7c, /ff36f3bc1f4c2614bdf4321d097c1c7c/61e53a0f/video/tos/useast2a/tos-useast2a-ve-0068c003/747444f35516410996c8d053f099c6cf/?a=1233&br=1246&bt=623&cd=0%7C0%7C0&ch=0&cr=3&cs=2&cv=1&dr=0&ds=6&er=&ft=c~.Zm4L-gXoInz7T&l=20220117034224010113006132214D7388&lr=all&mime_type=video_mp4&net=0&pl=0&qs=4&rc=ajZ5OTtzbGo5NDMzNzczM0ApOmRmNzc0ZDs4NzszZ2RpZ2dqXjFga3NvY2tgLS1kMTZzczQzLTZjMV8uYS4wLmFgXjA6Yw%3D%3D&vl=&vr=
video/mp4, bytesbytes 1024000-1215614/1215615, 1642391053.708963, 1642391053.7111988, 1642391053.7306066, 1642391053.9163988, v39.tiktokcdn-us.com, c93f8233aaf8551b08a0bb8611cf3cd1, /c93f8233aaf8551b08a0bb8611cf3cd1/61e53a0f/video/tos/useast2a/tos-useast2a-pve-0068/c7fd5b4282c54119b97e1a44f00b8f4c/?a=1233&br=1220&bt=610&cd=0%7C0%7C0&ch=0&cr=3&cs=2&cv=1&dr=0&ds=6&er=&ft=c~.Zm4L-gXoInz7T&l=20220117034224010113006132214D7388&lr=all&mime_type=video_mp4&net=0&pl=0&qs=4&rc=ajVyZzt5dGlreDMzZTczM0ApPGU1Z2U0NTs6NzQ8aWdnZWcuZWYxL3BuaDRfLS0wMTZzczBeY2ExMmNiXy5gLl8vNF86Yw%3D%3D&vl=&vr=
video/mp4, bytesbytes 1024000-1468105/1468106, 1642391058.9714339, 1642391058.9745693, 1642391058.9932854, 1642391059.4535768, v39.tiktokcdn-us.com, 91b735d032b4d949386d753ba9d2c86b, /91b735d032b4d949386d753ba9d2c86b/61e53a0e/video/tos/useast2a/tos-useast2a-ve-0068c001/b21486bb7d81477baabd50d3c947dcf1/?a=1233&br=1530&bt=765&cd=0%7C0%7C0&ch=0&cr=3&cs=2&cv=1&dr=0&ds=6&er=&ft=c~.Zm4L-gXoInz7T&l=20220117034224010113006132214D7388&lr=all&mime_type=video_mp4&net=0&pl=0&qs=5&rc=ajRwZTw7bGR2NjMzNzczM0ApaWhnOWZlO2U7N2ZoZDg5M2dvNmFvMXBvYGRgLS1kMTZzcy8xNmJfXzItNC42Yy5gXzQ6Yw%3D%3D&vl=&vr=
video/mp4, bytesbytes 0-1024000/1595991, 1642391059.7616947, 1642391059.7631223, 1642391059.7911916, 1642391060.7108924, v19.tiktokcdn-us.com, 5790c8bdb071f8f30ac6c702766c22ab, /5790c8bdb071f8f30ac6c702766c22ab/61e53a7f/video/tos/useast2a/tos-useast2a-pve-0068/59f74a14d5854557a633d10b19cb8dd1/?a=1233&br=1324&bt=662&cd=0%7C0%7C0&ch=0&cr=3&cs=2&cv=1&dr=0&ds=6&er=&ft=c~.Zm4L-gXoInz7T&l=20220117034413010113135214024C7C84&lr=all&mime_type=video_mp4&net=0&pl=0&qs=4&rc=amxzNWg6Zm1pNzMzNzczM0ApZDo8MzxmZWVnN2g2MzQ0O2c0M2YzcjQwaWxgLS1kMTZzczQ2NWAzXzJiNDUvNjIuNjE6Yw%3D%3D&vl=&vr=
video/mp4, bytesbytes 0-1024000/1385717, 1642391061.143515, 1642391061.145327, 1642391061.159436, 1642391062.0224242, v19.tiktokcdn-us.com, bf23b37c79442cf20660b270299ac8d7, /bf23b37c79442cf20660b270299ac8d7/61e53a80/video/tos/useast2a/tos-useast2a-pve-0068/a27f7933c7584a20ab3fd6eb8b24a7cc/?a=1233&br=1110&bt=555&cd=0%7C0%7C0&ch=0&cr=3&cs=2&cv=1&dr=0&ds=6&er=&ft=c~.Zm4L-gXoInz7T&l=20220117034413010113135214024C7C84&lr=all&mime_type=video_mp4&net=0&pl=0&qs=11&rc=anU4aW94PDRpeDMzZzczM0ApZ2U2ZTU7ZDw5NzNoZDg5NGcyZmYtY2Znc2VfLS1jMTZzc2MxMmJeL2BeMzM2XmIvMTQ6Yw%3D%3D&vl=&vr=
video/mp4, bytesbytes 0-419481/419482, 1642391062.494411, 1642391062.4955316, 1642391062.5086038, 1642391062.8605387, v19.tiktokcdn-us.com, f3d26c08963ccb65fa006433c0527e1d, /f3d26c08963ccb65fa006433c0527e1d/61e53a73/video/tos/useast2a/tos-useast2a-pve-0068/46543e7d809d430f8c7b431197bb09bf/?a=1233&br=916&bt=458&cd=0%7C0%7C0&ch=0&cr=3&cs=2&cv=1&dr=0&ds=6&er=&ft=c~.Zm4L-gXoInz7T&l=20220117034413010113135214024C7C84&lr=all&mime_type=video_mp4&net=0&pl=0&qs=4&rc=ajc1ZWQ6Zml1NjMzNzczM0ApNDs7OWhnaDtoNzlkOTk4aWdnai1lcjRfcWpgLS1kMTZzc2M0YGBiYF8tYmA2Y2EuL2M6Yw%3D%3D&vl=&vr=
video/mp4, bytesbytes 0-716769/716770, 1642391063.1015017, 1642391063.103379, 1642391063.118165, 1642391063.9192162, v19.tiktokcdn-us.com, 2f017971537ba61432b7840f3d52b2ac, /2f017971537ba61432b7840f3d52b2ac/61e53a77/video/tos/useast2a/tos-useast2a-ve-0068c004/8ef5572352a949ec98150aec8025dd70/?a=1233&br=1038&bt=519&cd=0%7C0%7C0&ch=0&cr=3&cs=2&cv=1&dr=0&ds=6&er=&ft=c~.Zm4L-gXoInz7T&l=20220117034413010113135214024C7C84&lr=all&mime_type=video_mp4&net=0&pl=0&qs=11&rc=M3Fxczs6Zmc1NzMzNzczM0ApOWdkPDllaDtlNzs0aDdmNmdvNV4vcjRncjFgLS1kMTZzczFiXzQzNjU0NV9fLWBfXl86Yw%3D%3D&vl=&vr=
video/mp4, bytesbytes 0-1024000/1589872, 1642391074.2705836, 1642391074.2749808, 1642391074.295628, 1642391075.3428059, v19.tiktokcdn-us.com, 8bb2ce6c4c42af785053e07aab01f0e3, /8bb2ce6c4c42af785053e07aab01f0e3/61e53a79/video/tos/useast2a/tos-useast2a-ve-0068c003/91c724bf933b40f5903e337d94f8f6a7/?a=1233&br=1944&bt=972&cd=0%7C0%7C0&ch=0&cr=3&cs=2&cv=1&dr=0&ds=6&er=&ft=c~.Zm4L-gXoInz7T&l=20220117034413010113135214024C7C84&lr=all&mime_type=video_mp4&net=0&pl=0&qs=5&rc=M2VqbzM6ZmQ7NjMzNzczM0ApZGU1aGc7ZGU2NzhoZTNoZ2dkZGFncjRfaG9gLS1kMTZzcy4zYmA1MmE0NmEzLV8tYjQ6Yw%3D%3D&vl=&vr=
video/mp4, bytesbytes 1024000-1595990/1595991, 1642391078.1071353, 1642391078.109282, 1642391078.1203203, 1642391078.7182155, v19.tiktokcdn-us.com, 5790c8bdb071f8f30ac6c702766c22ab, /5790c8bdb071f8f30ac6c702766c22ab/61e53a7f/video/tos/useast2a/tos-useast2a-pve-0068/59f74a14d5854557a633d10b19cb8dd1/?a=1233&br=1324&bt=662&cd=0%7C0%7C0&ch=0&cr=3&cs=2&cv=1&dr=0&ds=6&er=&ft=c~.Zm4L-gXoInz7T&l=20220117034413010113135214024C7C84&lr=all&mime_type=video_mp4&net=0&pl=0&qs=4&rc=amxzNWg6Zm1pNzMzNzczM0ApZDo8MzxmZWVnN2g2MzQ0O2c0M2YzcjQwaWxgLS1kMTZzczQ2NWAzXzJiNDUvNjIuNjE6Yw%3D%3D&vl=&vr=
video/mp4, bytesbytes 0-568988/568989, 1642391079.0346727, 1642391079.0355608, 1642391079.0482986, 1642391079.7321343, v19.tiktokcdn-us.com, 3be7bba659fc07ac8d68b66611a3f8c6, /3be7bba659fc07ac8d68b66611a3f8c6/61e53a78/video/tos/useast2a/tos-useast2a-pve-0068/0db5a52be4814ca482755ba7b47a0966/?a=1233&br=764&bt=382&cd=0%7C0%7C0&ch=0&cr=3&cs=2&cv=1&dr=0&ds=6&er=&ft=c~.Zm4L-gXoInz7T&l=20220117034413010113135214024C7C84&lr=all&mime_type=video_mp4&net=0&pl=0&qs=11&rc=M204cjw6Zm1zODMzNzgzM0ApZmZkOGdkaTs0NztmODk3aGdecmtrcjQwZXFgLS1kLzZzc2BjMWAwLTRfMC8wYmAuNGI6Yw%3D%3D&vl=&vr=
video/mp4, bytesbytes 1024000-1385716/1385717, 1642391097.310788, 1642391097.3153756, 1642391097.3376386, 1642391097.7976675, v19.tiktokcdn-us.com, bf23b37c79442cf20660b270299ac8d7, /bf23b37c79442cf20660b270299ac8d7/61e53a80/video/tos/useast2a/tos-useast2a-pve-0068/a27f7933c7584a20ab3fd6eb8b24a7cc/?a=1233&br=1110&bt=555&cd=0%7C0%7C0&ch=0&cr=3&cs=2&cv=1&dr=0&ds=6&er=&ft=c~.Zm4L-gXoInz7T&l=20220117034413010113135214024C7C84&lr=all&mime_type=video_mp4&net=0&pl=0&qs=11&rc=anU4aW94PDRpeDMzZzczM0ApZ2U2ZTU7ZDw5NzNoZDg5NGcyZmYtY2Znc2VfLS1jMTZzc2MxMmJeL2BeMzM2XmIvMTQ6Yw%3D%3D&vl=&vr=
video/mp4, bytesbytes 0-1024000/1511927, 1642391098.015672, 1642391098.0174434, 1642391098.0331798, 1642391098.9085436, v19.tiktokcdn-us.com, 8e5b90c066d4742c59754a2120baebca, /8e5b90c066d4742c59754a2120baebca/61e53a81/video/tos/useast2a/tos-useast2a-pve-0068/fcb55ec68264411daa7a8140759786fd/?a=1233&br=1140&bt=570&cd=0%7C0%7C0&ch=0&cr=3&cs=2&cv=1&dr=0&ds=6&er=&ft=c~.Zm4L-gXoInz7T&l=20220117034413010113135214024C7C84&lr=all&mime_type=video_mp4&net=0&pl=0&qs=11&rc=MzY0NTY6ZjhrNzMzNzczM0ApaWQzOTZlNzw2NzQ6aWloaWdjYnFmcjQwLmhgLS1kMTZzcy1jX2FfYDFhNGEtX2E1LS46Yw%3D%3D&vl=&vr=
video/mp4, bytesbytes 0-418386/418387, 1642391107.9837637, 1642391107.986992, 1642391108.0071125, 1642391108.459422, v19.tiktokcdn-us.com, 7ce183a2838d2557526b9155e7c68bb2, /7ce183a2838d2557526b9155e7c68bb2/61e53a74/video/tos/maliva/tos-maliva-ve-0068c799-us/76d2b8ec07e045ac97babd32e7849b66/?a=1233&br=856&bt=428&cd=0%7C0%7C0&ch=0&cr=3&cs=2&cv=1&dr=0&ds=3&er=&ft=c~.Zm4L-gXoInz7T&l=20220117034413010113135214024C7C84&lr=all&mime_type=video_mp4&net=0&pl=0&qs=14&rc=anY1dmk6Zmk2OTMzZzczNEApNTM7PDplZDs3N2k3NTQ0NGdtbl8ycjQwNTFgLS1kMS9zcy1iMTNhMjVgXzFhX2MvNWI6Yw%3D%3D&vl=&vr=
video/mp4, bytesbytes 0-493479/493480, 1642391108.8822725, 1642391108.8869336, 1642391108.9029715, 1642391109.3912537, v19.tiktokcdn-us.com, f95b7fdcb03acdba6ee4287f5bf89228, /f95b7fdcb03acdba6ee4287f5bf89228/61e53a74/video/tos/useast2a/tos-useast2a-ve-0068c001/2e99d8cb79244ae99f25ae3ac8163fed/?a=1233&br=1044&bt=522&cd=0%7C0%7C0&ch=0&cr=3&cs=2&cv=1&dr=0&ds=6&er=&ft=c~.Zm4L-gXoInz7T&l=20220117034413010113135214024C7C84&lr=all&mime_type=video_mp4&net=0&pl=0&qs=4&rc=M3hxczRra3FwNjMzNzczM0ApZWVkM2lnaWVmNzk0OjVoZmctaGdqMTVxcTFgLS1kMTZzcy1eMDQ0YTVgNl8yLTMvMGE6Yw%3D%3D&vl=&vr=
video/mp4, bytesbytes 1024000-1589871/1589872, 1642391119.8407776, 1642391119.84221, 1642391119.854867, 1642391121.310092, v19.tiktokcdn-us.com, 8bb2ce6c4c42af785053e07aab01f0e3, /8bb2ce6c4c42af785053e07aab01f0e3/61e53a79/video/tos/useast2a/tos-useast2a-ve-0068c003/91c724bf933b40f5903e337d94f8f6a7/?a=1233&br=1944&bt=972&cd=0%7C0%7C0&ch=0&cr=3&cs=2&cv=1&dr=0&ds=6&er=&ft=c~.Zm4L-gXoInz7T&l=20220117034413010113135214024C7C84&lr=all&mime_type=video_mp4&net=0&pl=0&qs=5&rc=M2VqbzM6ZmQ7NjMzNzczM0ApZGU1aGc7ZGU2NzhoZTNoZ2dkZGFncjRfaG9gLS1kMTZzcy4zYmA1MmE0NmEzLV8tYjQ6Yw%3D%3D&vl=&vr=
video/mp4, bytesbytes 0-638227/638228, 1642391121.7791765, 1642391121.7813854, 1642391121.816791, 1642391123.1574633, v19.tiktokcdn-us.com, 323aab7d7db798b9dee10e71da2ef168, /323aab7d7db798b9dee10e71da2ef168/61e53a78/video/tos/useast2a/tos-useast2a-pve-0068/757a2f8b19044ed39ac6674811366bc1/?a=1233&br=852&bt=426&cd=0%7C0%7C0&ch=0&cr=3&cs=2&cv=1&dr=0&ds=6&er=&ft=c~.Zm4L-gXoInz7T&l=20220117034413010113135214024C7C84&lr=all&mime_type=video_mp4&net=0&pl=0&qs=4&rc=ampkM21rdWVrNjMzNzczM0ApOztlZjVkZWQ1N2UzaTRnNWdqM2luaWliMS5gLS1kMTZzczEzYzQ0NS4uLjUvYDQxLjU6Yw%3D%3D&vl=&vr=
video/mp4, bytesbytes 1024000-1511926/1511927, 1642391132.536104, 1642391132.5373232, 1642391132.5817132, 1642391133.092611, v19.tiktokcdn-us.com, 8e5b90c066d4742c59754a2120baebca, /8e5b90c066d4742c59754a2120baebca/61e53a81/video/tos/useast2a/tos-useast2a-pve-0068/fcb55ec68264411daa7a8140759786fd/?a=1233&br=1140&bt=570&cd=0%7C0%7C0&ch=0&cr=3&cs=2&cv=1&dr=0&ds=6&er=&ft=c~.Zm4L-gXoInz7T&l=20220117034413010113135214024C7C84&lr=all&mime_type=video_mp4&net=0&pl=0&qs=11&rc=MzY0NTY6ZjhrNzMzNzczM0ApaWQzOTZlNzw2NzQ6aWloaWdjYnFmcjQwLmhgLS1kMTZzcy1jX2FfYDFhNGEtX2E1LS46Yw%3D%3D&vl=&vr=
video/mp4, bytesbytes 0-888812/888813, 1642391141.8571248, 1642391141.8589478, 1642391141.873428, 1642391143.1353846, v19.tiktokcdn-us.com, 77ac40960462d1424e84b279c34573a9, /77ac40960462d1424e84b279c34573a9/61e53ad3/video/tos/alisg/tos-alisg-pve-0037c001/528ecdee582c401d94082a44d9ece479/?a=1233&br=898&bt=449&cd=0%7C0%7C0&ch=0&cr=3&cs=2&cv=1&dr=0&ds=6&er=&ft=c~.Zm4L-gXoInz7T&l=2022011703454001011313519416489CD6&lr=all&mime_type=video_mp4&net=0&pl=0&qs=5&rc=M3E3eTY6ZjNsNzMzODczNEApOjRnNjNpO2U2NzxkMzU6OWdncGlwcjRfZDNgLS1kMS1zczUuNGEwLzEzXzAyYC00LjQ6Yw%3D%3D&vl=&vr=
video/mp4, bytesbytes 0-587184/587185, 1642391143.594298, 1642391143.5963173, 1642391143.7100012, 1642391144.5772688, v19.tiktokcdn-us.com, fe74809cac722af33cb4eaac6599e19e, /fe74809cac722af33cb4eaac6599e19e/61e53aca/video/tos/useast2a/tos-useast2a-ve-0068c001/0c2f08bc79c247508bee147852570e44/?a=1233&br=1376&bt=688&cd=0%7C0%7C0&ch=0&cr=3&cs=2&cv=1&dr=0&ds=6&er=&ft=c~.Zm4L-gXoInz7T&l=2022011703454001011313519416489CD6&lr=all&mime_type=video_mp4&net=0&pl=0&qs=5&rc=amdzcjk6ZjpnNjMzNzczM0ApNDdoMzwzNjtkNztnNjc5ZWczNmBkcjRfbWxgLS1kMTZzc2IvYF41M2AtLS4wXl9iLzM6Yw%3D%3D&vl=&vr=
video/mp4, bytesbytes 0-951005/951006, 1642391144.7773743, 1642391144.7796824, 1642391144.79193, 1642391145.8277135, v19.tiktokcdn-us.com, c2401b5d60df8f4435cb390731fe9121, /c2401b5d60df8f4435cb390731fe9121/61e53acf/video/tos/useast2a/tos-useast2a-ve-0068c001/5f3422e45d71461f903cd1d7b939af71/?a=1233&br=1316&bt=658&cd=0%7C0%7C0&ch=0&cr=3&cs=2&cv=1&dr=0&ds=6&er=&ft=c~.Zm4L-gXoInz7T&l=2022011703454001011313519416489CD6&lr=all&mime_type=video_mp4&net=0&pl=0&qs=5&rc=M3dyOjM6ZmtqNzMzNzczM0ApODszNGY3PDw4N2Y0O2g4ZGcyaGAycjRvY2xgLS1kMTZzc2JjXy8wX14xYWEyYjAxXy86Yw%3D%3D&vl=&vr=
video/mp4, bytesbytes 0-569747/569748, 1642391146.2614064, 1642391146.2630436, 1642391146.2755082, 1642391146.8305838, v19.tiktokcdn-us.com, 66b35d45d7ea42029b0d5a2a7349d141, /66b35d45d7ea42029b0d5a2a7349d141/61e53acc/video/tos/useast2a/tos-useast2a-ve-0068/ca60c61655f549038fb6212a2048fcff/?a=1233&br=1076&bt=538&cd=0%7C0%7C0&ch=0&cr=3&cs=2&cv=1&dr=0&ds=6&er=&ft=c~.Zm4L-gXoInz7T&l=2022011703454001011313519416489CD6&lr=all&mime_type=video_mp4&net=0&pl=0&qs=4&rc=M2Q4cXI5azpscDMzNDczM0ApPDRkNjtnNTtmN2dpaTk4O2dnZ3NeY2w0aWxfLS0wMTZzc18yYzQyLTRhX14tNDNgMjA6Yw%3D%3D&vl=&vr=
video/mp4, bytesbytes 0-327184/327185, 1642391147.1798058, 1642391147.1809518, 1642391147.1935642, 1642391147.5107076, v19.tiktokcdn-us.com, f8a650b096832454bb8a2f712de0e78a, /f8a650b096832454bb8a2f712de0e78a/61e53aca/video/tos/useast2a/tos-useast2a-pve-0068/8523120659db42c49ab822b089c08837/?a=1233&br=794&bt=397&cd=0%7C0%7C0&ch=0&cr=3&cs=2&cv=1&dr=0&ds=6&er=&ft=c~.Zm4L-gXoInz7T&l=2022011703454001011313519416489CD6&lr=all&mime_type=video_mp4&net=0&pl=0&qs=5&rc=MzhyNDU8ZHF2NTMzNzczM0ApZWVkZjg5aWQ3N2dpOjhmNGdtMG1yM2lmZ2RgLS1kMTZzc18xMDM0MGAwYGA2LTM2XzM6Yw%3D%3D&vl=&vr=
video/mp4, bytesbytes 0-508255/508256, 1642391147.8963773, 1642391147.8977253, 1642391147.9121196, 1642391148.3940191, v19.tiktokcdn-us.com, 016e4f51d7db74042485803c36474aad, /016e4f51d7db74042485803c36474aad/61e53acd/video/tos/useast2a/tos-useast2a-ve-0068c003/8ad27c889ea84de6b98292189102f844/?a=1233&br=854&bt=427&cd=0%7C0%7C0&ch=0&cr=3&cs=2&cv=1&dr=0&ds=6&er=&ft=c~.Zm4L-gXoInz7T&l=2022011703454001011313519416489CD6&lr=all&mime_type=video_mp4&net=0&pl=0&qs=4&rc=amluZzl1MzhsNjMzNzczM0ApZjZpNTs4aTw6Nzs3ZTZoOGdfMGQ0bGtiLV5gLS1kMTZzczYwXjBhMWE2YzRfXzJhYDQ6Yw%3D%3D&vl=&vr=
