0,v09044e50000btueapv15l8sl3ukeqpg,8077,1038069&571816&372444,3b90cf93eeb8b2b838896b34a3681249&dd03b309e2ce100283b935817192ad2b&7a3354568d8bf631dab9436fa38cd092&e2db646495bf82ce6fa576f2d69ddac6&cca6b86b3963a53756db218f54c2a039&db85a83eaab94c8a373b03cdfbf6aa0e,https://v16m.tiktokcdn-us.com/3b90cf93eeb8b2b838896b34a3681249/61fb709a/video/tos/useast2a/tos-useast2a-ve-0068c004/13370ab11f50451d9ac6b44b0fed7e9d/?a=1233&br=2026&bt=1013&cd=0%7C0%7C0&ch=0&cr=3&cs=2&cv=1&dr=0&ds=6&er=&ft=c~.Zm4L-gXoInz7T&l=20220203000506010113135214272EDA72&lr=all&mime_type=video_mp4&net=0&pl=0&qs=11&rc=anRuNnZvNHNodzMzODczM0ApOGQ1aDlnM2U6N2k4ZjRmZ2dtYnJpNTJzXnJfLS1iMTZzcy0zMzQvYy81MmM1LS8uYzQ6Yw%3D%3D&vl=&vr=,adapt_540_1&lower_540_1&lowest_540_1,28&24&25
1,v12044gd0000c7bpv0jc77uakaoc0an0,12560,640394&488219&247339&213602,4f6ddbd10e7e9fa05d990c8992b90508&baa9058b85ed4e2db3250c0a1f826627&14dbaf2cf156e1ebe58f0ad6cc1802d0&29cf94dc76f70c4345549527225fe46b&ebb785df60f47413a7ac7b557ab8b852&b5bf99776aeabe0e1811897e6f7a2445&0bd211e2407d722c9a53a3fba8cd0217&038ebde67bcc75dba0567502e953a53c,https://v16m.tiktokcdn-us.com/4f6ddbd10e7e9fa05d990c8992b90508/61fb709f/video/tos/useast5/tos-useast5-ve-0068c004-tx/7fb7755292e94b97ae2acf9bbfa03fe3/?a=1233&br=1250&bt=625&cd=0%7C0%7C0&ch=0&cr=3&cs=2&cv=1&dr=0&ds=6&er=&ft=c~.Zm4L-gXoInz7T&l=20220203000506010113135214272EDA72&lr=all&mime_type=video_mp4&net=0&pl=0&qs=11&rc=M2RmZGQ6ZjNzOjMzZzczNEApMzY7PDVoNWVlNzQ5aTppN2drLWxocjRnc19gLS1kMS9zcy4vYF5hMDA0NjI2MzNhYC86Yw%3D%3D&vl=&vr=,adapt_540_1&adapt_lower_720_1&lower_540_1&lowest_540_1,28&14&24&25
2,v12044gd0000c6t8hibc77u7ta6f311g,9448,631534&543989&365362&281205,9aeb62dc7963f4ab6b3f35189a9e7b79&3f16d8022f28051470fba48275fc6523&460b782a5ab3a3dd6b41884c10d9506b&6f192a3b406f1ab58f84dd944c679a94&3600c294a27decafcf8c7aa96df26504&f0df22d3ba4d7aa8edd25ad333a22ed8&9ce7619c0ac525d8f1cbb52ede049d8b&6023a6ad30b988d499cf477bd6e2ea9f,https://v16m.tiktokcdn-us.com/9aeb62dc7963f4ab6b3f35189a9e7b79/61fb709c/video/tos/useast5/tos-useast5-ve-0068c004-tx/9efe34dd18384bf6a4c8406bbcdf44fb/?a=1233&br=1232&bt=616&cd=0%7C0%7C0&ch=0&cr=3&cs=2&cv=1&dr=0&ds=3&er=&ft=c~.Zm4L-gXoInz7T&l=20220203000506010113135214272EDA72&lr=all&mime_type=video_mp4&net=0&pl=0&qs=14&rc=ajRpZDo6Zmw7OTMzZzczNEApNThoPGQ2ZGQ0NztoZzkzOWcuMDNxcjRfZXFgLS1kMS9zc2JjNTNjYS5jNmM1NDA0NTM6Yw%3D%3D&vl=&vr=,adapt_lower_720_1&adapt_540_1&lower_540_1&lowest_540_1,14&28&24&25
3,v09044g40000c6ugqd3c77u2124rt93g,20176,2319302&1902672&1030452&876028,6dbc7b7221068d8ad61f7a4011781252&e71de3aa7461a9cdffbc166773b5a8f4&f60949a37a8162b62e7277c2f0d27eec&1179d43f64fc665bcb79fffcda60ad01&28d199db63c08835b2f7ddfdd6df3d97&6aaff96df8da14ab3f576a2d9660e152&ccda4c9abe0f8c36c00bc23240bdb44b&cdb596617bd0693ef31b6a19590e7f76,https://v16m.tiktokcdn-us.com/6dbc7b7221068d8ad61f7a4011781252/61fb70a7/video/tos/useast2a/tos-useast2a-pve-0068/9cf3926d23504f68ba3b97edcdc97826/?a=1233&br=4528&bt=2264&cd=0%7C0%7C0&ch=0&cr=3&cs=2&cv=1&dr=0&ds=3&er=&ft=c~.Zm4L-gXoInz7T&l=20220203000506010113135214272EDA72&lr=all&mime_type=video_mp4&net=0&pl=0&qs=14&rc=ajx1NTU6ZmdqOTMzNzczM0ApNGkzaWQ1Nzs2NzU3NTQ6OmcwcTEucjQwbnJgLS1kMTZzczM2YjVgLy01YC0tXl40LWM6Yw%3D%3D&vl=&vr=,adapt_lower_720_1&adapt_540_1&lower_540_1&lowest_540_1,14&28&24&25
4,v12044gd0000c736h5bc77uakasifot0,40843,832150&688079&457089&341092,1870103b114399b88349f56e117379e2&95e2be75a9c8b2003be649093e933924&95ab1cfbb8802feecf53d7404546133b&a76678618bd5f003753e7421f5930725&13145c60b20006a39a80e36796a77ab7&3a590bf9b9a7a9648f37ddfa518043e4&c177d1b0e086e6063c65f4284aeb2b6b&08a849eb6974ea771ea82a063f8b684d,https://v16m.tiktokcdn-us.com/1870103b114399b88349f56e117379e2/61fb70bb/video/tos/useast5/tos-useast5-pve-0068-tx/967c907d787f47d1ba726183ac03a2a0/?a=1233&br=1624&bt=812&cd=0%7C0%7C0&ch=0&cr=3&cs=2&cv=1&dr=0&ds=3&er=&ft=c~.Zm4L-gXoInz7T&l=20220203000506010113135214272EDA72&lr=all&mime_type=video_mp4&net=0&pl=0&qs=14&rc=M3JsZGQ6Zjg5OjMzZzczNEApNDlkOjo5ZjxmNzc8NjVpOGdxY3BocjRfZTBgLS1kMS9zczY2NjAyXjBfYi8xLzIuY2A6Yw%3D%3D&vl=&vr=,adapt_lower_720_1&adapt_540_1&lower_540_1&lowest_540_1,14&28&24&25
5,v09044g40000c3lg95bc77u9h05eekn0,46089,555273&414793&370651&261713,57ccc18c10f951ee67d3293fd6d3e4d6&dd1a99dc09a6d6225e67d5920b1748c3&901cecbdb5209ca90ed8eda6a323f3ef&5499bd8511318bcf59bbfee66d301105&e974494be665d1d0438da05d8d01ce6d&db6197126650bad719db1cbed4cec4ab&5e8e2b93cded51cdf3db9aa2404eefc2&2f6d48cbcf6d61dc903bb2889bb51eef,https://v16m.tiktokcdn-us.com/57ccc18c10f951ee67d3293fd6d3e4d6/61fb70c0/video/tos/useast2a/tos-useast2a-pve-0068/d71c0e8d4bdd441cb28765ca3433472b/?a=1233&br=1084&bt=542&cd=0%7C0%7C0&ch=0&cr=3&cs=2&cv=1&dr=0&ds=3&er=&ft=c~.Zm4L-gXoInz7T&l=20220203000506010113135214272EDA72&lr=all&mime_type=video_mp4&net=0&pl=0&qs=14&rc=M25oMzw6ZjhqNjMzNzczM0ApN2kzaWQ4NDtmN2c6ZTg8aWdrYjJlcjRfNmlgLS1kMTZzczA0YmNjY2AtYDI2MDBfNjY6Yw%3D%3D&vl=&vr=,adapt_lower_720_1&adapt_540_1&lower_540_1&lowest_540_1,14&28&24&25
6,v09044g40000c5kungbc77uacng9oj30,13930,1337595&953846&429045&272191,37cdac549238efa1d223e2045372fdac&822fb97f1042b75bf2463f466fe53f36&fbc0b08fe1fba68f53d75959c3756908&53f33e7639bda13d07dcc808071cbfc4&13e0253de975f1d13a5e30c7045bb1df&2721839c8ac0b84a13352d56b8e1a2cb&fa883b72fc9bdd3a279906b7a8b0f2f1&ae65107940e9ceb5c9a05e0837679398,https://v16m.tiktokcdn-us.com/37cdac549238efa1d223e2045372fdac/61fb70a0/video/tos/useast2a/tos-useast2a-ve-0068c001/ae7d9ca891014870a674efdd81dd93db/?a=1233&br=2612&bt=1306&cd=0%7C0%7C0&ch=0&cr=3&cs=2&cv=1&dr=0&ds=3&er=&ft=c~.Zm4L-gXoInz7T&l=20220203000506010113135214272EDA72&lr=all&mime_type=video_mp4&net=0&pl=0&qs=14&rc=M208cWQ6Zmp4ODMzNzczM0ApZDQ7ODU2NjtpNzM1ZDw5M2cwbGRgcjRfa2hgLS1kMTZzczBgLWAwM2ItYTMuYzIwYmM6Yw%3D%3D&vl=&vr=,adapt_lower_720_1&adapt_540_1&lower_540_1&lowest_540_1,14&28&24&25
7,v12044gd0000c7ab0jrc77uakaub0500,39890,954988&776458&495588&385061,db76137f914a2fd43354384693d5795c&39cc26831574b518d1e675aef60237ac&daf3a64b76938f7411eca05976c3aca5&64aa81fe7fec6f11621b7d57b15e0d0b&3964b3f01c03a80d27b16a012aa3a979&de2e8048b2bf314988bf19e4b0ac2e8b&8e8eb9e9bf10c7a742d10b4963c6b974&773e6e078b91b75ae0f727685cc2e265,https://v16m.tiktokcdn-us.com/db76137f914a2fd43354384693d5795c/61fb70ba/video/tos/useast5/tos-useast5-pve-0068-tx/a57858439bc3450ca66aaa1dbb72de85/?a=1233&br=1864&bt=932&cd=0%7C0%7C0&ch=0&cr=3&cs=2&cv=1&dr=0&ds=3&er=&ft=c~.Zm4L-gXoInz7T&l=20220203000506010113135214272EDA72&lr=all&mime_type=video_mp4&net=0&pl=0&qs=14&rc=MzhlZGQ6Zm1lOjMzZzczNEApNDhmaDtpNzxpN2Y6NTRmZ2ctLXJocjRvLV5gLS1kMS9zc2E2LS40MWE1Ml42NDBfYDA6Yw%3D%3D&vl=&vr=,adapt_lower_720_1&adapt_540_1&lower_540_1&lowest_540_1,14&28&24&25
8,v09044g40000c42euh3c77u1fkgu3370,16646,567887&444282&223592&160019,b2c4289eab4b6dcd66ca9493eca39eb3&10921fa70bf0c59781d42c3587d24068&32f2059cadcacfde147304800d19ebd6&742ed3ad234a1e69b8a5887ad34dcea9&d2edfa1482ad9d243dafa1c35f60ab80&4e4d8043ff21db9b7d7e831c2c8fe7af&c2db9cc6b7dcf7226ecd15c4fc28ac46&9eb961cf8836faff3bae84d9e6760174,https://v16m.tiktokcdn-us.com/b2c4289eab4b6dcd66ca9493eca39eb3/61fb70a3/video/tos/useast2a/tos-useast2a-pve-0068/353eea5c512a4e96bf4aed8f1a7c9fe9/?a=1233&br=1108&bt=554&cd=0%7C0%7C0&ch=0&cr=3&cs=2&cv=1&dr=0&ds=3&er=&ft=c~.Zm4L-gXoInz7T&l=20220203000506010113135214272EDA72&lr=all&mime_type=video_mp4&net=0&pl=0&qs=14&rc=MzZ4bjQ6ZmtoNzMzNzczM0ApODc0NGk0NmVlN2Q7OjczM2c0MGRjcjQwci9gLS1kMTZzcy8tMWFiYS5fMzIyNTUxXy06Yw%3D%3D&vl=&vr=,adapt_lower_720_1&adapt_540_1&lower_540_1&lowest_540_1,14&28&24&25
9,v09044g40000c1kjcjkfbh5e73ktqsqg,17807,788255&644665&394736&273289,90f567b11983c4ab6ba2d8429aba867c&f44714d103c78823aaa025c2771dbcbf&f42696c842ee78f5946a378c6c03cd21&71aa012170891d6115639682638dbdd4&cee26f1a433d55fefd42d09809f61026&698f5d9f87385b4fce94397fa9ef9371&024f34b7f3fdfa489ed93ba1ffd47063&c88e8bc799902ecdde99c2d5b48b7b2d,https://v16m.tiktokcdn-us.com/90f567b11983c4ab6ba2d8429aba867c/61fb70a4/video/tos/useast2a/tos-useast2a-pve-0068/28e9383b8a8843d19cdf71afb36ba310/?a=1233&br=1538&bt=769&cd=0%7C0%7C0&ch=0&cr=3&cs=2&cv=1&dr=0&ds=3&er=&ft=c~.Zm4L-gXoInz7T&l=20220203000506010113135214272EDA72&lr=all&mime_type=video_mp4&net=0&pl=0&qs=14&rc=anZ3NmhraW1tNDMzNzczM0ApZGQ8ZzZkNDxkN2QzNzg7ZWdubmg0Ml9oYGhgLS1kMTZzczYyYV8zNS0vMC9hX2M1Y2E6Yw%3D%3D&vl=&vr=,adapt_lower_720_1&adapt_540_1&lower_540_1&lowest_540_1,14&28&24&25
10,v09044g40000c5e8kmjc77u46rithnh0,22730,1277620&929918&522262&310772,61e290624f881d197b9639b99580964f&eb236aa65b3dad643a34fdab1f02b37b&a24198932deb880d84e1a9349a7efefc&384dfe85c2e3c52d5a9109089b0c3d55&4b42d1627291e61f4e39b84bbb81c628&e0364f65fa7d9b9f52e7e71c59d096b1&f4295a38b6304807682ecd7a71f4f976&59c3da4a55ba74ea33fdc42281e6f9be,https://v39.tiktokcdn-us.com/61e290624f881d197b9639b99580964f/61fb7118/video/tos/useast2a/tos-useast2a-ve-0068c003/f93b5f348c9345c0b2b7c1e5065a4334/?a=1233&br=2494&bt=1247&cd=0%7C0%7C0&ch=0&cr=3&cs=2&cv=1&dr=0&ds=3&er=&ft=c~.Zm4L-gXoInz7T&l=202202030006580101130062211B230FF5&lr=all&mime_type=video_mp4&net=0&pl=0&qs=14&rc=M3F3dTc6ZnA7ODMzNzczM0ApZWhoZWZnNDxmNztlNjY0O2dlZWYzcjRnaGJgLS1kMTZzcy0uMWNhLi8tYTBeYC02MDU6Yw%3D%3D&vl=&vr=,adapt_lower_720_1&adapt_540_1&lower_540_1&lowest_540_1,14&28&24&25
11,v12044gd0000c71ugq3c77u5s8e6f2f0,18434,1027650&733585&485689&367394,f91187dc30912c09407546d82359dad6&775a066fd7f292182af8c9fb2eb788f8&ce52cdf340e1a7207d6591bc391398fe&5895c99358aa0770d14073ae3e112556&f77d472399221603ccd148a767ea280a&8d7035ca25df6ba7c826b82bd771be95&9673d6111bf01bde07e45808fe40313d&b2cacb3962bd2128216df7172733bd69,https://v39.tiktokcdn-us.com/f91187dc30912c09407546d82359dad6/61fb7114/video/tos/useast5/tos-useast5-pve-0068-tx/d735af7563d843959b0dc66b450fc656/?a=1233&br=2006&bt=1003&cd=0%7C0%7C0&ch=0&cr=3&cs=2&cv=1&dr=0&ds=3&er=&ft=c~.Zm4L-gXoInz7T&l=202202030006580101130062211B230FF5&lr=all&mime_type=video_mp4&net=0&pl=0&qs=14&rc=MzU5Ozg6ZnR4OjMzZzczNEApO2dmZDkzNTs2Nzo1OmQ6OGdjY2JwcjQwZC5gLS1kMS9zcy5gYF9eY14zMi4vLjReYi86Yw%3D%3D&vl=&vr=,adapt_lower_720_1&adapt_540_1&lower_540_1&lowest_540_1,14&28&24&25
12,v09044690000bugd0qjemvd778npkaug,8728,1625869&1015423&736932&474604,504dc7462a6ab113d03f8368a8476c83&3d9ee689d717ffdaa367ec6d67d2a9e3&fc3dde513a6f400f8707fcad6eb6b18d&4869a6c57187ded87abad019de588137&2136d717e9447a6847d4c01dd88c57ff&75a76570614577a974c2e409570e0d50&d90e3935d7a67d423ce643111ae1fca8&3b4bb349bfccbb6f3d8045cb3515918a,https://v39.tiktokcdn-us.com/504dc7462a6ab113d03f8368a8476c83/61fb710a/video/tos/useast2a/tos-useast2a-ve-0068c003/577f7868462848419672cfb56e32c139/?a=1233&br=3174&bt=1587&cd=0%7C0%7C0&ch=0&cr=3&cs=2&cv=1&dr=0&ds=3&er=&ft=c~.Zm4L-gXoInz7T&l=202202030006580101130062211B230FF5&lr=all&mime_type=video_mp4&net=0&pl=0&qs=14&rc=amRzOzp5aHRneDMzPDczM0ApZGc2NmRoZDxpN2hlOTw1NWdyaGs0YWpnLWRfLS0zMTZzc2IzYV8xMmBiLTAuMC4wNC86Yw%3D%3D&vl=&vr=,adapt_lower_720_1&adapt_540_1&lower_540_1&lowest_540_1,14&28&24&25
13,v09025g40000c7k2k5jc77u0bg08tuq0,33389,1260595&1061722&651944&511145,0969a86033d6a2e5063e0618d78c8912&ff20a32509c57cea5d320bc1a6270d9f&cd8de646ce64fcd3a251882ee2dfdc3c&09df77743027b3cd4bce22981883ff4b&5124ee6e30b4a005af978c88ed0f9cd6&95c46a5a2ab9da5c78cb7a9506fdbf9a&bfeec851cc4dc138ec0fd1354b78b5fa&979ba7add92b26263e8b24bfb4b7c6cf,https://v39.tiktokcdn-us.com/0969a86033d6a2e5063e0618d78c8912/61fb7123/video/tos/useast2a/tos-useast2a-ve-0068c004/a9faf2f518b7470c996bd1054ce715dc/?a=1233&br=2462&bt=1231&cd=0%7C0%7C0&ch=0&cr=3&cs=2&cv=1&dr=0&ds=3&er=&ft=c~.Zm4L-gXoInz7T&l=202202030006580101130062211B230FF5&lr=all&mime_type=video_mp4&net=0&pl=0&qs=14&rc=M3g7ajM6Zjg1OjMzNzgzM0ApNDNpNDY0OTs5Nzw5ZGY1OWducS1fcjRnaGhgLS1kLzZzczVhMmNeM2NiNmFfNGM2Y2M6Yw%3D%3D&vl=&vr=,adapt_lower_720_1&adapt_540_1&lower_540_1&lowest_540_1,14&28&24&25
14,v12044gd0000c7ks91bc77ueg1m4g43g,7683,488109&413158&211071&181117,8dad111f594f8c566146d1ee845d410a&e40fd48c58ac92c3d870cffc2ee83212&0bd40772174d2d0f6a0d852bbf8a79a3&223b1a311dee924f5720e60c03efadf3&836cd382ea02703fea92419d6f4804b8&d0cce2a5abcd744a60ba8a05a54c5614&85be418130c275a1cfd67d0e627e8a9c&86bbeddcb90115112ab39346125f90d1,https://v39.tiktokcdn-us.com/8dad111f594f8c566146d1ee845d410a/61fb7109/video/tos/useast5/tos-useast5-ve-0068c004-tx/da8a66dc049447129bec9dbbae518438/?a=1233&br=952&bt=476&cd=0%7C0%7C0&ch=0&cr=3&cs=2&cv=1&dr=0&ds=3&er=&ft=c~.Zm4L-gXoInz7T&l=202202030006580101130062211B230FF5&lr=all&mime_type=video_mp4&net=0&pl=0&qs=14&rc=ajc3NGg6ZjR2OjMzZzczNEApNmc3OjQ3Zjw4NzlpOmRoOmcwZGpkcjRfNmhgLS1kMS9zcy9gYDU1Xy5eXy0wLTU0YGM6Yw%3D%3D&vl=&vr=,adapt_lower_720_1&adapt_540_1&lower_540_1&lowest_540_1,14&28&24&25
15,v09044g40000c6jhh33c77u55jlrvldg,13790,641966&571559&191320&164339,1887306470e195e944c9aefd027fbeac&c39a082f0f76381b43c02e80beb30806&2fd320a18a8507073cf5a2279f004e8e&cc7f1bd65e9dfaae8389dd362af611f7&f7355bc9c7aa85c6f4035f2e13356097&38f68578e6303e0e064df7e7eb85b2d1&ec4dda64a63a0aa9ad8bacb029fa07d2&1a353af934c5af349ee57615d89d34d4,https://v39.tiktokcdn-us.com/1887306470e195e944c9aefd027fbeac/61fb710f/video/tos/useast5/tos-useast5-ve-0068c003-tx/f6524545c6d74e4786502bcbc42b1466/?a=1233&br=1252&bt=626&cd=0%7C0%7C0&ch=0&cr=3&cs=2&cv=1&dr=0&ds=3&er=&ft=c~.Zm4L-gXoInz7T&l=202202030006580101130062211B230FF5&lr=all&mime_type=video_mp4&net=0&pl=0&qs=14&rc=am91bTg6ZjZrOTMzNzczM0ApOWc7ZTM6Ojs0NzM6OTk6NGdhc2kycjQwZWdgLS1kMTZzczIwY19gYmEzX2FeXjQwYGE6Yw%3D%3D&vl=&vr=,adapt_lower_720_1&adapt_540_1&lower_540_1&lowest_540_1,14&28&24&25
16,v09044g40000c4mg0q3c77u950nmju0g,19177,3191109&1932525&1342438&707823,76691e2fe9b702dd3f37cfa18c81afff&ec50c0a37d4bbe31344c16ac814eebb7&0ddf624c25479caae5df6c37626aea34&56a31578b8cfb33536992cabd7bee87b&7fc2df71c2e1e8c82a67892a50bc3c3e&45b2554df90c75b59bff1f175de5a40e&6510f4425e8bdf329f70ac2e7f5300db&0ca762445207a154f9ec6579c02d5f3a,https://v39.tiktokcdn-us.com/76691e2fe9b702dd3f37cfa18c81afff/61fb7115/video/tos/useast2a/tos-useast2a-ve-0068c003/1578429937b3407ab574c8a84355dafb/?a=1233&br=6232&bt=3116&cd=0%7C0%7C0&ch=0&cr=3&cs=2&cv=1&dr=0&ds=3&er=&ft=c~.Zm4L-gXoInz7T&l=202202030006580101130062211B230FF5&lr=all&mime_type=video_mp4&net=0&pl=0&qs=14&rc=anhwMzw6ZnRqNzMzNzczM0ApOTxoaWhlOjs6NzM3OzQzO2ctZ2sycjQwLWpgLS1kMTZzcy1hXy9jXmIyMjFjXzIyMS06Yw%3D%3D&vl=&vr=,adapt_lower_720_1&adapt_540_1&lower_540_1&lowest_540_1,14&28&24&25
17,v09044g40000c4kh153c77u3i2t1e3f0,20710,790267&584037&389756&259282,a7d6eb44689bdd4ac0f112a8821135f4&f29cf67ac48994d9fee193885294d1b5&8661434dce8e966783f6e1cb30a3759b&94c68204b9879c47d3c6419a970265b3&4a749c9fa8375775bee5b1d4ef14352a&fe34e63d7bdad06c2fb952729a297757&15ac6c34608fd38004cc76a567bb4aae&c166115a7af9f8e47675e1a7d5bcc57f,https://v39.tiktokcdn-us.com/a7d6eb44689bdd4ac0f112a8821135f4/61fb7116/video/tos/useast2a/tos-useast2a-ve-0068c004/fc7e9f17e2344ce89e8aa991b7d0e895/?a=1233&br=1542&bt=771&cd=0%7C0%7C0&ch=0&cr=3&cs=2&cv=1&dr=0&ds=3&er=&ft=c~.Zm4L-gXoInz7T&l=202202030006580101130062211B230FF5&lr=all&mime_type=video_mp4&net=0&pl=0&qs=14&rc=MzY0NTY6ZjhrNzMzNzczM0ApOGY1OzNoNjs2NzZlM2UzOWdjYnFmcjQwLmhgLS1kMTZzc2IzLy1iNjNeYC4uMTIuLTA6Yw%3D%3D&vl=&vr=,adapt_lower_720_1&adapt_540_1&lower_540_1&lowest_540_1,14&28&24&25
18,v09044g40000c4o2ad3c77ub0jnsku20,14348,308367&262572&169289&122231,d0fa76e230e120877d1735d749493050&8322d6c87ec8bb05b99b5979865c242b&7ff8d4c5870a53ee399e2a40072e911e&9ba1797c697224000ccf87b41c71072f&03a01b94ad3c4f7cef1c8992b955064e&727c8c6c5b7075683df85a7927de5b9e&e0e5315e7c6907dff86db8f4e0632ad7&cabeb129b1224c40423a845ab91dfaea,https://v39.tiktokcdn-us.com/d0fa76e230e120877d1735d749493050/61fb7110/video/tos/useast2a/tos-useast2a-pve-0068/2a1adc06ebd9400f841fdc3808ec30e6/?a=1233&br=602&bt=301&cd=0%7C0%7C0&ch=0&cr=3&cs=2&cv=1&dr=0&ds=3&er=&ft=c~.Zm4L-gXoInz7T&l=202202030006580101130062211B230FF5&lr=all&mime_type=video_mp4&net=0&pl=0&qs=14&rc=M3h2bWU6Zmc1NzMzNzczM0ApZTk7OjxoODtnN2VkOzk6N2cvaGstcjQwXmxgLS1kMTZzc2IuXzE1YGEvLWAxLTA1LzA6Yw%3D%3D&vl=&vr=,adapt_lower_720_1&adapt_540_1&lower_540_1&lowest_540_1,14&28&24&25
19,v10044g50000c6c36brc77u6q3q4r3og,25354,583702&337395&211799,650c50642b84d46b2b96c1ce83e07daa&bbecec7d758f2193b5466b65669cb199&5f1e6c2999750c8e00745b8219bab06d&204c8a287ac7ed2ee7552a3356e83f1f&a953c787f535af91c5b9f491833c9ec6&1b77e87b07af749b7dfb06419e3801f7,https://v39.tiktokcdn-us.com/650c50642b84d46b2b96c1ce83e07daa/61fb711b/video/tos/alisg/tos-alisg-pve-0037c001/0fcd2e46f8c24166a41b1a8f9f5a534e/?a=1233&br=1140&bt=570&cd=0%7C0%7C0&ch=0&cr=3&cs=2&cv=1&dr=0&ds=6&er=&ft=c~.Zm4L-gXoInz7T&l=202202030006580101130062211B230FF5&lr=all&mime_type=video_mp4&net=0&pl=0&qs=11&rc=ajY3Njk6ZmU2OTMzODczNEApaDU1ODpnZzxmNzNmZGg4M2dsb25ucjRvM2BgLS1kMS1zczEuMDQxM2M0NS9jMWA0My46Yw%3D%3D&vl=&vr=,adapt_540_1&lower_540_1&lowest_540_1,28&24&25
20,v09025g40000c5tphj3c77u9non5uja0,11632,391326&216922&156694,65dc1e85ec963445a3fadab792b0b782&dd42366fa88f88468211d8564691672f&f12dae1c61f909dadb8299cb55231486&15eee8d123f93cafc422d82c22a659ce&61a4841cadb4d1d1d212d195403dc844&979eee5669261e30b6979b89228640e3,https://v16m.tiktokcdn-us.com/65dc1e85ec963445a3fadab792b0b782/61fb717a/video/tos/useast2a/tos-useast2a-pve-0068/0db5a52be4814ca482755ba7b47a0966/?a=1233&br=764&bt=382&cd=0%7C0%7C0&ch=0&cr=3&cs=2&cv=1&dr=0&ds=6&er=&ft=c~.Zm4L-gXoInz7T&l=20220203000847010113006040260A9471&lr=all&mime_type=video_mp4&net=0&pl=0&qs=11&rc=M204cjw6Zm1zODMzNzgzM0ApZmZkOGdkaTs0NztmODk3aGdecmtrcjQwZXFgLS1kLzZzc2BjMWAwLTRfMC8wYmAuNGI6Yw%3D%3D&vl=&vr=,adapt_540_1&lower_540_1&lowest_540_1,28&24&25
21,v090445c0000brsj2d7kvluo3u9i7rsg,6639,1025429&793373&341692&224755,c16a7d0924b83a7ff8347158ced5f42d&9f04343030a28ae04cec7fe4aaa035ed&c205a500c53ebc9c957c7ba7453395ce&b871c845e575f1c1fe2ff1707b682360&734e8baa5865ed26fcab9e52eedd834d&e4ac233edb710a98ad4bec608f39cf00&648e8c24e7e4aa69a86b7b5f35b35203&17281925fe509f8d18f29b0cc750db5c,https://v16m.tiktokcdn-us.com/c16a7d0924b83a7ff8347158ced5f42d/61fb7175/video/tos/useast2a/tos-useast2a-ve-0068c003/a61a2fdecc7f4812a7e9dcb661f65801/?a=1233&br=2002&bt=1001&cd=0%7C0%7C0&ch=0&cr=3&cs=2&cv=1&dr=0&ds=3&er=&ft=c~.Zm4L-gXoInz7T&l=20220203000847010113006040260A9471&lr=all&mime_type=video_mp4&net=0&pl=0&qs=14&rc=anVseHJvbmdtdTMzZjczM0ApaDZpNzQ0ZTw1N2YzOGk7OmdwNDYwcnM0L3BfLS0yMTZzc2IvYzAvMC8yNDJgNWBhYF86Yw%3D%3D&vl=&vr=,adapt_lower_720_1&adapt_540_1&lower_540_1&lowest_540_1,14&28&24&25
22,v09044g40000c2jv6hga6lvlhf9ml8fg,21221,1844886&1518566&799751,ae49fee23657d04ebb4ac31377533f4b&76ce3d395a9753acc4732a3a847a25a0&36f167e869e8078ff78ffcb76ca88188&1eb501b62dee9479b3f192b329d0fede&76a66d27374f038f324e720c6275dc44&1fda9c38b74035add4fcbb3c96be5627,https://v16m.tiktokcdn-us.com/ae49fee23657d04ebb4ac31377533f4b/61fb7184/video/tos/useast2a/tos-useast2a-ve-0068c001/5b760373d72949838db6ae7478a36a43/?a=1233&br=3602&bt=1801&cd=0%7C0%7C0&ch=0&cr=3&cs=2&cv=1&dr=0&ds=6&er=&ft=c~.Zm4L-gXoInz7T&l=20220203000847010113006040260A9471&lr=all&mime_type=video_mp4&net=0&pl=0&qs=11&rc=ajtwaW9vZGt5NTMzNzczM0ApNGZmZmg1aGU3Nzk2PDo8ZWdjaTZlczNkM2dgLS1kMTZzczY2YGAyMzAwMjIzMWBjYDY6Yw%3D%3D&vl=&vr=,adapt_540_1&lower_540_1&lowest_540_1,28&24&25
23,v09044g40000c79sv4rc77uek1s3e9u0,11143,536520&442509&273507&213723,f151a4b34c339e9bb0d083658e175ce5&423e28cdbb41839795dbe5539e7e28d0&c6dbfb3530f37cbafae8c89ceb26d16a&47a0b3daab2fa33e574807665ee969e6&d7b45d6da83158ee251315bf9d5a875e&a9c67013db3ba655a42686474e3c3335&d76f96a0c3c5376913e013fc65f246d1&1c817583bf5f4d6e8f9cba38e12ffe92,https://v16m.tiktokcdn-us.com/f151a4b34c339e9bb0d083658e175ce5/61fb717a/video/tos/useast2a/tos-useast2a-ve-0068c004/6db3f6747661435bb4871304930b8e56/?a=1233&br=1046&bt=523&cd=0%7C0%7C0&ch=0&cr=3&cs=2&cv=1&dr=0&ds=3&er=&ft=c~.Zm4L-gXoInz7T&l=20220203000847010113006040260A9471&lr=all&mime_type=video_mp4&net=0&pl=0&qs=14&rc=Mzw2NGg6Zjd2OjMzNzczM0ApZWc2Zjc4Nzw7Nzs4PDo8ZGdyYnBocjRvczZgLS1kMTZzczUyYTZiYzIxLzQ0Y2JgXy86Yw%3D%3D&vl=&vr=,adapt_lower_720_1&adapt_540_1&lower_540_1&lowest_540_1,14&28&24&25
24,v09044g40000c3mrtfbc77uahb02m4jg,7149,1009186&814846&469416&322285,51bb07f8558a2c7f6065dbcd71439556&342035171dc1a413a312d7745e27d437&64dfad5c485b829a658bd3b5fb24ad89&a7f1b794b9058ce3e4e2c007928f5558&b61454edd2d6ff26c5caf273e9e55ac3&568324f8112da4fbf5ec43cbf73df4e5&c411be828d7e0f18b06465bce5d9c683&c52ee19b99167ccf6c77543e51299052,https://v16m.tiktokcdn-us.com/51bb07f8558a2c7f6065dbcd71439556/61fb7175/video/tos/useast2a/tos-useast2a-pve-0068/3ebc7ee2989f443883330b31dfab49f4/?a=1233&br=1970&bt=985&cd=0%7C0%7C0&ch=0&cr=3&cs=2&cv=1&dr=0&ds=3&er=&ft=c~.Zm4L-gXoInz7T&l=20220203000847010113006040260A9471&lr=all&mime_type=video_mp4&net=0&pl=0&qs=14&rc=ajc1ZWQ6Zml1NjMzNzczM0ApOWg2NjxmNDw2NzY8OTg4Z2dnai1lcjRfcWpgLS1kMTZzczA1LWJgYy9jYi9eMGIvXjY6Yw%3D%3D&vl=&vr=,adapt_lower_720_1&adapt_540_1&lower_540_1&lowest_540_1,14&28&24&25
25,v12044gd0000c7d0b4bc77uekfci7l50,11770,680590&563748&390091&298756,71d6a4942b5bc9582c96b52243c24051&52b917b1fe5c6092496df37ee9b427cc&60286f5f06d2c9599680edd319adcb04&e95aca2fa3667df89f41686ed63587bb&02b558913b0cb786900b113a6894fbc9&3f4a4d595472fe2e75abde16bc92fde6&3fbe4903f0334ab470fd827be915a9c7&bc5de4533670962809d33db2f35e6c0d,https://v16m.tiktokcdn-us.com/71d6a4942b5bc9582c96b52243c24051/61fb717a/video/tos/useast5/tos-useast5-ve-0068c003-tx/724514e92b8043a6947f02201f7c50ab/?a=1233&br=1328&bt=664&cd=0%7C0%7C0&ch=0&cr=3&cs=2&cv=1&dr=0&ds=3&er=&ft=c~.Zm4L-gXoInz7T&l=20220203000847010113006040260A9471&lr=all&mime_type=video_mp4&net=0&pl=0&qs=14&rc=M29saWg6ZjczOjMzZzczNEApZ2hkaDY8NmQ7N2hnNjplaGcyNGBocjRfX2FgLS1kMS9zc2I2YzFeNTYyMTAyL2ItMmA6Yw%3D%3D&vl=&vr=,adapt_lower_720_1&adapt_540_1&lower_540_1&lowest_540_1,14&28&24&25
26,v09044g40000c31h4berlhljq0la6gmg,11702,1276937&955175&436320&297005,0fdad8a6cad8ab281fba74f39ada1fd2&f441f0d682585dc1cd6eb5b4ebaf388c&702c7df2e987b3fa0d5ce87153705a11&e33e4f7453217c3fdadf6213dcbf4ad3&c1480aeb2ef7f261c867c68e5160cd6b&d5b1c060f992492336f4dbcdfb8edd22&14a5dfb7d57bfcab3173f65a4f31da75&527d57b3d70b6818c824e8fc82d37fd6,https://v16m.tiktokcdn-us.com/0fdad8a6cad8ab281fba74f39ada1fd2/61fb717a/video/tos/useast2a/tos-useast2a-ve-0068c001/c3efc14c6e3045bb9d9a7123d0c5447d/?a=1233&br=2494&bt=1247&cd=0%7C0%7C0&ch=0&cr=3&cs=2&cv=1&dr=0&ds=3&er=&ft=c~.Zm4L-gXoInz7T&l=20220203000847010113006040260A9471&lr=all&mime_type=video_mp4&net=0&pl=0&qs=14&rc=ampkM21rdWVrNjMzNzczM0ApZ2g5Njs0PGVoNzNkNzdoPGdqM2luaWliMS5gLS1kMTZzczBjYGMyLjQ2My4uLTYyMjE6Yw%3D%3D&vl=&vr=,adapt_lower_720_1&adapt_540_1&lower_540_1&lowest_540_1,14&28&24&25
27,v09044g40000c4oflj3c77ue62ip6i7g,18829,1005587&678099&416779,72b2ef703f0d3050e2f364a4c1ed377c&3e592fbfd0179bb3a9b7b2782e3ea781&b8bfedbd70917dbd56b6012a09864c09&9f952498cce5ca0dd37087030e22bc8d&bb60f73751c3127863bb7b18faffb991&7000761fff171e4f7216104c8d061d75,https://v16m.tiktokcdn-us.com/72b2ef703f0d3050e2f364a4c1ed377c/61fb7181/video/tos/useast2a/tos-useast2a-ve-0068c004/ba81bb2590184a42916525640ac6a34f/?a=1233&br=1964&bt=982&cd=0%7C0%7C0&ch=0&cr=3&cs=2&cv=1&dr=0&ds=6&er=&ft=c~.Zm4L-gXoInz7T&l=20220203000847010113006040260A9471&lr=all&mime_type=video_mp4&net=0&pl=0&qs=11&rc=amxzNWg6Zm1pNzMzNzczM0ApOTpnNDZkZ2U3Nzc7Zzg4OWc0M2YzcjQwaWxgLS1kMTZzc2AyNmA1MTRgNS40LjViM186Yw%3D%3D&vl=&vr=,adapt_540_1&lower_540_1&lowest_540_1,28&24&25
28,v12044gd0000c7878sjc77u7psv0afkg,15067,661557&552707&464615&385418,b2fd28395668e6dfe346b1a123b91dcd&ec147eca8ec3234b3fde7589085a37ce&2428992bb1dc5394c9c2c631d9fa56d7&1618399d515252093226bd87d6f9c545&f23afa3ed07cb35e36e4f84c0f6d7808&cd45f9cd20738d3df76a1f7f9a85ec25&c631df7e2da8b2c51e90b8c21845622d&4a9325ce074e018c7f1b76464ba465fd,https://v16m.tiktokcdn-us.com/b2fd28395668e6dfe346b1a123b91dcd/61fb717d/video/tos/useast5/tos-useast5-ve-0068c004-tx/288c2e7eff49415ba3911a0c11c53285/?a=1233&br=1292&bt=646&cd=0%7C0%7C0&ch=0&cr=3&cs=2&cv=1&dr=0&ds=3&er=&ft=c~.Zm4L-gXoInz7T&l=20220203000847010113006040260A9471&lr=all&mime_type=video_mp4&net=0&pl=0&qs=14&rc=amkzdjo6ZnY6OjMzZzczNEApODloODVnOmU6N2k8NzQ6OGdoXnNtcjRnNTVgLS1kMS9zc2NeMzYvYl8tXy4tM19gXjY6Yw%3D%3D&vl=&vr=,adapt_lower_720_1&adapt_540_1&lower_540_1&lowest_540_1,14&28&24&25
29,v09044g40000c6bjhcrc77ue1odlkdo0,7940,604161&439135&296553&183383,839268abcede35daafff3ab70b9738d2&12ab7b318aafde8cba20ba369db79d48&7f69f710af077f7b3d13c527b8388425&94000f91c03e61deb45cd824cc75a4ed&2ddbedda590281523989f472e8d583b7&94cd5b8a800aefe6bec6ea7884de146d&56f9099683185cbb64131a7ea262c8d3&6b0cc54c605076c26026aa14e2d9e92e,https://v16m.tiktokcdn-us.com/839268abcede35daafff3ab70b9738d2/61fb7176/video/tos/useast2a/tos-useast2a-ve-0068c004/53037072e7ea46719f71503983e53896/?a=1233&br=1180&bt=590&cd=0%7C0%7C0&ch=0&cr=3&cs=2&cv=1&dr=0&ds=3&er=&ft=c~.Zm4L-gXoInz7T&l=20220203000847010113006040260A9471&lr=all&mime_type=video_mp4&net=0&pl=0&qs=14&rc=M2dvcmg6ZmZtOTMzNzczM0ApNWg6aWY2aGU8NzdpOWc7OWdsaGEucjRvZV9gLS1kMTZzc15hLjIzXmIxNWNeYjUwYGA6Yw%3D%3D&vl=&vr=,adapt_lower_720_1&adapt_540_1&lower_540_1&lowest_540_1,14&28&24&25
30,v10044g50000c527d0rc77uahq22hbe0,9332,800978&610639&283613&197477,d21359dda46edf1cf0b11fc64845f749&ed299d8caf2f81c5e540d88cc729efd7&bafe73d5b8f0ea74e086d5bda17965b5&e4f40ed12755110c86b95ec54b435052&1bbb57d326607d959a2f27483a4138fb&90c1c89d6cf5059b55fcc810f49f6913&072e2ca93d6f210de8c36797d5ebee34&1671b7b98b2139a19397e72eb069acd3,https://v39.tiktokcdn-us.com/d21359dda46edf1cf0b11fc64845f749/61fb71b5/video/tos/alisg/tos-alisg-pve-0037c001/4d0a612a6ef7447284add7123778dcbc/?a=1233&br=1564&bt=782&cd=0%7C0%7C0&ch=0&cr=3&cs=2&cv=1&dr=0&ds=3&er=&ft=c~.Zm4L-gXoInz7T&l=20220203000948010113006233012CB7BC&lr=all&mime_type=video_mp4&net=0&pl=0&qs=14&rc=M2U1dGQ6ZjM6ODMzODczNEApNjY4NjM0PDs6N2Y8OGVnOWdiZS9lcjRvYS9gLS1kMS1zc2AwNDA2MDFiNi0xXmJfMjQ6Yw%3D%3D&vl=&vr=,adapt_lower_720_1&adapt_540_1&lower_540_1&lowest_540_1,14&28&24&25
31,v09044g40000c39ork8o4qnr8507sfp0,17019,2400024&1680624&812197&524204,129041d470e361c2dcb44e7bb3c3e0de&a90c7b3608293bccaca41491e4d8e71f&ce94936533210e64c80add9807dd3e8f&fc2805bc5d7e642b20f20d08843173bb&ca4506248a7d70618346ba52d8a450a4&e73a77ea37fe9582bfb85c3990997283&af12acb172ffb0a4acb3cbbce692ab6a&5629f0bfee1e147bf3cf9907e62eef58,https://v39.tiktokcdn-us.com/129041d470e361c2dcb44e7bb3c3e0de/61fb71bc/video/tos/useast2a/tos-useast2a-ve-0068c003/b2f1a5a1d3f0448f9fb4b5a037c92027/?a=1233&br=4686&bt=2343&cd=0%7C0%7C0&ch=0&cr=3&cs=2&cv=1&dr=0&ds=3&er=&ft=c~.Zm4L-gXoInz7T&l=20220203000948010113006233012CB7BC&lr=all&mime_type=video_mp4&net=0&pl=0&qs=14&rc=M2k6OHV0cm5yNjMzNzczM0ApZWg8aDs6N2Q1NzYzOzk5NmdtcC01azE1bzZgLS1kMTZzcy82LzUtNjIxLWJiY141Ly46Yw%3D%3D&vl=&vr=,adapt_lower_720_1&adapt_540_1&lower_540_1&lowest_540_1,14&28&24&25
32,v09044g40000c3odp7bc77u6gocp9d6g,6662,1213038&1048223&705115,fda67345854434fa725a9f29dfad19e1&a4c9d4702b7fc42bed09afd072b73d7b&3a56289c17f8e59c4500db30fa621209&b28ebd18dbfa7f1ecddfda6ee8170905&92bc3f657f2444dc84c7ca45a437aec3&bbedb0c387dbf5e56b85746c90953098,https://v39.tiktokcdn-us.com/fda67345854434fa725a9f29dfad19e1/61fb71b2/video/tos/useast2a/tos-useast2a-ve-0068c003/de59c410050643d6ae007381bedffa4e/?a=1233&br=2368&bt=1184&cd=0%7C0%7C0&ch=0&cr=3&cs=2&cv=1&dr=0&ds=6&er=&ft=c~.Zm4L-gXoInz7T&l=20220203000948010113006233012CB7BC&lr=all&mime_type=video_mp4&net=0&pl=0&qs=11&rc=amdzcjk6ZjpnNjMzNzczM0ApOTQ2NzdlPDs1N2Q8ZWc4N2czNmBkcjRfbWxgLS1kMTZzc2MvNS8tMy8zYDItXzIvLWA6Yw%3D%3D&vl=&vr=,adapt_540_1&lower_540_1&lowest_540_1,28&24&25
33,v09044g40000c5kipabc77u4qq91jeb0,15510,465820&252741&166211,e439d035e8eb9c53ab2122af7056c53c&590b038d558df6c049ff523380efcf79&3a820c3fb026801d41848bea62e3c18b&73b422e4d48ec7df9f24c5514c24785d&4cd22ba83adfbee6c39f00410798eb28&be4ddddccfcfc034bf238ed9c3f0b910,https://v39.tiktokcdn-us.com/e439d035e8eb9c53ab2122af7056c53c/61fb71bb/video/tos/useast2a/tos-useast2a-ve-0068c003/c593b484780a4f4895fd37a447f5183d/?a=1233&br=908&bt=454&cd=0%7C0%7C0&ch=0&cr=3&cs=2&cv=1&dr=0&ds=6&er=&ft=c~.Zm4L-gXoInz7T&l=20220203000948010113006233012CB7BC&lr=all&mime_type=video_mp4&net=0&pl=0&qs=11&rc=M2g0dDc6ZmRsODMzNzczM0ApNzc4aTRkM2Q6N2Q0PGkzaWdfZzZucjRfbWhgLS1kMTZzc15iMTQ2NC40YzQ1LjEtYi46Yw%3D%3D&vl=&vr=,adapt_540_1&lower_540_1&lowest_540_1,28&24&25
34,v09044g40000c2gsjnial962u1po35p0,6430,770553&599707&407073,1b1ba00a3b9e6ac484af39b35d9717dc&f1df081b72e0a2e3b77345b78ca16ed3&17242df3a0454e0ad61846ca7dd429ef&0c506abfa3c893def63cff3ad40c5365&652b246e3c094219e4d19fcf92d532b2&68f23abcb0ab348cc67454ccc888c9cd,https://v39.tiktokcdn-us.com/1b1ba00a3b9e6ac484af39b35d9717dc/61fb71b2/video/tos/useast2a/tos-useast2a-ve-0068c003/c87454664ebb4e1a9171e23979c58e98/?a=1233&br=1504&bt=752&cd=0%7C0%7C0&ch=0&cr=3&cs=2&cv=1&dr=0&ds=6&er=&ft=c~.Zm4L-gXoInz7T&l=20220203000948010113006233012CB7BC&lr=all&mime_type=video_mp4&net=0&pl=0&qs=11&rc=MzhyNDU8ZHF2NTMzNzczM0ApZzg8Mzc7OjtmN2g4ZGdkOmdtMG1yM2lmZ2RgLS1kMTZzczAxMDY2LjI1Nl4zNS5iYDU6Yw%3D%3D&vl=&vr=,adapt_540_1&lower_540_1&lowest_540_1,28&24&25
35,v09044g40000c2qmm5u2iutjg46gq610,15230,1793520&1235045&889186&593926,3a014f2b4f89ae4210a368e67b2dcc0c&57c9b12df42df6996f90efec9b8f0e78&a2defb879d6ee808216bcb07464a2c40&8c95ff02ccea877337ce43ea023cf97d&a685d02f8187c7953712483eba8c27a2&19de625fcad41b8d626ad5a1fd200135&b0b3f05c2c52306ceade2d5f3bba26c7&a5a354799b32358be9d2fa60f6bdd411,https://v39.tiktokcdn-us.com/3a014f2b4f89ae4210a368e67b2dcc0c/61fb71bb/video/tos/useast2a/tos-useast2a-ve-0068c004/8c2392560472467faadd751cb7757143/?a=1233&br=3502&bt=1751&cd=0%7C0%7C0&ch=0&cr=3&cs=2&cv=1&dr=0&ds=3&er=&ft=c~.Zm4L-gXoInz7T&l=20220203000948010113006233012CB7BC&lr=all&mime_type=video_mp4&net=0&pl=0&qs=14&rc=MzlqN214NThwNTMzNzczM0ApZGdlO2c7O2VpNzRnZWYzNGcubjNkcWZyam5gLS1kMTZzc14yXzNgLS1gYzI2NjY2YzY6Yw%3D%3D&vl=&vr=,adapt_lower_720_1&adapt_540_1&lower_540_1&lowest_540_1,14&28&24&25
36,v09044f40000bq3sfh273oo36di7q7bg,15416,735858&566761&327403,7feb775c02dc6795f9588da286c243f1&4c2d36f8f1c1b680f5a548aeb137169b&fe7861342d82fde8c3e1d10a8ab57b3e&d4be28c72c8123a39c88c6d9ea75c9d7&f60e67ebee2d63214698ccc706b74478&8e7d1aaf3e5e979e3e7186633577528b,https://v39.tiktokcdn-us.com/7feb775c02dc6795f9588da286c243f1/61fb71bb/video/tos/useast2a/tos-useast2a-pve-0068/1a4eb2b04b464350bb484bfe194ad9cb/?a=1233&br=1436&bt=718&cd=0%7C0%7C0&ch=0&cr=3&cs=2&cv=1&dr=0&ds=3&er=&ft=c~.Zm4L-gXoInz7T&l=20220203000948010113006233012CB7BC&lr=all&mime_type=video_mp4&net=0&pl=0&qs=14&rc=ajo6ZzZyOmt2dDMzNzczM0ApZGkzNmk6MzszNzs8NGRlOGdfbmYzbDAvYzBfLS1jMTZzczEyLy9fMDFjMWBiXmFjM2A6Yw%3D%3D&vl=&vr=,adapt_lower_720_1&adapt_540_1&lower_540_1,14&28&24
37,v09044970000c15qot31m2ohdov0nv80,7637,599575&441121&262117&179080,c1401774d61492df42410b09d1cfc888&8f200097251a7b50f36b1ff15171a948&2bf9f187f180a9dbfd548d3719d319ef&7b64b2d3cf901af93cc2a31f9dbbdcc1&47d2d1f61009425fef0cd6126d44eec0&ba0c0ccb0cf82f896cfb0f7315a4ab0b&b704401409b5caf94c97cc99fb0ee36d&b9fb74d8fb71f909fca6e15dddbe0487,https://v39.tiktokcdn-us.com/c1401774d61492df42410b09d1cfc888/61fb71b3/video/tos/useast2a/tos-useast2a-ve-0068c002/9a2794aa230541308cc5eca4e5bafa23/?a=1233&br=1170&bt=585&cd=0%7C0%7C0&ch=0&cr=3&cs=2&cv=1&dr=0&ds=3&er=&ft=c~.Zm4L-gXoInz7T&l=20220203000948010113006233012CB7BC&lr=all&mime_type=video_mp4&net=0&pl=0&qs=14&rc=M3kzcms1NHd0NDMzOjczM0ApZGc7OjU6PGQ3Nzg4aTozZGc1a3NhbGowbDJgLS02MTZzcy82YjItMV9iLV8vYjEwNF86Yw%3D%3D&vl=&vr=,adapt_lower_720_1&adapt_540_1&lower_540_1&lowest_540_1,14&28&24&25
38,v12044gd0000c6438f3c77uf5sb2qspg,7637,438273&308591&211521&145661,577c36b5c0086e4ac68a92fc7b60295b&c7e262077631a622af7453d5cc15df91&965f04c98d99376e55e9e8c74f41c75e&1b675b243c14bdb808ef19ad9bd2855d&b1e191038925df16d61f70cf78d9c50a&3cf49cbd907487f6250946a371c9ed74&4388eafe5305df7da159040ff77eb4b0&0fdfc4076de45f9d18e39c2c515f2fc3,https://v39.tiktokcdn-us.com/577c36b5c0086e4ac68a92fc7b60295b/61fb71b3/video/tos/useast5/tos-useast5-ve-0068c004-tx/76d2b8ec07e045ac97babd32e7849b66/?a=1233&br=856&bt=428&cd=0%7C0%7C0&ch=0&cr=3&cs=2&cv=1&dr=0&ds=3&er=&ft=c~.Zm4L-gXoInz7T&l=20220203000948010113006233012CB7BC&lr=all&mime_type=video_mp4&net=0&pl=0&qs=14&rc=anY1dmk6Zmk2OTMzZzczNEApNTM7PDplZDs3N2k3NTQ0NGdtbl8ycjQwNTFgLS1kMS9zcy1iMTNhMjVgXzFhX2MvNWI6Yw%3D%3D&vl=&vr=,adapt_lower_720_1&adapt_540_1&lower_540_1&lowest_540_1,14&28&24&25
39,v09044g40000c62o2ujc77ufr6no25ng,54263,1203435&820796&709735&456655,9f5876d17849c77a88f09f0dbfa2e60d&20269a4613206bd7abc6b14f2407c7be&6408d91dfb126513d0bb2a50e0cb151a&8196315aa54da02a9f34daceeaeb3ba7&2e1d7104030da7d1d80d2c7bbfe56421&943692174abc7fc696cc46911d081335&69d01a6484397d75e4fa66cf670398fd&2e30fa581c47790d6a0e6ba130484e1f,https://v39.tiktokcdn-us.com/9f5876d17849c77a88f09f0dbfa2e60d/61fb71e2/video/tos/useast2a/tos-useast2a-ve-0068c004/e3151ae32f52482b9098bf1b1b13bc0a/?a=1233&br=2350&bt=1175&cd=0%7C0%7C0&ch=0&cr=3&cs=2&cv=1&dr=0&ds=3&er=&ft=c~.Zm4L-gXoInz7T&l=20220203000948010113006233012CB7BC&lr=all&mime_type=video_mp4&net=0&pl=0&qs=14&rc=ajhyOWk6ZnhyOTMzNzczM0ApOjY4OGg5ZztlN2Y2PGg0OGdrL2tvcjRnLy9gLS1kMTZzc14uMS4tNjBgYTNiMzFjLS46Yw%3D%3D&vl=&vr=,adapt_lower_720_1&adapt_540_1&lower_540_1&lowest_540_1,14&28&24&25
40,v09044g40000c6idqhrc77u0idc0al50,10122,1195208&1013012&681144&523445,f028ad9b17614c31dbb74867bf7946e4&67105ae609c824d83b0b43435584ef3d&523771ce51c0806e3d6d97433802137c&a5090b9a8c341ecaa8f1103e52adac00&a946dda74d00adc797c947f7739c5e96&1538b7ac583fd2559d1eab32c4ec1756&dd9c2f34aa2843dda0b26969f991a801&2930c86d2c173387375894ea44301f33,https://v19.tiktokcdn-us.com/f028ad9b17614c31dbb74867bf7946e4/61fb71fa/video/tos/useast5/tos-useast5-pve-0068-tx/56447db8d32243a79de8fa86405232f9/?a=1233&br=2334&bt=1167&cd=0%7C0%7C0&ch=0&cr=3&cs=2&cv=1&dr=0&ds=3&er=&ft=c~.Zm4L-gXoInz7T&l=20220203001057010113006012130F7427&lr=all&mime_type=video_mp4&net=0&pl=0&qs=14&rc=M28zZzM6ZmtnOTMzNzczM0ApOzlpODw0ZTs2NzZmaWQ6ZWcyXmBmcjRvbmZgLS1kMTZzcy8tXi00Li81LzAuYTEtXjU6Yw%3D%3D&vl=&vr=,adapt_lower_720_1&adapt_540_1&lower_540_1&lowest_540_1,14&28&24&25
41,v09044g40000c34mtnth8h41mpjnku00,7382,1175019&925927&534792&327161,31b28de7d059b2d728d4af0dc3829547&9a70774f16937493acfaa434b893369a&a4db20c8ac04120a2e8356eb017e8c96&c4ee8fce2051d53a7254a6f79a62f5f4&977f95f20cdb025079b7c4c4b8c76420&14913216a2e3f8ac19884661d8016e02&1d24f62aa8b086035d4d9fb9a4d1cb32&17af9baf9e6fb97c140633cbdf3ba507,https://v19.tiktokcdn-us.com/31b28de7d059b2d728d4af0dc3829547/61fb71f8/video/tos/useast2a/tos-useast2a-ve-0068c002/18dc538910c34b97b0ba2334398c0c1c/?a=1233&br=2294&bt=1147&cd=0%7C0%7C0&ch=0&cr=3&cs=2&cv=1&dr=0&ds=3&er=&ft=c~.Zm4L-gXoInz7T&l=20220203001057010113006012130F7427&lr=all&mime_type=video_mp4&net=0&pl=0&qs=14&rc=M3hxczRra3FwNjMzNzczM0ApOmVnZTNmPGVkNzg5OjMzZmctaGdqMTVxcTFgLS1kMTZzczBeYDMyMS1iXjE2L2BgYjU6Yw%3D%3D&vl=&vr=,adapt_lower_720_1&adapt_540_1&lower_540_1&lowest_540_1,14&28&24&25
42,v09044ad0000c0qnh58p8rsb4e7eg120,14208,881638&644122&349950&209351,898daf92d763cbf5f7cc57e30e2792aa&17c8edbd5d936078c39bec3b817e6cf2&a61b2ab3a389ebb6823bc35a487fb410&3cc021902c152943d8a3745249220bc9&ecde86e8258de74ea950c87233fffc78&8ed83fe746516231209e7a0d09625d81&cca5a8fced4bce12950cb45f4e9b30c3&a9a18fd99a8c7d9471e7de0f730c5201,https://v19.tiktokcdn-us.com/898daf92d763cbf5f7cc57e30e2792aa/61fb71ff/video/tos/useast2a/tos-useast2a-ve-0068c002/78aa8b14fb054a35b79487b137b29b3c/?a=1233&br=1720&bt=860&cd=0%7C0%7C0&ch=0&cr=3&cs=2&cv=1&dr=0&ds=3&er=&ft=c~.Zm4L-gXoInz7T&l=20220203001057010113006012130F7427&lr=all&mime_type=video_mp4&net=0&pl=0&qs=14&rc=MzRoaGV1czhxMzMzZzczM0ApO2Y3aDtkPDxpNzQ5ZmQ3OGcvZDQxcDU1ZW5gLS1eMTZzcy5gMS4wXzJiLWM0MDAvMTI6Yw%3D%3D&vl=&vr=,adapt_lower_720_1&adapt_540_1&lower_540_1&lowest_540_1,14&28&24&25
43,v09044g40000c3gscaris849rbdm91rg,14975,1649189&1352918&1157202&784297,9b2c0a7d8a18a6d833855512bf7b0f00&1e81837080b16636e25e4433fdd73f0c&a236eff421ea3ebde94afbeded708941&2ae431ada6e9a2a1cfc29c0e847ed7b6&86ea0ac6bbf03a03cc1df61c73e3aca4&72edcc0253d5d5182a4c6fab4002e6ee&2da2fcd60f3ae234ecdba9dfa22507c2&dd7fd9ff168350ee80ce56c28dbfc18a,https://v19.tiktokcdn-us.com/9b2c0a7d8a18a6d833855512bf7b0f00/61fb71ff/video/tos/useast2a/tos-useast2a-pve-0068/9d511f5263d34272a97a3e7ab284c1ce/?a=1233&br=3220&bt=1610&cd=0%7C0%7C0&ch=0&cr=3&cs=2&cv=1&dr=0&ds=3&er=&ft=c~.Zm4L-gXoInz7T&l=20220203001057010113006012130F7427&lr=all&mime_type=video_mp4&net=0&pl=0&qs=14&rc=ajRwZTw7bGR2NjMzNzczM0ApNGg7ODYzNTxpNzw8aTllNGdvNmFvMXBvYGRgLS1kMTZzczIxXi1hNmJeNS02YS1gXjU6Yw%3D%3D&vl=&vr=,adapt_lower_720_1&adapt_540_1&lower_540_1&lowest_540_1,14&28&24&25
44,v10025g50000c67pb5bc77ucdt603vkg,11886,598305&458843&286308&203009,cf1e0ea2ba9ee2fa06933a351ffdbebd&4afc7bfe722ea41b4c96554d996fd573&b0b13cfa42ccb569947dd3937c3d4300&2fbbe15daed88891c427575db1f90b7f&d001fbe43896ac042706f87b9456f8b8&2d87a1f5cd3791a233f2caf20fa5f67f&8540396d9f2cfddf97ac518043688d30&99745d475871f6acd9d089b116fbd6cb,https://v19.tiktokcdn-us.com/cf1e0ea2ba9ee2fa06933a351ffdbebd/61fb71fc/video/tos/alisg/tos-alisg-pve-0037/a54b25d3efa94e32aef40cabd002a14b/?a=1233&br=1168&bt=584&cd=0%7C0%7C0&ch=0&cr=3&cs=2&cv=1&dr=0&ds=3&er=&ft=c~.Zm4L-gXoInz7T&l=20220203001057010113006012130F7427&lr=all&mime_type=video_mp4&net=0&pl=0&qs=14&rc=ankzd2Y6ZjhzOTMzODgzNEApZGY8ZDQ1O2Q5N2UzMzU7O2doMDNhcjRfXzRgLS1kLy1zczY0Xi8wMTNeLl5iYWNiM186Yw%3D%3D&vl=&vr=,adapt_lower_720_1&adapt_540_1&lower_540_1&lowest_540_1,14&28&24&25
45,v09044g40000c33ti07rscuaijas2bfg,8334,835129&683160&599807&403342,146eb16adf6db538bb7fe9fd2fe6c82e&c84ecf624e57d5d1d981ffde995934ad&b069438ac28493cfd11470ad95c934a2&4dfd430d41b1f3ddf9e0cdeceda50a59&d041c8d56231e61523662e37de5c1331&3628bdad55ca758e915a0d49ea9d6c84&79bbf208ae53e04019f6a1f3494c5ae9&688f36d7715a1d4adc986de751caeb07,https://v19.tiktokcdn-us.com/146eb16adf6db538bb7fe9fd2fe6c82e/61fb71f9/video/tos/useast2a/tos-useast2a-ve-0068c004/355d561fe24e4c8facbc01709a9c7ce3/?a=1233&br=1630&bt=815&cd=0%7C0%7C0&ch=0&cr=3&cs=2&cv=1&dr=0&ds=3&er=&ft=c~.Zm4L-gXoInz7T&l=20220203001057010113006012130F7427&lr=all&mime_type=video_mp4&net=0&pl=0&qs=14&rc=amV2bWRmdTN3NjMzNzczM0ApOGQ8OTRnMzw6Nzs8aTtmN2djL15mcnA0ZjBgLS1kMTZzcy0yLTUwNjAtXy1hNTQuNjI6Yw%3D%3D&vl=&vr=,adapt_lower_720_1&adapt_540_1&lower_540_1&lowest_540_1,14&28&24&25
46,v12044gd0000c60uqibc77uchk9d23eg,8659,1622604&1125838&621980&377172,3afef12346d60896e1d99a342a1170ac&b26b2320877c5466d0b4805ad86955cb&35a071a868b15c7c888242c13afa9ff7&c07dd0ea9b19ae3ce8273531f8e225c5&13713e03ae3c9fb7fae0871c2265e558&9af1398d57a52c3ed6f575433e2ffb43&fa8bfc8ee53876e5098c61bc31f91895&4ba036734a5c50cd68d401dfd1cc80a6,https://v19.tiktokcdn-us.com/3afef12346d60896e1d99a342a1170ac/61fb71f9/video/tos/useast5/tos-useast5-ve-0068c003-tx/cf5d84f32c9f4ee992536a4fabf3efc0/?a=1233&br=3168&bt=1584&cd=0%7C0%7C0&ch=0&cr=3&cs=2&cv=1&dr=0&ds=3&er=&ft=c~.Zm4L-gXoInz7T&l=20220203001057010113006012130F7427&lr=all&mime_type=video_mp4&net=0&pl=0&qs=14&rc=ajZnbmY6Zmx4OTMzZzczNEApZWc8ZGlkNjtkN2g2ZmY3NmdiLzZlcjRfbi1gLS1kMS9zc181Xy4zMi8vMjAxNF9fYzY6Yw%3D%3D&vl=&vr=,adapt_lower_720_1&adapt_540_1&lower_540_1&lowest_540_1,14&28&24&25
47,v09044g40000c1qs7cld1cjmekntikqg,10679,864376&417645&264892,cf96d456ef83da47114b98ac66f0924a&0b8d0bee8ec3c25a69c16c2596889194&57dcf70b41a0a89a76bba1beaa14deee&e09bd6828abb1bfe43b363730bb9c432&eb950f09a562fd3a6997232c2f33d608&17dce50252a4b302748cb9bcff409dd6,https://v19.tiktokcdn-us.com/cf96d456ef83da47114b98ac66f0924a/61fb71fb/video/tos/useast2a/tos-useast2a-pve-0068/250df16a02a94b9187bfb0c9e76bfd7c/?a=1233&br=1688&bt=844&cd=0%7C0%7C0&ch=0&cr=3&cs=2&cv=1&dr=0&ds=6&er=&ft=c~.Zm4L-gXoInz7T&l=20220203001057010113006012130F7427&lr=all&mime_type=video_mp4&net=0&pl=0&qs=11&rc=am53bnBmZ2Z2NDMzNzczM0ApNTY0Z2ZoNWVoN2U8NWhoNGduZmtiZy5pNG5gLS1kMTZzczUzMF5jNTYxNl8tLTIuNl86Yw%3D%3D&vl=&vr=,adapt_540_1&lower_540_1&lowest_540_1,28&24&25
48,v09044g40000c5m95djc77u9ggmod0g0,9959,885980&786358&483810&337196,fff8a6868b76b878e9cf5d5286710a83&29bea1251047f3f03eb57213e95338ef&a7ed66d73311532351a72843ecf042cb&8d42f63728839b617634c497165a8dc8&a57c42dbee9e6d314de51f3c01f6516d&0e5158615f227fa29a5c6c1951dc56eb&440e370b65325f87d7ec4b5da212bf36&b368ffcd07cb591287b5d022f0241db6,https://v19.tiktokcdn-us.com/fff8a6868b76b878e9cf5d5286710a83/61fb71fa/video/tos/useast2a/tos-useast2a-pve-0068/3fb20c38aeb6485fa9b5f12f3a92eaff/?a=1233&br=1730&bt=865&cd=0%7C0%7C0&ch=0&cr=3&cs=2&cv=1&dr=0&ds=3&er=&ft=c~.Zm4L-gXoInz7T&l=20220203001057010113006012130F7427&lr=all&mime_type=video_mp4&net=0&pl=0&qs=14&rc=MzNyajw6Zmc8ODMzNzczM0ApMzw5ZjY7NTs8NzM5NWQ7NmdkYWpkcjRnMmpgLS1kMTZzcy8wLmNjMV8xNTItYTIuM146Yw%3D%3D&vl=&vr=,adapt_lower_720_1&adapt_540_1&lower_540_1&lowest_540_1,14&28&24&25
49,v09044g40000c1n6fgrivpn8c64va3mg,15276,1055778&904129&638191&402855,22c136e3785bcc2f392f96748ee56c3c&597292032855edc3cd8610cb1d12e477&25a35b760cf71fa67ab3ee5597b59602&75b655337fe97ab1755aaffeb79645de&38e5b4b66abe057f127733912bceedbc&190765cd9836481ec0f8dfe4bd384ece&2dcc023da4424cd1b54868741fed77c7&c4839d70db75614c69520f3e81d88cda,https://v19.tiktokcdn-us.com/22c136e3785bcc2f392f96748ee56c3c/61fb7200/video/tos/useast2a/tos-useast2a-pve-0068/0d6b12d875944f93abce543a86449ffc/?a=1233&br=2062&bt=1031&cd=0%7C0%7C0&ch=0&cr=3&cs=2&cv=1&dr=0&ds=3&er=&ft=c~.Zm4L-gXoInz7T&l=20220203001057010113006012130F7427&lr=all&mime_type=video_mp4&net=0&pl=0&qs=14&rc=ajZ5OTtzbGo5NDMzNzczM0ApPDc3ZTw6OzszN2UzO2Q1ZWdqXjFga3NvY2tgLS1kMTZzcy8wNTQwLy41L2BiYjEzMzI6Yw%3D%3D&vl=&vr=,adapt_lower_720_1&adapt_540_1&lower_540_1&lowest_540_1,14&28&24&25
50,v09044g40000c6olpv3c77u5bovo3n0g,7567,406141&329303&205851&165264&140069&111159,82947ce36e38af0174c7b800a4f8927f&5aab1e7655a56944ce7720f943ec07cf&3603d31380e411f5d37d654b8c966ea8&9eebd593ee812319d214cd6708f1b546&06a5071d9c879d96ec99fb934b21b013&d8434e5455b965259a813eef6a09e321&b736dae843dade168c91beb208e850be&1d6b671741e693d2acb52793aaaf164d&bcccfa03d10377f55755b74a55adccb4&4f906e6ecb08adf8cf9cd86480b5a131&2b8906dc038e497b99ae37e1dc6c8d15&d4488112a3eac9118c7e77048fc6d6c9,https://v19.tiktokcdn-us.com/82947ce36e38af0174c7b800a4f8927f/61fb7224/video/tos/useast2a/tos-useast2a-pve-0068/5898b5ac4afe434d8ae3d279edd1ae46/?a=1233&br=792&bt=396&cd=0%7C0%7C0&ch=0&cr=3&cs=2&cv=1&dr=0&ds=3&er=&ft=c~.Zm4L-gXoInz7T&l=202202030011410101131352070129D4B0&lr=all&mime_type=video_mp4&net=0&pl=0&qs=14&rc=anFycjg6ZnlvOTMzNzczM0ApZWlpOzw0Ojs1NzhlNGU1O2ctMHNfcjQwbWxgLS1kMTZzc141Yy9iMmItMzA1YzU2XzY6Yw%3D%3D&vl=&vr=,adapt_lower_720_1&adapt_540_1&lower_540_1&lowest_540_1&lower_540_0&lowest_540_0,14&28&24&25&24&25
51,v09044g40000c4h5cqjc77u4evul4akg,59209,728733&593728&334164&225401,e975ff78d1f57d5bb212c0610b4e9e11&baee5cc845ba3158159a975bb704ee5d&329808efdaaf6fdaf63a3da811c47f6a&fab7f371765c7dd7355eeac637960011&b14e007b62d1f7dd0da450ae05115b2b&edd8cbd4c8417935e09d7e0f43bc0588&3e5113573614ac87eef6495d15120021&5de9731e8356ab4770b9ec336b2cf2b8,https://v19.tiktokcdn-us.com/e975ff78d1f57d5bb212c0610b4e9e11/61fb7258/video/tos/useast2a/tos-useast2a-ve-0068c003/88608bccdc3545f2b907879f3585177e/?a=1233&br=1422&bt=711&cd=0%7C0%7C0&ch=0&cr=3&cs=2&cv=1&dr=0&ds=3&er=&ft=c~.Zm4L-gXoInz7T&l=202202030011410101131352070129D4B0&lr=all&mime_type=video_mp4&net=0&pl=0&qs=14&rc=amRveTc6ZnQ4NzMzNzczM0ApZDc6ZWlnOzxkNzc3NzU4NmdoMXJicjRnYGVgLS1kMTZzczEtYzE1YzAuYzQyNDFjY146Yw%3D%3D&vl=&vr=,adapt_lower_720_1&adapt_540_1&lower_540_1&lowest_540_1,14&28&24&25
52,v09044g40000c74gjsbc77u1bvndslmg,9634,739596&607763&396328&350826,07f09e7cb3785b04131a8c2ea7b1d560&61000534208ad67d3db0558a670130e4&02fde160bec5e78c5416c187ce502938&be065350ce97b01f6606c4f037095239&7e6e626a98be7b0e7e3f7ea91c55a331&bc54c3f1747c7a5407222740c2fb6d21&b7dfc58b20ef6be0232af64c31bf134a&fc64121368cec52e61ccaaacc6c0b845,https://v19.tiktokcdn-us.com/07f09e7cb3785b04131a8c2ea7b1d560/61fb7226/video/tos/useast2a/tos-useast2a-ve-0068c003/9c8ea1ee724f498f9630c94dd5ae26d6/?a=1233&br=1444&bt=722&cd=0%7C0%7C0&ch=0&cr=3&cs=2&cv=1&dr=0&ds=3&er=&ft=c~.Zm4L-gXoInz7T&l=202202030011410101131352070129D4B0&lr=all&mime_type=video_mp4&net=0&pl=0&qs=14&rc=am9neTQ6ZnZqOjMzNzczM0ApZzk1OzY0aWU3NzdpaGg0ZWdqcGtfcjRfZzFgLS1kMTZzc2JgL14zYGMwNi4yLi00LjM6Yw%3D%3D&vl=&vr=,adapt_lower_720_1&adapt_540_1&lower_540_1&lowest_540_1,14&28&24&25
53,v09044g40000c43ejobc77ue6he4rg2g,17482,500223&416016&227615&166397,cbcea314ac81ffc73763fa80bc9c7b3f&9802da5f8f304f0425ab461febc594cf&6ef3423cf64e6408da8a235568747873&7831d0afc62f1e5c32e7767b3b0a1cc6&675bda44c295079a46233064a9c80f2a&4a55ee81b2c37c87f4f0f6e6da61f395&39880ab2eefd026d93751b589f9765b9&568d5d280be8ea793cb1cb92f87c17a4,https://v19.tiktokcdn-us.com/cbcea314ac81ffc73763fa80bc9c7b3f/61fb722e/video/tos/useast2a/tos-useast2a-ve-0068c004/ebeda0edfad943b88c11b94bd99d0786/?a=1233&br=976&bt=488&cd=0%7C0%7C0&ch=0&cr=3&cs=2&cv=1&dr=0&ds=3&er=&ft=c~.Zm4L-gXoInz7T&l=202202030011410101131352070129D4B0&lr=all&mime_type=video_mp4&net=0&pl=0&qs=14&rc=amo3a2g6ZnJoNzMzNzczM0ApNGhpNzppNmQ2NzRoNGk0OWcvb2IzcjRfZzBgLS1kMTZzczM1YzIvYWIzYC5iM2AvYDE6Yw%3D%3D&vl=&vr=,adapt_lower_720_1&adapt_540_1&lower_540_1&lowest_540_1,14&28&24&25
54,v10044g50000c4csl6rc77u9br6itss0,5687,1286084&1117453&1113197&678164,bc1b1e497c7e038268ab1af3867c92da&35bd99487b98ad04ef8c49e79c1f03e0&a9497226c9efda4f0dbb8ec16eb80dbd&f6daa4fa67a21ad7582550e5cdb715b1&4c578eedfca57f7684e6cb9a367c1bbd&42b20f5ab55c70b8be88729a37e1c05e&8d96cb2938cf9d53a440e3d308ec670c&b0dcf12cf150e90ddc0306fc4b74d099,https://v19.tiktokcdn-us.com/bc1b1e497c7e038268ab1af3867c92da/61fb7222/video/tos/alisg/tos-alisg-pve-0037c001/13c4c88c6d4241328c30422bce71f1ec/?a=1233&br=2510&bt=1255&cd=0%7C0%7C0&ch=0&cr=3&cs=2&cv=1&dr=0&ds=3&er=&ft=c~.Zm4L-gXoInz7T&l=202202030011410101131352070129D4B0&lr=all&mime_type=video_mp4&net=0&pl=0&qs=14&rc=M3ZsdTw6Zjl2NzMzODczNEApOmg3NDw4NmRkNzkzNGhpOGdwcTNfcjRvaWBgLS1kMS1zczJjYy4tM19gX2IyNjAyNDE6Yw%3D%3D&vl=&vr=,adapt_lower_720_1&lower_540_1&adapt_540_1&lowest_540_1,14&24&28&25
55,v09044g40000c6f0t0jc77u7sgvd6kag,7265,1014240&747183&652982&431171,f417ceb1b9ec9a0759f45ff0bf352518&772dce0c06bf6ac967429a2666b98535&802c0189d62f848439bff8e9df30f26b&761b9b2d58de654b3bb28306d06ba702&c606e2d7f3ce97fa9b0b0ccad5ad03b6&4fb2816f8fa6b8141f67f37ce663d18d&87552e5b1b32ffe76edafd9d36ca51cb&8fcebf86cc20a1e2814109acc084e034,https://v19.tiktokcdn-us.com/f417ceb1b9ec9a0759f45ff0bf352518/61fb7224/video/tos/useast2a/tos-useast2a-ve-0068c001/78e0f60444a24acca84532972858fcfa/?a=1233&br=1980&bt=990&cd=0%7C0%7C0&ch=0&cr=3&cs=2&cv=1&dr=0&ds=3&er=&ft=c~.Zm4L-gXoInz7T&l=202202030011410101131352070129D4B0&lr=all&mime_type=video_mp4&net=0&pl=0&qs=14&rc=am5najo6ZjMzOTMzNzczM0ApNGk8ODY6ZztlN2Y7Z2Y7aWdeM3NwcjRncWNgLS1kMTZzc14xMjM1NV41Ll9jLzBhNC06Yw%3D%3D&vl=&vr=,adapt_lower_720_1&adapt_540_1&lower_540_1&lowest_540_1,14&28&24&25
56,v09044g40000c4bcp2jc77uaf38blupg,12838,1749195&1403360&892046&566592,c3c6ec46cf8e3dded06038814dd294e4&0aaf4eab419e8d32566ee8490fdec306&9273bee241ab11d7c7386a8b015b514c&6683471f8911f60c07ad4446c7a9cb7c&ad91f802dec55d3ad32eb82f379c6aaf&ff4386a2fd0ec1560093a5e95fa6c5fa&1075d47999ebdaddbcbdc450aa8eef56&823ecd7c7431a5ac09207e322e9dc73b,https://v19.tiktokcdn-us.com/c3c6ec46cf8e3dded06038814dd294e4/61fb7229/video/tos/useast2a/tos-useast2a-ve-0068c004/a28f08ec705d45eb8f195b98c63b2c70/?a=1233&br=3416&bt=1708&cd=0%7C0%7C0&ch=0&cr=3&cs=2&cv=1&dr=0&ds=3&er=&ft=c~.Zm4L-gXoInz7T&l=202202030011410101131352070129D4B0&lr=all&mime_type=video_mp4&net=0&pl=0&qs=14&rc=anhlNmQ6ZjVmNzMzNzczM0ApNDVmPGg3PGU7N2c8NDNpaWdtaTVjcjRnbV9gLS1kMTZzcy9fMF42XzI0YC01MV4wXl46Yw%3D%3D&vl=&vr=,adapt_lower_720_1&adapt_540_1&lower_540_1&lowest_540_1,14&28&24&25
57,v09044g40000c4ohat3c77u88dlsgkjg,9542,942322&447409&317248,4b1703f04a0c82b30d06520ea97052c2&a3868cd18e7b8a5644e063e69c0fa0ad&ed99e0bc900d5e56098c95135c078961&0a2f1bf3a79afcb483401948f030fea7&1f64cbabad51d2e6a54422400e3df675&f1c61ecddd944e0075a76e0a262da3bf,https://v19.tiktokcdn-us.com/4b1703f04a0c82b30d06520ea97052c2/61fb7226/video/tos/useast2a/tos-useast2a-ve-0068c004/c54e4db20e74481fa121eb15af5f85e5/?a=1233&br=1840&bt=920&cd=0%7C0%7C0&ch=0&cr=3&cs=2&cv=1&dr=0&ds=6&er=&ft=c~.Zm4L-gXoInz7T&l=202202030011410101131352070129D4B0&lr=all&mime_type=video_mp4&net=0&pl=0&qs=11&rc=am52Zzs6ZndrNzMzNzczM0ApaTU3PGc5N2U1NzM1Nzk1OmdnZGk1cjQwXmxgLS1kMTZzc2AtXjAxXy8yMGIwNS5jXzA6Yw%3D%3D&vl=&vr=,adapt_540_1&lower_540_1&lowest_540_1,28&24&25
58,v12044gd0000c6paqtrc77u1i33pnva0,10377,706306&591085&417143&329137,4e44a2babd4e45c515694634b487aee4&55830e587d1e2215110754a0cde34896&84aa5c99c179caed68a7d09fffcedc92&7214cea71f7848b7f633a0dca16efe37&2e92bc57dbf09ef29e0e3dbf31fe50d6&1c2635b12e33678d491710df922bb2b7&291d907e49f3bd101daa6c12229b24ce&ac9729d6b448598fed15144451d54007,https://v19.tiktokcdn-us.com/4e44a2babd4e45c515694634b487aee4/61fb7227/video/tos/useast5/tos-useast5-ve-0068c004-tx/81690276df5243a7809f8eec15908878/?a=1233&br=1378&bt=689&cd=0%7C0%7C0&ch=0&cr=3&cs=2&cv=1&dr=0&ds=3&er=&ft=c~.Zm4L-gXoInz7T&l=202202030011410101131352070129D4B0&lr=all&mime_type=video_mp4&net=0&pl=0&qs=14&rc=M3lzNjQ6ZndkOTMzZzczNEApNTxkNDMzOmU6Nzo6PGU3OWdeazBmcjRvbm1gLS1kMS9zc2MtNTRjYGBhY2NgYF9gYi86Yw%3D%3D&vl=&vr=,adapt_lower_720_1&adapt_540_1&lower_540_1&lowest_540_1,14&28&24&25
59,v09044g40000c5o4hi3c77u2jqvn3ae0,14256,1367963&1106828&482080&324868,17040fc55dfc91437135f67c641210d7&6a2810e84eefef74000329351fe45b0f&c5cf2495cf5e27afe41b71247d5d2a3e&c8b62e825277522e12a3770c413c5363&c87dc76b7c20f53c20f129d54a6eed0b&05b1a33a826adc06c7be81bdd0fe8eb2&4a757aa626c43605abc00bf7baa99edb&4eb7b0147dcebe50c9feb3130cc15688,https://v19.tiktokcdn-us.com/17040fc55dfc91437135f67c641210d7/61fb722b/video/tos/useast2a/tos-useast2a-pve-0068/c8c1db5a3f0f4525922a5baf25c64f09/?a=1233&br=2670&bt=1335&cd=0%7C0%7C0&ch=0&cr=3&cs=2&cv=1&dr=0&ds=3&er=&ft=c~.Zm4L-gXoInz7T&l=202202030011410101131352070129D4B0&lr=all&mime_type=video_mp4&net=0&pl=0&qs=14&rc=M2RxdDU6Zmw3ODMzNzczM0ApZzpnaDk5Njw6Nzk3ZztoZGdiMHNncjQwZWxgLS1kMTZzcy42NTRgYzFiNTMzMl41LS46Yw%3D%3D&vl=&vr=,adapt_lower_720_1&adapt_540_1&lower_540_1&lowest_540_1,14&28&24&25
60,v09044g40000c2sm9t639r9o7ugf1ku0,28581,1637913&1147211&696532&427113,e2922a444913ef08c9693390fb2401e1&339193ec4cc19f972f50b1296540a7e4&1758f09e6a7c8da482cdfaa61e69d83d&1a1534fd5458bd6477b6c4f8958c863b&910cd3be31ef061165f3989f77c0d412&078132e633e9ad96498f8c7b6503533f&26b770a4d48179ef6bd377c054b701a3&633ec77f0a0b9921cf26284abcade328,https://v25.tiktokcdn-us.com/e2922a444913ef08c9693390fb2401e1/61fb7280/video/tos/useast2a/tos-useast2a-ve-0068c004/1cc5b7de255642c4a5e42b3393e5fc5f/?a=1233&br=3198&bt=1599&cd=0%7C0%7C0&ch=0&cr=3&cs=2&cv=1&dr=0&ds=3&er=&ft=c~.Zm4L-gXoInz7T&l=2022020300125201011313519227EEB642&lr=all&mime_type=video_mp4&net=0&pl=0&qs=14&rc=M25peHJ1NndwNTMzNzczM0ApNTk8ZGdmZGU3NzZoNDU5aGdyLmQ0NjYzNnBgLS1kMTZzczVfNTRgNl8yMV4xNC9hMGI6Yw%3D%3D&vl=&vr=,adapt_lower_720_1&adapt_540_1&lower_540_1&lowest_540_1,14&28&24&25
61,v09044g40000c442udjc77u82pan8nr0,10773,532271&468564&315901,6e790a50ab08263d4369b574c50070f0&d05c6db277b75eaa5bce091e403fddcb&13b7d7018344dde07a5fee1b1e618056&afc59172c81ddc2d231a5ac50d480089&5d1617f48738fc59c724ad3f6a308e3f&e50fc42fce4772d7aa08bdb10ba48427,https://v25.tiktokcdn-us.com/6e790a50ab08263d4369b574c50070f0/61fb726e/video/tos/useast2a/tos-useast2a-ve-0068c004/8ef5572352a949ec98150aec8025dd70/?a=1233&br=1038&bt=519&cd=0%7C0%7C0&ch=0&cr=3&cs=2&cv=1&dr=0&ds=6&er=&ft=c~.Zm4L-gXoInz7T&l=2022020300125201011313519227EEB642&lr=all&mime_type=video_mp4&net=0&pl=0&qs=11&rc=M3Fxczs6Zmc1NzMzNzczM0ApOWdkPDllaDtlNzs0aDdmNmdvNV4vcjRncjFgLS1kMTZzczFiXzQzNjU0NV9fLWBfXl86Yw%3D%3D&vl=&vr=,adapt_540_1&lower_540_1&lowest_540_1,28&24&25
62,v09044g40000c5721hbc77u1thnqf1u0,11236,601468&548161&261807&186030,02f146cb75f979e5ca4aa35202e1a334&b6b3a1de4a0942136bbcb2657506a44a&29628d98e0e0361d700da1054767486c&d2db17a70358ae1d9c8b8056039f6640&e7faf50360f8c979336dd777e76d7d9e&9608965d55ef45058be3e8d56fe78d7a&33570cb2e4a90fa0a03c67efc7805f4d&1c49e825c28fa34627895afa6684c341,https://v25.tiktokcdn-us.com/02f146cb75f979e5ca4aa35202e1a334/61fb726f/video/tos/useast2a/tos-useast2a-ve-0068c003/2c98d0c7b54046a5b14e139597dda097/?a=1233&br=1174&bt=587&cd=0%7C0%7C0&ch=0&cr=3&cs=2&cv=1&dr=0&ds=3&er=&ft=c~.Zm4L-gXoInz7T&l=2022020300125201011313519227EEB642&lr=all&mime_type=video_mp4&net=0&pl=0&qs=14&rc=MzR0azQ6Zms1ODMzNzczM0ApZjo7ZWg5NDxlNzc6aDg1aWdyY2txcjRfLjRgLS1kMTZzczEwNTUvLi41NWAxYDEtL2E6Yw%3D%3D&vl=&vr=,adapt_lower_720_1&adapt_540_1&lower_540_1&lowest_540_1,14&28&24&25
63,v09044g40000c627qjrc77u50mth6oag,7220,1842535&1373414&1189111&670187,c0f0e9a9d4c43c74d69468a74874d0a3&10303a601313acd5b76a86559b838acc&adb23110abb33d7eeed9fcabc6585b64&55891136d5372b694bc0a7dd4f89c2f4&5f28906bdfc0c8facbc4236e329df27d&e2d1e23676a05484ddb14f8d148b6442&b96fe274320107601c018948ce6b0ee8&a08d9b1e06a9fc5e0eec9611755a8d88,https://v25.tiktokcdn-us.com/c0f0e9a9d4c43c74d69468a74874d0a3/61fb726b/video/tos/useast2a/tos-useast2a-ve-0068c002/8c77b6f8acf64c5f9634a26aae1f35ea/?a=1233&br=3598&bt=1799&cd=0%7C0%7C0&ch=0&cr=3&cs=2&cv=1&dr=0&ds=3&er=&ft=c~.Zm4L-gXoInz7T&l=2022020300125201011313519227EEB642&lr=all&mime_type=video_mp4&net=0&pl=0&qs=14&rc=anJrcDg6Zm06OTMzNzczM0ApNDk4PDk6NjxnNzg7OjU2ZmdeM3EtcjRvbi9gLS1kMTZzczE2XzZgXmM0MGFeYDZeLS46Yw%3D%3D&vl=&vr=,adapt_lower_720_1&adapt_540_1&lower_540_1&lowest_540_1,14&28&24&25
64,v09044g40000c6ehglbc77udq9ql1cug,17947,1233181&951627&632957&377003,c24e5a8a915d428574894858547857c9&69cf803e83de64b3be019e4c63e3c6ad&e3fb143d2a54dac9bac2bc353886b865&aff0c28cdf22b4a366f60bc1848d94bb&2000da1a2f876faebc974aef31157b0a&4137e1888d337fe979aca1f397fff58c&5a19d9e145df36ca0690d91a846dfb58&61ee06e2239ab46cb21f7a628e37e16a,https://v25.tiktokcdn-us.com/c24e5a8a915d428574894858547857c9/61fb7275/video/tos/useast2a/tos-useast2a-ve-0068c001/8347e6242ee44e79837592d71cf02db2/?a=1233&br=2408&bt=1204&cd=0%7C0%7C0&ch=0&cr=3&cs=2&cv=1&dr=0&ds=3&er=&ft=c~.Zm4L-gXoInz7T&l=2022020300125201011313519227EEB642&lr=all&mime_type=video_mp4&net=0&pl=0&qs=14&rc=amZvPGc6Zm9rOTMzNzczM0ApZGY0NzZnOWU0N2RkNzpoOGdyLm5ucjRfZGJgLS1kMTZzc2JiLTRhXzU1XmNeNl4vMjQ6Yw%3D%3D&vl=&vr=,adapt_lower_720_1&adapt_540_1&lower_540_1&lowest_540_1,14&28&24&25
65,v09044g40000c5ees2bc77uep19vgb90,10518,911699&468977&293324,39b5aef3c21668e415828da25c44fc03&6f4a2406e7e37fdeafa6382eb6a137ff&00afa464d719f65e9f15b32939bc8a41&a5b0c67af678d13e0b598c4f3d0e8f3e&b9cc7facf0c77b09f347352db578eecf&4fa95d6e576b7919ffb31f586300f96c,https://v25.tiktokcdn-us.com/39b5aef3c21668e415828da25c44fc03/61fb726e/video/tos/useast2a/tos-useast2a-ve-0068c002/23f31f95d22b4a5aaff51270c4683b62/?a=1233&br=1780&bt=890&cd=0%7C0%7C0&ch=0&cr=3&cs=2&cv=1&dr=0&ds=6&er=&ft=c~.Zm4L-gXoInz7T&l=2022020300125201011313519227EEB642&lr=all&mime_type=video_mp4&net=0&pl=0&qs=11&rc=M2V5NGg6ZjVoODMzNzczM0ApNzs2PDxnNmU0Nzs1ZWY0aGc2ZDZtcjRfcGJgLS1kMTZzc2IwXy4uXzNjM2NeLV41NjQ6Yw%3D%3D&vl=&vr=,adapt_540_1&lower_540_1&lowest_540_1,28&24&25
66,v09044190000brev47gbiap28fe0au70,6476,1747518&1184521&560344,aa23e9f2ac07b2a0d2f50c4bd839f00a&72cc9b35dc99a32847add847be0e5ce3&d04f13dc8fdf3808b48194b1b610caa0&6ec1448f3b3246330e367888af076f7c&09fe0ed3bf109295fca0d67e3b17f9fe&c6e8009f72598b0063530b3d255f6f1f,https://v25.tiktokcdn-us.com/aa23e9f2ac07b2a0d2f50c4bd839f00a/61fb726a/video/tos/useast2a/tos-useast2a-ve-0068c001/8ada6ade07814c9fbf300422ee7ad8f8/?a=1233&br=3412&bt=1706&cd=0%7C0%7C0&ch=0&cr=3&cs=2&cv=1&dr=0&ds=3&er=&ft=c~.Zm4L-gXoInz7T&l=2022020300125201011313519227EEB642&lr=all&mime_type=video_mp4&net=0&pl=0&qs=14&rc=M3gzaTVkZTp5dTMzPDczM0ApZ2RpOWVoZGQ0NzQ6Z2Q7Z2c0XmI1bWZkMWJfLS0uMTZzczM1XjZiYjFeLTFfNi0vLTQ6Yw%3D%3D&vl=&vr=,adapt_lower_720_1&adapt_540_1&lower_540_1,14&28&24
67,v09044g40000c52b4e3c77u53lhc827g,13372,856002&753996&527304&373396,eaca645b9598a35a7ae49c2d84a97ee4&1af6205b13b559f97bbbb4332077971e&141c0f1945b37a6da64bde94c97ef44f&21dec494f30b5c53c8e0d2cbb4d71186&942d45b94b48085604c60bbaf577e732&63bbf574d7b06c9b41bb42a29df6af27&94632520a6fd3e5d912a0d66c8bd415d&4ae95c63ac29a643d5acbff006f7c1a2,https://v25.tiktokcdn-us.com/eaca645b9598a35a7ae49c2d84a97ee4/61fb7271/video/tos/useast2a/tos-useast2a-ve-0068c002/d561b9f089d04cfd96c945cd306eb8d8/?a=1233&br=1670&bt=835&cd=0%7C0%7C0&ch=0&cr=3&cs=2&cv=1&dr=0&ds=3&er=&ft=c~.Zm4L-gXoInz7T&l=2022020300125201011313519227EEB642&lr=all&mime_type=video_mp4&net=0&pl=0&qs=14&rc=ajVmbzg6ZmhlODMzNzczM0ApZjo4O2Y6ZTs1N2dlODY6aGc0NWUwcjQwMS9gLS1kMTZzc2MuMmM2X182MmEuYC40Mi46Yw%3D%3D&vl=&vr=,adapt_lower_720_1&adapt_540_1&lower_540_1&lowest_540_1,14&28&24&25
68,v09044g40000c3kgrejc77u9jqnp7kpg,39820,1450795&1047947&813997&500737,4eb0d400247a3d66bc2035f5b2ef9c2a&497223cb60189d02c4fe35d65e1b067d&5f158fe0d61fc9d3e28c29978374f3a6&b64d52135c97101bf1b582d8e85ee2d3&cb7fb0dfde2bf40dcd646681b52cd1f4&235dcc8519765d1162d5b2303ea2fb13&d5a0aadc7b5aa9f96062c7840ef030a1&45cd0ef7347247066a0d4dcb74fd2080,https://v25.tiktokcdn-us.com/4eb0d400247a3d66bc2035f5b2ef9c2a/61fb728b/video/tos/useast2a/tos-useast2a-ve-0068c001/99d27d54a7b143af86fa5f55f0b033eb/?a=1233&br=2832&bt=1416&cd=0%7C0%7C0&ch=0&cr=3&cs=2&cv=1&dr=0&ds=3&er=&ft=c~.Zm4L-gXoInz7T&l=2022020300125201011313519227EEB642&lr=all&mime_type=video_mp4&net=0&pl=0&qs=14&rc=am5zdDw6ZmhqNjMzNzczM0ApNGk2aTVmZWU7N2U7Zzk7O2dtNGtncjRnb2hgLS1kMTZzc2I2LS8vNDUwX2A0My8xLjU6Yw%3D%3D&vl=&vr=,adapt_lower_720_1&adapt_540_1&lower_540_1&lowest_540_1,14&28&24&25
69,v09044fd0000buhfv1j9iufl0fi5ir5g,19502,568440&460718&327550,139529f26fb59e4fa6b86d0b77fa7eaa&754d3c535006aebecad55dfdeb9ca114&b57d689c3a9a588854fbec142f249c91&0c43cf0028e45c5b75843f3d07569e22&05f64c535a473cf7555ed0087891a77c&878aba0ea27402bcdbc2d0cd658c3b5a,https://v25.tiktokcdn-us.com/139529f26fb59e4fa6b86d0b77fa7eaa/61fb7277/video/tos/useast2a/tos-useast2a-pve-0068/a27f7933c7584a20ab3fd6eb8b24a7cc/?a=1233&br=1110&bt=555&cd=0%7C0%7C0&ch=0&cr=3&cs=2&cv=1&dr=0&ds=6&er=&ft=c~.Zm4L-gXoInz7T&l=2022020300125201011313519227EEB642&lr=all&mime_type=video_mp4&net=0&pl=0&qs=11&rc=anU4aW94PDRpeDMzZzczM0ApZ2U2ZTU7ZDw5NzNoZDg5NGcyZmYtY2Znc2VfLS1jMTZzc2MxMmJeL2BeMzM2XmIvMTQ6Yw%3D%3D&vl=&vr=,adapt_540_1&lower_540_1&lowest_540_1,28&24&25
70,v09044g40000c5csn2bc77u445oi1om0,18249,2123269&1369182&740739&427285,ea53d9e7ec01946613bb9701f91a3444&c4dd0649522c8ac1d49bc99ed240c486&9a83cc21df8eb2176865d51f0deb7355&72b9ade7ddc47e19f56217c4bb13c233&5774dea44844f1cb4e35cc411cd81dd8&14c49cfd4a0ea54bfd5f1d6553d4ef6d&6bff0c2fcdec09ca28204f95a6db6b6a&cc390f0290cc6efc86847be6822f50a4,https://v25.tiktokcdn-us.com/ea53d9e7ec01946613bb9701f91a3444/61fb72c5/video/tos/useast2a/tos-useast2a-ve-0068c002/2510eddac58d4c9c8db12cb68d12685d/?a=1233&br=4146&bt=2073&cd=0%7C0%7C0&ch=0&cr=3&cs=2&cv=1&dr=0&ds=3&er=&ft=c~.Zm4L-gXoInz7T&l=202202030014110101130061551B209767&lr=all&mime_type=video_mp4&net=0&pl=0&qs=14&rc=M3JsODc6ZjV2ODMzNzczM0ApOzM3NmdoaWQ5NzhmNzM2ZGdqLmwxcjRfa2BgLS1kMTZzcy8uLy4zX2FiX2IyLTM0NmM6Yw%3D%3D&vl=&vr=,adapt_lower_720_1&adapt_540_1&lower_540_1&lowest_540_1,14&28&24&25
71,v09044g40000c4ogfhrc77u057cokt50,11283,1788582&1332930&1009342&674293,a68018246ebe5808912e68bf17d7c42c&6bd8d2cfc5b65ee89e45399a8cfbb12d&debcb03dc009de9f52e95d1065571d4b&018e7315fe26c751ec68f733622c89ee&43e712c4521f181acb26bdaa2e640567&3d715d67ce88cc4e3c5d2fe0fe4e2bfa&bee6354edd59eae1669734478eb0f1a7&32e945d360de0a28b59227f4743044ba,https://v25.tiktokcdn-us.com/a68018246ebe5808912e68bf17d7c42c/61fb72be/video/tos/useast2a/tos-useast2a-ve-0068c004/37fdace7ea5e47a28e67f8ddd291d8cf/?a=1233&br=3492&bt=1746&cd=0%7C0%7C0&ch=0&cr=3&cs=2&cv=1&dr=0&ds=3&er=&ft=c~.Zm4L-gXoInz7T&l=202202030014110101130061551B209767&lr=all&mime_type=video_mp4&net=0&pl=0&qs=14&rc=M3dyOjM6ZmtqNzMzNzczM0ApNTQ1PGg2NTxmN2dkOzc6ZGcyaGAycjRvY2xgLS1kMTZzczA1Xy9gMC5gXzZjMC9eMl86Yw%3D%3D&vl=&vr=,adapt_lower_720_1&adapt_540_1&lower_540_1&lowest_540_1,14&28&24&25
72,v12044gd0000c7q4sn3c77uch8alvm40,21662,832959&685412&466038&360411,13aa770e1d31f0dc903d0675d938a4a7&357a86fceeaa2ce21a4115d5c5f40726&8a05ca22838fde6185db2493441764dc&925ffddf3369bcd841d47591d8445236&403820fdc943f74be66cbeed069217e1&4b7ee0807b863d0278a40965f409daeb&e367958df126c2476d5a35bdf0a8dc1e&ccbf7d28d879828d6a3348fc73fd5917,https://v25.tiktokcdn-us.com/13aa770e1d31f0dc903d0675d938a4a7/61fb72c8/video/tos/useast5/tos-useast5-ve-0068c003-tx/209c36038b1441b88e09aa2b3dfc5a08/?a=1233&br=1626&bt=813&cd=0%7C0%7C0&ch=0&cr=3&cs=2&cv=1&dr=0&ds=3&er=&ft=c~.Zm4L-gXoInz7T&l=202202030014110101130061551B209767&lr=all&mime_type=video_mp4&net=0&pl=0&qs=14&rc=M3BvO2Y6ZnE3OjMzZzczNEApOmQ8MzY5M2U2N2Y1NTU5PGcxc15lcjQwcG5gLS1kMS9zc2AwYC0uYTFjYDBgYV9iMTA6Yw%3D%3D&vl=&vr=,adapt_lower_720_1&adapt_540_1&lower_540_1&lowest_540_1,14&28&24&25
73,v09044g40000c5vpl4bc77u9268u89eg,30975,929051&675216&360198&217499,b51030e799ea0ccb3b6280ef19aacf77&fa569e66738d3c1b004f28daba3240f8&7f4b8cf136b29f36872ec673efbdbbec&4188d3309c851611f9eccb265545f693&13578f5825fbbbd5c515932a73ca4c09&e1b321244bb2c3f406784c14d9ce217e&863245006ae2c485e7dbf09640ed2be2&5c19c4ffac31f05b3ab89adebb17ec8b,https://v25.tiktokcdn-us.com/b51030e799ea0ccb3b6280ef19aacf77/61fb72d1/video/tos/useast2a/tos-useast2a-ve-0068c001/76d225dd40294e168322d70c0602a073/?a=1233&br=1814&bt=907&cd=0%7C0%7C0&ch=0&cr=3&cs=2&cv=1&dr=0&ds=3&er=&ft=c~.Zm4L-gXoInz7T&l=202202030014110101130061551B209767&lr=all&mime_type=video_mp4&net=0&pl=0&qs=14&rc=ajx4OTw6ZjdzODMzNzczM0ApaTw5Nmg4aDtkNztlNjlkOWdiNTUvcjRfaXNgLS1kMTZzcy8xLV5iLS4vLTZeLi82XmA6Yw%3D%3D&vl=&vr=,adapt_lower_720_1&adapt_540_1&lower_540_1&lowest_540_1,14&28&24&25
74,v09044g40000c33c97iemsh0t2h21a7g,23752,1481860&967805&502757&322580&298757,4aad4b431cc24cdcb7f427980629843d&2d8a2091fa9ea4f7aba4682492632b86&906d7bc5fae9418cf05b64d04da3d024&c37658d7a940915b1a6333aa72b93ae3&552c1f754c77040a70c227fb40203916&21b4b3b06938cfd9da96abd66c74357f&b23ed6fb84ca266436a413bad33ad25d&545cab637ead4352516775efb193ec0b&6be33fcc3d8695c5a92606c8fd12b490&124c15d74dbd54a4b56aa7fd30b1396b,https://v25.tiktokcdn-us.com/4aad4b431cc24cdcb7f427980629843d/61fb72ca/video/tos/useast2a/tos-useast2a-pve-0068/6db60453f1e54ed6a6763c05f1e88f44/?a=1233&br=2894&bt=1447&cd=0%7C0%7C0&ch=0&cr=3&cs=2&cv=1&dr=0&ds=3&er=&ft=c~.Zm4L-gXoInz7T&l=202202030014110101130061551B209767&lr=all&mime_type=video_mp4&net=0&pl=0&qs=14&rc=amQ1NTN2aDpmNjMzNzczM0ApZjRkZzc6NzxkN2U4Ozg4O2c0LmVxZWpmNjBgLS1kMTZzczEvYWE1NDVhMjUvMTMyMzY6Yw%3D%3D&vl=&vr=,adapt_lower_720_1&adapt_540_1&lower_540_1&lowest_540_1&lowest_540_0,14&28&24&25&25
75,v07044630000buc7mpdfnpkasim6l46g,21151,486383&244084&172502,cfa3248a2f3b1fad550e4f463529f9a9&214bc211b9e930d5197306799c84e7a3&55a2864b38f3f2a687e189e2eb4f0ac3&cf70ce08428dda21cdd75241a9718e3a&3862e0ab75fb7a8c2422b1e644d3f6a3&07d5f536ddcc9d7a5b3ba921059f5508,https://v25.tiktokcdn-us.com/cfa3248a2f3b1fad550e4f463529f9a9/61fb72c8/video/tos/alisg/tos-alisg-pve-0037c001/29de0339b89647df974462b1a0b8f153/?a=1233&br=948&bt=474&cd=0%7C0%7C0&ch=0&cr=3&cs=2&cv=1&dr=0&ds=6&er=&ft=c~.Zm4L-gXoInz7T&l=202202030014110101130061551B209767&lr=all&mime_type=video_mp4&net=0&pl=0&qs=11&rc=ajc5bGRzaXM6eDMzNjczM0ApOjhnNmc1OGU6N2ZpaDg0ZGczaWpwaGthamBfLS0zMTRzczBjLV40M15gYzReLS4wMi06Yw%3D%3D&vl=&vr=,adapt_540_1&lower_540_1&lowest_540_1,28&24&25
76,v09044g40000c710crjc77uagfktjni0,9146,1603287&1359227&790411&593135,6281eacaa3df97d077792ce2c2c322c9&38e2b3efd19591dcad8c6b58e23a99a3&1c8021109b584d0a40f5525b38b2363f&dafdf56aa23913f29c4f506975791c5e&b9a472d34dae06c9d4f57f734c31d05a&5916810f096823676786f30e6a319b56&561890dc71bd34fd7a48bdce3a26db50&02efa5b10205061fd12db288386ad3ce,https://v25.tiktokcdn-us.com/6281eacaa3df97d077792ce2c2c322c9/61fb72bb/video/tos/useast2a/tos-useast2a-ve-0068c001/e4b1f94a140d4e9c8beb0a17de334245/?a=1233&br=3130&bt=1565&cd=0%7C0%7C0&ch=0&cr=3&cs=2&cv=1&dr=0&ds=3&er=&ft=c~.Zm4L-gXoInz7T&l=202202030014110101130061551B209767&lr=all&mime_type=video_mp4&net=0&pl=0&qs=14&rc=M3F3aWQ6ZnUzOjMzNzczM0ApaTw0ZThkN2VmNzw6ODQ6M2dmZ2hkcjRnYC5gLS1kMTZzcy1iNmBjNWBhMGJeMS8tNC46Yw%3D%3D&vl=&vr=,adapt_lower_720_1&adapt_540_1&lower_540_1&lowest_540_1,14&28&24&25
77,v12044gd0000c7l3clrc77uekfeve3eg,34665,863097&693678&449184&395749,5d7c6cb951125c4dd2112e349719a9b0&7173a2f8d9eab0e2a1b104b25bf61c38&b65f624f747baa8669fd5d252a85746f&06ac72f7f09ff280b3de55a0c5193397&458312ca9dfae82d3c962fe126d577b7&d492d78f03cee9cacdc317c9e6fbc94f&6b9b6c71d3a847bf3e916dcf3cc34664&dd5592a9f433199c34fe02478cce0f6a,https://v25.tiktokcdn-us.com/5d7c6cb951125c4dd2112e349719a9b0/61fb72d5/video/tos/useast5/tos-useast5-pve-0068-tx/a586e7001dad4033ae872eb8991fdfeb/?a=1233&br=1684&bt=842&cd=0%7C0%7C0&ch=0&cr=3&cs=2&cv=1&dr=0&ds=3&er=&ft=c~.Zm4L-gXoInz7T&l=202202030014110101130061551B209767&lr=all&mime_type=video_mp4&net=0&pl=0&qs=14&rc=ajZ5aWg6Zm82OjMzZzczNEApPDo4O2Q4MzxkN2hoOmk4Z2diYmJocjRvYGlgLS1kMS9zczZjX142MDViXi8zXl4xYS86Yw%3D%3D&vl=&vr=,adapt_lower_720_1&adapt_540_1&lower_540_1&lowest_540_1,14&28&24&25
78,v09044g40000c410g73c77uf1vhdufc0,8635,1640421&1292537&1074754&697653,ddaf1c4deb5be498fa9b2eaafe7ee1e3&49947144d838642934c542ad90b0fd33&05aa8679f683ff2ceba302955a2a12c2&a2f6fbcc03d17093c6129287cfbe075d&d6713bc6025a656873f3d382da56319e&c0064783a2857ee4c3ec360b4070a135&d95fd17dd1c45948d633a35759c637f1&78778255537b9cd583ec8348d0debefe,https://v25.tiktokcdn-us.com/ddaf1c4deb5be498fa9b2eaafe7ee1e3/61fb72bb/video/tos/useast2a/tos-useast2a-pve-0068/186f2293eddc429e855872f618200d52/?a=1233&br=3202&bt=1601&cd=0%7C0%7C0&ch=0&cr=3&cs=2&cv=1&dr=0&ds=3&er=&ft=c~.Zm4L-gXoInz7T&l=202202030014110101130061551B209767&lr=all&mime_type=video_mp4&net=0&pl=0&qs=14&rc=M2lneWk6ZjozNzMzNzczM0ApaGc8OTNmNGU7NzUzODU8M2dgcmUucjQwZC5gLS1kMTZzczAyMS4zYjFgMC00M2AyLWA6Yw%3D%3D&vl=&vr=,adapt_lower_720_1&adapt_540_1&lower_540_1&lowest_540_1,14&28&24&25
79,v09044g40000c35bsefrscu4ii854olg,15231,3240736&2014404&1554909&1068614,93f1b2722bb643715dcbea7f59f6301a&94c21d39e355b33c8a4748237bfd1400&5af77ffcc6a5bf48f8e34ddbd9175e4d&762078cb589ef88df7e49be0755a0511&a871f2130b4b9a35777276db81b87b2d&6ab9b2a6f6c4c64b12f98b9ea09831e2&3677177ebb1b26a3db2a7729862c6806&6305a869356dad692aaf34f8f859b87f,https://v25.tiktokcdn-us.com/93f1b2722bb643715dcbea7f59f6301a/61fb72c2/video/tos/useast2a/tos-useast2a-pve-0068/16b9a3a775234f5bb52cbb06720b545a/?a=1233&br=6328&bt=3164&cd=0%7C0%7C0&ch=0&cr=3&cs=2&cv=1&dr=0&ds=3&er=&ft=c~.Zm4L-gXoInz7T&l=202202030014110101130061551B209767&lr=all&mime_type=video_mp4&net=0&pl=0&qs=14&rc=anI4bDdmdWhlNjMzNzczM0ApaDozNDU0aGU5NzY4Mzk1PGdpMTVmcnBjcDJgLS1kMTZzczFeNjAxLV9iXy0wLS0uXl46Yw%3D%3D&vl=&vr=,adapt_lower_720_1&adapt_540_1&lower_540_1&lowest_540_1,14&28&24&25
80,v09044g40000c2q01jk1se6edeiqos2g,20896,1262211&1035288&794761&542759,82a3a541d96583207ae8d912ed16515d&9a0fe191a41266b74c697fafcc32f994&bb5fbe650421c9b7326915fd2ec973c7&e41f7907ecac6aa2f08c92187bac0397&f614eb99febc4a1cfa905f7557205e21&d4cf9226c0f0ce4d205419636839a3de&487570579a8f3d0123f6cb104ffba6c9&1990371414a3b53c9d7253257bf1e266,https://v19.tiktokcdn-us.com/82a3a541d96583207ae8d912ed16515d/61fb733b/video/tos/useast2a/tos-useast2a-ve-0068c001/032f2f8815304c9394dd37c63db334a2/?a=1233&br=2464&bt=1232&cd=0%7C0%7C0&ch=0&cr=3&cs=2&cv=1&dr=0&ds=3&er=&ft=c~.Zm4L-gXoInz7T&l=202202030016070101130060721F26BE39&lr=all&mime_type=video_mp4&net=0&pl=0&qs=14&rc=anZ0aGhoNG0zNTMzNzczM0ApOWRpPDxnOGVoN2Y3OTVmO2cvbGZhM3BoLm5gLS1kMTZzczFhYjU2NWAzXjAuLS8uLi46Yw%3D%3D&vl=&vr=,adapt_lower_720_1&adapt_540_1&lower_540_1&lowest_540_1,14&28&24&25
81,v12044gd0000c7b3nh3c77u624nd1650,16764,991571&785721&531677&412214,9e3b616cf0895ed3e0bd1bef327f2f8c&35c3a01988ab8f2638507cb9f5925b4b&4b73d922a81d39819d3487b8fd9c4273&d1a4c68125ce265f501e54cdfc4e8cb5&1af15a075ef7b0b763ffc5026d902d0d&e95001d3739c96a389d1eb8c917538aa&ecd1c349a638fadc6196a934d04e3fa0&a4952e9a59aa273db6ef20cc1561b758,https://v19.tiktokcdn-us.com/9e3b616cf0895ed3e0bd1bef327f2f8c/61fb7337/video/tos/useast5/tos-useast5-pve-0068-tx/b71f674edc5743f0a62ffb1e3b4331b7/?a=1233&br=1936&bt=968&cd=0%7C0%7C0&ch=0&cr=3&cs=2&cv=1&dr=0&ds=3&er=&ft=c~.Zm4L-gXoInz7T&l=202202030016070101130060721F26BE39&lr=all&mime_type=video_mp4&net=0&pl=0&qs=14&rc=MzlnNzk6Zms2OjMzZzczNEApOjxkZ2U8Zjw8N2U1NjRlOGcyLmsvcjQwa19gLS1kMS9zc15eNl9fYTQ2MGIzNmFjMWM6Yw%3D%3D&vl=&vr=,adapt_lower_720_1&adapt_540_1&lower_540_1&lowest_540_1,14&28&24&25
82,v09044g40000c4e7mcjc77u9llu1oj70,13769,1156040&793446&484775,3dcce5dc8bfa64ae2a2e14983742b3d3&9e614ba43f98549cf362791ca6f712c4&6cb9677dd9c43823b02f247bf703b4bf&6b4677c2727a8016c121414a6d8b579b&46488d94f36e2b13084adc3f77fba9f6&b26c3f799cb947eaa1051740453a9eba,https://v19.tiktokcdn-us.com/3dcce5dc8bfa64ae2a2e14983742b3d3/61fb7334/video/tos/useast2a/tos-useast2a-ve-0068c004/86e1ab9afb6b4453932d12ce9ede6c32/?a=1233&br=2256&bt=1128&cd=0%7C0%7C0&ch=0&cr=3&cs=2&cv=1&dr=0&ds=6&er=&ft=c~.Zm4L-gXoInz7T&l=202202030016070101130060721F26BE39&lr=all&mime_type=video_mp4&net=0&pl=0&qs=11&rc=M200bzw6ZmY6NzMzNzczM0ApZGg2NDY0Z2Q3NzMzZ2Q4aGc0bHJpcjRnamJgLS1kMTZzc15gMTFiMDJhYzIxYl4xLy06Yw%3D%3D&vl=&vr=,adapt_540_1&lower_540_1&lowest_540_1,28&24&25
83,v09044g40000c4aqt4bc77uek70jn260,14603,853714&490562&304377,2dff117a6b78bdbc1281e55c2e6797fa&6fe38d960a633331de84eb7a3d9f911d&0e387712f7aaf78bdf8b42323e11f158&14095430dc6ee3b4ab050d4a4fa2615c&dc6f3fc212e9d77735cfb83cf92bc139&f7387fddd1d4dc60b450283e09890000,https://v19.tiktokcdn-us.com/2dff117a6b78bdbc1281e55c2e6797fa/61fb7335/video/tos/useast2a/tos-useast2a-ve-0068c003/f5ab0881c8614d2997fc3563a380cca5/?a=1233&br=1666&bt=833&cd=0%7C0%7C0&ch=0&cr=3&cs=2&cv=1&dr=0&ds=6&er=&ft=c~.Zm4L-gXoInz7T&l=202202030016070101130060721F26BE39&lr=all&mime_type=video_mp4&net=0&pl=0&qs=11&rc=MzVtOmg6Zjd0NzMzNzczM0ApZ2lnPGlkPDw8NzM6aGQ4aGczay1ocjRfcV5gLS1kMTZzcy0tX2JjX18yMzM2LmFhNTM6Yw%3D%3D&vl=&vr=,adapt_540_1&lower_540_1&lowest_540_1,28&24&25
84,v07044g50000c2cl8bv9pj5l7tkveghg,51199,1224833&785831&525335,f08396fedbe73c6c821f1d94389d3342&237b48d39eb7d247690eee1b7269a974&28e1df54c81d9b9a413c8d41fd15c562&bb9acdf9c3b81c8c2a556f795ee3a294&fa02901f4741e1aafe4863fe35313cc6&982469782436a1951cbf30124de72cad,https://v19.tiktokcdn-us.com/f08396fedbe73c6c821f1d94389d3342/61fb735a/video/tos/alisg/tos-alisg-pve-0037c001/6dfe7b1d64984fafb950cb27aef73965/?a=1233&br=2392&bt=1196&cd=0%7C0%7C0&ch=0&cr=3&cs=2&cv=1&dr=0&ds=6&er=&ft=c~.Zm4L-gXoInz7T&l=202202030016070101130060721F26BE39&lr=all&mime_type=video_mp4&net=0&pl=0&qs=11&rc=amp5d29tPGVvNTMzODczM0ApM2gzOzRkZTw8NzQzZjhkOWdlYmg0Mm1zNWBgLS1kMTRzc2IvYS4vLWNeNl80X140YWE6Yw%3D%3D&vl=&vr=,adapt_540_1&lower_540_1&lowest_540_1,28&24&25
85,v09044g40000c3rnidjc77ucatnsseg0,13906,3015173&1765525&1245613&674401,baf34ecf2656beff06fc065afe974834&5ec110995351468487ca49496ea0493e&af6cabee005214f350ae52c698569d1b&c77a96d77e6cc58c5c72b52b9f5dfc77&1177efa3d2e428e5a342a8d6c9fdd8c4&389430de399b9f8598d29194eb922dc8&42dea6f37cca961232aaaf4a81b64c0d&dceb6db160b51686a21a8508fa2e1fff,https://v19.tiktokcdn-us.com/baf34ecf2656beff06fc065afe974834/61fb7334/video/tos/useast2a/tos-useast2a-pve-0068/a7190e2babcf415d91c47ecf3fce3ba9/?a=1233&br=5888&bt=2944&cd=0%7C0%7C0&ch=0&cr=3&cs=2&cv=1&dr=0&ds=3&er=&ft=c~.Zm4L-gXoInz7T&l=202202030016070101130060721F26BE39&lr=all&mime_type=video_mp4&net=0&pl=0&qs=14&rc=M2h2d2Y6ZmdxNjMzNzczM0ApO2Y3aDxlZzw0NzhmaDY4PGdkcGtecjRnZm9gLS1kMTZzczUvMGBhYzQzLjAwM2IyMDM6Yw%3D%3D&vl=&vr=,adapt_lower_720_1&adapt_540_1&lower_540_1&lowest_540_1,14&28&24&25
86,v09044310000bmoil77ho6foanv5jaj0,8267,1413832&978032&948578&551346,14d5651d8d99a8b2c9dc8238787445cf&34e0b5387766c8bfd1a7bd5661ce3fde&aa24766bc00f3d97a0b36f52a76c31be&8da8cad56845b9aa1af185a8aefabc38&9edc8b78673e09e9e9012ffaa2e10861&9547e3c659ce881ae159852028d82c9f&64c23f36a6cd97f40e72e2512d3912df&9ffd4c4b8fc246da38bdde97358a654d,https://v19.tiktokcdn-us.com/14d5651d8d99a8b2c9dc8238787445cf/61fb732f/video/tos/useast2a/tos-useast2a-ve-0068/ddd5955b873440ed8f5b7bf11392250d/?a=1233&br=2760&bt=1380&cd=0%7C0%7C0&ch=0&cr=3&cs=2&cv=1&dr=0&ds=3&er=&ft=c~.Zm4L-gXoInz7T&l=202202030016070101130060721F26BE39&lr=all&mime_type=video_mp4&net=0&pl=0&qs=14&rc=M2Q4cXI5azpscDMzNDczM0ApaWVmNDQ3NztoNztlODY4OWdnZ3NeY2w0aWxfLS0wMTZzc19fMi00Nl8zMTVjYy0yY146Yw%3D%3D&vl=&vr=,adapt_lower_720_1&adapt_540_1&normal_540_1&lower_540_1,14&28&20&24
87,v12044gd0000c7hm0b3c77ufbh1caqu0,16971,330842&264967&176679&141031,43b5021d8b01b78c1d9d74f12e1d36df&b9e437a9a537f6345b034b72268e0432&3517c39795d3bbc776bb160a77506d04&67a7f41e1e5161fc2383cb680e552ec7&938da3076b2a88b428597a73cd27e085&7171431aa023208cab93a4521a0b7409&abf6114776d7f4b22f4ffdd6b6fa5d1e&4573e0cd27ac5aa727ac0d26002bf57b,https://v19.tiktokcdn-us.com/43b5021d8b01b78c1d9d74f12e1d36df/61fb7337/video/tos/useast5/tos-useast5-ve-0068c001-tx/5cd04459afb842419d7c5c50adb35a54/?a=1233&br=646&bt=323&cd=0%7C0%7C0&ch=0&cr=3&cs=2&cv=1&dr=0&ds=3&er=&ft=c~.Zm4L-gXoInz7T&l=202202030016070101130060721F26BE39&lr=all&mime_type=video_mp4&net=0&pl=0&qs=14&rc=M3Rma2k6ZmVwOjMzZzczNEApMzlkOWk1ZmQ7N2g4aTxkZ2dyXi5fcjQwLWVgLS1kMS9zc15gMjJhMmMzYDMwMzYuMC06Yw%3D%3D&vl=&vr=,adapt_lower_720_1&adapt_540_1&lower_540_1&lowest_540_1,14&28&24&25
88,v09044g40000c4q6743c77udr7bk3sug,11259,923390&652528&455977&324088,29282c006b3c18b3ea9c83ee130142b4&16770c89a8da830a36184dd966326855&3b18aa270b67f2c8e2f535d306293104&2de66efd756d0ad4ccc5918146785fe7&451a1fd0742f65041cf00049f95e83ef&8e9121314a9db173fd3ae15b941a69c7&1b315f39fa70d98ff66229d29140b4f5&1cb4dafa3273f11cc61dadc2a8ea6115,https://v19.tiktokcdn-us.com/29282c006b3c18b3ea9c83ee130142b4/61fb7332/video/tos/useast2a/tos-useast2a-ve-0068c001/6ec51ce8cc2d4f3ebac504734da2dd9d/?a=1233&br=1802&bt=901&cd=0%7C0%7C0&ch=0&cr=3&cs=2&cv=1&dr=0&ds=3&er=&ft=c~.Zm4L-gXoInz7T&l=202202030016070101130060721F26BE39&lr=all&mime_type=video_mp4&net=0&pl=0&qs=14&rc=anZuOmc6Zjc5NzMzNzczM0ApZGk8aGhpPDtoNzY2Ojc0aWdyMF9vcjQwNG5gLS1kMTZzczFfMS0zMzQwLzNiYV4tMTE6Yw%3D%3D&vl=&vr=,adapt_lower_720_1&adapt_540_1&lower_540_1&lowest_540_1,14&28&24&25
89,v10044g50000c46ig0bc77u3svl4snj0,15439,1003742&711074&460554,67ca0e4d637ba9b7fefb857baad98c4d&115b631e4d109f255767570419ee46d1&0b5dd56e3adc59b00e407d3df233d119&e5bc1b66fbd63d784fd6a986606dbb99&8b1ff3b24beb1531c96576d772062075&dd74d654f17a437938a2cde7c564e01c,https://v19.tiktokcdn-us.com/67ca0e4d637ba9b7fefb857baad98c4d/61fb7336/video/tos/alisg/tos-alisg-pve-0037c001/e423ff66fd7745cca108a9f2edb90248/?a=1233&br=1960&bt=980&cd=0%7C0%7C0&ch=0&cr=3&cs=2&cv=1&dr=0&ds=6&er=&ft=c~.Zm4L-gXoInz7T&l=202202030016070101130060721F26BE39&lr=all&mime_type=video_mp4&net=0&pl=0&qs=11&rc=M3E3eTY6ZjNsNzMzODczNEApOzk4M2Q2OTtoNzxpOWhoZGdncGlwcjRfZDNgLS1kMS1zczItY19iMzNhYzJfYTExYTI6Yw%3D%3D&vl=&vr=,adapt_540_1&lower_540_1&lowest_540_1,28&24&25
