video/mp4, bytesbytes 0-1398233/1398234, 1643846666.3005686, 1643846666.3013368, 1643846666.3114357, 1643846667.58826, v19-us.tiktokcdn.com, afa5f05ba22f58669233db3a4bef3ca0, /afa5f05ba22f58669233db3a4bef3ca0/61fb7074/video/tos/maliva/tos-maliva-ve-0068c799-us/2818950322f0468db2301c0eca5dcf8a/?a=1233&br=1972&bt=986&cd=0%7C0%7C0%7C3&ch=0&cr=3&cs=2&cv=1&dr=0&ds=3&er=&ft=.NpOiIFh7KNWH6BQnT5iLo&l=2022020300042501022307715400B83F9D&lr=all&mime_type=video_mp4&net=0&pl=0&qs=14&rc=M3E6MzU6ZmU0OjMzZzczNEApZGc2NjplNztnNzplNzU2M2ctYmVscjRnLm1gLS1kMS9zc2I2MjZjXjReMmJhYDEuLTQ6Yw%3D%3D&vl=&vr=
video/mp4, bytesbytes 0-495912/495913, 1643846674.2049239, 1643846674.2090623, 1643846674.2349026, 1643846676.5388193, v16m.tiktokcdn-us.com, abbb594512a37eea41222646701be029, /abbb594512a37eea41222646701be029/61fb7076/video/tos/useast2a/tos-useast2a-ve-0068c004/30debd4810f64ced9354cefc74c0ba09/?a=1233&br=972&bt=486&cd=0%7C0%7C0&ch=0&cr=3&cs=2&cv=1&dr=0&ds=6&er=&ft=c~.Zm4L-gXoInz7T&l=202202030004300101131350200DF987D2&lr=all&mime_type=video_mp4&net=0&pl=0&qs=4&rc=Mzl4NTs6ZnBnOjMzNzczM0ApZGhpPDQ1Z2Q6Nzw6Nmk8OmdmNS1ycjRnLWFgLS1kMTZzc2FgXl81YDBhNGEyNWMvYTE6Yw%3D%3D&vl=&vr=
video/mp4, bytes, 1643846742.0738008, 1643846742.0748308, 1643846742.141656, 1643846742.6963794, v16m.tiktokcdn-us.com, 7a3354568d8bf631dab9436fa38cd092, /7a3354568d8bf631dab9436fa38cd092/61fb709a/video/tos/useast2a/tos-useast2a-ve-0068c004/c0f25d1b31ba4b86a90cb22cfe1b1294/?a=1233&br=1116&bt=558&cd=0%7C0%7C0&ch=0&cr=3&cs=2&cv=1&dr=0&ds=6&er=&ft=c~.Zm4L-gXoInz7T&l=20220203000506010113135214272EDA72&lr=all&mime_type=video_mp4&net=0&pl=0&qs=4&rc=anRuNnZvNHNodzMzODczM0ApZjk8NWg5PGVoNzZlZGQ3OmdtYnJpNTJzXnJfLS1iMTZzczMuMF5hMmBhM2NfMi1gYTY6Yw%3D%3D&vl=&vr=
video/mp4, bytesbytes 0-1005419/1005420, 1643846743.0263145, 1643846743.0271306, 1643846743.0583894, 1643846743.9028652, v16m.tiktokcdn-us.com, 4f6ddbd10e7e9fa05d990c8992b90508, /4f6ddbd10e7e9fa05d990c8992b90508/61fb709f/video/tos/useast5/tos-useast5-ve-0068c004-tx/7fb7755292e94b97ae2acf9bbfa03fe3/?a=1233&br=1250&bt=625&cd=0%7C0%7C0&ch=0&cr=3&cs=2&cv=1&dr=0&ds=6&er=&ft=c~.Zm4L-gXoInz7T&l=20220203000506010113135214272EDA72&lr=all&mime_type=video_mp4&net=0&pl=0&qs=11&rc=M2RmZGQ6ZjNzOjMzZzczNEApMzY7PDVoNWVlNzQ5aTppN2drLWxocjRnc19gLS1kMS9zcy4vYF5hMDA0NjI2MzNhYC86Yw%3D%3D&vl=&vr=
video/mp4, bytesbytes 0-745841/745842, 1643846744.3977137, 1643846744.3988247, 1643846744.4701335, 1643846745.0856938, v16m.tiktokcdn-us.com, 9aeb62dc7963f4ab6b3f35189a9e7b79, /9aeb62dc7963f4ab6b3f35189a9e7b79/61fb709c/video/tos/useast5/tos-useast5-ve-0068c004-tx/9efe34dd18384bf6a4c8406bbcdf44fb/?a=1233&br=1232&bt=616&cd=0%7C0%7C0&ch=0&cr=3&cs=2&cv=1&dr=0&ds=3&er=&ft=c~.Zm4L-gXoInz7T&l=20220203000506010113135214272EDA72&lr=all&mime_type=video_mp4&net=0&pl=0&qs=14&rc=ajRpZDo6Zmw7OTMzZzczNEApNThoPGQ2ZGQ0NztoZzkzOWcuMDNxcjRfZXFgLS1kMS9zc2JjNTNjYS5jNmM1NDA0NTM6Yw%3D%3D&vl=&vr=
video/mp4, bytesbytes 0-1024000/2209343, 1643846745.4431727, 1643846745.4440794, 1643846745.480411, 1643846746.5053709, v16m.tiktokcdn-us.com, ccda4c9abe0f8c36c00bc23240bdb44b, /ccda4c9abe0f8c36c00bc23240bdb44b/61fb70a7/video/tos/useast2a/tos-useast2a-ve-0068c003/a3916a82751449e5bc996d3ea4c44e77/?a=1233&br=1710&bt=855&cd=0%7C0%7C0&ch=0&cr=3&cs=2&cv=1&dr=0&ds=6&er=&ft=c~.Zm4L-gXoInz7T&l=20220203000506010113135214272EDA72&lr=all&mime_type=video_mp4&net=0&pl=0&qs=5&rc=ajx1NTU6ZmdqOTMzNzczM0ApZmk0NjlpOGQ4N2U4NTg8aGcwcTEucjQwbnJgLS1kMTZzc2EzYGBjLTYyNTNgYi1fNTY6Yw%3D%3D&vl=&vr=
video/mp4, bytesbytes 0-1024000/3512906, 1643846746.9558942, 1643846746.9585047, 1643846747.0067918, 1643846748.3597913, v16m.tiktokcdn-us.com, 95ab1cfbb8802feecf53d7404546133b, /95ab1cfbb8802feecf53d7404546133b/61fb70bb/video/tos/useast5/tos-useast5-ve-0068c001-tx/38bf562383a74abdb674e88e1fafda47/?a=1233&br=1342&bt=671&cd=0%7C0%7C0&ch=0&cr=3&cs=2&cv=1&dr=0&ds=6&er=&ft=c~.Zm4L-gXoInz7T&l=20220203000506010113135214272EDA72&lr=all&mime_type=video_mp4&net=0&pl=0&qs=11&rc=M3JsZGQ6Zjg5OjMzZzczNEApaDpoNTRlNzszNzU4OGg0OGdxY3BocjRfZTBgLS1kMS9zc18xMjItMTMtNjRgXzMwX2I6Yw%3D%3D&vl=&vr=
video/mp4, bytesbytes 0-1024000/3199001, 1643846748.7925873, 1643846748.7936647, 1643846748.8336148, 1643846749.7827184, v16m.tiktokcdn-us.com, 57ccc18c10f951ee67d3293fd6d3e4d6, /57ccc18c10f951ee67d3293fd6d3e4d6/61fb70c0/video/tos/useast2a/tos-useast2a-pve-0068/d71c0e8d4bdd441cb28765ca3433472b/?a=1233&br=1084&bt=542&cd=0%7C0%7C0&ch=0&cr=3&cs=2&cv=1&dr=0&ds=3&er=&ft=c~.Zm4L-gXoInz7T&l=20220203000506010113135214272EDA72&lr=all&mime_type=video_mp4&net=0&pl=0&qs=14&rc=M25oMzw6ZjhqNjMzNzczM0ApN2kzaWQ4NDtmN2c6ZTg8aWdrYjJlcjRfNmlgLS1kMTZzczA0YmNjY2AtYDI2MDBfNjY6Yw%3D%3D&vl=&vr=
video/mp4, bytesbytes 0-747074/747075, 1643846757.1508825, 1643846757.1527271, 1643846757.1814759, 1643846758.0650887, v16m.tiktokcdn-us.com, 13e0253de975f1d13a5e30c7045bb1df, /13e0253de975f1d13a5e30c7045bb1df/61fb70a0/video/tos/useast2a/tos-useast2a-pve-0068/65ea84d21a5c455196d28685c8cc7a51/?a=1233&br=836&bt=418&cd=0%7C0%7C0&ch=0&cr=3&cs=2&cv=1&dr=0&ds=6&er=&ft=c~.Zm4L-gXoInz7T&l=20220203000506010113135214272EDA72&lr=all&mime_type=video_mp4&net=0&pl=0&qs=4&rc=M208cWQ6Zmp4ODMzNzczM0ApZjM6aTM6Nzs6NzVpOzxlOWcwbGRgcjRfa2hgLS1kMTZzcy4wMzReYF4vMGMwYC1gYi46Yw%3D%3D&vl=&vr=
video/mp4, bytesbytes 1024000-2209342/2209343, 1643846770.726984, 1643846770.729084, 1643846770.768525, 1643846771.706486, v16m.tiktokcdn-us.com, ccda4c9abe0f8c36c00bc23240bdb44b, /ccda4c9abe0f8c36c00bc23240bdb44b/61fb70a7/video/tos/useast2a/tos-useast2a-ve-0068c003/a3916a82751449e5bc996d3ea4c44e77/?a=1233&br=1710&bt=855&cd=0%7C0%7C0&ch=0&cr=3&cs=2&cv=1&dr=0&ds=6&er=&ft=c~.Zm4L-gXoInz7T&l=20220203000506010113135214272EDA72&lr=all&mime_type=video_mp4&net=0&pl=0&qs=5&rc=ajx1NTU6ZmdqOTMzNzczM0ApZmk0NjlpOGQ4N2U4NTg8aGcwcTEucjQwbnJgLS1kMTZzc2EzYGBjLTYyNTNgYi1fNTY6Yw%3D%3D&vl=&vr=
video/mp4, bytesbytes 0-1024000/2471130, 1643846772.2099094, 1643846772.21475, 1643846772.2467563, 1643846773.4704697, v16m.tiktokcdn-us.com, 3964b3f01c03a80d27b16a012aa3a979, /3964b3f01c03a80d27b16a012aa3a979/61fb70ba/video/tos/useast5/tos-useast5-ve-0068c001-tx/18e2b9d9caf741a58670f0cbf86ca69b/?a=1233&br=966&bt=483&cd=0%7C0%7C0&ch=0&cr=3&cs=2&cv=1&dr=0&ds=6&er=&ft=c~.Zm4L-gXoInz7T&l=20220203000506010113135214272EDA72&lr=all&mime_type=video_mp4&net=0&pl=0&qs=4&rc=MzhlZGQ6Zm1lOjMzZzczNEApOGlmZmZoZmVmNzZoOjNpZmctLXJocjRvLV5gLS1kMS9zczYxLl5iXy4zLl41YV4xX2I6Yw%3D%3D&vl=&vr=
video/mp4, bytesbytes 0-1024000/1181632, 1643846773.8755066, 1643846773.8777215, 1643846773.9229162, 1643846776.5795202, v16m.tiktokcdn-us.com, b2c4289eab4b6dcd66ca9493eca39eb3, /b2c4289eab4b6dcd66ca9493eca39eb3/61fb70a3/video/tos/useast2a/tos-useast2a-pve-0068/353eea5c512a4e96bf4aed8f1a7c9fe9/?a=1233&br=1108&bt=554&cd=0%7C0%7C0&ch=0&cr=3&cs=2&cv=1&dr=0&ds=3&er=&ft=c~.Zm4L-gXoInz7T&l=20220203000506010113135214272EDA72&lr=all&mime_type=video_mp4&net=0&pl=0&qs=14&rc=MzZ4bjQ6ZmtoNzMzNzczM0ApODc0NGk0NmVlN2Q7OjczM2c0MGRjcjQwci9gLS1kMTZzcy8tMWFiYS5fMzIyNTUxXy06Yw%3D%3D&vl=&vr=
video/mp4, bytesbytes 1024000-3512905/3512906, 1643846790.9686837, 1643846790.9705772, 1643846791.0138605, 1643846794.5333898, v16m.tiktokcdn-us.com, 95ab1cfbb8802feecf53d7404546133b, /95ab1cfbb8802feecf53d7404546133b/61fb70bb/video/tos/useast5/tos-useast5-ve-0068c001-tx/38bf562383a74abdb674e88e1fafda47/?a=1233&br=1342&bt=671&cd=0%7C0%7C0&ch=0&cr=3&cs=2&cv=1&dr=0&ds=6&er=&ft=c~.Zm4L-gXoInz7T&l=20220203000506010113135214272EDA72&lr=all&mime_type=video_mp4&net=0&pl=0&qs=11&rc=M3JsZGQ6Zjg5OjMzZzczNEApaDpoNTRlNzszNzU4OGg0OGdxY3BocjRfZTBgLS1kMS9zc18xMjItMTMtNjRgXzMwX2I6Yw%3D%3D&vl=&vr=
video/mp4, bytesbytes 0-878633/878634, 1643846795.5293684, 1643846795.5306163, 1643846795.5737047, 1643846796.4158468, v16m.tiktokcdn-us.com, cee26f1a433d55fefd42d09809f61026, /cee26f1a433d55fefd42d09809f61026/61fb70a4/video/tos/useast2a/tos-useast2a-pve-0068/52bbbd3d4f604a6c82a0b217a8755c8c/?a=1233&br=770&bt=385&cd=0%7C0%7C0&ch=0&cr=3&cs=2&cv=1&dr=0&ds=6&er=&ft=c~.Zm4L-gXoInz7T&l=20220203000506010113135214272EDA72&lr=all&mime_type=video_mp4&net=0&pl=0&qs=4&rc=anZ3NmhraW1tNDMzNzczM0ApNzY5ZzdlZDs5NzRpNWU7Nmdubmg0Ml9oYGhgLS1kMTZzczE1NmMyNWJjX2JhMS8xNC46Yw%3D%3D&vl=&vr=
video/mp4, bytesbytes 1024000-3199000/3199001, 1643846802.634461, 1643846802.6353986, 1643846802.667577, 1643846806.248855, v16m.tiktokcdn-us.com, 57ccc18c10f951ee67d3293fd6d3e4d6, /57ccc18c10f951ee67d3293fd6d3e4d6/61fb70c0/video/tos/useast2a/tos-useast2a-pve-0068/d71c0e8d4bdd441cb28765ca3433472b/?a=1233&br=1084&bt=542&cd=0%7C0%7C0&ch=0&cr=3&cs=2&cv=1&dr=0&ds=3&er=&ft=c~.Zm4L-gXoInz7T&l=20220203000506010113135214272EDA72&lr=all&mime_type=video_mp4&net=0&pl=0&qs=14&rc=M25oMzw6ZjhqNjMzNzczM0ApN2kzaWQ4NDtmN2c6ZTg8aWdrYjJlcjRfNmlgLS1kMTZzczA0YmNjY2AtYDI2MDBfNjY6Yw%3D%3D&vl=&vr=
video/mp4, bytesbytes 1024000-2471129/2471130, 1643846818.129141, 1643846818.1310494, 1643846818.1595771, 1643846819.1262949, v16m.tiktokcdn-us.com, 3964b3f01c03a80d27b16a012aa3a979, /3964b3f01c03a80d27b16a012aa3a979/61fb70ba/video/tos/useast5/tos-useast5-ve-0068c001-tx/18e2b9d9caf741a58670f0cbf86ca69b/?a=1233&br=966&bt=483&cd=0%7C0%7C0&ch=0&cr=3&cs=2&cv=1&dr=0&ds=6&er=&ft=c~.Zm4L-gXoInz7T&l=20220203000506010113135214272EDA72&lr=all&mime_type=video_mp4&net=0&pl=0&qs=4&rc=MzhlZGQ6Zm1lOjMzZzczNEApOGlmZmZoZmVmNzZoOjNpZmctLXJocjRvLV5gLS1kMS9zczYxLl5iXy4zLl41YV4xX2I6Yw%3D%3D&vl=&vr=
video/mp4, bytesbytes 0-1024000/1483877, 1643846819.897302, 1643846819.8988087, 1643846819.9136765, 1643846820.5907328, v39.tiktokcdn-us.com, 4b42d1627291e61f4e39b84bbb81c628, /4b42d1627291e61f4e39b84bbb81c628/61fb7118/video/tos/useast2a/tos-useast2a-ve-0068c004/ccbb32055da3421aafdc8f7224a89dd3/?a=1233&br=1020&bt=510&cd=0%7C0%7C0&ch=0&cr=3&cs=2&cv=1&dr=0&ds=6&er=&ft=c~.Zm4L-gXoInz7T&l=202202030006580101130062211B230FF5&lr=all&mime_type=video_mp4&net=0&pl=0&qs=4&rc=M3F3dTc6ZnA7ODMzNzczM0ApOjNkaTM1O2VmNzc2aTo0OmdlZWYzcjRnaGJgLS1kMTZzcy0yLl4vNmJgYDZhMTVfY146Yw%3D%3D&vl=&vr=
video/mp4, bytesbytes 0-1024000/1119151, 1643846821.1051705, 1643846821.1069589, 1643846821.126115, 1643846821.804551, v39.tiktokcdn-us.com, f77d472399221603ccd148a767ea280a, /f77d472399221603ccd148a767ea280a/61fb7114/video/tos/useast5/tos-useast5-pve-0068-tx/33eb7a8ddcba4d6c80a7228ae9d187f3/?a=1233&br=948&bt=474&cd=0%7C0%7C0&ch=0&cr=3&cs=2&cv=1&dr=0&ds=6&er=&ft=c~.Zm4L-gXoInz7T&l=202202030006580101130062211B230FF5&lr=all&mime_type=video_mp4&net=0&pl=0&qs=4&rc=MzU5Ozg6ZnR4OjMzZzczNEApM2Y5aDNkZztnN2doNmhlZGdjY2JwcjQwZC5gLS1kMS9zczMvMl82Xy0zNTFgNl8xMzE6Yw%3D%3D&vl=&vr=
video/mp4, bytesbytes 0-517792/517793, 1643846822.2837787, 1643846822.2854207, 1643846822.29864, 1643846822.7464366, v39.tiktokcdn-us.com, d90e3935d7a67d423ce643111ae1fca8, /d90e3935d7a67d423ce643111ae1fca8/61fb710a/video/tos/useast2a/tos-useast2a-ve-0068c004/61ddc728cfd74da9806df42f9f1aa3a3/?a=1233&br=926&bt=463&cd=0%7C0%7C0&ch=0&cr=3&cs=2&cv=1&dr=0&ds=6&er=&ft=c~.Zm4L-gXoInz7T&l=202202030006580101130062211B230FF5&lr=all&mime_type=video_mp4&net=0&pl=0&qs=5&rc=amRzOzp5aHRneDMzPDczM0ApNzVmaTk2N2RoNzc7ZDQ3aWdyaGs0YWpnLWRfLS0zMTZzczJjNDMwXy1hYzVjYmA1Nl46Yw%3D%3D&vl=&vr=
video/mp4, bytesbytes 1024000-1181631/1181632, 1643846858.2701397, 1643846858.2759287, 1643846858.3050125, 1643846858.409349, v16m.tiktokcdn-us.com, b2c4289eab4b6dcd66ca9493eca39eb3, /b2c4289eab4b6dcd66ca9493eca39eb3/61fb70a3/video/tos/useast2a/tos-useast2a-pve-0068/353eea5c512a4e96bf4aed8f1a7c9fe9/?a=1233&br=1108&bt=554&cd=0%7C0%7C0&ch=0&cr=3&cs=2&cv=1&dr=0&ds=3&er=&ft=c~.Zm4L-gXoInz7T&l=20220203000506010113135214272EDA72&lr=all&mime_type=video_mp4&net=0&pl=0&qs=14&rc=MzZ4bjQ6ZmtoNzMzNzczM0ApODc0NGk0NmVlN2Q7OjczM2c0MGRjcjQwci9gLS1kMTZzcy8tMWFiYS5fMzIyNTUxXy06Yw%3D%3D&vl=&vr=
video/mp4, bytesbytes 0-1024000/2133330, 1643846858.576635, 1643846858.578633, 1643846858.5936794, 1643846859.3357003, v39.tiktokcdn-us.com, bfeec851cc4dc138ec0fd1354b78b5fa, /bfeec851cc4dc138ec0fd1354b78b5fa/61fb7123/video/tos/useast2a/tos-useast2a-pve-0068/c4db26350ce044759daec5320d789890/?a=1233&br=998&bt=499&cd=0%7C0%7C0&ch=0&cr=3&cs=2&cv=1&dr=0&ds=6&er=&ft=c~.Zm4L-gXoInz7T&l=202202030006580101130062211B230FF5&lr=all&mime_type=video_mp4&net=0&pl=0&qs=5&rc=M3g7ajM6Zjg1OjMzNzgzM0ApOTM2ZjVnOmQ7NzU2OTw0O2ducS1fcjRnaGhgLS1kLzZzcy4yNTExLTFgMDI0MTE0X186Yw%3D%3D&vl=&vr=
video/mp4, bytesbytes 0-468767/468768, 1643846875.191125, 1643846875.1931787, 1643846875.2071033, 1643846875.6233904, v39.tiktokcdn-us.com, 8dad111f594f8c566146d1ee845d410a, /8dad111f594f8c566146d1ee845d410a/61fb7109/video/tos/useast5/tos-useast5-ve-0068c004-tx/da8a66dc049447129bec9dbbae518438/?a=1233&br=952&bt=476&cd=0%7C0%7C0&ch=0&cr=3&cs=2&cv=1&dr=0&ds=3&er=&ft=c~.Zm4L-gXoInz7T&l=202202030006580101130062211B230FF5&lr=all&mime_type=video_mp4&net=0&pl=0&qs=14&rc=ajc3NGg6ZjR2OjMzZzczNEApNmc3OjQ3Zjw4NzlpOmRoOmcwZGpkcjRfNmhgLS1kMS9zcy9gYDU1Xy5eXy0wLTU0YGM6Yw%3D%3D&vl=&vr=
video/mp4, bytesbytes 1024000-1483876/1483877, 1643846881.5217383, 1643846881.5231414, 1643846881.5775394, 1643846883.8828053, v39.tiktokcdn-us.com, 4b42d1627291e61f4e39b84bbb81c628, /4b42d1627291e61f4e39b84bbb81c628/61fb7118/video/tos/useast2a/tos-useast2a-ve-0068c004/ccbb32055da3421aafdc8f7224a89dd3/?a=1233&br=1020&bt=510&cd=0%7C0%7C0&ch=0&cr=3&cs=2&cv=1&dr=0&ds=6&er=&ft=c~.Zm4L-gXoInz7T&l=202202030006580101130062211B230FF5&lr=all&mime_type=video_mp4&net=0&pl=0&qs=4&rc=M3F3dTc6ZnA7ODMzNzczM0ApOjNkaTM1O2VmNzc2aTo0OmdlZWYzcjRnaGJgLS1kMTZzcy0yLl4vNmJgYDZhMTVfY146Yw%3D%3D&vl=&vr=
video/mp4, bytesbytes 1024000-1119150/1119151, 1643846883.997352, 1643846883.999164, 1643846884.0349796, 1643846884.3657227, v39.tiktokcdn-us.com, f77d472399221603ccd148a767ea280a, /f77d472399221603ccd148a767ea280a/61fb7114/video/tos/useast5/tos-useast5-pve-0068-tx/33eb7a8ddcba4d6c80a7228ae9d187f3/?a=1233&br=948&bt=474&cd=0%7C0%7C0&ch=0&cr=3&cs=2&cv=1&dr=0&ds=6&er=&ft=c~.Zm4L-gXoInz7T&l=202202030006580101130062211B230FF5&lr=all&mime_type=video_mp4&net=0&pl=0&qs=4&rc=MzU5Ozg6ZnR4OjMzZzczNEApM2Y5aDNkZztnN2doNmhlZGdjY2JwcjQwZC5gLS1kMS9zczMvMl82Xy0zNTFgNl8xMzE6Yw%3D%3D&vl=&vr=
video/mp4, bytesbytes 0-1024000/1106590, 1643846884.6869893, 1643846884.6881716, 1643846884.7190278, 1643846888.4305825, v39.tiktokcdn-us.com, 1887306470e195e944c9aefd027fbeac, /1887306470e195e944c9aefd027fbeac/61fb710f/video/tos/useast5/tos-useast5-ve-0068c003-tx/f6524545c6d74e4786502bcbc42b1466/?a=1233&br=1252&bt=626&cd=0%7C0%7C0&ch=0&cr=3&cs=2&cv=1&dr=0&ds=3&er=&ft=c~.Zm4L-gXoInz7T&l=202202030006580101130062211B230FF5&lr=all&mime_type=video_mp4&net=0&pl=0&qs=14&rc=am91bTg6ZjZrOTMzNzczM0ApOWc7ZTM6Ojs0NzM6OTk6NGdhc2kycjQwZWdgLS1kMTZzczIwY19gYmEzX2FeXjQwYGE6Yw%3D%3D&vl=&vr=
video/mp4, bytesbytes 0-1024000/1696741, 1643846888.8596814, 1643846888.8618388, 1643846888.9049149, 1643846892.1365216, v39.tiktokcdn-us.com, 6510f4425e8bdf329f70ac2e7f5300db, /6510f4425e8bdf329f70ac2e7f5300db/61fb7115/video/tos/useast2a/tos-useast2a-ve-0068c003/f348836467bc49eaa857075d7c4a121e/?a=1233&br=1382&bt=691&cd=0%7C0%7C0&ch=0&cr=3&cs=2&cv=1&dr=0&ds=6&er=&ft=c~.Zm4L-gXoInz7T&l=202202030006580101130062211B230FF5&lr=all&mime_type=video_mp4&net=0&pl=0&qs=5&rc=anhwMzw6ZnRqNzMzNzczM0ApZmRlNzpnaGQ0NzloO2k6OWctZ2sycjQwLWpgLS1kMTZzczZeMzE0YWAzLTMuXi8xYWM6Yw%3D%3D&vl=&vr=
video/mp4, bytesbytes 1024000-2133329/2133330, 1643846894.4266965, 1643846894.4311826, 1643846894.5256271, 1643846897.6181889, v39.tiktokcdn-us.com, bfeec851cc4dc138ec0fd1354b78b5fa, /bfeec851cc4dc138ec0fd1354b78b5fa/61fb7123/video/tos/useast2a/tos-useast2a-pve-0068/c4db26350ce044759daec5320d789890/?a=1233&br=998&bt=499&cd=0%7C0%7C0&ch=0&cr=3&cs=2&cv=1&dr=0&ds=6&er=&ft=c~.Zm4L-gXoInz7T&l=202202030006580101130062211B230FF5&lr=all&mime_type=video_mp4&net=0&pl=0&qs=5&rc=M3g7ajM6Zjg1OjMzNzgzM0ApOTM2ZjVnOmQ7NzU2OTw0O2ducS1fcjRnaGhgLS1kLzZzcy4yNTExLTFgMDI0MTE0X186Yw%3D%3D&vl=&vr=
video/mp4, bytesbytes 0-671216/671217, 1643846898.150566, 1643846898.151492, 1643846898.1927645, 1643846899.9854243, v39.tiktokcdn-us.com, 15ac6c34608fd38004cc76a567bb4aae, /15ac6c34608fd38004cc76a567bb4aae/61fb7116/video/tos/useast2a/tos-useast2a-pve-0068/1cf87e26fafc4d01acd6b935b03fa0c1/?a=1233&br=506&bt=253&cd=0%7C0%7C0&ch=0&cr=3&cs=2&cv=1&dr=0&ds=6&er=&ft=c~.Zm4L-gXoInz7T&l=202202030006580101130062211B230FF5&lr=all&mime_type=video_mp4&net=0&pl=0&qs=5&rc=MzY0NTY6ZjhrNzMzNzczM0ApaGVkZ2k2OztkNzM6aWQ5ZWdjYnFmcjQwLmhgLS1kMTZzczI2MmAyYmEtNF4uYS1iNF86Yw%3D%3D&vl=&vr=
video/mp4, bytesbytes 0-553056/553057, 1643846900.36464, 1643846900.3661745, 1643846900.4050531, 1643846902.9574292, v39.tiktokcdn-us.com, d0fa76e230e120877d1735d749493050, /d0fa76e230e120877d1735d749493050/61fb7110/video/tos/useast2a/tos-useast2a-pve-0068/2a1adc06ebd9400f841fdc3808ec30e6/?a=1233&br=602&bt=301&cd=0%7C0%7C0&ch=0&cr=3&cs=2&cv=1&dr=0&ds=3&er=&ft=c~.Zm4L-gXoInz7T&l=202202030006580101130062211B230FF5&lr=all&mime_type=video_mp4&net=0&pl=0&qs=14&rc=M3h2bWU6Zmc1NzMzNzczM0ApZTk7OjxoODtnN2VkOzk6N2cvaGstcjQwXmxgLS1kMTZzc2IuXzE1YGEvLWAxLTA1LzA6Yw%3D%3D&vl=&vr=
video/mp4, bytesbytes 0-1024000/1069291, 1643846903.2961469, 1643846903.2976213, 1643846903.6060746, 1643846906.4243574, v39.tiktokcdn-us.com, 5f1e6c2999750c8e00745b8219bab06d, /5f1e6c2999750c8e00745b8219bab06d/61fb711b/video/tos/alisg/tos-alisg-pve-0037c001/4a0a9e195fa24116ac3ca1661083a252/?a=1233&br=658&bt=329&cd=0%7C0%7C0&ch=0&cr=3&cs=2&cv=1&dr=0&ds=6&er=&ft=c~.Zm4L-gXoInz7T&l=202202030006580101130062211B230FF5&lr=all&mime_type=video_mp4&net=0&pl=0&qs=4&rc=ajY3Njk6ZmU2OTMzODczNEApaDZmNjs7NWQ0NzlmM2g2ZGdsb25ucjRvM2BgLS1kMS1zczQ0MC9jNC5jMWMzNmMtLy46Yw%3D%3D&vl=&vr=
video/mp4, bytesbytes 1024000-1106589/1106590, 1643846907.894312, 1643846907.8953335, 1643846907.9395773, 1643846908.2379978, v39.tiktokcdn-us.com, 1887306470e195e944c9aefd027fbeac, /1887306470e195e944c9aefd027fbeac/61fb710f/video/tos/useast5/tos-useast5-ve-0068c003-tx/f6524545c6d74e4786502bcbc42b1466/?a=1233&br=1252&bt=626&cd=0%7C0%7C0&ch=0&cr=3&cs=2&cv=1&dr=0&ds=3&er=&ft=c~.Zm4L-gXoInz7T&l=202202030006580101130062211B230FF5&lr=all&mime_type=video_mp4&net=0&pl=0&qs=14&rc=am91bTg6ZjZrOTMzNzczM0ApOWc7ZTM6Ojs0NzM6OTk6NGdhc2kycjQwZWdgLS1kMTZzczIwY19gYmEzX2FeXjQwYGE6Yw%3D%3D&vl=&vr=
video/mp4, bytesbytes 1024000-1696740/1696741, 1643846921.9822798, 1643846921.9836485, 1643846922.0333807, 1643846924.5817044, v39.tiktokcdn-us.com, 6510f4425e8bdf329f70ac2e7f5300db, /6510f4425e8bdf329f70ac2e7f5300db/61fb7115/video/tos/useast2a/tos-useast2a-ve-0068c003/f348836467bc49eaa857075d7c4a121e/?a=1233&br=1382&bt=691&cd=0%7C0%7C0&ch=0&cr=3&cs=2&cv=1&dr=0&ds=6&er=&ft=c~.Zm4L-gXoInz7T&l=202202030006580101130062211B230FF5&lr=all&mime_type=video_mp4&net=0&pl=0&qs=5&rc=anhwMzw6ZnRqNzMzNzczM0ApZmRlNzpnaGQ0NzloO2k6OWctZ2sycjQwLWpgLS1kMTZzczZeMzE0YWAzLTMuXi8xYWM6Yw%3D%3D&vl=&vr=
video/mp4, bytesbytes 0-315404/315405, 1643846948.1881733, 1643846948.1900525, 1643846948.2289925, 1643846949.4724538, v16m.tiktokcdn-us.com, f12dae1c61f909dadb8299cb55231486, /f12dae1c61f909dadb8299cb55231486/61fb717a/video/tos/useast2a/tos-useast2a-pve-0068/ce758054d06e4e5fb05db956a85159fc/?a=1233&br=422&bt=211&cd=0%7C0%7C0&ch=0&cr=3&cs=2&cv=1&dr=0&ds=6&er=&ft=c~.Zm4L-gXoInz7T&l=20220203000847010113006040260A9471&lr=all&mime_type=video_mp4&net=0&pl=0&qs=4&rc=M204cjw6Zm1zODMzNzgzM0ApNjw5aTo6NTs3Nzc7NTc7OmdecmtrcjQwZXFgLS1kLzZzc2AvYjViMjM2YV42Y2AuMDE6Yw%3D%3D&vl=&vr=
video/mp4, bytesbytes 0-283561/283562, 1643846949.9013338, 1643846949.9026585, 1643846949.9326172, 1643846950.6370509, v16m.tiktokcdn-us.com, 734e8baa5865ed26fcab9e52eedd834d, /734e8baa5865ed26fcab9e52eedd834d/61fb7175/video/tos/useast2a/tos-useast2a-ve-0068c003/c82291f2f7744bbabb097f3a38918c6a/?a=1233&br=666&bt=333&cd=0%7C0%7C0&ch=0&cr=3&cs=2&cv=1&dr=0&ds=6&er=&ft=c~.Zm4L-gXoInz7T&l=20220203000847010113006040260A9471&lr=all&mime_type=video_mp4&net=0&pl=0&qs=4&rc=anVseHJvbmdtdTMzZjczM0ApZWc2M2g4PDs6N2g5ZDdkaWdwNDYwcnM0L3BfLS0yMTZzczE1MmBgYDNfYDYuMWM2YTE6Yw%3D%3D&vl=&vr=
video/mp4, bytesbytes 0-1024000/2121440, 1643846950.8922136, 1643846950.8931544, 1643846950.9214454, 1643846953.0118043, v16m.tiktokcdn-us.com, 76a66d27374f038f324e720c6275dc44, /76a66d27374f038f324e720c6275dc44/61fb7184/video/tos/useast2a/tos-useast2a-pve-0068/bce660f83b4044319aeab83ae5a264f6/?a=1233&br=1562&bt=781&cd=0%7C0%7C0&ch=0&cr=3&cs=2&cv=1&dr=0&ds=6&er=&ft=c~.Zm4L-gXoInz7T&l=20220203000847010113006040260A9471&lr=all&mime_type=video_mp4&net=0&pl=0&qs=5&rc=ajtwaW9vZGt5NTMzNzczM0ApMzo0ZTNlNWQ4N2Y4Zjg5Z2djaTZlczNkM2dgLS1kMTZzc2A2MC4wYy9iYTQtMmBjNl46Yw%3D%3D&vl=&vr=
video/mp4, bytesbytes 0-380961/380962, 1643846953.5025978, 1643846953.5039294, 1643846953.520854, 1643846954.0727332, v16m.tiktokcdn-us.com, d7b45d6da83158ee251315bf9d5a875e, /d7b45d6da83158ee251315bf9d5a875e/61fb717a/video/tos/useast2a/tos-useast2a-ve-0068c001/236167a25b684bf4be6cac5f6ac7320f/?a=1233&br=534&bt=267&cd=0%7C0%7C0&ch=0&cr=3&cs=2&cv=1&dr=0&ds=6&er=&ft=c~.Zm4L-gXoInz7T&l=20220203000847010113006040260A9471&lr=all&mime_type=video_mp4&net=0&pl=0&qs=4&rc=Mzw2NGg6Zjd2OjMzNzczM0ApNzc0NmloZzw1N2Q4NmhoOGdyYnBocjRvczZgLS1kMTZzc19hYy5gNTNeMWIzLjNfLV46Yw%3D%3D&vl=&vr=
video/mp4, bytesbytes 1024000-1069290/1069291, 1643846958.7361307, 1643846958.7374291, 1643846958.7726364, 1643846959.0259714, v39.tiktokcdn-us.com, 5f1e6c2999750c8e00745b8219bab06d, /5f1e6c2999750c8e00745b8219bab06d/61fb711b/video/tos/alisg/tos-alisg-pve-0037c001/4a0a9e195fa24116ac3ca1661083a252/?a=1233&br=658&bt=329&cd=0%7C0%7C0&ch=0&cr=3&cs=2&cv=1&dr=0&ds=6&er=&ft=c~.Zm4L-gXoInz7T&l=202202030006580101130062211B230FF5&lr=all&mime_type=video_mp4&net=0&pl=0&qs=4&rc=ajY3Njk6ZmU2OTMzODczNEApaDZmNjs7NWQ0NzlmM2g2ZGdsb25ucjRvM2BgLS1kMS1zczQ0MC9jNC5jMWMzNmMtLy46Yw%3D%3D&vl=&vr=
video/mp4, bytesbytes 0-288001/288002, 1643846959.2354312, 1643846959.2370179, 1643846959.3577409, 1643846960.3612626, v16m.tiktokcdn-us.com, c411be828d7e0f18b06465bce5d9c683, /c411be828d7e0f18b06465bce5d9c683/61fb7175/video/tos/useast2a/tos-useast2a-ve-0068c001/5952da63183a46f283d3a1be28cbc9cb/?a=1233&br=628&bt=314&cd=0%7C0%7C0&ch=0&cr=3&cs=2&cv=1&dr=0&ds=6&er=&ft=c~.Zm4L-gXoInz7T&l=20220203000847010113006040260A9471&lr=all&mime_type=video_mp4&net=0&pl=0&qs=5&rc=ajc1ZWQ6Zml1NjMzNzczM0ApOjk5NjVoNDw7Nzg3MzVlaGdnai1lcjRfcWpgLS1kMTZzc2IxXi0wLzI1YGFgY18wNDY6Yw%3D%3D&vl=&vr=
video/mp4, bytesbytes 0-439544/439545, 1643846971.6350126, 1643846971.6363344, 1643846971.6771731, 1643846973.512762, v16m.tiktokcdn-us.com, 3fbe4903f0334ab470fd827be915a9c7, /3fbe4903f0334ab470fd827be915a9c7/61fb717a/video/tos/useast5/tos-useast5-ve-0068c004-tx/352897d00c8142d1a85da2cc6b1696e8/?a=1233&br=582&bt=291&cd=0%7C0%7C0&ch=0&cr=3&cs=2&cv=1&dr=0&ds=6&er=&ft=c~.Zm4L-gXoInz7T&l=20220203000847010113006040260A9471&lr=all&mime_type=video_mp4&net=0&pl=0&qs=5&rc=M29saWg6ZjczOjMzZzczNEApaGU5aDc5aWVoNzk3NDk8OmcyNGBocjRfX2FgLS1kMS9zc2FgNWNhYTMyYzBeMjVeYDQ6Yw%3D%3D&vl=&vr=
video/mp4, bytesbytes 0-434444/434445, 1643846973.7202232, 1643846973.7221122, 1643846973.7659802, 1643846975.2635303, v16m.tiktokcdn-us.com, 14a5dfb7d57bfcab3173f65a4f31da75, /14a5dfb7d57bfcab3173f65a4f31da75/61fb717a/video/tos/useast2a/tos-useast2a-ve-0068c001/bf28981904014137853b7b34d02bb149/?a=1233&br=580&bt=290&cd=0%7C0%7C0&ch=0&cr=3&cs=2&cv=1&dr=0&ds=6&er=&ft=c~.Zm4L-gXoInz7T&l=20220203000847010113006040260A9471&lr=all&mime_type=video_mp4&net=0&pl=0&qs=5&rc=ampkM21rdWVrNjMzNzczM0ApOztpNTllO2U4N2c2ZTc5OWdqM2luaWliMS5gLS1kMTZzczFjYTBeNS9eXmAtMy5iMWA6Yw%3D%3D&vl=&vr=
video/mp4, bytesbytes 1024000-2121439/2121440, 1643846979.3137152, 1643846979.3150449, 1643846979.3558202, 1643846984.2019346, v16m.tiktokcdn-us.com, 76a66d27374f038f324e720c6275dc44, /76a66d27374f038f324e720c6275dc44/61fb7184/video/tos/useast2a/tos-useast2a-pve-0068/bce660f83b4044319aeab83ae5a264f6/?a=1233&br=1562&bt=781&cd=0%7C0%7C0&ch=0&cr=3&cs=2&cv=1&dr=0&ds=6&er=&ft=c~.Zm4L-gXoInz7T&l=20220203000847010113006040260A9471&lr=all&mime_type=video_mp4&net=0&pl=0&qs=5&rc=ajtwaW9vZGt5NTMzNzczM0ApMzo0ZTNlNWQ4N2Y4Zjg5Z2djaTZlczNkM2dgLS1kMTZzc2A2MC4wYy9iYTQtMmBjNl46Yw%3D%3D&vl=&vr=
video/mp4, bytesbytes 0-980941/980942, 1643846981.9849882, 1643846981.9885244, 1643846982.0742528, 1643846985.2253695, v16m.tiktokcdn-us.com, bb60f73751c3127863bb7b18faffb991, /bb60f73751c3127863bb7b18faffb991/61fb7181/video/tos/useast2a/tos-useast2a-ve-0068c003/e03dc43dab0a4436b4e65c3f1e1c5f17/?a=1233&br=814&bt=407&cd=0%7C0%7C0&ch=0&cr=3&cs=2&cv=1&dr=0&ds=6&er=&ft=c~.Zm4L-gXoInz7T&l=20220203000847010113006040260A9471&lr=all&mime_type=video_mp4&net=0&pl=0&qs=5&rc=amxzNWg6Zm1pNzMzNzczM0ApMzs1aWZlOTw4NzM4OzdkNWc0M2YzcjQwaWxgLS1kMTZzcy1eNDFfNV41NDJeMi1eYjI6Yw%3D%3D&vl=&vr=
video/mp4, bytesbytes 0-725887/725888, 1643846985.7658606, 1643846985.7667782, 1643846985.8591766, 1643846988.0076463, v16m.tiktokcdn-us.com, c631df7e2da8b2c51e90b8c21845622d, /c631df7e2da8b2c51e90b8c21845622d/61fb717d/video/tos/useast5/tos-useast5-ve-0068c003-tx/236a885425854f189d4f37cd7161f6c9/?a=1233&br=752&bt=376&cd=0%7C0%7C0&ch=0&cr=3&cs=2&cv=1&dr=0&ds=6&er=&ft=c~.Zm4L-gXoInz7T&l=20220203000847010113006040260A9471&lr=all&mime_type=video_mp4&net=0&pl=0&qs=5&rc=amkzdjo6ZnY6OjMzZzczNEApODRlZDo4Zzw3N2Q1OWY6OWdoXnNtcjRnNTVgLS1kMS9zcy41Yy9iNV9hXmJfYmExYDA6Yw%3D%3D&vl=&vr=
video/mp4, bytesbytes 0-294328/294329, 1643846988.540903, 1643846988.5445197, 1643846988.565911, 1643846989.3044033, v16m.tiktokcdn-us.com, 2ddbedda590281523989f472e8d583b7, /2ddbedda590281523989f472e8d583b7/61fb7176/video/tos/useast2a/tos-useast2a-ve-0068c002/96030d9ce31e45dfb0e5e1b54b5f8428/?a=1233&br=578&bt=289&cd=0%7C0%7C0&ch=0&cr=3&cs=2&cv=1&dr=0&ds=6&er=&ft=c~.Zm4L-gXoInz7T&l=20220203000847010113006040260A9471&lr=all&mime_type=video_mp4&net=0&pl=0&qs=4&rc=M2dvcmg6ZmZtOTMzNzczM0ApaDU8Zzg3aDtlNzZmNTc6NGdsaGEucjRvZV9gLS1kMTZzc14wMzNjMC4yL15fMF5jLl46Yw%3D%3D&vl=&vr=
video/mp4, bytesbytes 0-330834/330835, 1643846990.6816397, 1643846990.6831853, 1643846990.7089236, 1643846991.8217673, v39.tiktokcdn-us.com, 1bbb57d326607d959a2f27483a4138fb, /1bbb57d326607d959a2f27483a4138fb/61fb71b5/video/tos/alisg/tos-alisg-pve-0037c001/5b9696cfa10f4f95837d5a0f1c746ce6/?a=1233&br=552&bt=276&cd=0%7C0%7C0&ch=0&cr=3&cs=2&cv=1&dr=0&ds=6&er=&ft=c~.Zm4L-gXoInz7T&l=20220203000948010113006233012CB7BC&lr=all&mime_type=video_mp4&net=0&pl=0&qs=4&rc=M2U1dGQ6ZjM6ODMzODczNEApOTM1ODQ3aDs2NzVkNDhnN2diZS9lcjRvYS9gLS1kMS1zczI0Ni40NC8vXy8yNDVeMzQ6Yw%3D%3D&vl=&vr=
video/mp4, bytesbytes 0-1024000/1115179, 1643846992.0095134, 1643846992.0125089, 1643846992.0409968, 1643846995.394933, v39.tiktokcdn-us.com, af12acb172ffb0a4acb3cbbce692ab6a, /af12acb172ffb0a4acb3cbbce692ab6a/61fb71bc/video/tos/useast2a/tos-useast2a-pve-0068/b7bce4a37804449f9d2183c5933ac52d/?a=1233&br=1022&bt=511&cd=0%7C0%7C0&ch=0&cr=3&cs=2&cv=1&dr=0&ds=6&er=&ft=c~.Zm4L-gXoInz7T&l=20220203000948010113006233012CB7BC&lr=all&mime_type=video_mp4&net=0&pl=0&qs=5&rc=M2k6OHV0cm5yNjMzNzczM0ApOTU1N2lpNjtmNzo2NTc4aWdtcC01azE1bzZgLS1kMTZzc2I0LTI0YjI1LmA0Ni4xYS86Yw%3D%3D&vl=&vr=
video/mp4, bytesbytes 0-587184/587185, 1643846995.904955, 1643846995.9079916, 1643846995.9416673, 1643846997.5700297, v39.tiktokcdn-us.com, 92bc3f657f2444dc84c7ca45a437aec3, /92bc3f657f2444dc84c7ca45a437aec3/61fb71b2/video/tos/useast2a/tos-useast2a-ve-0068c001/0c2f08bc79c247508bee147852570e44/?a=1233&br=1376&bt=688&cd=0%7C0%7C0&ch=0&cr=3&cs=2&cv=1&dr=0&ds=6&er=&ft=c~.Zm4L-gXoInz7T&l=20220203000948010113006233012CB7BC&lr=all&mime_type=video_mp4&net=0&pl=0&qs=5&rc=amdzcjk6ZjpnNjMzNzczM0ApNDdoMzwzNjtkNztnNjc5ZWczNmBkcjRfbWxgLS1kMTZzc2IvYF41M2AtLS4wXl9iLzM6Yw%3D%3D&vl=&vr=
video/mp4, bytesbytes 0-490002/490003, 1643846997.9527817, 1643846997.9540648, 1643846997.9951043, 1643846999.417608, v39.tiktokcdn-us.com, 3a820c3fb026801d41848bea62e3c18b, /3a820c3fb026801d41848bea62e3c18b/61fb71bb/video/tos/useast2a/tos-useast2a-ve-0068c004/d2c3a161220c4d52a9b05acb02d9eb90/?a=1233&br=492&bt=246&cd=0%7C0%7C0&ch=0&cr=3&cs=2&cv=1&dr=0&ds=6&er=&ft=c~.Zm4L-gXoInz7T&l=20220203000948010113006233012CB7BC&lr=all&mime_type=video_mp4&net=0&pl=0&qs=4&rc=M2g0dDc6ZmRsODMzNzczM0ApOmU7aDs5Mzw3NzhmZDQ3NmdfZzZucjRfbWhgLS1kMTZzczIvXzE2MjZhYF4uM2I1XzE6Yw%3D%3D&vl=&vr=
video/mp4, bytesbytes 0-327184/327185, 1643847003.7925658, 1643847003.7965696, 1643847003.83172, 1643847004.7301702, v39.tiktokcdn-us.com, 652b246e3c094219e4d19fcf92d532b2, /652b246e3c094219e4d19fcf92d532b2/61fb71b2/video/tos/useast2a/tos-useast2a-pve-0068/8523120659db42c49ab822b089c08837/?a=1233&br=794&bt=397&cd=0%7C0%7C0&ch=0&cr=3&cs=2&cv=1&dr=0&ds=6&er=&ft=c~.Zm4L-gXoInz7T&l=20220203000948010113006233012CB7BC&lr=all&mime_type=video_mp4&net=0&pl=0&qs=5&rc=MzhyNDU8ZHF2NTMzNzczM0ApZWVkZjg5aWQ3N2dpOjhmNGdtMG1yM2lmZ2RgLS1kMTZzc18xMDM0MGAwYGA2LTM2XzM6Yw%3D%3D&vl=&vr=
video/mp4, bytesbytes 0-1024000/1130687, 1643847005.441855, 1643847005.4428792, 1643847005.4737003, 1643847010.6941214, v39.tiktokcdn-us.com, b0b3f05c2c52306ceade2d5f3bba26c7, /b0b3f05c2c52306ceade2d5f3bba26c7/61fb71bb/video/tos/useast2a/tos-useast2a-ve-0068c004/4dd3485cb1714c11939fbdd0790ecb0f/?a=1233&br=1160&bt=580&cd=0%7C0%7C0&ch=0&cr=3&cs=2&cv=1&dr=0&ds=6&er=&ft=c~.Zm4L-gXoInz7T&l=20220203000948010113006233012CB7BC&lr=all&mime_type=video_mp4&net=0&pl=0&qs=5&rc=MzlqN214NThwNTMzNzczM0ApNmQ5PGZnO2Q8N2VoN2ZkM2cubjNkcWZyam5gLS1kMTZzc2MyYTY2Yy4yLjYyXzMvMDA6Yw%3D%3D&vl=&vr=
video/mp4, bytesbytes 1024000-1115178/1115179, 1643847014.9986033, 1643847015.000179, 1643847015.0236409, 1643847015.3466303, v39.tiktokcdn-us.com, af12acb172ffb0a4acb3cbbce692ab6a, /af12acb172ffb0a4acb3cbbce692ab6a/61fb71bc/video/tos/useast2a/tos-useast2a-pve-0068/b7bce4a37804449f9d2183c5933ac52d/?a=1233&br=1022&bt=511&cd=0%7C0%7C0&ch=0&cr=3&cs=2&cv=1&dr=0&ds=6&er=&ft=c~.Zm4L-gXoInz7T&l=20220203000948010113006233012CB7BC&lr=all&mime_type=video_mp4&net=0&pl=0&qs=5&rc=M2k6OHV0cm5yNjMzNzczM0ApOTU1N2lpNjtmNzo2NTc4aWdtcC01azE1bzZgLS1kMTZzc2I0LTI0YjI1LmA0Ni4xYS86Yw%3D%3D&vl=&vr=
video/mp4, bytesbytes 0-630905/630906, 1643847015.4915774, 1643847015.495206, 1643847015.5464506, 1643847017.1272507, v39.tiktokcdn-us.com, f60e67ebee2d63214698ccc706b74478, /f60e67ebee2d63214698ccc706b74478/61fb71bb/video/tos/useast2a/tos-useast2a-ve-0068c004/d81012df6a39444f87aa77a0bbf58acc/?a=1233&br=638&bt=319&cd=0%7C0%7C0&ch=0&cr=3&cs=2&cv=1&dr=0&ds=6&er=&ft=c~.Zm4L-gXoInz7T&l=20220203000948010113006233012CB7BC&lr=all&mime_type=video_mp4&net=0&pl=0&qs=4&rc=ajo6ZzZyOmt2dDMzNzczM0ApZTY2NTY6OmU1NzM4OTpoNmdfbmYzbDAvYzBfLS1jMTZzczYvYzYxYmJhYzAxNi1gXi06Yw%3D%3D&vl=&vr=
video/mp4, bytesbytes 0-250223/250224, 1643847028.8262284, 1643847028.8277647, 1643847028.8587732, 1643847029.6885076, v39.tiktokcdn-us.com, 47d2d1f61009425fef0cd6126d44eec0, /47d2d1f61009425fef0cd6126d44eec0/61fb71b3/video/tos/useast2a/tos-useast2a-ve-0068c001/186cb9a105e9495e80fffca86f26e1e0/?a=1233&br=510&bt=255&cd=0%7C0%7C0&ch=0&cr=3&cs=2&cv=1&dr=0&ds=6&er=&ft=c~.Zm4L-gXoInz7T&l=20220203000948010113006233012CB7BC&lr=all&mime_type=video_mp4&net=0&pl=0&qs=4&rc=M3kzcms1NHd0NDMzOjczM0ApZ2Q3OmQ7PDs6NzpkZjRkOWc1a3NhbGowbDJgLS02MTZzc2A1LWE1MDVhX2IzYS0uYjI6Yw%3D%3D&vl=&vr=
video/mp4, bytesbytes 0-294588/294589, 1643847030.6226377, 1643847030.6248772, 1643847030.7882917, 1643847034.041686, v39.tiktokcdn-us.com, 965f04c98d99376e55e9e8c74f41c75e, /965f04c98d99376e55e9e8c74f41c75e/61fb71b3/video/tos/useast5/tos-useast5-ve-0068c004-tx/175802b59ea74d358f8e89a61a22fffb/?a=1233&br=602&bt=301&cd=0%7C0%7C0&ch=0&cr=3&cs=2&cv=1&dr=0&ds=6&er=&ft=c~.Zm4L-gXoInz7T&l=20220203000948010113006233012CB7BC&lr=all&mime_type=video_mp4&net=0&pl=0&qs=11&rc=anY1dmk6Zmk2OTMzZzczNEApZzw8OTdnZTs8NzM7ZDVmZWdtbl8ycjQwNTFgLS1kMS9zczUxYzIuYzI0Xi4yMWAzNS86Yw%3D%3D&vl=&vr=
video/mp4, bytesbytes 0-1024000/3097436, 1643847046.4907024, 1643847046.4946206, 1643847046.5592077, 1643847051.943326, v39.tiktokcdn-us.com, 69d01a6484397d75e4fa66cf670398fd, /69d01a6484397d75e4fa66cf670398fd/61fb71e2/video/tos/useast2a/tos-useast2a-ve-0068c001/91f88d93b17c4f8a824059678667d4c9/?a=1233&br=890&bt=445&cd=0%7C0%7C0&ch=0&cr=3&cs=2&cv=1&dr=0&ds=6&er=&ft=c~.Zm4L-gXoInz7T&l=20220203000948010113006233012CB7BC&lr=all&mime_type=video_mp4&net=0&pl=0&qs=5&rc=ajhyOWk6ZnhyOTMzNzczM0ApNGc2aTY0OTw1Nzk3Njs7PGdrL2tvcjRnLy9gLS1kMTZzczIyNl42Xi5hYy5gNjItNWI6Yw%3D%3D&vl=&vr=
video/mp4, bytesbytes 1024000-1130686/1130687, 1643847052.7402813, 1643847052.7420282, 1643847052.772876, 1643847053.5325832, v39.tiktokcdn-us.com, b0b3f05c2c52306ceade2d5f3bba26c7, /b0b3f05c2c52306ceade2d5f3bba26c7/61fb71bb/video/tos/useast2a/tos-useast2a-ve-0068c004/4dd3485cb1714c11939fbdd0790ecb0f/?a=1233&br=1160&bt=580&cd=0%7C0%7C0&ch=0&cr=3&cs=2&cv=1&dr=0&ds=6&er=&ft=c~.Zm4L-gXoInz7T&l=20220203000948010113006233012CB7BC&lr=all&mime_type=video_mp4&net=0&pl=0&qs=5&rc=MzlqN214NThwNTMzNzczM0ApNmQ5PGZnO2Q8N2VoN2ZkM2cubjNkcWZyam5gLS1kMTZzc2MyYTY2Yy4yLjYyXzMvMDA6Yw%3D%3D&vl=&vr=
video/mp4, bytes, 1643847070.2463117, 1643847070.2486894, 1643847070.3850887, 1643847073.8719525, v19.tiktokcdn-us.com, dd9c2f34aa2843dda0b26969f991a801, /dd9c2f34aa2843dda0b26969f991a801/61fb71fa/video/tos/useast5/tos-useast5-pve-0068-tx/a0dc2f7bb363468b82e334b7d5492a6c/?a=1233&br=1022&bt=511&cd=0%7C0%7C0&ch=0&cr=3&cs=2&cv=1&dr=0&ds=6&er=&ft=c~.Zm4L-gXoInz7T&l=20220203001057010113006012130F7427&lr=all&mime_type=video_mp4&net=0&pl=0&qs=5&rc=M28zZzM6ZmtnOTMzNzczM0ApZWVpOzk2ODw8NzszOTU2PGcyXmBmcjRvbmZgLS1kMTZzc2BfMjAvYGIyMDM2LjQuNjU6Yw%3D%3D&vl=&vr=
video/mp4, bytesbytes 1024000-3097435/3097436, 1643847067.493094, 1643847067.4949088, 1643847067.5631816, 1643847076.8558972, v39.tiktokcdn-us.com, 69d01a6484397d75e4fa66cf670398fd, /69d01a6484397d75e4fa66cf670398fd/61fb71e2/video/tos/useast2a/tos-useast2a-ve-0068c001/91f88d93b17c4f8a824059678667d4c9/?a=1233&br=890&bt=445&cd=0%7C0%7C0&ch=0&cr=3&cs=2&cv=1&dr=0&ds=6&er=&ft=c~.Zm4L-gXoInz7T&l=20220203000948010113006233012CB7BC&lr=all&mime_type=video_mp4&net=0&pl=0&qs=5&rc=ajhyOWk6ZnhyOTMzNzczM0ApNGc2aTY0OTw1Nzk3Njs7PGdrL2tvcjRnLy9gLS1kMTZzczIyNl42Xi5hYy5gNjItNWI6Yw%3D%3D&vl=&vr=
video/mp4, bytesbytes 0-301887/301888, 1643847075.172369, 1643847075.1737394, 1643847075.2241235, 1643847076.9617617, v19.tiktokcdn-us.com, 1d24f62aa8b086035d4d9fb9a4d1cb32, /1d24f62aa8b086035d4d9fb9a4d1cb32/61fb71f8/video/tos/useast2a/tos-useast2a-pve-0068/6f7f256df4ac448b841cb880cb1c8805/?a=1233&br=638&bt=319&cd=0%7C0%7C0&ch=0&cr=3&cs=2&cv=1&dr=0&ds=6&er=&ft=c~.Zm4L-gXoInz7T&l=20220203001057010113006012130F7427&lr=all&mime_type=video_mp4&net=0&pl=0&qs=5&rc=M3hxczRra3FwNjMzNzczM0ApMzxlODM3OmU6NzU4OmZpaWctaGdqMTVxcTFgLS1kMTZzc2I0MGExMDQxMy9jMjUtNl86Yw%3D%3D&vl=&vr=
video/mp4, bytesbytes 0-371807/371808, 1643847077.1010878, 1643847077.1033275, 1643847077.1167948, 1643847078.3575497, v19.tiktokcdn-us.com, cca5a8fced4bce12950cb45f4e9b30c3, /cca5a8fced4bce12950cb45f4e9b30c3/61fb71ff/video/tos/useast2a/tos-useast2a-pve-0068/283a2665344745c78e825ce01778d92b/?a=1233&br=408&bt=204&cd=0%7C0%7C0&ch=0&cr=3&cs=2&cv=1&dr=0&ds=6&er=&ft=c~.Zm4L-gXoInz7T&l=20220203001057010113006012130F7427&lr=all&mime_type=video_mp4&net=0&pl=0&qs=5&rc=MzRoaGV1czhxMzMzZzczM0ApZWk5ZjU5OTw6NzQ2Njw3N2cvZDQxcDU1ZW5gLS1eMTZzc14tLy1hNDI2YTIxXjRfLTI6Yw%3D%3D&vl=&vr=
video/mp4, bytesbytes 0-1024000/1468106, 1643847078.5635178, 1643847078.5709648, 1643847078.595693, 1643847084.335141, v19.tiktokcdn-us.com, 2da2fcd60f3ae234ecdba9dfa22507c2, /2da2fcd60f3ae234ecdba9dfa22507c2/61fb71ff/video/tos/useast2a/tos-useast2a-ve-0068c001/b21486bb7d81477baabd50d3c947dcf1/?a=1233&br=1530&bt=765&cd=0%7C0%7C0&ch=0&cr=3&cs=2&cv=1&dr=0&ds=6&er=&ft=c~.Zm4L-gXoInz7T&l=20220203001057010113006012130F7427&lr=all&mime_type=video_mp4&net=0&pl=0&qs=5&rc=ajRwZTw7bGR2NjMzNzczM0ApaWhnOWZlO2U7N2ZoZDg5M2dvNmFvMXBvYGRgLS1kMTZzcy8xNmJfXzItNC42Yy5gXzQ6Yw%3D%3D&vl=&vr=
video/mp4, bytesbytes 0-301621/301622, 1643847084.812663, 1643847084.8141427, 1643847084.8275383, 1643847085.6902285, v19.tiktokcdn-us.com, 8540396d9f2cfddf97ac518043688d30, /8540396d9f2cfddf97ac518043688d30/61fb71fc/video/tos/alisg/tos-alisg-pve-0037/e0641ddd5d0b4d068ef37983b471911a/?a=1233&br=396&bt=198&cd=0%7C0%7C0&ch=0&cr=3&cs=2&cv=1&dr=0&ds=6&er=&ft=c~.Zm4L-gXoInz7T&l=20220203001057010113006012130F7427&lr=all&mime_type=video_mp4&net=0&pl=0&qs=5&rc=ankzd2Y6ZjhzOTMzODgzNEApN2dlNTZkOzxoNzg3N2doZ2doMDNhcjRfXzRgLS1kLy1zcy5gYGEyXzQxMC1gNDNjLS86Yw%3D%3D&vl=&vr=
video/mp4, bytesbytes 0-420181/420182, 1643847085.8438787, 1643847085.8448226, 1643847085.8577461, 1643847087.070468, v19.tiktokcdn-us.com, 79bbf208ae53e04019f6a1f3494c5ae9, /79bbf208ae53e04019f6a1f3494c5ae9/61fb71f9/video/tos/useast2a/tos-useast2a-ve-0068c001/62ec3bfdd21c459988676105bea5e81c/?a=1233&br=786&bt=393&cd=0%7C0%7C0&ch=0&cr=3&cs=2&cv=1&dr=0&ds=6&er=&ft=c~.Zm4L-gXoInz7T&l=20220203001057010113006012130F7427&lr=all&mime_type=video_mp4&net=0&pl=0&qs=5&rc=amV2bWRmdTN3NjMzNzczM0ApZWk1ZWczZ2RkN2Q4NTplOWdjL15mcnA0ZjBgLS1kMTZzczIwXi1fNC5gNS5eY2NiL146Yw%3D%3D&vl=&vr=
video/mp4, bytesbytes 0-408241/408242, 1643847087.4513342, 1643847087.4525235, 1643847087.4969873, 1643847088.8095787, v19.tiktokcdn-us.com, fa8bfc8ee53876e5098c61bc31f91895, /fa8bfc8ee53876e5098c61bc31f91895/61fb71f9/video/tos/useast5/tos-useast5-pve-0068-tx/0b30710b143343a995817ff24185eff8/?a=1233&br=736&bt=368&cd=0%7C0%7C0&ch=0&cr=3&cs=2&cv=1&dr=0&ds=6&er=&ft=c~.Zm4L-gXoInz7T&l=20220203001057010113006012130F7427&lr=all&mime_type=video_mp4&net=0&pl=0&qs=5&rc=ajZnbmY6Zmx4OTMzZzczNEApNzxoZTRoZGVpN2Y4Z2RoZ2diLzZlcjRfbi1gLS1kMS9zczE2LTFeMy02M2IyLi8wM146Yw%3D%3D&vl=&vr=
video/mp4, bytesbytes 0-353598/353599, 1643847089.0808642, 1643847089.0830095, 1643847089.0944757, 1643847090.3346372, v19.tiktokcdn-us.com, eb950f09a562fd3a6997232c2f33d608, /eb950f09a562fd3a6997232c2f33d608/61fb71fb/video/tos/useast2a/tos-useast2a-ve-0068c002/9a2f180d93d24fc6bc8d000c36134188/?a=1233&br=516&bt=258&cd=0%7C0%7C0&ch=0&cr=3&cs=2&cv=1&dr=0&ds=6&er=&ft=c~.Zm4L-gXoInz7T&l=20220203001057010113006012130F7427&lr=all&mime_type=video_mp4&net=0&pl=0&qs=5&rc=am53bnBmZ2Z2NDMzNzczM0ApNzo0NjM6N2RlNzxpOTQ5OmduZmtiZy5pNG5gLS1kMTZzczAyLTFjYF8uMy01MWEzMjM6Yw%3D%3D&vl=&vr=
video/mp4, bytesbytes 1024000-1468105/1468106, 1643847097.1939836, 1643847097.195825, 1643847097.2055237, 1643847098.5095136, v19.tiktokcdn-us.com, 2da2fcd60f3ae234ecdba9dfa22507c2, /2da2fcd60f3ae234ecdba9dfa22507c2/61fb71ff/video/tos/useast2a/tos-useast2a-ve-0068c001/b21486bb7d81477baabd50d3c947dcf1/?a=1233&br=1530&bt=765&cd=0%7C0%7C0&ch=0&cr=3&cs=2&cv=1&dr=0&ds=6&er=&ft=c~.Zm4L-gXoInz7T&l=20220203001057010113006012130F7427&lr=all&mime_type=video_mp4&net=0&pl=0&qs=5&rc=ajRwZTw7bGR2NjMzNzczM0ApaWhnOWZlO2U7N2ZoZDg5M2dvNmFvMXBvYGRgLS1kMTZzcy8xNmJfXzItNC42Yy5gXzQ6Yw%3D%3D&vl=&vr=
video/mp4, bytesbytes 0-419767/419768, 1643847098.6731842, 1643847098.6749578, 1643847098.6944423, 1643847100.521587, v19.tiktokcdn-us.com, 440e370b65325f87d7ec4b5da212bf36, /440e370b65325f87d7ec4b5da212bf36/61fb71fa/video/tos/useast2a/tos-useast2a-ve-0068c003/81a4e70d141947cbb2f0d7ac94bd67bb/?a=1233&br=658&bt=329&cd=0%7C0%7C0&ch=0&cr=3&cs=2&cv=1&dr=0&ds=6&er=&ft=c~.Zm4L-gXoInz7T&l=20220203001057010113006012130F7427&lr=all&mime_type=video_mp4&net=0&pl=0&qs=5&rc=MzNyajw6Zmc8ODMzNzczM0ApN2ZmNTVmZTw8N2g2NTs7Z2dkYWpkcjRnMmpgLS1kMTZzczJgNl8vMDMxMmJeMV4vLmM6Yw%3D%3D&vl=&vr=
video/mp4, bytesbytes 0-769252/769253, 1643847100.7690725, 1643847100.7712939, 1643847100.7851639, 1643847103.1644063, v19.tiktokcdn-us.com, 2dcc023da4424cd1b54868741fed77c7, /2dcc023da4424cd1b54868741fed77c7/61fb7200/video/tos/useast2a/tos-useast2a-ve-0068c004/efbfd78c2abf4559a766c6d6de5511bc/?a=1233&br=786&bt=393&cd=0%7C0%7C0&ch=0&cr=3&cs=2&cv=1&dr=0&ds=6&er=&ft=c~.Zm4L-gXoInz7T&l=20220203001057010113006012130F7427&lr=all&mime_type=video_mp4&net=0&pl=0&qs=5&rc=ajZ5OTtzbGo5NDMzNzczM0ApMzc7PDo3OzxpNzQ8ZTc4NmdqXjFga3NvY2tgLS1kMTZzc2MuY180MzUuYjExLzI2LTE6Yw%3D%3D&vl=&vr=
video/mp4, bytesbytes 0-311479/311480, 1643847108.8146572, 1643847108.8156765, 1643847108.8296096, 1643847110.3274415, v19.tiktokcdn-us.com, 3603d31380e411f5d37d654b8c966ea8, /3603d31380e411f5d37d654b8c966ea8/61fb7224/video/tos/useast2a/tos-useast2a-pve-0068/026a27dccc1f41988611c86ae5fcc833/?a=1233&br=642&bt=321&cd=0%7C0%7C0&ch=0&cr=3&cs=2&cv=1&dr=0&ds=6&er=&ft=c~.Zm4L-gXoInz7T&l=202202030011410101131352070129D4B0&lr=all&mime_type=video_mp4&net=0&pl=0&qs=11&rc=anFycjg6ZnlvOTMzNzczM0ApOTk8aDs7NDs4Nzc7NWQ7ZmctMHNfcjQwbWxgLS1kMTZzcy5jYzVgNTE0M2AyMDMtYTE6Yw%3D%3D&vl=&vr=
video/mp4, bytesbytes 0-1024000/1668223, 1643847111.0703053, 1643847111.0718918, 1643847111.085805, 1643847116.3807092, v19.tiktokcdn-us.com, 3e5113573614ac87eef6495d15120021, /3e5113573614ac87eef6495d15120021/61fb7258/video/tos/useast2a/tos-useast2a-pve-0068/2773e01bb71945969c8460a2dca781d3/?a=1233&br=440&bt=220&cd=0%7C0%7C0&ch=0&cr=3&cs=2&cv=1&dr=0&ds=6&er=&ft=c~.Zm4L-gXoInz7T&l=202202030011410101131352070129D4B0&lr=all&mime_type=video_mp4&net=0&pl=0&qs=5&rc=amRveTc6ZnQ4NzMzNzczM0ApNTplODo3Ozs4NzZoO2hnZ2doMXJicjRnYGVgLS1kMTZzczEtMWA0YS0uLzI0Xi1fMDA6Yw%3D%3D&vl=&vr=
video/mp4, bytesbytes 0-422482/422483, 1643847117.3332272, 1643847117.334882, 1643847117.4130878, 1643847120.0387733, v19.tiktokcdn-us.com, b7dfc58b20ef6be0232af64c31bf134a, /b7dfc58b20ef6be0232af64c31bf134a/61fb7226/video/tos/useast2a/tos-useast2a-pve-0068/f934c496844641af9c56c1fbfa01ead1/?a=1233&br=684&bt=342&cd=0%7C0%7C0&ch=0&cr=3&cs=2&cv=1&dr=0&ds=6&er=&ft=c~.Zm4L-gXoInz7T&l=202202030011410101131352070129D4B0&lr=all&mime_type=video_mp4&net=0&pl=0&qs=5&rc=am9neTQ6ZnZqOjMzNzczM0ApN2Y1ZjlpZmQ7NzlkaGQ1NmdqcGtfcjRfZzFgLS1kMTZzczRhLTA1YDIzYy9iY15hXmI6Yw%3D%3D&vl=&vr=
video/mp4, bytesbytes 0-497396/497397, 1643847120.4636874, 1643847120.465808, 1643847120.4796534, 1643847121.8623164, v19.tiktokcdn-us.com, 675bda44c295079a46233064a9c80f2a, /675bda44c295079a46233064a9c80f2a/61fb722e/video/tos/useast2a/tos-useast2a-ve-0068c001/6ba0864ab07446c2b9a5590c292654b3/?a=1233&br=444&bt=222&cd=0%7C0%7C0&ch=0&cr=3&cs=2&cv=1&dr=0&ds=6&er=&ft=c~.Zm4L-gXoInz7T&l=202202030011410101131352070129D4B0&lr=all&mime_type=video_mp4&net=0&pl=0&qs=4&rc=amo3a2g6ZnJoNzMzNzczM0ApOmdkZTw5OWU4N2VmNDUzZGcvb2IzcjRfZzBgLS1kMTZzczBfMC1iMjZiMS0tNDI1MF86Yw%3D%3D&vl=&vr=
video/mp4, bytesbytes 0-482089/482090, 1643847122.076611, 1643847122.0774488, 1643847122.090595, 1643847123.223291, v19.tiktokcdn-us.com, 8d96cb2938cf9d53a440e3d308ec670c, /8d96cb2938cf9d53a440e3d308ec670c/61fb7222/video/tos/alisg/tos-alisg-pve-0037c001/246793a622d2449d85999cbb0536eaef/?a=1233&br=1324&bt=662&cd=0%7C0%7C0&ch=0&cr=3&cs=2&cv=1&dr=0&ds=6&er=&ft=c~.Zm4L-gXoInz7T&l=202202030011410101131352070129D4B0&lr=all&mime_type=video_mp4&net=0&pl=0&qs=5&rc=M3ZsdTw6Zjl2NzMzODczNEApZzQzNWhoO2VnNzw4aWVnZWdwcTNfcjRvaWBgLS1kMS1zczAyYS0yXzIuMC0vXmFhNGA6Yw%3D%3D&vl=&vr=
video/mp4, bytesbytes 0-391557/391558, 1643847123.5378842, 1643847123.53949, 1643847123.552233, 1643847124.4938326, v19.tiktokcdn-us.com, 87552e5b1b32ffe76edafd9d36ca51cb, /87552e5b1b32ffe76edafd9d36ca51cb/61fb7224/video/tos/useast2a/tos-useast2a-ve-0068c004/8499840ab9be493b87c5a99630ef315a/?a=1233&br=842&bt=421&cd=0%7C0%7C0&ch=0&cr=3&cs=2&cv=1&dr=0&ds=6&er=&ft=c~.Zm4L-gXoInz7T&l=202202030011410101131352070129D4B0&lr=all&mime_type=video_mp4&net=0&pl=0&qs=5&rc=am5najo6ZjMzOTMzNzczM0ApZjc4NmZpOmQ6NzlmPGdnPGdeM3NwcjRncWNgLS1kMTZzcy4uXjUxYF5gYC8zYl5fXy86Yw%3D%3D&vl=&vr=
video/mp4, bytesbytes 1024000-1668222/1668223, 1643847125.747786, 1643847125.7488904, 1643847125.7618384, 1643847127.812645, v19.tiktokcdn-us.com, 3e5113573614ac87eef6495d15120021, /3e5113573614ac87eef6495d15120021/61fb7258/video/tos/useast2a/tos-useast2a-pve-0068/2773e01bb71945969c8460a2dca781d3/?a=1233&br=440&bt=220&cd=0%7C0%7C0&ch=0&cr=3&cs=2&cv=1&dr=0&ds=6&er=&ft=c~.Zm4L-gXoInz7T&l=202202030011410101131352070129D4B0&lr=all&mime_type=video_mp4&net=0&pl=0&qs=5&rc=amRveTc6ZnQ4NzMzNzczM0ApNTplODo3Ozs4NzZoO2hnZ2doMXJicjRnYGVgLS1kMTZzczEtMWA0YS0uLzI0Xi1fMDA6Yw%3D%3D&vl=&vr=
video/mp4, bytesbytes 0-909238/909239, 1643847128.2068243, 1643847128.2080762, 1643847128.2229435, 1643847131.566382, v19.tiktokcdn-us.com, 1075d47999ebdaddbcbdc450aa8eef56, /1075d47999ebdaddbcbdc450aa8eef56/61fb7229/video/tos/useast2a/tos-useast2a-ve-0068c002/a16e5396b9e74bb298cab18e28674458/?a=1233&br=1106&bt=553&cd=0%7C0%7C0&ch=0&cr=3&cs=2&cv=1&dr=0&ds=6&er=&ft=c~.Zm4L-gXoInz7T&l=202202030011410101131352070129D4B0&lr=all&mime_type=video_mp4&net=0&pl=0&qs=5&rc=anhlNmQ6ZjVmNzMzNzczM0ApNGdoNzc8PGU2N2U7M2hkOmdtaTVjcjRnbV9gLS1kMTZzc2EzMDE0NTMuNjQuXmExNDU6Yw%3D%3D&vl=&vr=
video/mp4, bytesbytes 0-378397/378398, 1643847143.7698793, 1643847143.7710018, 1643847143.7847104, 1643847147.7826235, v19.tiktokcdn-us.com, 1f64cbabad51d2e6a54422400e3df675, /1f64cbabad51d2e6a54422400e3df675/61fb7226/video/tos/useast2a/tos-useast2a-ve-0068c002/da6204c267744dc49cc565b2ab43563d/?a=1233&br=618&bt=309&cd=0%7C0%7C0&ch=0&cr=3&cs=2&cv=1&dr=0&ds=6&er=&ft=c~.Zm4L-gXoInz7T&l=202202030011410101131352070129D4B0&lr=all&mime_type=video_mp4&net=0&pl=0&qs=5&rc=am52Zzs6ZndrNzMzNzczM0ApOzY0ZTtpNWU0NzdmNWc4ZWdnZGk1cjQwXmxgLS1kMTZzczRjYjI0YDRiLjNhNF8vYzU6Yw%3D%3D&vl=&vr=
video/mp4, bytesbytes 0-426931/426932, 1643847149.3017778, 1643847149.3078709, 1643847149.3243976, 1643847151.9309793, v19.tiktokcdn-us.com, 291d907e49f3bd101daa6c12229b24ce, /291d907e49f3bd101daa6c12229b24ce/61fb7227/video/tos/useast5/tos-useast5-pve-0068-tx/f232b54cafbc4be6879a30d413049fc8/?a=1233&br=642&bt=321&cd=0%7C0%7C0&ch=0&cr=3&cs=2&cv=1&dr=0&ds=6&er=&ft=c~.Zm4L-gXoInz7T&l=202202030011410101131352070129D4B0&lr=all&mime_type=video_mp4&net=0&pl=0&qs=5&rc=M3lzNjQ6ZndkOTMzZzczNEApODk7MzpnM2RkNztoaTNpaGdeazBmcjRvbm1gLS1kMS9zc2NjMS1gNDAzY2NeYzVeYy86Yw%3D%3D&vl=&vr=
video/mp4, bytesbytes 0-578915/578916, 1643847152.1483405, 1643847152.1495984, 1643847152.1620843, 1643847153.6484318, v19.tiktokcdn-us.com, 4a757aa626c43605abc00bf7baa99edb, /4a757aa626c43605abc00bf7baa99edb/61fb722b/video/tos/useast2a/tos-useast2a-ve-0068c004/f2308640e0cf4110a49ce1e198d6a1bc/?a=1233&br=634&bt=317&cd=0%7C0%7C0&ch=0&cr=3&cs=2&cv=1&dr=0&ds=6&er=&ft=c~.Zm4L-gXoInz7T&l=202202030011410101131352070129D4B0&lr=all&mime_type=video_mp4&net=0&pl=0&qs=5&rc=M2RxdDU6Zmw3ODMzNzczM0ApZzk7aWY7ZDxoNzY2N2doOWdiMHNncjQwZWxgLS1kMTZzczIvMDZhY18yYWFeM181XjI6Yw%3D%3D&vl=&vr=
video/mp4, bytes 0-1024000/1525916, 1643847182.3678958, 1643847182.3690698, 1643847182.511123, 1643847184.99506, v25.tiktokcdn-us.com, 26b770a4d48179ef6bd377c054b701a3, /26b770a4d48179ef6bd377c054b701a3/61fb7280/video/tos/useast2a/tos-useast2a-ve-0068c003/d229ee93ce9440b3a64ca0dbadc74d57/?a=1233&br=834&bt=417&cd=0%7C0%7C0&ch=0&cr=3&cs=2&cv=1&dr=0&ds=6&er=&ft=c~.Zm4L-gXoInz7T&l=2022020300125201011313519227EEB642&lr=all&mime_type=video_mp4&net=0&pl=0&qs=5&rc=M25peHJ1NndwNTMzNzczM0ApZDM1Nzs7aWU7NzM1OjQ7ZGdyLmQ0NjYzNnBgLS1kMTZzc19gXmAtXy9gXmBhNDRfYy86Yw%3D%3D&vl=&vr=
video/mp4, bytes 0-425400/425401, 1643847185.4463995, 1643847185.4471989, 1643847185.5029614, 1643847186.3637967, v25.tiktokcdn-us.com, 5d1617f48738fc59c724ad3f6a308e3f, /5d1617f48738fc59c724ad3f6a308e3f/61fb726e/video/tos/useast2a/tos-useast2a-ve-0068c002/c5ad9170dbb141c483b5fbdfd8828886/?a=1233&br=616&bt=308&cd=0%7C0%7C0&ch=0&cr=3&cs=2&cv=1&dr=0&ds=6&er=&ft=c~.Zm4L-gXoInz7T&l=2022020300125201011313519227EEB642&lr=all&mime_type=video_mp4&net=0&pl=0&qs=5&rc=M3Fxczs6Zmc1NzMzNzczM0ApaDtoMzY8Mzw2N2Y7OGY4NWdvNV4vcjRncjFgLS1kMTZzcy4tMS8vLTVhYDFjNjQvNTU6Yw%3D%3D&vl=&vr=
video/mp4, bytes 0-367708/367709, 1643847186.6599972, 1643847186.6610353, 1643847186.724639, 1643847187.4821653, v25.tiktokcdn-us.com, e7faf50360f8c979336dd777e76d7d9e, /e7faf50360f8c979336dd777e76d7d9e/61fb726f/video/tos/useast2a/tos-useast2a-pve-0068/6e9d80fdb16040eabf5e36e142e2bfcb/?a=1233&br=510&bt=255&cd=0%7C0%7C0&ch=0&cr=3&cs=2&cv=1&dr=0&ds=6&er=&ft=c~.Zm4L-gXoInz7T&l=2022020300125201011313519227EEB642&lr=all&mime_type=video_mp4&net=0&pl=0&qs=4&rc=MzR0azQ6Zms1ODMzNzczM0ApaDQ7N2c4NzxkNzQzNTw8NWdyY2txcjRfLjRgLS1kMTZzczNhMi0xNDYtYC1fYDUuNTA6Yw%3D%3D&vl=&vr=
video/mp4, bytes 0-604843/604844, 1643847187.759631, 1643847187.7608266, 1643847187.8418217, 1643847189.432479, v25.tiktokcdn-us.com, b96fe274320107601c018948ce6b0ee8, /b96fe274320107601c018948ce6b0ee8/61fb726b/video/tos/useast2a/tos-useast2a-ve-0068c002/cf1442bcb6344a1b9448a88181fa52ab/?a=1233&br=1308&bt=654&cd=0%7C0%7C0&ch=0&cr=3&cs=2&cv=1&dr=0&ds=6&er=&ft=c~.Zm4L-gXoInz7T&l=2022020300125201011313519227EEB642&lr=all&mime_type=video_mp4&net=0&pl=0&qs=5&rc=anJrcDg6Zm06OTMzNzczM0ApZzM1NDk4NGVnNzZkaTM2aGdeM3EtcjRvbi9gLS1kMTZzc14zYF8wMDRgY2NiLzVjXmE6Yw%3D%3D&vl=&vr=
video/mp4, bytes 1024000-1525915/1525916, 1643847191.4749672, 1643847191.4759464, 1643847191.5407057, 1643847192.7416081, v25.tiktokcdn-us.com, 26b770a4d48179ef6bd377c054b701a3, /26b770a4d48179ef6bd377c054b701a3/61fb7280/video/tos/useast2a/tos-useast2a-ve-0068c003/d229ee93ce9440b3a64ca0dbadc74d57/?a=1233&br=834&bt=417&cd=0%7C0%7C0&ch=0&cr=3&cs=2&cv=1&dr=0&ds=6&er=&ft=c~.Zm4L-gXoInz7T&l=2022020300125201011313519227EEB642&lr=all&mime_type=video_mp4&net=0&pl=0&qs=5&rc=M25peHJ1NndwNTMzNzczM0ApZDM1Nzs7aWU7NzM1OjQ7ZGdyLmQ0NjYzNnBgLS1kMTZzc19gXmAtXy9gXmBhNDRfYy86Yw%3D%3D&vl=&vr=
video/mp4, bytes 0-845759/845760, 1643847193.0528293, 1643847193.0544093, 1643847193.119853, 1643847195.0304809, v25.tiktokcdn-us.com, 5a19d9e145df36ca0690d91a846dfb58, /5a19d9e145df36ca0690d91a846dfb58/61fb7275/video/tos/useast2a/tos-useast2a-pve-0068/3b35c6c3f4584fb0a99b99db287dcd7d/?a=1233&br=736&bt=368&cd=0%7C0%7C0&ch=0&cr=3&cs=2&cv=1&dr=0&ds=6&er=&ft=c~.Zm4L-gXoInz7T&l=2022020300125201011313519227EEB642&lr=all&mime_type=video_mp4&net=0&pl=0&qs=5&rc=amZvPGc6Zm9rOTMzNzczM0ApNGU5Z2g6aTtnNztnNjVmZWdyLm5ucjRfZGJgLS1kMTZzczIwMjBjMWNgLmBeLWIxYjU6Yw%3D%3D&vl=&vr=
video/mp4, bytes 0-385647/385648, 1643847195.3836367, 1643847195.3859491, 1643847195.4543083, 1643847196.310735, v25.tiktokcdn-us.com, b9cc7facf0c77b09f347352db578eecf, /b9cc7facf0c77b09f347352db578eecf/61fb726e/video/tos/useast2a/tos-useast2a-pve-0068/8c5328a9e17f4e74a0e5715d50cefe3e/?a=1233&br=572&bt=286&cd=0%7C0%7C0&ch=0&cr=3&cs=2&cv=1&dr=0&ds=6&er=&ft=c~.Zm4L-gXoInz7T&l=2022020300125201011313519227EEB642&lr=all&mime_type=video_mp4&net=0&pl=0&qs=5&rc=M2V5NGg6ZjVoODMzNzczM0ApaDQ7M2c3OWU6N2hoaTM0NWc2ZDZtcjRfcGJgLS1kMTZzc18yMTM0MTI0Xy5gMl82Li06Yw%3D%3D&vl=&vr=
video/mp4, bytes 0-453598/453599, 1643847202.5910966, 1643847202.5928104, 1643847202.6759205, 1643847203.9484885, v25.tiktokcdn-us.com, 09fe0ed3bf109295fca0d67e3b17f9fe, /09fe0ed3bf109295fca0d67e3b17f9fe/61fb726a/video/tos/useast2a/tos-useast2a-ve-0068c004/652ba998be6f47e49442fc05816a7a71/?a=1233&br=1094&bt=547&cd=0%7C0%7C0&ch=0&cr=3&cs=2&cv=1&dr=0&ds=6&er=&ft=c~.Zm4L-gXoInz7T&l=2022020300125201011313519227EEB642&lr=all&mime_type=video_mp4&net=0&pl=0&qs=4&rc=M3gzaTVkZTp5dTMzPDczM0ApN2Q2OTloOmU3NzY6NWg3M2c0XmI1bWZkMWJfLS0uMTZzc2IxNTAvNV40M18zXy0yNjA6Yw%3D%3D&vl=&vr=
video/mp4, bytes 0-624131/624132, 1643847213.6298985, 1643847213.6329272, 1643847213.720717, 1643847215.2309606, v25.tiktokcdn-us.com, 94632520a6fd3e5d912a0d66c8bd415d, /94632520a6fd3e5d912a0d66c8bd415d/61fb7271/video/tos/useast2a/tos-useast2a-ve-0068c002/fcc5598be79b49479544b2301f557308/?a=1233&br=728&bt=364&cd=0%7C0%7C0&ch=0&cr=3&cs=2&cv=1&dr=0&ds=6&er=&ft=c~.Zm4L-gXoInz7T&l=2022020300125201011313519227EEB642&lr=all&mime_type=video_mp4&net=0&pl=0&qs=5&rc=ajVmbzg6ZmhlODMzNzczM0ApOTk4OjU1NmVlN2loO2hoOGc0NWUwcjQwMS9gLS1kMTZzcy8yNl9jYV5fYl9jXy1eX146Yw%3D%3D&vl=&vr=
video/mp4, bytes 0-1024000/2492421, 1643847225.183271, 1643847225.1911414, 1643847225.3240285, 1643847227.4761953, v25.tiktokcdn-us.com, d5a0aadc7b5aa9f96062c7840ef030a1, /d5a0aadc7b5aa9f96062c7840ef030a1/61fb728b/video/tos/useast2a/tos-useast2a-pve-0068/85f26dad7c324228908ebbb101ade411/?a=1233&br=978&bt=489&cd=0%7C0%7C0&ch=0&cr=3&cs=2&cv=1&dr=0&ds=6&er=&ft=c~.Zm4L-gXoInz7T&l=2022020300125201011313519227EEB642&lr=all&mime_type=video_mp4&net=0&pl=0&qs=5&rc=am5zdDw6ZmhqNjMzNzczM0ApOWRnZ2k2NmU0NzRoaGg5O2dtNGtncjRnb2hgLS1kMTZzczQxYF81MjRgM18wNjAxYV86Yw%3D%3D&vl=&vr=
video/mp4, bytes 0-798486/798487, 1643847232.6585095, 1643847232.65957, 1643847232.7637777, 1643847234.8552349, v25.tiktokcdn-us.com, 05f64c535a473cf7555ed0087891a77c, /05f64c535a473cf7555ed0087891a77c/61fb7277/video/tos/useast2a/tos-useast2a-ve-0068c001/93def875131f4cfdac3da9c8d5663b46/?a=1233&br=638&bt=319&cd=0%7C0%7C0&ch=0&cr=3&cs=2&cv=1&dr=0&ds=6&er=&ft=c~.Zm4L-gXoInz7T&l=2022020300125201011313519227EEB642&lr=all&mime_type=video_mp4&net=0&pl=0&qs=5&rc=anU4aW94PDRpeDMzZzczM0ApaTY8O2hlODwzNzU7PDo5ZWcyZmYtY2Znc2VfLS1jMTZzczQ0MWM1Mi8zMDEuXmItMGA6Yw%3D%3D&vl=&vr=
video/mp4, bytes 1024000-2492420/2492421, 1643847254.1613052, 1643847254.1650996, 1643847254.2877176, 1643847258.2851717, v25.tiktokcdn-us.com, d5a0aadc7b5aa9f96062c7840ef030a1, /d5a0aadc7b5aa9f96062c7840ef030a1/61fb728b/video/tos/useast2a/tos-useast2a-pve-0068/85f26dad7c324228908ebbb101ade411/?a=1233&br=978&bt=489&cd=0%7C0%7C0&ch=0&cr=3&cs=2&cv=1&dr=0&ds=6&er=&ft=c~.Zm4L-gXoInz7T&l=2022020300125201011313519227EEB642&lr=all&mime_type=video_mp4&net=0&pl=0&qs=5&rc=am5zdDw6ZmhqNjMzNzczM0ApOWRnZ2k2NmU0NzRoaGg5O2dtNGtncjRnb2hgLS1kMTZzczQxYF81MjRgM18wNjAxYV86Yw%3D%3D&vl=&vr=
video/mp4, bytes 0-974691/974692, 1643847258.9730945, 1643847258.9747243, 1643847259.0682447, 1643847261.517925, v25.tiktokcdn-us.com, 6bff0c2fcdec09ca28204f95a6db6b6a, /6bff0c2fcdec09ca28204f95a6db6b6a/61fb72c5/video/tos/useast2a/tos-useast2a-ve-0068c001/2cf34e8d4bf24beabfc9468cdf8024b3/?a=1233&br=834&bt=417&cd=0%7C0%7C0&ch=0&cr=3&cs=2&cv=1&dr=0&ds=6&er=&ft=c~.Zm4L-gXoInz7T&l=202202030014110101130061551B209767&lr=all&mime_type=video_mp4&net=0&pl=0&qs=5&rc=M3JsODc6ZjV2ODMzNzczM0ApNGg6aWVnZztkN2gzNTk3aWdqLmwxcjRfa2BgLS1kMTZzcy1hYGJeXl8tXy0xMzAwLjY6Yw%3D%3D&vl=&vr=
video/mp4, bytes 0-951005/951006, 1643847261.9977963, 1643847261.9995239, 1643847262.1686475, 1643847264.3517845, v25.tiktokcdn-us.com, bee6354edd59eae1669734478eb0f1a7, /bee6354edd59eae1669734478eb0f1a7/61fb72be/video/tos/useast2a/tos-useast2a-ve-0068c001/5f3422e45d71461f903cd1d7b939af71/?a=1233&br=1316&bt=658&cd=0%7C0%7C0&ch=0&cr=3&cs=2&cv=1&dr=0&ds=6&er=&ft=c~.Zm4L-gXoInz7T&l=202202030014110101130061551B209767&lr=all&mime_type=video_mp4&net=0&pl=0&qs=5&rc=M3dyOjM6ZmtqNzMzNzczM0ApODszNGY3PDw4N2Y0O2g4ZGcyaGAycjRvY2xgLS1kMTZzc2JjXy8wX14xYWEyYjAxXy86Yw%3D%3D&vl=&vr=
video/mp4, bytes 0-975902/975903, 1643847264.800406, 1643847264.80407, 1643847264.8574283, 1643847267.3000958, v25.tiktokcdn-us.com, e367958df126c2476d5a35bdf0a8dc1e, /e367958df126c2476d5a35bdf0a8dc1e/61fb72c8/video/tos/useast5/tos-useast5-ve-0068c004-tx/61dfa9112d8147d2b41522442ccd57e8/?a=1233&br=702&bt=351&cd=0%7C0%7C0&ch=0&cr=3&cs=2&cv=1&dr=0&ds=6&er=&ft=c~.Zm4L-gXoInz7T&l=202202030014110101130061551B209767&lr=all&mime_type=video_mp4&net=0&pl=0&qs=5&rc=M3BvO2Y6ZnE3OjMzZzczNEApaGZoPDplNzs2N2c8aWc2aGcxc15lcjQwcG5gLS1kMS9zczY0YmFfNDU1MzRgXjMwY2I6Yw%3D%3D&vl=&vr=
video/mp4, bytes 0-1024000/1394645, 1643847267.7798135, 1643847267.7808757, 1643847267.86696, 1643847270.1225345, v25.tiktokcdn-us.com, 13578f5825fbbbd5c515932a73ca4c09, /13578f5825fbbbd5c515932a73ca4c09/61fb72d1/video/tos/useast2a/tos-useast2a-ve-0068c001/0e3434c0fb6d4556b931a844eff67974/?a=1233&br=702&bt=351&cd=0%7C0%7C0&ch=0&cr=3&cs=2&cv=1&dr=0&ds=6&er=&ft=c~.Zm4L-gXoInz7T&l=202202030014110101130061551B209767&lr=all&mime_type=video_mp4&net=0&pl=0&qs=4&rc=ajx4OTw6ZjdzODMzNzczM0ApNDpnNjRoaTs8N2ZnaDs1M2diNTUvcjRfaXNgLS1kMTZzc2IvNGMzMDEyLjVgNi9eXi46Yw%3D%3D&vl=&vr=
video/mp4, bytes 0-957741/957742, 1643847270.747892, 1643847270.749053, 1643847270.8455684, 1643847273.0327356, v25.tiktokcdn-us.com, b23ed6fb84ca266436a413bad33ad25d, /b23ed6fb84ca266436a413bad33ad25d/61fb72ca/video/tos/useast2a/tos-useast2a-ve-0068c002/274eb6a976034854a598f0f30214db97/?a=1233&br=630&bt=315&cd=0%7C0%7C0&ch=0&cr=3&cs=2&cv=1&dr=0&ds=6&er=&ft=c~.Zm4L-gXoInz7T&l=202202030014110101130061551B209767&lr=all&mime_type=video_mp4&net=0&pl=0&qs=5&rc=amQ1NTN2aDpmNjMzNzczM0ApNWQ4Z2g2ZWVkNzozOjtoNGc0LmVxZWpmNjBgLS1kMTZzc140Yl9fNC9eLjA0NTUzYi06Yw%3D%3D&vl=&vr=
video/mp4, bytes 0-645328/645329, 1643847288.2461314, 1643847288.2469816, 1643847288.911025, 1643847290.6839004, v25.tiktokcdn-us.com, 55a2864b38f3f2a687e189e2eb4f0ac3, /55a2864b38f3f2a687e189e2eb4f0ac3/61fb72c8/video/tos/alisg/tos-alisg-pve-0037c001/640f396e1829491fb34ddbe31ed71990/?a=1233&br=476&bt=238&cd=0%7C0%7C0&ch=0&cr=3&cs=2&cv=1&dr=0&ds=6&er=&ft=c~.Zm4L-gXoInz7T&l=202202030014110101130061551B209767&lr=all&mime_type=video_mp4&net=0&pl=0&qs=4&rc=ajc5bGRzaXM6eDMzNjczM0ApNjM6NTQ7aTxpN2Q7ZTw4aWczaWpwaGthamBfLS0zMTRzczZfMDRfYy0wYjNiLTIvMi86Yw%3D%3D&vl=&vr=
video/mp4, bytes 0-678101/678102, 1643847300.4080577, 1643847300.410327, 1643847300.5146847, 1643847303.2700307, v25.tiktokcdn-us.com, 561890dc71bd34fd7a48bdce3a26db50, /561890dc71bd34fd7a48bdce3a26db50/61fb72bb/video/tos/useast2a/tos-useast2a-ve-0068c003/895f53d932f6406caf372f868206d5fe/?a=1233&br=1158&bt=579&cd=0%7C0%7C0&ch=0&cr=3&cs=2&cv=1&dr=0&ds=6&er=&ft=c~.Zm4L-gXoInz7T&l=202202030014110101130061551B209767&lr=all&mime_type=video_mp4&net=0&pl=0&qs=5&rc=M3F3aWQ6ZnUzOjMzNzczM0ApNDc6MzU8Njw1NzplaGlmO2dmZ2hkcjRnYC5gLS1kMTZzczVgYDYtNTFgNS4wNF8wNl46Yw%3D%3D&vl=&vr=
video/mp4, bytes 0-1024000/1714832, 1643847307.3038871, 1643847307.31372, 1643847307.45148, 1643847310.1995227, v25.tiktokcdn-us.com, 6b9b6c71d3a847bf3e916dcf3cc34664, /6b9b6c71d3a847bf3e916dcf3cc34664/61fb72d5/video/tos/useast5/tos-useast5-ve-0068c003-tx/70fcf13127584bf98278d3f29ae1a0aa/?a=1233&br=772&bt=386&cd=0%7C0%7C0&ch=0&cr=3&cs=2&cv=1&dr=0&ds=6&er=&ft=c~.Zm4L-gXoInz7T&l=202202030014110101130061551B209767&lr=all&mime_type=video_mp4&net=0&pl=0&qs=5&rc=ajZ5aWg6Zm82OjMzZzczNEApNzVkaTtoaGQ6Nzc6ZjgzPGdiYmJocjRvYGlgLS1kMS9zcy4yMzNiYmBfMjBjLmEwYTQ6Yw%3D%3D&vl=&vr=
video/mp4, bytes 1024000-1394644/1394645, 1643847316.32414, 1643847316.3250005, 1643847316.387978, 1643847317.2841346, v25.tiktokcdn-us.com, 13578f5825fbbbd5c515932a73ca4c09, /13578f5825fbbbd5c515932a73ca4c09/61fb72d1/video/tos/useast2a/tos-useast2a-ve-0068c001/0e3434c0fb6d4556b931a844eff67974/?a=1233&br=702&bt=351&cd=0%7C0%7C0&ch=0&cr=3&cs=2&cv=1&dr=0&ds=6&er=&ft=c~.Zm4L-gXoInz7T&l=202202030014110101130061551B209767&lr=all&mime_type=video_mp4&net=0&pl=0&qs=4&rc=ajx4OTw6ZjdzODMzNzczM0ApNDpnNjRoaTs8N2ZnaDs1M2diNTUvcjRfaXNgLS1kMTZzc2IvNGMzMDEyLjVgNi9eXi46Yw%3D%3D&vl=&vr=
video/mp4, bytes 0-753029/753030, 1643847317.4610047, 1643847317.4619455, 1643847317.557518, 1643847319.3345559, v25.tiktokcdn-us.com, d95fd17dd1c45948d633a35759c637f1, /d95fd17dd1c45948d633a35759c637f1/61fb72bb/video/tos/useast2a/tos-useast2a-pve-0068/631008cbb021410e9a05d0ff85d95e96/?a=1233&br=1362&bt=681&cd=0%7C0%7C0&ch=0&cr=3&cs=2&cv=1&dr=0&ds=6&er=&ft=c~.Zm4L-gXoInz7T&l=202202030014110101130061551B209767&lr=all&mime_type=video_mp4&net=0&pl=0&qs=5&rc=M2lneWk6ZjozNzMzNzczM0ApZmlkPGQ4aDw8NzQ2ZzY7aWdgcmUucjQwZC5gLS1kMTZzczQvMmAzY14wYTU2MTI0YDM6Yw%3D%3D&vl=&vr=
video/mp4, bytes 0-1024000/2034508, 1643847323.6895945, 1643847323.6977913, 1643847323.8499525, 1643847326.3092923, v25.tiktokcdn-us.com, 3677177ebb1b26a3db2a7729862c6806, /3677177ebb1b26a3db2a7729862c6806/61fb72c2/video/tos/useast2a/tos-useast2a-pve-0068/531832dd65a74842a4f2028b48c6c83f/?a=1233&br=2086&bt=1043&cd=0%7C0%7C0&ch=0&cr=3&cs=2&cv=1&dr=0&ds=6&er=&ft=c~.Zm4L-gXoInz7T&l=202202030014110101130061551B209767&lr=all&mime_type=video_mp4&net=0&pl=0&qs=5&rc=anI4bDdmdWhlNjMzNzczM0ApMztoO2ZkNzw4NzQ8ZzplZWdpMTVmcnBjcDJgLS1kMTZzcy1gY2EwYzAyNjExMS5fNGA6Yw%3D%3D&vl=&vr=
video/mp4, bytes 1024000-1714831/1714832, 1643847367.276974, 1643847367.2785726, 1643847367.329555, 1643847368.0239909, v25.tiktokcdn-us.com, 6b9b6c71d3a847bf3e916dcf3cc34664, /6b9b6c71d3a847bf3e916dcf3cc34664/61fb72d5/video/tos/useast5/tos-useast5-ve-0068c003-tx/70fcf13127584bf98278d3f29ae1a0aa/?a=1233&br=772&bt=386&cd=0%7C0%7C0&ch=0&cr=3&cs=2&cv=1&dr=0&ds=6&er=&ft=c~.Zm4L-gXoInz7T&l=202202030014110101130061551B209767&lr=all&mime_type=video_mp4&net=0&pl=0&qs=5&rc=ajZ5aWg6Zm82OjMzZzczNEApNzVkaTtoaGQ6Nzc6ZjgzPGdiYmJocjRvYGlgLS1kMS9zcy4yMzNiYmBfMjBjLmEwYTQ6Yw%3D%3D&vl=&vr=
video/mp4, bytesbytes 0-1024000/1417688, 1643847368.3411965, 1643847368.3427112, 1643847368.3539207, 1643847369.3959055, v19.tiktokcdn-us.com, 487570579a8f3d0123f6cb104ffba6c9, /487570579a8f3d0123f6cb104ffba6c9/61fb733b/video/tos/useast2a/tos-useast2a-ve-0068c003/ea7de911776840ddb16332a908d46e62/?a=1233&br=1060&bt=530&cd=0%7C0%7C0&ch=0&cr=3&cs=2&cv=1&dr=0&ds=6&er=&ft=c~.Zm4L-gXoInz7T&l=202202030016070101130060721F26BE39&lr=all&mime_type=video_mp4&net=0&pl=0&qs=5&rc=anZ0aGhoNG0zNTMzNzczM0ApNDRoOmc0ZGVpNzdnM2QzOWcvbGZhM3BoLm5gLS1kMTZzcy1fYDBeNS00NF8yYjZgYWE6Yw%3D%3D&vl=&vr=
video/mp4, bytesbytes 0-863794/863795, 1643847369.8707604, 1643847369.871849, 1643847369.8827922, 1643847370.5444684, v19.tiktokcdn-us.com, ecd1c349a638fadc6196a934d04e3fa0, /ecd1c349a638fadc6196a934d04e3fa0/61fb7337/video/tos/useast5/tos-useast5-pve-0068-tx/7f4207280470420b9ee63e8c260264c7/?a=1233&br=804&bt=402&cd=0%7C0%7C0&ch=0&cr=3&cs=2&cv=1&dr=0&ds=6&er=&ft=c~.Zm4L-gXoInz7T&l=202202030016070101130060721F26BE39&lr=all&mime_type=video_mp4&net=0&pl=0&qs=5&rc=MzlnNzk6Zms2OjMzZzczNEApNTQ0Z2Y4OWU0N2k3PDM0Z2cyLmsvcjQwa19gLS1kMS9zczBhLTBgM18tYTY1L2IzMjA6Yw%3D%3D&vl=&vr=
video/mp4, bytesbytes 0-834359/834360, 1643847370.8966124, 1643847370.899391, 1643847371.0040312, 1643847371.7348342, v19.tiktokcdn-us.com, 46488d94f36e2b13084adc3f77fba9f6, /46488d94f36e2b13084adc3f77fba9f6/61fb7334/video/tos/useast2a/tos-useast2a-pve-0068/e346a1fd67c54bfaac12a5d941f55f96/?a=1233&br=946&bt=473&cd=0%7C0%7C0&ch=0&cr=3&cs=2&cv=1&dr=0&ds=6&er=&ft=c~.Zm4L-gXoInz7T&l=202202030016070101130060721F26BE39&lr=all&mime_type=video_mp4&net=0&pl=0&qs=5&rc=M200bzw6ZmY6NzMzNzczM0ApOzU4NTQ1aTw5N2dmZDNnaGc0bHJpcjRnamJgLS1kMTZzc19iLy1fX2FhLTUuNV81Xl46Yw%3D%3D&vl=&vr=
video/mp4, bytesbytes 0-555602/555603, 1643847372.1323352, 1643847372.1351247, 1643847372.148544, 1643847373.5901775, v19.tiktokcdn-us.com, dc6f3fc212e9d77735cfb83cf92bc139, /dc6f3fc212e9d77735cfb83cf92bc139/61fb7335/video/tos/useast2a/tos-useast2a-pve-0068/f9899a38159041ffa2289f993a534441/?a=1233&br=594&bt=297&cd=0%7C0%7C0&ch=0&cr=3&cs=2&cv=1&dr=0&ds=6&er=&ft=c~.Zm4L-gXoInz7T&l=202202030016070101130060721F26BE39&lr=all&mime_type=video_mp4&net=0&pl=0&qs=5&rc=MzVtOmg6Zjd0NzMzNzczM0ApZGRlOGQ0ZmVnN2Y1ZzhkNGczay1ocjRfcV5gLS1kMTZzc15jYy9gMGMyM2IxMzJjNmM6Yw%3D%3D&vl=&vr=
video/mp4, bytes 1024000-2034507/2034508, 1643847375.5219834, 1643847375.5234802, 1643847375.6646943, 1643847380.4498432, v25.tiktokcdn-us.com, 3677177ebb1b26a3db2a7729862c6806, /3677177ebb1b26a3db2a7729862c6806/61fb72c2/video/tos/useast2a/tos-useast2a-pve-0068/531832dd65a74842a4f2028b48c6c83f/?a=1233&br=2086&bt=1043&cd=0%7C0%7C0&ch=0&cr=3&cs=2&cv=1&dr=0&ds=6&er=&ft=c~.Zm4L-gXoInz7T&l=202202030014110101130061551B209767&lr=all&mime_type=video_mp4&net=0&pl=0&qs=5&rc=anI4bDdmdWhlNjMzNzczM0ApMztoO2ZkNzw4NzQ8ZzplZWdpMTVmcnBjcDJgLS1kMTZzcy1gY2EwYzAyNjExMS5fNGA6Yw%3D%3D&vl=&vr=
video/mp4, bytesbytes 1024000-1417687/1417688, 1643847384.2644515, 1643847384.2651727, 1643847384.4344642, 1643847386.4065459, v19.tiktokcdn-us.com, 487570579a8f3d0123f6cb104ffba6c9, /487570579a8f3d0123f6cb104ffba6c9/61fb733b/video/tos/useast2a/tos-useast2a-ve-0068c003/ea7de911776840ddb16332a908d46e62/?a=1233&br=1060&bt=530&cd=0%7C0%7C0&ch=0&cr=3&cs=2&cv=1&dr=0&ds=6&er=&ft=c~.Zm4L-gXoInz7T&l=202202030016070101130060721F26BE39&lr=all&mime_type=video_mp4&net=0&pl=0&qs=5&rc=anZ0aGhoNG0zNTMzNzczM0ApNDRoOmc0ZGVpNzdnM2QzOWcvbGZhM3BoLm5gLS1kMTZzcy1fYDBeNS00NF8yYjZgYWE6Yw%3D%3D&vl=&vr=
