0,v09044e50000btueapv15l8sl3ukeqpg,8077,1038069&571816&372444,ae78d81cb67a1c12302598ef0aedf16b&6825cc92938bec7915b071d04c3e2422&a9e50c9d09a0d92f844e5be9ee201aa2&3f5f9fff32bd6f26e41f41533c3723e7&4f53c9c786b1c924f930d0f5280e3eda&704cedc35d1d8b683fcaf84300bd4368,https://v19.tiktokcdn-us.com/ae78d81cb67a1c12302598ef0aedf16b/61e4f16f/video/tos/useast2a/tos-useast2a-ve-0068c004/13370ab11f50451d9ac6b44b0fed7e9d/?a=1233&br=2026&bt=1013&cd=0%7C0%7C0&ch=0&cr=3&cs=2&cv=1&dr=0&ds=6&er=&ft=c~.Zm4L-gXoInz7T&l=202201162232400101130060120410A7E9&lr=all&mime_type=video_mp4&net=0&pl=0&qs=11&rc=anRuNnZvNHNodzMzODczM0ApOGQ1aDlnM2U6N2k4ZjRmZ2dtYnJpNTJzXnJfLS1iMTZzcy0zMzQvYy81MmM1LS8uYzQ6Yw%3D%3D&vl=&vr=
1,v12044gd0000c7bpv0jc77uakaoc0an0,12560,640394&488219&247339&213602,d51fc5f2c7ff831d5b8fd74d6f65f50f&1c000f05b4073036d50645aba8cb4e24&d546df6cd446d1a0863553f3bd8ec3f3&f64613354c0f3bc0d836c3e6e6eb415d&116e2667c37336290769ab00f27534b2&361e936ce67bc7a374aac22467996f59&85de4aa66dc4d63326979aef7d0674b6&21b3761cde9f3d94e0a11172a339a06f,https://v19.tiktokcdn-us.com/d51fc5f2c7ff831d5b8fd74d6f65f50f/61e4f174/video/tos/useast5/tos-useast5-ve-0068c004-tx/7fb7755292e94b97ae2acf9bbfa03fe3/?a=1233&br=1250&bt=625&cd=0%7C0%7C0&ch=0&cr=3&cs=2&cv=1&dr=0&ds=6&er=&ft=c~.Zm4L-gXoInz7T&l=202201162232400101130060120410A7E9&lr=all&mime_type=video_mp4&net=0&pl=0&qs=11&rc=M2RmZGQ6ZjNzOjMzZzczNEApMzY7PDVoNWVlNzQ5aTppN2drLWxocjRnc19gLS1kMS9zcy4vYF5hMDA0NjI2MzNhYC86Yw%3D%3D&vl=&vr=
2,v09044g40000c6ugqd3c77u2124rt93g,20176,2319302&1902672&1030452&876028,a26c721c05fb8bc77fbce06ac9a07568&5841262edbb9ae5cde3da1a16809e073&30a1d710efd920c0668f616f285dbfe6&8645c82bcc45a31f26679f2994f6b792&21c5b8b50ab9752d8b329d237ccadc81&2574970d113cde71bdf0f61c3bde7389&e5ce46a57b82221332886a2a33961946&af97ab1d895d46582018867b39018e88,https://v19.tiktokcdn-us.com/a26c721c05fb8bc77fbce06ac9a07568/61e4f17c/video/tos/useast2a/tos-useast2a-pve-0068/9cf3926d23504f68ba3b97edcdc97826/?a=1233&br=4528&bt=2264&cd=0%7C0%7C0&ch=0&cr=3&cs=2&cv=1&dr=0&ds=3&er=&ft=c~.Zm4L-gXoInz7T&l=202201162232400101130060120410A7E9&lr=all&mime_type=video_mp4&net=0&pl=0&qs=14&rc=ajx1NTU6ZmdqOTMzNzczM0ApNGkzaWQ1Nzs2NzU3NTQ6OmcwcTEucjQwbnJgLS1kMTZzczM2YjVgLy01YC0tXl40LWM6Yw%3D%3D&vl=&vr=
3,v09044g40000c1kjcjkfbh5e73ktqsqg,17807,788255&644665&394736&273289,80f92c86d81996a5d153c0cc5ad23591&ad5858926467961a6c5ffed2c0dafd73&c030329164c845b0c5fefc197445b3cf&54bc4e577ee9ba54ec2bd0a75de1081a&bdbab92bdddc344724c4cee8fbd4b38d&0f0af9ec60f8cb02bd5922fa549d1bb7&f5ec3d2e62aa82c690d9a22099b116ec&6fd96654ee1b5b04dbeb69d3402436ce,https://v19.tiktokcdn-us.com/80f92c86d81996a5d153c0cc5ad23591/61e4f179/video/tos/useast2a/tos-useast2a-pve-0068/28e9383b8a8843d19cdf71afb36ba310/?a=1233&br=1538&bt=769&cd=0%7C0%7C0&ch=0&cr=3&cs=2&cv=1&dr=0&ds=3&er=&ft=c~.Zm4L-gXoInz7T&l=202201162232400101130060120410A7E9&lr=all&mime_type=video_mp4&net=0&pl=0&qs=14&rc=anZ3NmhraW1tNDMzNzczM0ApZGQ8ZzZkNDxkN2QzNzg7ZWdubmg0Ml9oYGhgLS1kMTZzczYyYV8zNS0vMC9hX2M1Y2E6Yw%3D%3D&vl=&vr=
4,v09044g40000c3lg95bc77u9h05eekn0,46089,555273&414793&370651&261713,6c51d624423f3840b61e1c25400fb68e&8b340917ce9d8094847997079af888c6&6b2da0dca9171d92f302c15954be3bfb&5b2220b52cfedca3a334f418c4d1bae4&a260b3c1e025e5f38381f1bb77d10432&d7958919da7b3920670bcd79ba80ade7&c633394f27cbcfe7ec1fd499b5bc2061&03b1d5951c6b6dfd68d567020b3125a9,https://v19.tiktokcdn-us.com/6c51d624423f3840b61e1c25400fb68e/61e4f195/video/tos/useast2a/tos-useast2a-pve-0068/d71c0e8d4bdd441cb28765ca3433472b/?a=1233&br=1084&bt=542&cd=0%7C0%7C0&ch=0&cr=3&cs=2&cv=1&dr=0&ds=3&er=&ft=c~.Zm4L-gXoInz7T&l=202201162232400101130060120410A7E9&lr=all&mime_type=video_mp4&net=0&pl=0&qs=14&rc=M25oMzw6ZjhqNjMzNzczM0ApN2kzaWQ4NDtmN2c6ZTg8aWdrYjJlcjRfNmlgLS1kMTZzczA0YmNjY2AtYDI2MDBfNjY6Yw%3D%3D&vl=&vr=
5,v09044g40000c42euh3c77u1fkgu3370,16646,567887&444282&223592&160019,6e3a1b6a91f9d364dd44cdb53e466c7e&96ef2e4ceefd6f48438b791aaf78e4b4&51863c4983c56be1d3018d7460249b7f&262d50e733292e006fc6f2cb7912a7d8&1bf35d8c2ba2120241cc8bb603e54a13&d5c16f49ecd26e84325001f8fd344388&084a16aa165c116d95ea46cbdf5e2dd9&fe2efcded2127059e661b59c3321294b,https://v19.tiktokcdn-us.com/6e3a1b6a91f9d364dd44cdb53e466c7e/61e4f178/video/tos/useast2a/tos-useast2a-pve-0068/353eea5c512a4e96bf4aed8f1a7c9fe9/?a=1233&br=1108&bt=554&cd=0%7C0%7C0&ch=0&cr=3&cs=2&cv=1&dr=0&ds=3&er=&ft=c~.Zm4L-gXoInz7T&l=202201162232400101130060120410A7E9&lr=all&mime_type=video_mp4&net=0&pl=0&qs=14&rc=MzZ4bjQ6ZmtoNzMzNzczM0ApODc0NGk0NmVlN2Q7OjczM2c0MGRjcjQwci9gLS1kMTZzcy8tMWFiYS5fMzIyNTUxXy06Yw%3D%3D&vl=&vr=
6,v09044g40000c33c97iemsh0t2h21a7g,23752,1481860&967805&502757&322580&298757,b7fe1fac4e3ae2641a93c194fcb27f9a&92b88bdd155f26238ecb428099f5b756&5860bbad2341a6d75ee5196ab3999c0b&e82cb68ac7fc7e041f4df25d052dc3e4&da5ba0addaf40a94e80245883800243a&3d46155c2c2afa13812714394e5ec3d5&bffeda5457a4829b8dda8f9c471c8c0a&2d2215383f3de40158dd196fb02c2130&1232965987d4abd5c0612b681b88261b&32bd77ad5771b1fdf9e460259a54c2a0,https://v19.tiktokcdn-us.com/b7fe1fac4e3ae2641a93c194fcb27f9a/61e4f17f/video/tos/useast2a/tos-useast2a-pve-0068/6db60453f1e54ed6a6763c05f1e88f44/?a=1233&br=2894&bt=1447&cd=0%7C0%7C0&ch=0&cr=3&cs=2&cv=1&dr=0&ds=3&er=&ft=c~.Zm4L-gXoInz7T&l=202201162232400101130060120410A7E9&lr=all&mime_type=video_mp4&net=0&pl=0&qs=14&rc=amQ1NTN2aDpmNjMzNzczM0ApZjRkZzc6NzxkN2U4Ozg4O2c0LmVxZWpmNjBgLS1kMTZzczEvYWE1NDVhMjUvMTMyMzY6Yw%3D%3D&vl=&vr=
7,v09044g40000c3sb163c77u1q5eb1gn0,50199,2384648&1679789&1035368&582274,6ed80894f996b6354444db4409f4f0c7&511d710755968b59bd3331855cb78744&e66c6dcba4c891cf6f1b7e0a62203d64&d72c4f420047be21739dad18f115dcb5&6d914b50e75b937d3b601a2ce6fc5b8e&4033518f9c75873e8a3637d0d3b05280&b9d8f0588945f40f9d64b695502b6af2&2834207e42046617578f14905930e8a5,https://v19.tiktokcdn-us.com/6ed80894f996b6354444db4409f4f0c7/61e4f19a/video/tos/useast2a/tos-useast2a-pve-0068/f8286e158fda4ed7bdaec686e27037e0/?a=1233&br=4656&bt=2328&cd=0%7C0%7C0&ch=0&cr=3&cs=2&cv=1&dr=0&ds=3&er=&ft=c~.Zm4L-gXoInz7T&l=202201162232400101130060120410A7E9&lr=all&mime_type=video_mp4&net=0&pl=0&qs=14&rc=M2plODQ6ZjllNjMzNzczM0ApZTtmM2Y4ZmU4Nzg0ZTxlOGdrLmJucjQwLnBgLS1kMTZzc2AwYWAzNjBfNDEzXy8uLjU6Yw%3D%3D&vl=&vr=
8,v090445c0000brsj2d7kvluo3u9i7rsg,6639,1025429&793373&341692&224755,c8e2804c777fb117878ea6b5caac8aad&d7c327655305092c5bbf3c6620c0ffde&8448c793e967f426e76077d43b8dd49a&229ead93c277472aff2971ed788e5211&b2bc7cf5471dda1d2028752675e6bd8d&a5f371ed77ace5d55d27d7b2617e45c4&ede28e319a50e84d7b4c64ae5573281a&cf754cbbe89057336a34d219a62394ee,https://v19.tiktokcdn-us.com/c8e2804c777fb117878ea6b5caac8aad/61e4f16e/video/tos/useast2a/tos-useast2a-ve-0068c003/a61a2fdecc7f4812a7e9dcb661f65801/?a=1233&br=2002&bt=1001&cd=0%7C0%7C0&ch=0&cr=3&cs=2&cv=1&dr=0&ds=3&er=&ft=c~.Zm4L-gXoInz7T&l=202201162232400101130060120410A7E9&lr=all&mime_type=video_mp4&net=0&pl=0&qs=14&rc=anVseHJvbmdtdTMzZjczM0ApaDZpNzQ0ZTw1N2YzOGk7OmdwNDYwcnM0L3BfLS0yMTZzc2IvYzAvMC8yNDJgNWBhYF86Yw%3D%3D&vl=&vr=
9,v09044g40000c1qs7cld1cjmekntikqg,10679,864376&417645&264892,15acc2a3ac7ddc44cb0bba8b49db1d57&d149f3d2bb97bfefdc71099f725ec94a&d516f31aa52ad6e0339a700251f5a1a0&597d9b25d80b58cfc21015e62d8a07e9&c50fc206e865c9e561c455cb9821500b&276661889b4397bea406ae790cbe9bb6,https://v19.tiktokcdn-us.com/15acc2a3ac7ddc44cb0bba8b49db1d57/61e4f172/video/tos/useast2a/tos-useast2a-pve-0068/250df16a02a94b9187bfb0c9e76bfd7c/?a=1233&br=1688&bt=844&cd=0%7C0%7C0&ch=0&cr=3&cs=2&cv=1&dr=0&ds=6&er=&ft=c~.Zm4L-gXoInz7T&l=202201162232400101130060120410A7E9&lr=all&mime_type=video_mp4&net=0&pl=0&qs=11&rc=am53bnBmZ2Z2NDMzNzczM0ApNTY0Z2ZoNWVoN2U8NWhoNGduZmtiZy5pNG5gLS1kMTZzczUzMF5jNTYxNl8tLTIuNl86Yw%3D%3D&vl=&vr=
10,v09044g40000c23krfe7g8j7827nf5m0,20176,1391827&955897&832763&560077,d560dca31a5abf369a51cd51ab1b07d1&27ac88611f7aed9afdc3f955ecba32e3&714936396c9100b227ba1fd52376b47b&4aa88060c8e82bec38de71f4c569f062&d328bc36f56333d650500028e92daf68&4066b2d7cf7d560a315de049f8b70e83&15a6f4c365bfac1036b0f294dfd547ac&ad5bf49264633189d35120e1eb3dce94,https://v39.tiktokcdn-us.com/d560dca31a5abf369a51cd51ab1b07d1/61e4f1c6/video/tos/useast2a/tos-useast2a-ve-0068c003/0ed2412d233a49eba49e4af52e6d8eb1/?a=1233&br=2718&bt=1359&cd=0%7C0%7C0&ch=0&cr=3&cs=2&cv=1&dr=0&ds=3&er=&ft=c~.Zm4L-gXoInz7T&l=20220116223354010113006241260F1977&lr=all&mime_type=video_mp4&net=0&pl=0&qs=14&rc=MzhxNTo7OmluNTMzNzczM0ApZGY3OjgzaTw0NzU7Z2k7OWdqYzQ1Z2RibzBgLS1kMTZzczNjYl4xXmNiXmEvMl9hMWE6Yw%3D%3D&vl=&vr=
11,v09044g40000c43ejobc77ue6he4rg2g,17482,500223&416016&227615&166397,ffe7958ea41424806b64a584857f96b4&23edac1f7b6ade358a15645d94e66e08&3b609e0d2a0b63fa21aba38a623064f4&126aa886b2964219eee3aa2d263e21b8&bb51469ff618424a80027b1c6ddb3d66&3c5b544154314bd0ee6b644a694391a9&4be97457bdb1fa00e60a929815822d98&da41155c6da3ee6a23c6f8b90f9f3533,https://v39.tiktokcdn-us.com/ffe7958ea41424806b64a584857f96b4/61e4f1c3/video/tos/useast2a/tos-useast2a-ve-0068c004/ebeda0edfad943b88c11b94bd99d0786/?a=1233&br=976&bt=488&cd=0%7C0%7C0&ch=0&cr=3&cs=2&cv=1&dr=0&ds=3&er=&ft=c~.Zm4L-gXoInz7T&l=20220116223354010113006241260F1977&lr=all&mime_type=video_mp4&net=0&pl=0&qs=14&rc=amo3a2g6ZnJoNzMzNzczM0ApNGhpNzppNmQ2NzRoNGk0OWcvb2IzcjRfZzBgLS1kMTZzczM1YzIvYWIzYC5iM2AvYDE6Yw%3D%3D&vl=&vr=
12,v09044g40000c2qmm5u2iutjg46gq610,15230,1793520&1235045&889186&593926,980d914fcaee4075b7bec09ba9d3a9f8&69cbb3453a3c32ebc9b5c352124381de&cf73348e706c270af0c1ae192abf62b4&b70a76feb7cc17bc66278bf46736e427&86c01e364b001eb5f2f3faf633ed2907&bbb1311507782364525d4758a6549284&7df677deb67d4e0a7630f549a5b9a524&1e5290c3aa8da907cf5011bc9a63f3ac,https://v39.tiktokcdn-us.com/980d914fcaee4075b7bec09ba9d3a9f8/61e4f1c1/video/tos/useast2a/tos-useast2a-ve-0068c004/8c2392560472467faadd751cb7757143/?a=1233&br=3502&bt=1751&cd=0%7C0%7C0&ch=0&cr=3&cs=2&cv=1&dr=0&ds=3&er=&ft=c~.Zm4L-gXoInz7T&l=20220116223354010113006241260F1977&lr=all&mime_type=video_mp4&net=0&pl=0&qs=14&rc=MzlqN214NThwNTMzNzczM0ApZGdlO2c7O2VpNzRnZWYzNGcubjNkcWZyam5gLS1kMTZzc14yXzNgLS1gYzI2NjY2YzY6Yw%3D%3D&vl=&vr=
13,v12044gd0000c7878sjc77u7psv0afkg,15067,661557&552707&464615&385418,ec6de1b3e00634fe835409d20ce11359&087491b9b6aabe9fd00b80bebc134105&6ed471548b49d2ec9b8ad83e59a90b24&6f834850e130fc2b4f17aa8c89fdc794&cfcfb505e75d17241a9599acb5612317&4abd3b529673ab89c085d0ce174d5f1e&09e399a6f1d452219c3da6b7e18422d2&6ffa114c3d7879389c12df323ffd4f40,https://v39.tiktokcdn-us.com/ec6de1b3e00634fe835409d20ce11359/61e4f1c0/video/tos/useast5/tos-useast5-ve-0068c004-tx/288c2e7eff49415ba3911a0c11c53285/?a=1233&br=1292&bt=646&cd=0%7C0%7C0&ch=0&cr=3&cs=2&cv=1&dr=0&ds=3&er=&ft=c~.Zm4L-gXoInz7T&l=20220116223354010113006241260F1977&lr=all&mime_type=video_mp4&net=0&pl=0&qs=14&rc=amkzdjo6ZnY6OjMzZzczNEApODloODVnOmU6N2k8NzQ6OGdoXnNtcjRnNTVgLS1kMS9zc2NeMzYvYl8tXy4tM19gXjY6Yw%3D%3D&vl=&vr=
14,v09044g40000c3kgrejc77u9jqnp7kpg,39820,1450795&1047947&813997&500737,7afe1bf821ba28a4c6b7b9a17622a285&ce64a48a0d1ae98429ec82de80518916&656b2cbde331d27f8beca0f4c16da5eb&bc2a798980ac3e0b4d5f4e60e87912fa&2e8636607534db82ea400b2774a8d639&a6b7ce5a3f15ebb9765d4b6b6343b700&1e0dadd4f6b6d19f12a9cfd442c539f6&6871a6b5f0e6ffd1bf9ecdf151bbd226,https://v39.tiktokcdn-us.com/7afe1bf821ba28a4c6b7b9a17622a285/61e4f1d9/video/tos/useast2a/tos-useast2a-ve-0068c001/99d27d54a7b143af86fa5f55f0b033eb/?a=1233&br=2832&bt=1416&cd=0%7C0%7C0&ch=0&cr=3&cs=2&cv=1&dr=0&ds=3&er=&ft=c~.Zm4L-gXoInz7T&l=20220116223354010113006241260F1977&lr=all&mime_type=video_mp4&net=0&pl=0&qs=14&rc=am5zdDw6ZmhqNjMzNzczM0ApNGk2aTVmZWU7N2U7Zzk7O2dtNGtncjRnb2hgLS1kMTZzc2I2LS8vNDUwX2A0My8xLjU6Yw%3D%3D&vl=&vr=
15,v09044g40000c2jv6hga6lvlhf9ml8fg,21221,1844886&1518566&799751,d3824b74aae9e20b1ddca7b26e113a26&e89c2a57c3fc04b0553c2ffb5f40ca60&55e2670566824dc1636ca8188b870576&7e963ebc44f1cd28d9cb149465c332a6&8ff2b2cb4dd60c626f628e44a1551242&70875825b058059820c26da24f6434e2,https://v39.tiktokcdn-us.com/d3824b74aae9e20b1ddca7b26e113a26/61e4f1c7/video/tos/useast2a/tos-useast2a-ve-0068c001/5b760373d72949838db6ae7478a36a43/?a=1233&br=3602&bt=1801&cd=0%7C0%7C0&ch=0&cr=3&cs=2&cv=1&dr=0&ds=6&er=&ft=c~.Zm4L-gXoInz7T&l=20220116223354010113006241260F1977&lr=all&mime_type=video_mp4&net=0&pl=0&qs=11&rc=ajtwaW9vZGt5NTMzNzczM0ApNGZmZmg1aGU3Nzk2PDo8ZWdjaTZlczNkM2dgLS1kMTZzczY2YGAyMzAwMjIzMWBjYDY6Yw%3D%3D&vl=&vr=
16,v09044g40000c2a8isdj4q5u8o8d96ag,8264,540308&478499&311419&223721,a41d440d4376b5ba42296599d64a8cf5&af549e50dbf15df294bcce665084a121&c8e13323cf4253d92f4003d4c6574713&ef0c6627c0c8ad3fce028ed52c54d56a&290308dd77128784854c5c5cc9513568&e5647ea5cb9396f0187fbf8e4d2f7c4e&53289afc606e5d1e32d1c484e2375ebc&b840eac052ad598cf2088f7811a47f97,https://v39.tiktokcdn-us.com/a41d440d4376b5ba42296599d64a8cf5/61e4f1ba/video/tos/useast2a/tos-useast2a-pve-0068/060bd750fbeb462c8e674263b1a14cc8/?a=1233&br=1054&bt=527&cd=0%7C0%7C0&ch=0&cr=3&cs=2&cv=1&dr=0&ds=3&er=&ft=c~.Zm4L-gXoInz7T&l=20220116223354010113006241260F1977&lr=all&mime_type=video_mp4&net=0&pl=0&qs=14&rc=ajlncnh0bXY7NTMzNzczM0ApPDs8Nzk0ZmVmN2c3M2lkO2deNjU1MjFhZl5gLS1kMTZzcy8uXjMtYTJiX2BjMjIuNjQ6Yw%3D%3D&vl=&vr=
17,v12044gd0000c7d0b4bc77uekfci7l50,11770,680590&563748&390091&298756,d59b2813cb02ee0fe076cd70f02e1a3c&258bd29638f5df723ad0635fc39c517b&e457ca9b121c27689a976fc5bea3d2b9&c2ddc205dd763b7a1ef6121527471b53&577d5579d0e6dce146bde138765c6dc8&98af34938811c4b3cda78ccb360cff5a&40c9c08d3bd460c560baf2912a0bb206&1fc07308b932185e57daf02e75303121,https://v39.tiktokcdn-us.com/d59b2813cb02ee0fe076cd70f02e1a3c/61e4f1bd/video/tos/useast5/tos-useast5-ve-0068c003-tx/724514e92b8043a6947f02201f7c50ab/?a=1233&br=1328&bt=664&cd=0%7C0%7C0&ch=0&cr=3&cs=2&cv=1&dr=0&ds=3&er=&ft=c~.Zm4L-gXoInz7T&l=20220116223354010113006241260F1977&lr=all&mime_type=video_mp4&net=0&pl=0&qs=14&rc=M29saWg6ZjczOjMzZzczNEApZ2hkaDY8NmQ7N2hnNjplaGcyNGBocjRfX2FgLS1kMS9zc2I2YzFeNTYyMTAyL2ItMmA6Yw%3D%3D&vl=&vr=
18,v10044g50000c6c36brc77u6q3q4r3og,25354,583702&337395&211799,014ca2c3e72d6ca2cf82e2315aafc839&8cdd33c3b1e9b9fd6259d2c60040b772&887dc6748b8a59060f3b2808303307c7&534a222955ac972b20729fda7fbab572&7b100c5c3d28ab7ca3871599b6e3aa28&1d85490111cb834e4f8f9687e2253d35,https://v39.tiktokcdn-us.com/014ca2c3e72d6ca2cf82e2315aafc839/61e4f1cb/video/tos/alisg/tos-alisg-pve-0037c001/0fcd2e46f8c24166a41b1a8f9f5a534e/?a=1233&br=1140&bt=570&cd=0%7C0%7C0&ch=0&cr=3&cs=2&cv=1&dr=0&ds=6&er=&ft=c~.Zm4L-gXoInz7T&l=20220116223354010113006241260F1977&lr=all&mime_type=video_mp4&net=0&pl=0&qs=11&rc=ajY3Njk6ZmU2OTMzODczNEApaDU1ODpnZzxmNzNmZGg4M2dsb25ucjRvM2BgLS1kMS1zczEuMDQxM2M0NS9jMWA0My46Yw%3D%3D&vl=&vr=
19,v09044970000c15qot31m2ohdov0nv80,7637,599575&441121&262117&179080,6c66cf771d65f2315de5ad452a0a5222&bb676fcf7012f77213a5ab02c22d1eae&c109d3f29cc9d5bcde1b4d5dbb39f5ea&bfcb89dfed23d96cf79fb42f06d6eeb7&9c5b2de120bcff9397135b9baca8cbbd&41d8e975638dcf9d2c6fb54da492400d&5e348a175627e78ac209d179706ff5ea&adb755f2343ff3277fdd9ff3218e999e,https://v39.tiktokcdn-us.com/6c66cf771d65f2315de5ad452a0a5222/61e4f1b9/video/tos/useast2a/tos-useast2a-ve-0068c002/9a2794aa230541308cc5eca4e5bafa23/?a=1233&br=1170&bt=585&cd=0%7C0%7C0&ch=0&cr=3&cs=2&cv=1&dr=0&ds=3&er=&ft=c~.Zm4L-gXoInz7T&l=20220116223354010113006241260F1977&lr=all&mime_type=video_mp4&net=0&pl=0&qs=14&rc=M3kzcms1NHd0NDMzOjczM0ApZGc7OjU6PGQ3Nzg4aTozZGc1a3NhbGowbDJgLS02MTZzcy82YjItMV9iLV8vYjEwNF86Yw%3D%3D&vl=&vr=
20,v09044f40000bq3sfh273oo36di7q7bg,15416,735858&566761&327403,ce3520251e520b9fb3b62b9b81d78573&9a6136175f0b5d15789fcbb37c4d5848&cbd1eb66797a37a1e7dbdb68b8a8003e&3b1c0b0d73a73080e4fa2315455c9962&d5c4ac6417b20b87d133746af66e4fb3&de865e2c50934f549afccdfcc3f1289a,https://v19.tiktokcdn-us.com/ce3520251e520b9fb3b62b9b81d78573/61e4f240/video/tos/useast2a/tos-useast2a-pve-0068/1a4eb2b04b464350bb484bfe194ad9cb/?a=1233&br=1436&bt=718&cd=0%7C0%7C0&ch=0&cr=3&cs=2&cv=1&dr=0&ds=3&er=&ft=c~.Zm4L-gXoInz7T&l=202201162236010101130060211F12735F&lr=all&mime_type=video_mp4&net=0&pl=0&qs=14&rc=ajo6ZzZyOmt2dDMzNzczM0ApZGkzNmk6MzszNzs8NGRlOGdfbmYzbDAvYzBfLS1jMTZzczEyLy9fMDFjMWBiXmFjM2A6Yw%3D%3D&vl=&vr=
21,v07044420000c199u5s35dppe9q0d1j0,8032,700067&442899&309569,e1650a768e9d57436249a29b1f8c72fc&14732eae9effdaed13f4d8f948980ac8&6bd1adeecc31ef67cc67578664ca3473&8f096d1bff9d80be3d60ec5d232437b1&8ca7f9a30db8b51e86919af8b9cb3dfb&a5653db3142ad4dd7369903575be0bda,https://v19.tiktokcdn-us.com/e1650a768e9d57436249a29b1f8c72fc/61e4f238/video/tos/alisg/tos-alisg-pve-0037c001/202e295a089748c1b884ab25998a2b3a/?a=1233&br=1366&bt=683&cd=0%7C0%7C0&ch=0&cr=3&cs=2&cv=1&dr=0&ds=6&er=&ft=c~.Zm4L-gXoInz7T&l=202201162236010101130060211F12735F&lr=all&mime_type=video_mp4&net=0&pl=0&qs=11&rc=MzQzPHNnNjg8NDMzNTczM0ApOTk5aGRlOjw6Nzg7NTxnZmdnYW5ibTJwcjZgLS0xMTRzczZfMTZjMGEyYDA0LmJfMWM6Yw%3D%3D&vl=&vr=
22,v09044g40000c1n21093do78fvgam52g,14928,1985159&1630658&653285&420754,30dc7abf7b5a72a58bbe0348f5e80294&72f4800fe8f87895afc69244897834b2&873eccc4ef47327e891df4f4102e1f07&a972439c0f17b239de1bfc238d1a123f&2931d3d81f9167858f798dd4adec1ba0&8ba664295317cf15803a5b6d15c8330d&d6b7d8139851d057a75587c21be82141&9d77730b99e23d645213f9965697a9a1,https://v19.tiktokcdn-us.com/30dc7abf7b5a72a58bbe0348f5e80294/61e4f23f/video/tos/useast2a/tos-useast2a-pve-0068/21c531d693a240fbb4c2d8a41a8caa19/?a=1233&br=3876&bt=1938&cd=0%7C0%7C0&ch=0&cr=3&cs=2&cv=1&dr=0&ds=3&er=&ft=c~.Zm4L-gXoInz7T&l=202201162236010101130060211F12735F&lr=all&mime_type=video_mp4&net=0&pl=0&qs=14&rc=ajhkeTtyNjM1NDMzNzczM0ApZjY7NmdpO2U3N2c0ZWlnZWcvamRjNGE2LmtgLS1kMTZzc18xMmMuLzMuLy4xMGMwYWI6Yw%3D%3D&vl=&vr=
23,v09044ad0000c0qnh58p8rsb4e7eg120,14208,881638&644122&349950&209351,578beea41c213b5705c7abf265a19835&b23783c12693bd3fb45eaacb19bf12de&9b8ec5a4055f387e3fa10168d51b2f0c&7544e949af76fcdc93a1339d575ea962&cc538de8837365734a3e1858b4256566&9d4d19ed3224755d66cdc83633286766&2d2ceceb50f935429c69d2a0055a8e12&7c8a228651c5e4fdbe868cb0c97ba35a,https://v19.tiktokcdn-us.com/578beea41c213b5705c7abf265a19835/61e4f23f/video/tos/useast2a/tos-useast2a-ve-0068c002/78aa8b14fb054a35b79487b137b29b3c/?a=1233&br=1720&bt=860&cd=0%7C0%7C0&ch=0&cr=3&cs=2&cv=1&dr=0&ds=3&er=&ft=c~.Zm4L-gXoInz7T&l=202201162236010101130060211F12735F&lr=all&mime_type=video_mp4&net=0&pl=0&qs=14&rc=MzRoaGV1czhxMzMzZzczM0ApO2Y3aDtkPDxpNzQ5ZmQ3OGcvZDQxcDU1ZW5gLS1eMTZzcy5gMS4wXzJiLWM0MDAvMTI6Yw%3D%3D&vl=&vr=
24,v09044g40000c6bjhcrc77ue1odlkdo0,7940,604161&439135&296553&183383,f4988ed0e73d55fd4c18d82b91073550&4bfcc0f3876bc7c036720f430a6a96ea&071d70ee2081e9674f8314e9aa0a2502&84263356d27ee9fac7b0e0099e9d2ca5&5ea5cf96bfd7e6afc0a7e9f5b04fd07b&ebd9cf0f462caa65cb7df6ee8680d2ae&20e51a363ac8a555f7c41cf42645d611&ded7955373549e3cac90d38d72028ca4,https://v19.tiktokcdn-us.com/f4988ed0e73d55fd4c18d82b91073550/61e4f238/video/tos/useast2a/tos-useast2a-ve-0068c004/53037072e7ea46719f71503983e53896/?a=1233&br=1180&bt=590&cd=0%7C0%7C0&ch=0&cr=3&cs=2&cv=1&dr=0&ds=3&er=&ft=c~.Zm4L-gXoInz7T&l=202201162236010101130060211F12735F&lr=all&mime_type=video_mp4&net=0&pl=0&qs=14&rc=M2dvcmg6ZmZtOTMzNzczM0ApNWg6aWY2aGU8NzdpOWc7OWdsaGEucjRvZV9gLS1kMTZzc15hLjIzXmIxNWNeYjUwYGA6Yw%3D%3D&vl=&vr=
25,v09044g40000c2t3lrho1amdn3nre0s0,5013,756227,773479df91b410e15011897be8d41f4e&60e51dcd183da068adace69a81aa6e9f,https://v19.tiktokcdn-us.com/773479df91b410e15011897be8d41f4e/61e4f235/video/tos/useast2a/tos-useast2a-ve-0068c004/e99cb9d5a11d4ac7a496622b02f8a9ad/?a=1233&br=1476&bt=738&cd=0%7C0%7C0&ch=0&cr=3&cs=0&dr=0&ds=2&er=&ft=c~.Zm4L-gXoInz7T&l=202201162236010101130060211F12735F&lr=all&mime_type=video_mp4&net=0&pl=0&qs=0&rc=MzN1NmdkcnU2NTMzNzczM0ApNjk0Z2c7Zzs4NzRmMzYzM2dwYmtrai5laXFgLS1kMTZzc2BiNV4zNTEyNjQ0XmEzMS86Yw%3D%3D&vl=&vr=
26,v09044g40000c4mg0q3c77u950nmju0g,19177,3191109&1932525&1342438&707823,f5d80ee9a4a10a3f33694c00732de69a&fae98fb60f2cce48b484e33ca586b8ee&ea8c7d8ef61d047a67197d3c901c3326&6a55c0022a551041d59949dd82308baf&d2f2da04dd6ffc197c991e3c84a63968&0564a9a490548342ccacce2c9237b1b7&8266871b3117c8f4e1b341d87b64e6d1&0e141c0e81631cdcf188255b304fbfa4,https://v19.tiktokcdn-us.com/f5d80ee9a4a10a3f33694c00732de69a/61e4f244/video/tos/useast2a/tos-useast2a-ve-0068c003/1578429937b3407ab574c8a84355dafb/?a=1233&br=6232&bt=3116&cd=0%7C0%7C0&ch=0&cr=3&cs=2&cv=1&dr=0&ds=3&er=&ft=c~.Zm4L-gXoInz7T&l=202201162236010101130060211F12735F&lr=all&mime_type=video_mp4&net=0&pl=0&qs=14&rc=anhwMzw6ZnRqNzMzNzczM0ApOTxoaWhlOjs6NzM3OzQzO2ctZ2sycjQwLWpgLS1kMTZzcy1hXy9jXmIyMjFjXzIyMS06Yw%3D%3D&vl=&vr=
27,v09044g40000c2q01jk1se6edeiqos2g,20896,1262211&1035288&794761&542759,ca5b19b81173ca5550efe43c50ccbfc3&cb4b33b8f9854e10377f736f4ab63e50&7d96f8e4fa694597b2458c04402b0234&db29a8f0a76ad7ca6bf69a361fc559df&cfc850a7084ac7fc0a4717006c64189d&2e3faed7a56cea8fb3a0a86aad9e57e2&176fc45208ff68ca15e8b2c30ec2ff7b&af88967084bedd52a01927ec20187bfa,https://v19.tiktokcdn-us.com/ca5b19b81173ca5550efe43c50ccbfc3/61e4f245/video/tos/useast2a/tos-useast2a-ve-0068c001/032f2f8815304c9394dd37c63db334a2/?a=1233&br=2464&bt=1232&cd=0%7C0%7C0&ch=0&cr=3&cs=2&cv=1&dr=0&ds=3&er=&ft=c~.Zm4L-gXoInz7T&l=202201162236010101130060211F12735F&lr=all&mime_type=video_mp4&net=0&pl=0&qs=14&rc=anZ0aGhoNG0zNTMzNzczM0ApOWRpPDxnOGVoN2Y3OTVmO2cvbGZhM3BoLm5gLS1kMTZzczFhYjU2NWAzXjAuLS8uLi46Yw%3D%3D&vl=&vr=
28,v09044g40000c4ohat3c77u88dlsgkjg,9542,942322&447409&317248,4bb2fe51cbea87bff136deb0f7425fe8&99d7830fddfd9be260626c0003946af9&30c04685179338a5f032d13dce6e9755&3d4f3ef1e206362f566e7d28e0f6d603&38e85fbd1896b226d98a3c39c28e2a3f&9219924250df809e2d2dcd57b744c6cc,https://v19.tiktokcdn-us.com/4bb2fe51cbea87bff136deb0f7425fe8/61e4f23a/video/tos/useast2a/tos-useast2a-ve-0068c004/c54e4db20e74481fa121eb15af5f85e5/?a=1233&br=1840&bt=920&cd=0%7C0%7C0&ch=0&cr=3&cs=2&cv=1&dr=0&ds=6&er=&ft=c~.Zm4L-gXoInz7T&l=202201162236010101130060211F12735F&lr=all&mime_type=video_mp4&net=0&pl=0&qs=11&rc=am52Zzs6ZndrNzMzNzczM0ApaTU3PGc5N2U1NzM1Nzk1OmdnZGk1cjQwXmxgLS1kMTZzc2AtXjAxXy8yMGIwNS5jXzA6Yw%3D%3D&vl=&vr=
29,v09044g40000c39ork8o4qnr8507sfp0,17019,2400024&1680624&812197&524204,4bec90a946c98cbaedc394ddb503dca6&2e689376ff2f6d99205a9dba4c943515&c4bcf9962fd5c0ad9a6d199ed51b9a2c&0b830cdecac5f97026489d25d961e09d&81a08b27c5c6f88d965a930a762f572d&9b16be039e3cd4acd184db06647a8d0a&d7df77e4da18b0568dcbb5d93d972d98&f3b1e0f37b93bff92a0811b906fd4cc0,https://v19.tiktokcdn-us.com/4bec90a946c98cbaedc394ddb503dca6/61e4f241/video/tos/useast2a/tos-useast2a-ve-0068c003/b2f1a5a1d3f0448f9fb4b5a037c92027/?a=1233&br=4686&bt=2343&cd=0%7C0%7C0&ch=0&cr=3&cs=2&cv=1&dr=0&ds=3&er=&ft=c~.Zm4L-gXoInz7T&l=202201162236010101130060211F12735F&lr=all&mime_type=video_mp4&net=0&pl=0&qs=14&rc=M2k6OHV0cm5yNjMzNzczM0ApZWg8aDs6N2Q1NzYzOzk5NmdtcC01azE1bzZgLS1kMTZzcy82LzUtNjIxLWJiY141Ly46Yw%3D%3D&vl=&vr=
30,v090443b0000bu7hkfqqsv284dioh21g,15555,689791&625195&437373,66ca9c4c9f9289dfc5ac314e1c7de8dd&38ddb4b59e92293e494c82be948abb50&ce7e7e1ed37b3a60065d7b3fcffbea78&aea09fdaf2f17bb8174e74db80faf565&041b9992dd06376fa327fac11fa7b032&45b6bdc98ac5f08f77e19bf9fd4baeed,https://v19.tiktokcdn-us.com/66ca9c4c9f9289dfc5ac314e1c7de8dd/61e4f277/video/tos/useast2a/tos-useast2a-ve-0068c002/9e8ed43555484c4b83d5257edb9435d0/?a=1233&br=1346&bt=673&cd=0%7C0%7C0&ch=0&cr=3&cs=2&cv=1&dr=0&ds=6&er=&ft=c~.Zm4L-gXoInz7T&l=202201162236560101130062441512249A&lr=all&mime_type=video_mp4&net=0&pl=0&qs=11&rc=ajVyZzt5dGlreDMzZTczM0ApZzw0Ozk2OmQ0NzVoOWRnZmcuZWYxL3BuaDRfLS0wMTZzc2IyMC1jNF40XjY2LTAwLzQ6Yw%3D%3D&vl=&vr=
31,v09044g40000c2ft710bf79t3vkd0gvg,19293,1718431&1264133&618854&381743,6b4985ab9856f65dd5d5919b7b6548cc&78a6c2710f2cc254cca950308664a682&00cea454ae23b03251a3236efe9ad9fa&d718d3d429e7b2e9d2545a93ea15e013&dc9ebd7493c28da87d617b5ba36fcc1b&3d5032790ae70a35026d4312b10287a9&0d8aa52db09ff724bf8896182fa0f7f5&a4ff2680784452a1c526a88724ce9807,https://v19.tiktokcdn-us.com/6b4985ab9856f65dd5d5919b7b6548cc/61e4f27b/video/tos/useast2a/tos-useast2a-pve-0068/4b429b6507504a9cba99f12e0d4afe8a/?a=1233&br=3356&bt=1678&cd=0%7C0%7C0&ch=0&cr=3&cs=2&cv=1&dr=0&ds=3&er=&ft=c~.Zm4L-gXoInz7T&l=202201162236560101130062441512249A&lr=all&mime_type=video_mp4&net=0&pl=0&qs=14&rc=ampneXc6ZTR3NTMzNzczM0ApN2ZlPDdlaGUzNzM2OmU6PGdzLWgwNmMtNGNgLS1kMTZzcy8uMDEtLTJiMWAyM181LTU6Yw%3D%3D&vl=&vr=
32,v09044g40000c42sjhbc77u591u34mdg,16600,1143137&860555&523772&365504,e3f59fcd73df90af306b7c5d0721be12&3224d561435de80d60df1b825b82ecee&4b6c0856103a61bf1821f9f4f170da29&354c405efdbaa3fb604fc6b017ad88c4&6c5718b796a41a4ad9de9a118da25b3a&bcd611ff2001bd8ee1dcb84e8bdca088&d346b7ab9d62eab3a906a65344ac17b0&b86a31f31838858a60dc426594abf49f,https://v19.tiktokcdn-us.com/e3f59fcd73df90af306b7c5d0721be12/61e4f278/video/tos/useast2a/tos-useast2a-ve-0068c002/7da2afaad80f404fb164f84d77c8ba4d/?a=1233&br=2232&bt=1116&cd=0%7C0%7C0&ch=0&cr=3&cs=2&cv=1&dr=0&ds=3&er=&ft=c~.Zm4L-gXoInz7T&l=202201162236560101130062441512249A&lr=all&mime_type=video_mp4&net=0&pl=0&qs=14&rc=anA2NDg6Zmt2NzMzNzczM0ApOzs7ZGQ5ZzxkNztlNTlnaGdhMXI2cjRfZy9gLS1kMTZzczUuLjJjMTFeNTIyMC0vYy46Yw%3D%3D&vl=&vr=
33,v09044g40000c1n6fgrivpn8c64va3mg,15276,1055778&904129&638191&402855,6897c1bc1388cf3d32afcbcc1cba6270&dd5cc5a634fdccdef87d9a648e2476e7&b17d3578686e489f5317e6796a6ef563&112104b1e2658db4424b4d31ada70b8e&7dec565b0d10c35ee4f93801e611d597&de7cf0ffdf22c470a418f24ca89de8a3&a255f494538ce5e9aa18f77c8c92c6e9&d4218fb5738221aec1de5650c9ccddcc,https://v19.tiktokcdn-us.com/6897c1bc1388cf3d32afcbcc1cba6270/61e4f277/video/tos/useast2a/tos-useast2a-pve-0068/0d6b12d875944f93abce543a86449ffc/?a=1233&br=2062&bt=1031&cd=0%7C0%7C0&ch=0&cr=3&cs=2&cv=1&dr=0&ds=3&er=&ft=c~.Zm4L-gXoInz7T&l=202201162236560101130062441512249A&lr=all&mime_type=video_mp4&net=0&pl=0&qs=14&rc=ajZ5OTtzbGo5NDMzNzczM0ApPDc3ZTw6OzszN2UzO2Q1ZWdqXjFga3NvY2tgLS1kMTZzcy8wNTQwLy41L2BiYjEzMzI6Yw%3D%3D&vl=&vr=
34,v12044gd0000c736h5bc77uakasifot0,40843,832150&688079&457089&341092,1de466fdbde053fb3d08c9f21de9eccf&4055c1286faee40618506586164cd2df&dc623b5dc248091d477cbdd156654b62&7e607221ca3cd37bb4a8ef1f392533f2&1cfd90416740b67c12336cf518fbeb05&1c6ff00f6add6b612a900fff207998e5&d6b0db002d2cf2135cd90d827fec3be2&3e1a5eb3b0bc7ede16013aa78744e022,https://v19.tiktokcdn-us.com/1de466fdbde053fb3d08c9f21de9eccf/61e4f290/video/tos/useast5/tos-useast5-pve-0068-tx/967c907d787f47d1ba726183ac03a2a0/?a=1233&br=1624&bt=812&cd=0%7C0%7C0&ch=0&cr=3&cs=2&cv=1&dr=0&ds=3&er=&ft=c~.Zm4L-gXoInz7T&l=202201162236560101130062441512249A&lr=all&mime_type=video_mp4&net=0&pl=0&qs=14&rc=M3JsZGQ6Zjg5OjMzZzczNEApNDlkOjo5ZjxmNzc8NjVpOGdxY3BocjRfZTBgLS1kMS9zczY2NjAyXjBfYi8xLzIuY2A6Yw%3D%3D&vl=&vr=
35,v07044550000c07os0nir75n464p64cg,8589,247151&169174&126295,62aed731f4411a8b4eafafd53ef91183&884e3895d197955e2edbb0cfcdc55802&9585dd437fda4a521baa88b3b21219b0&ed1ac08fd49d50fa566b1448cf5594ec&45f1c442c2f71a7b9f3e1361ebea48af&3311755276b82d79898cfa9fa7986a3d,https://v19.tiktokcdn-us.com/62aed731f4411a8b4eafafd53ef91183/61e4f270/video/tos/alisg/tos-alisg-pve-0037c001/88d0a2f0d8fd40f699e281a9c3b021f0/?a=1233&br=482&bt=241&cd=0%7C0%7C0&ch=0&cr=3&cs=2&cv=1&dr=0&ds=6&er=&ft=c~.Zm4L-gXoInz7T&l=202201162236560101130062441512249A&lr=all&mime_type=video_mp4&net=0&pl=0&qs=11&rc=ajdzOXE6bDNyMzMzODczM0ApNTk1aTU8OGRoNzdoM2Y5aWdgMzExMm9rcDRgLS0yMTRzcy0zMTEyXmAvYi81MzAxLWI6Yw%3D%3D&vl=&vr=
36,v09044690000bugd0qjemvd778npkaug,8728,1625869&1015423&736932&474604,8c584e4820ed4d2988d922f870cdb085&4cbb01d8e303219440fc2575cadf0b0d&b35b951b6c0a7595e104582b68fe3ab5&35640bf31f4b5980a6dcf9610dd25419&7405fa81660557b5eec0294ec4a80a6d&2fc6e3e6585cda2acf7380ff830d958a&6d3eb8e502ba4f5dd8cdc05f7696cbcf&2fbaa851850bb9649427cb8e59b5f1ae,https://v19.tiktokcdn-us.com/8c584e4820ed4d2988d922f870cdb085/61e4f270/video/tos/useast2a/tos-useast2a-ve-0068c003/577f7868462848419672cfb56e32c139/?a=1233&br=3174&bt=1587&cd=0%7C0%7C0&ch=0&cr=3&cs=2&cv=1&dr=0&ds=3&er=&ft=c~.Zm4L-gXoInz7T&l=202201162236560101130062441512249A&lr=all&mime_type=video_mp4&net=0&pl=0&qs=14&rc=amRzOzp5aHRneDMzPDczM0ApZGc2NmRoZDxpN2hlOTw1NWdyaGs0YWpnLWRfLS0zMTZzc2IzYV8xMmBiLTAuMC4wNC86Yw%3D%3D&vl=&vr=
37,v09044g40000c4oflj3c77ue62ip6i7g,18829,1005587&678099&416779,bb9a7cb721878f4c9d65fd46d469c9fd&3bc05ddba9cac458950ecb8e5c1af19c&f6f7a932c563f3ba84d0b349cfdc7574&7ad8177a1190e55cfface5b4e8041504&d959bebdcaf7bc9d593f672f3d4b3d15&75e650695bc56d879c57abd62cffe3b5,https://v19.tiktokcdn-us.com/bb9a7cb721878f4c9d65fd46d469c9fd/61e4f27a/video/tos/useast2a/tos-useast2a-ve-0068c004/ba81bb2590184a42916525640ac6a34f/?a=1233&br=1964&bt=982&cd=0%7C0%7C0&ch=0&cr=3&cs=2&cv=1&dr=0&ds=6&er=&ft=c~.Zm4L-gXoInz7T&l=202201162236560101130062441512249A&lr=all&mime_type=video_mp4&net=0&pl=0&qs=11&rc=amxzNWg6Zm1pNzMzNzczM0ApOTpnNDZkZ2U3Nzc7Zzg4OWc0M2YzcjQwaWxgLS1kMTZzc2AyNmA1MTRgNS40LjViM186Yw%3D%3D&vl=&vr=
38,v09044900000c1gk48v7hc99pahqgrq0,8637,2052471&1561356&980982&642068,4e24931d9888461336a415189a8a748a&150eee2088266124d7bbbb9c87473f9d&09c6196822e5e257ad227cb0981c03b0&53d8aa36edcc608cb7d7c9da2b8cca39&83853aa5de38981079008334eb2b9e40&fe1f1e4575ab6e394ab3dd85a3247fc3&e5191e6080474875a96cd3d72185197a&a051e162befb3887782c7941c168d7fc,https://v19.tiktokcdn-us.com/4e24931d9888461336a415189a8a748a/61e4f270/video/tos/useast2a/tos-useast2a-ve-0068c002/7eeeb48d29a048fb8a43c2e4f44e7786/?a=1233&br=4008&bt=2004&cd=0%7C0%7C0&ch=0&cr=3&cs=2&cv=1&dr=0&ds=3&er=&ft=c~.Zm4L-gXoInz7T&l=202201162236560101130062441512249A&lr=all&mime_type=video_mp4&net=0&pl=0&qs=14&rc=M3V0ZDxmOjtuNDMzMzczM0ApOmUzOjc6aGQ5N2k2O2c2ZmduZGVtNmVzMWRgLS02MTZzc2FeM2MtMTEvMy8uNDA2NmI6Yw%3D%3D&vl=&vr=
39,v09044fd0000buhfv1j9iufl0fi5ir5g,19502,568440&460718&327550,1311030ad9e04e5a85c8055a1c2bfa81&2bb599c203093b6419e15a80f0a88b21&05f6e129d01b520203d1a0ae2c3b02d8&7409783dfc879930559e7ed5250de04f&5923e0adb2dbb4a917374efb0bd145a4&f4ac78d4a674bc1e5ffacd5e68dcbeaf,https://v19.tiktokcdn-us.com/1311030ad9e04e5a85c8055a1c2bfa81/61e4f27b/video/tos/useast2a/tos-useast2a-pve-0068/a27f7933c7584a20ab3fd6eb8b24a7cc/?a=1233&br=1110&bt=555&cd=0%7C0%7C0&ch=0&cr=3&cs=2&cv=1&dr=0&ds=6&er=&ft=c~.Zm4L-gXoInz7T&l=202201162236560101130062441512249A&lr=all&mime_type=video_mp4&net=0&pl=0&qs=11&rc=anU4aW94PDRpeDMzZzczM0ApZ2U2ZTU7ZDw5NzNoZDg5NGcyZmYtY2Znc2VfLS1jMTZzc2MxMmJeL2BeMzM2XmIvMTQ6Yw%3D%3D&vl=&vr=
40,v12044gd0000c797pgbc77ucq7ijquug,16995,298431&235242&154197&125184,a4573b33cd702d1759ce1c85f33e7684&640305348f13b41acdf6de31a66f9921&d16626b3479476147b9fe93ace34391f&01a94a7386e6c725eef57f124c417f5c&187ef9b572f93e3a641dcf4a2768d202&4ba225f9fd1efc9bce24e2663b0b3ea7&7263fa2dd30c1fd2b83e1d94d92d74ab&ead065ed9c3efe2f0cba1210d898e650,https://v19.tiktokcdn-us.com/a4573b33cd702d1759ce1c85f33e7684/61e4f2d0/video/tos/useast5/tos-useast5-pve-0068-tx/f62e02f024c540c89a00998f535a6845/?a=1233&br=582&bt=291&cd=0%7C0%7C0&ch=0&cr=3&cs=2&cv=1&dr=0&ds=3&er=&ft=c~.Zm4L-gXoInz7T&l=202201162238230101130060111B196E2B&lr=all&mime_type=video_mp4&net=0&pl=0&qs=14&rc=anhtOmY6Zmo6OjMzZzczNEApOjM6NDc4aWRkNzVlODRpOWdybmZucjRfbTZgLS1kMS9zcy4vYmFhMV5jMzZeNjY1XjY6Yw%3D%3D&vl=&vr=
41,v09044g40000c3gscaris849rbdm91rg,14975,1649189&1352918&1157202&784297,ae92b4f62c73c3fd18b9ecd15120922e&dd23d328ee96457f1430c407662b3b4f&5ed9524ae84170e2b37e15d8e9a8fc2d&68fa7db8c0d02c08d751c468d3d33e19&43c3c30104b6f02f0da82ce618004973&22cb25d5fd2145b1d1dabb1055644115&5a1e3ffc74e73051ceacfd57431ec6ad&86e1698fdf6105594bc9b752c414ae75,https://v19.tiktokcdn-us.com/ae92b4f62c73c3fd18b9ecd15120922e/61e4f2ce/video/tos/useast2a/tos-useast2a-pve-0068/9d511f5263d34272a97a3e7ab284c1ce/?a=1233&br=3220&bt=1610&cd=0%7C0%7C0&ch=0&cr=3&cs=2&cv=1&dr=0&ds=3&er=&ft=c~.Zm4L-gXoInz7T&l=202201162238230101130060111B196E2B&lr=all&mime_type=video_mp4&net=0&pl=0&qs=14&rc=ajRwZTw7bGR2NjMzNzczM0ApNGg7ODYzNTxpNzw8aTllNGdvNmFvMXBvYGRgLS1kMTZzczIxXi1hNmJeNS02YS1gXjU6Yw%3D%3D&vl=&vr=
42,v09044g40000c3mrtfbc77uahb02m4jg,7149,1009186&814846&469416&322285,d8ff649b67c999756d70aab8f9fa1fd0&c89eb29fa64f09b438789cc2f639a9ef&ba2dcb2f516fedbda1880093d74dbcc1&c7b078f6d04c25c1f987f5cb193139ea&6c0eda79c713732963b465bdf30bd21d&8141dabcb04449036333d2c4d4da5ab5&8b7fd486916727db805305b123db23dd&08f44b10e6a519d764d25bb67ed81eba,https://v19.tiktokcdn-us.com/d8ff649b67c999756d70aab8f9fa1fd0/61e4f2c6/video/tos/useast2a/tos-useast2a-pve-0068/3ebc7ee2989f443883330b31dfab49f4/?a=1233&br=1970&bt=985&cd=0%7C0%7C0&ch=0&cr=3&cs=2&cv=1&dr=0&ds=3&er=&ft=c~.Zm4L-gXoInz7T&l=202201162238230101130060111B196E2B&lr=all&mime_type=video_mp4&net=0&pl=0&qs=14&rc=ajc1ZWQ6Zml1NjMzNzczM0ApOWg2NjxmNDw2NzY8OTg4Z2dnai1lcjRfcWpgLS1kMTZzczA1LWJgYy9jYi9eMGIvXjY6Yw%3D%3D&vl=&vr=
43,v09044g40000c442udjc77u82pan8nr0,10773,532271&468564&315901,75b6e2edb6426529aaf0340b923f58a6&23a008304f5547f31a2484e10afcb92d&a0a18a3a047ad7b09c3a7ec412534160&d892f086e1510e56b7ac4d48415534f5&db55948fbab359458550eea775932eba&8a28cf35475589468a04e41fb45a99b3,https://v19.tiktokcdn-us.com/75b6e2edb6426529aaf0340b923f58a6/61e4f2ca/video/tos/useast2a/tos-useast2a-ve-0068c004/8ef5572352a949ec98150aec8025dd70/?a=1233&br=1038&bt=519&cd=0%7C0%7C0&ch=0&cr=3&cs=2&cv=1&dr=0&ds=6&er=&ft=c~.Zm4L-gXoInz7T&l=202201162238230101130060111B196E2B&lr=all&mime_type=video_mp4&net=0&pl=0&qs=11&rc=M3Fxczs6Zmc1NzMzNzczM0ApOWdkPDllaDtlNzs0aDdmNmdvNV4vcjRncjFgLS1kMTZzczFiXzQzNjU0NV9fLWBfXl86Yw%3D%3D&vl=&vr=
44,v09025g40000c5tphj3c77u9non5uja0,11632,391326&216922&156694,bdde5a46f4edcc432d5b4c4fade8d2e3&ae53c97e9c0f586a902f745de7d45756&46af404319a616e8fcb5e54f77070613&f55d3de9e58cbd06e6c9d01a98f413c3&fe9563b812c2c4ca88a39c85b69818eb&6a0ae72d23fcdee44cf513defa887c1f,https://v19.tiktokcdn-us.com/bdde5a46f4edcc432d5b4c4fade8d2e3/61e4f2cb/video/tos/useast2a/tos-useast2a-pve-0068/0db5a52be4814ca482755ba7b47a0966/?a=1233&br=764&bt=382&cd=0%7C0%7C0&ch=0&cr=3&cs=2&cv=1&dr=0&ds=6&er=&ft=c~.Zm4L-gXoInz7T&l=202201162238230101130060111B196E2B&lr=all&mime_type=video_mp4&net=0&pl=0&qs=11&rc=M204cjw6Zm1zODMzNzgzM0ApZmZkOGdkaTs0NztmODk3aGdecmtrcjQwZXFgLS1kLzZzc2BjMWAwLTRfMC8wYmAuNGI6Yw%3D%3D&vl=&vr=
45,v09044g40000c31h4berlhljq0la6gmg,11702,1276937&955175&436320&297005,84cdb679307c42533c95fc19ed9d489d&399a27bd1ae0944ff9eed2d4ec3594a0&29eb499d0765efb0ed51a44e278bc461&9f109e0556599754f5feeead0d663310&605b0807b8e449ce5c58c662bbb4c6e6&81a522c2e2d410058bd34dd0ef2b3558&362a6b3d8010467de7b19e033d867ec4&421f554980ad3c2e95e95ca48b03d989,https://v19.tiktokcdn-us.com/84cdb679307c42533c95fc19ed9d489d/61e4f2cb/video/tos/useast2a/tos-useast2a-ve-0068c001/c3efc14c6e3045bb9d9a7123d0c5447d/?a=1233&br=2494&bt=1247&cd=0%7C0%7C0&ch=0&cr=3&cs=2&cv=1&dr=0&ds=3&er=&ft=c~.Zm4L-gXoInz7T&l=202201162238230101130060111B196E2B&lr=all&mime_type=video_mp4&net=0&pl=0&qs=14&rc=ampkM21rdWVrNjMzNzczM0ApZ2g5Njs0PGVoNzNkNzdoPGdqM2luaWliMS5gLS1kMTZzczBjYGMyLjQ2My4uLTYyMjE6Yw%3D%3D&vl=&vr=
46,v09044g40000c3r8kabc77u0jldggbg0,12769,2330361&1704943&1469448&996082,82d8ecd724d1e1aa959877c0a0d664ed&ceb8be70f0ed172ae6713f5c138c5e5e&734f13a2929b9e3e21fca30d542af6fc&e40629e403ed36e75f8f146bdd36d5c0&514196b122f74f825c7279e1a8ac9df4&a5526ea770c6e56207db0f7eea640b42&f4a8b91dbde2f08b0f0a1641416dc9e1&58f7968bf7ec02d57318668dc97d1e91,https://v19.tiktokcdn-us.com/82d8ecd724d1e1aa959877c0a0d664ed/61e4f2cc/video/tos/useast2a/tos-useast2a-pve-0068/8cab7da36e664048988304d7ef7a47b7/?a=1233&br=4550&bt=2275&cd=0%7C0%7C0&ch=0&cr=3&cs=2&cv=1&dr=0&ds=3&er=&ft=c~.Zm4L-gXoInz7T&l=202201162238230101130060111B196E2B&lr=all&mime_type=video_mp4&net=0&pl=0&qs=14&rc=M2VqbzM6ZmQ7NjMzNzczM0ApaDY2PGk8aTs8NzhpPDg8OmdkZGFncjRfaG9gLS1kMTZzcy1jY2BgMF5iMjQwLS8wYGA6Yw%3D%3D&vl=&vr=
47,v09044g40000c4kh153c77u3i2t1e3f0,20710,790267&584037&389756&259282,be4bed3f9ac9bbe1cba58e91f0aaa2c5&355a044bf5de4a9c78280306e79575a9&2118edd8d85da3159162bf62882c5c9f&17cd9fa3fa20ea87dc3bd1ca0264668f&6113ab07a8b56fa1054c39b672dd674a&de8ec9caa17aea5906a4cadafde3a6f7&fe30edb868f129e7bc3a3da3bf2c6844&22239965d1667839c52a9e1697ff5618,https://v19.tiktokcdn-us.com/be4bed3f9ac9bbe1cba58e91f0aaa2c5/61e4f2d4/video/tos/useast2a/tos-useast2a-ve-0068c004/fc7e9f17e2344ce89e8aa991b7d0e895/?a=1233&br=1542&bt=771&cd=0%7C0%7C0&ch=0&cr=3&cs=2&cv=1&dr=0&ds=3&er=&ft=c~.Zm4L-gXoInz7T&l=202201162238230101130060111B196E2B&lr=all&mime_type=video_mp4&net=0&pl=0&qs=14&rc=MzY0NTY6ZjhrNzMzNzczM0ApOGY1OzNoNjs2NzZlM2UzOWdjYnFmcjQwLmhgLS1kMTZzc2IzLy1iNjNeYC4uMTIuLTA6Yw%3D%3D&vl=&vr=
48,v10044g50000c46ig0bc77u3svl4snj0,15439,1003742&711074&460554,c64df224d97b40791e3930e744152cb8&99c1dc880cab72727cbfa3a44e95ceab&6d37f731a00d42d05b5105901933a310&cf6ce13b00ba55c91cd2e3777da8529a&0a17b0924d9f2e2308e1539c12abdfe1&5124bcc8a60daa5167bd1b0e83d46acf,https://v19.tiktokcdn-us.com/c64df224d97b40791e3930e744152cb8/61e4f2cf/video/tos/alisg/tos-alisg-pve-0037c001/e423ff66fd7745cca108a9f2edb90248/?a=1233&br=1960&bt=980&cd=0%7C0%7C0&ch=0&cr=3&cs=2&cv=1&dr=0&ds=6&er=&ft=c~.Zm4L-gXoInz7T&l=202201162238230101130060111B196E2B&lr=all&mime_type=video_mp4&net=0&pl=0&qs=11&rc=M3E3eTY6ZjNsNzMzODczNEApOzk4M2Q2OTtoNzxpOWhoZGdncGlwcjRfZDNgLS1kMS1zczItY19iMzNhYzJfYTExYTI6Yw%3D%3D&vl=&vr=
49,v09044g40000c34mtnth8h41mpjnku00,7382,1175019&925927&534792&327161,63e01e3a0db180f38aae41e5314cb710&eec3a195cf254899257ae4706f3336b9&39e076a54fc17cadcf0e1d8b98df6e64&69cfda94b47d48dff6366a3542fb7974&bc4dd706421db243e7e94cdb335ff827&aaa09b2fe924a1bfd1070404816ced20&65b9bce26320e00c20c6e13ec48ea256&081b1ac8936c9d59177bcd9021cc4c09,https://v19.tiktokcdn-us.com/63e01e3a0db180f38aae41e5314cb710/61e4f2c7/video/tos/useast2a/tos-useast2a-ve-0068c002/18dc538910c34b97b0ba2334398c0c1c/?a=1233&br=2294&bt=1147&cd=0%7C0%7C0&ch=0&cr=3&cs=2&cv=1&dr=0&ds=3&er=&ft=c~.Zm4L-gXoInz7T&l=202201162238230101130060111B196E2B&lr=all&mime_type=video_mp4&net=0&pl=0&qs=14&rc=M3hxczRra3FwNjMzNzczM0ApOmVnZTNmPGVkNzg5OjMzZmctaGdqMTVxcTFgLS1kMTZzczBeYDMyMS1iXjE2L2BgYjU6Yw%3D%3D&vl=&vr=
50,v12044gd0000c6438f3c77uf5sb2qspg,7637,438273&308591&211521&145661,6f2b880f529429140be09e42062ceeac&269befd1a7b6d14b686dcaf52a645e6a&639a7687bde6cc8d86b218845875cde3&c2a4e17cc15f07fb48782f2b1759c424&f844505e48872e3b3868b5c4a9881823&cb3f02bd353db3f3872da85534f3ca43&72c7191370b553a7d61718ce47367774&65c3acadfeab5ea657416ff8c08aeaf6,https://v16m.tiktokcdn-us.com/6f2b880f529429140be09e42062ceeac/61e4f2ff/video/tos/useast5/tos-useast5-ve-0068c004-tx/76d2b8ec07e045ac97babd32e7849b66/?a=1233&br=856&bt=428&cd=0%7C0%7C0&ch=0&cr=3&cs=2&cv=1&dr=0&ds=3&er=&ft=c~.Zm4L-gXoInz7T&l=202201162239200101130060711209E4F0&lr=all&mime_type=video_mp4&net=0&pl=0&qs=14&rc=anY1dmk6Zmk2OTMzZzczNEApNTM7PDplZDs3N2k3NTQ0NGdtbl8ycjQwNTFgLS1kMS9zcy1iMTNhMjVgXzFhX2MvNWI6Yw%3D%3D&vl=&vr=
51,v09044g40000c3odp7bc77u6gocp9d6g,6662,1213038&1048223&705115,376d005419c24c00c8b1a8916fcaa15e&7fcdb0a5fdf5c4c8fccaa94293ac7b0e&879bb7fdeb3df493ad79e60f9a1a9945&cc0636543a7c65978694a0d0a7461d7a&ac484cc8fa6ec88c2a1e83b21922f494&dc1bdb6118cb59d621201622e6a23e28,https://v16m.tiktokcdn-us.com/376d005419c24c00c8b1a8916fcaa15e/61e4f2fe/video/tos/useast2a/tos-useast2a-ve-0068c003/de59c410050643d6ae007381bedffa4e/?a=1233&br=2368&bt=1184&cd=0%7C0%7C0&ch=0&cr=3&cs=2&cv=1&dr=0&ds=6&er=&ft=c~.Zm4L-gXoInz7T&l=202201162239200101130060711209E4F0&lr=all&mime_type=video_mp4&net=0&pl=0&qs=11&rc=amdzcjk6ZjpnNjMzNzczM0ApOTQ2NzdlPDs1N2Q8ZWc4N2czNmBkcjRfbWxgLS1kMTZzc2MvNS8tMy8zYDItXzIvLWA6Yw%3D%3D&vl=&vr=
52,v09044g40000c4ogfhrc77u057cokt50,11283,1788582&1332930&1009342&674293,df27c03118e4fe1aa63068838da19360&d43d7864812bb1a30e9b8eddb0c2d37b&0b805fd844bf59c079670bb4d0c2ef15&07fdcf769be6a6804cb36484307f5a98&e46411ab8f99272d73e7857f469ccbc1&af0bcaea765b3a8bc658095b49b430ce&79ac664cecf208cf9b99d8a03ca1437c&6f43c269b04f38c205f59cd24e1d6b6b,https://v16m.tiktokcdn-us.com/df27c03118e4fe1aa63068838da19360/61e4f303/video/tos/useast2a/tos-useast2a-ve-0068c004/37fdace7ea5e47a28e67f8ddd291d8cf/?a=1233&br=3492&bt=1746&cd=0%7C0%7C0&ch=0&cr=3&cs=2&cv=1&dr=0&ds=3&er=&ft=c~.Zm4L-gXoInz7T&l=202201162239200101130060711209E4F0&lr=all&mime_type=video_mp4&net=0&pl=0&qs=14&rc=M3dyOjM6ZmtqNzMzNzczM0ApNTQ1PGg2NTxmN2dkOzc6ZGcyaGAycjRvY2xgLS1kMTZzczA1Xy9gMC5gXzZjMC9eMl86Yw%3D%3D&vl=&vr=
53,v09044g40000c2gsjnial962u1po35p0,6430,770553&599707&407073,a8ee194ef05f9199b0a24cd27b4452fb&14a3653719b0598ac661652eab2a3ec2&c1ad0b262e5679eb8cb6342c77738b94&63abfd795c1c4af4a2816f9dfcb7c1bd&19d27292dfaed69c8532355d7358b0a3&dde8fa2aff5124a9f0e2184ec779e07a,https://v16m.tiktokcdn-us.com/a8ee194ef05f9199b0a24cd27b4452fb/61e4f2fe/video/tos/useast2a/tos-useast2a-ve-0068c003/c87454664ebb4e1a9171e23979c58e98/?a=1233&br=1504&bt=752&cd=0%7C0%7C0&ch=0&cr=3&cs=2&cv=1&dr=0&ds=6&er=&ft=c~.Zm4L-gXoInz7T&l=202201162239200101130060711209E4F0&lr=all&mime_type=video_mp4&net=0&pl=0&qs=11&rc=MzhyNDU8ZHF2NTMzNzczM0ApZzg8Mzc7OjtmN2g4ZGdkOmdtMG1yM2lmZ2RgLS1kMTZzczAxMDY2LjI1Nl4zNS5iYDU6Yw%3D%3D&vl=&vr=
54,v09044310000bmoil77ho6foanv5jaj0,8267,1413832&978032&948578&551346,4bd08ff551f8a06dd960b6403314e5c9&c12a0c1e4ba7ee4d32b21947ab5156da&6a989ff8921eef89b1e19bdf6e0c217a&1b26db4f73f0e483f7dca2afdfe8c66c&ced3b7917ed381a6807d169ff029cc38&7186274f95d34a71e06231b8fc3b0d5e&6e6d14990c1b6a1d17910a1795ab2a78&e4cdf7fce2d2585ad163a130b7f3d38b,https://v16m.tiktokcdn-us.com/4bd08ff551f8a06dd960b6403314e5c9/61e4f300/video/tos/useast2a/tos-useast2a-ve-0068/ddd5955b873440ed8f5b7bf11392250d/?a=1233&br=2760&bt=1380&cd=0%7C0%7C0&ch=0&cr=3&cs=2&cv=1&dr=0&ds=3&er=&ft=c~.Zm4L-gXoInz7T&l=202201162239200101130060711209E4F0&lr=all&mime_type=video_mp4&net=0&pl=0&qs=14&rc=M2Q4cXI5azpscDMzNDczM0ApaWVmNDQ3NztoNztlODY4OWdnZ3NeY2w0aWxfLS0wMTZzc19fMi00Nl8zMTVjYy0yY146Yw%3D%3D&vl=&vr=
55,v09044g40000c410g73c77uf1vhdufc0,8635,1640421&1292537&1074754&697653,4346de7b440682ce9c91f3728bcc659c&d60009449b21ee3e17fa8b1150b5abd2&1eef7e96d33392b968bde9e00bc5e34d&a196519ff6f6b9ec62ccf15763ebbe8e&5af73c4f3a6114669a42608b16169d43&3e84b54bb77ab327ff116655b403cd8f&fc942bf09ac1c053f81f14379feda776&6f3ef3c110ce0dab9a78d84b701ee653,https://v16m.tiktokcdn-us.com/4346de7b440682ce9c91f3728bcc659c/61e4f300/video/tos/useast2a/tos-useast2a-pve-0068/186f2293eddc429e855872f618200d52/?a=1233&br=3202&bt=1601&cd=0%7C0%7C0&ch=0&cr=3&cs=2&cv=1&dr=0&ds=3&er=&ft=c~.Zm4L-gXoInz7T&l=202201162239200101130060711209E4F0&lr=all&mime_type=video_mp4&net=0&pl=0&qs=14&rc=M2lneWk6ZjozNzMzNzczM0ApaGc8OTNmNGU7NzUzODU8M2dgcmUucjQwZC5gLS1kMTZzczAyMS4zYjFgMC00M2AyLWA6Yw%3D%3D&vl=&vr=
56,v09044g40000c3ai05e0nro67dgk3fbg,9286,1284202&756360&437868&275058,f2ff0c492c6a117ba5dbec6277e37509&284ec6d855eab193ae828456c5866c52&31218e649263f291307a20f7393a9062&d1f7ef79e329f143b87bf9850179a03a&b22dc44e21d3c23b8099ec4eeb54f7de&2ad8e947bb4d2a86d66b4f8be5e3c53d&991d35c5778831c0954730213960e561&3eba9f439d4fbf88e38e189c85add3ea,https://v16m.tiktokcdn-us.com/f2ff0c492c6a117ba5dbec6277e37509/61e4f301/video/tos/useast2a/tos-useast2a-pve-0068/e6e3a6962bc94b55b4ea6c5013954c7f/?a=1233&br=2508&bt=1254&cd=0%7C0%7C0&ch=0&cr=3&cs=2&cv=1&dr=0&ds=3&er=&ft=c~.Zm4L-gXoInz7T&l=202201162239200101130060711209E4F0&lr=all&mime_type=video_mp4&net=0&pl=0&qs=14&rc=amluZzl1MzhsNjMzNzczM0ApNGc3Zmk5Zjw2NzxlZ2RnPGdfMGQ0bGtiLV5gLS1kMTZzczJjNS8tYGIvLmI1Y180YS86Yw%3D%3D&vl=&vr=
57,v09044g40000c45clkjc77u4160srdj0,19781,594321&416882&283318&196864,aaf77ba8f0b3a0c45e1b240a9c999e38&6f3edd0ad713b5cf5961f2ea056c33f6&2eb29cd508d376ce7506b8a8feb9c663&17d940dcefa35e9afadcecee4700c67c&8e95dda35c2369884a43c115565cd162&3a0d299e41d2d8e63f8f03e3d70a2528&a26649db36d40165049346b81fd1bf86&41b5522a07f06ec8c3789e28d34433c9,https://v16m.tiktokcdn-us.com/aaf77ba8f0b3a0c45e1b240a9c999e38/61e4f30b/video/tos/useast2a/tos-useast2a-ve-0068c001/f9d901e8f28941f9bfce8994d038f273/?a=1233&br=1160&bt=580&cd=0%7C0%7C0&ch=0&cr=3&cs=2&cv=1&dr=0&ds=3&er=&ft=c~.Zm4L-gXoInz7T&l=202201162239200101130060711209E4F0&lr=all&mime_type=video_mp4&net=0&pl=0&qs=14&rc=M2d2OTc6Zm5mNzMzNzczM0ApZDw6PDg8OTw6NzpoOztmPGdnby0ucjRnaTJgLS1kMTZzc2ItYzZiMjQvXi8zYy4uNjA6Yw%3D%3D&vl=&vr=
58,v09044g40000c4aqt4bc77uek70jn260,14603,853714&490562&304377,df25d230e429402b6d38da4c67177d38&d683704e523bdad281b00db27f7e809d&60bfab2dc0b99b1a3469d00f68b2d576&9599cfd9d94f06bf86cd221c714ead46&fcf8341e38c5605fe3fef2bf61adeeb8&f98a0184f22cfaaf13c81c37b69842b7,https://v16m.tiktokcdn-us.com/df25d230e429402b6d38da4c67177d38/61e4f306/video/tos/useast2a/tos-useast2a-ve-0068c003/f5ab0881c8614d2997fc3563a380cca5/?a=1233&br=1666&bt=833&cd=0%7C0%7C0&ch=0&cr=3&cs=2&cv=1&dr=0&ds=6&er=&ft=c~.Zm4L-gXoInz7T&l=202201162239200101130060711209E4F0&lr=all&mime_type=video_mp4&net=0&pl=0&qs=11&rc=MzVtOmg6Zjd0NzMzNzczM0ApZ2lnPGlkPDw8NzM6aGQ4aGczay1ocjRfcV5gLS1kMTZzcy0tX2JjX18yMzM2LmFhNTM6Yw%3D%3D&vl=&vr=
59,v09044g40000c3vdmejc77u7uoaiehrg,11330,566505&438577&226220&162988,92e0fa43cf13ecc5bdb51eef5e5f27ed&32fe2b3217748548fffb245103d49e83&145164b9c184e0d9dffc8bc630fb902f&655add2508d86700909e0638c7363b19&e03148ed81ab16646d17b874628cb3c4&3f394e43551db45ce4f88090a637013e&9348e72db0f0b7e7c7da0aec71fd91ba&38a8eb1e632245007fa264c8e57162f8,https://v16m.tiktokcdn-us.com/92e0fa43cf13ecc5bdb51eef5e5f27ed/61e4f303/video/tos/useast2a/tos-useast2a-pve-0068/dd6af54476d34c538cb4008e341b415b/?a=1233&br=1106&bt=553&cd=0%7C0%7C0&ch=0&cr=3&cs=2&cv=1&dr=0&ds=3&er=&ft=c~.Zm4L-gXoInz7T&l=202201162239200101130060711209E4F0&lr=all&mime_type=video_mp4&net=0&pl=0&qs=14&rc=amtscjo6ZmhnNjMzNzczM0ApOzVmNDg0Ojs8N2g7OWk2ZmdvYl5ycjRnanNgLS1kMTZzc2A0YTQ2NDMtMjExNDQwLS06Yw%3D%3D&vl=&vr=
