0,v09044e50000btueapv15l8sl3ukeqpg,8077,1038069&571816&372444,405ad69df6a6fa0c6e94f1a6367bf697&70e0fe6ac89603e916f097497ad997f4&5f5c87c017bddad78f17c2d3023b79ef&bbc7e046c3584d6164c4664b6997e77b&3958805bd817ee6c199a1422d065af58&81aea77fcbc4776d2967423994571ed3,https://v25.tiktokcdn-us.com/405ad69df6a6fa0c6e94f1a6367bf697/61e4f72d/video/tos/useast2a/tos-useast2a-ve-0068c004/13370ab11f50451d9ac6b44b0fed7e9d/?a=1233&br=2026&bt=1013&cd=0%7C0%7C0&ch=0&cr=3&cs=2&cv=1&dr=0&ds=6&er=&ft=c~.Zm4L-gXoInz7T&l=202201162257100101130061510B190980&lr=all&mime_type=video_mp4&net=0&pl=0&qs=11&rc=anRuNnZvNHNodzMzODczM0ApOGQ1aDlnM2U6N2k4ZjRmZ2dtYnJpNTJzXnJfLS1iMTZzcy0zMzQvYy81MmM1LS8uYzQ6Yw%3D%3D&vl=&vr=
1,v12044gd0000c7bpv0jc77uakaoc0an0,12560,640394&488219&247339&213602,9db4d92f8b6621133b8ee7389c6e4bae&beb988c9691a2d193e34f6ef4305f0f2&6be66138b4e291ec7b024318172b079c&62120576434a9c840b8e1c597a21ea0c&d5167437ae92d138a0bd7799f1676b52&b54ccf97b4438790fecb7a06dc83d3d5&2a60131a20565d22d8f1b0af2543eee5&6baa6cea3d2f68b55da016f3aef9f758,https://v25.tiktokcdn-us.com/9db4d92f8b6621133b8ee7389c6e4bae/61e4f732/video/tos/useast5/tos-useast5-ve-0068c004-tx/7fb7755292e94b97ae2acf9bbfa03fe3/?a=1233&br=1250&bt=625&cd=0%7C0%7C0&ch=0&cr=3&cs=2&cv=1&dr=0&ds=6&er=&ft=c~.Zm4L-gXoInz7T&l=202201162257100101130061510B190980&lr=all&mime_type=video_mp4&net=0&pl=0&qs=11&rc=M2RmZGQ6ZjNzOjMzZzczNEApMzY7PDVoNWVlNzQ5aTppN2drLWxocjRnc19gLS1kMS9zcy4vYF5hMDA0NjI2MzNhYC86Yw%3D%3D&vl=&vr=
2,v09044g40000c6ugqd3c77u2124rt93g,20176,2319302&1902672&1030452&876028,957280ae533360c7041bf8f93adce5f7&0a79709f45c72efa286e5170732a1405&356da698d69a58734b640707c438752b&94c4e7e932bdbcedc9a6f13f18b91344&92ca01697b7e673615cd58fb01bc1a84&c3d36b812cd6d7802d3fd67b9a32b2d3&790554d7ad4ee61c237753d74e1ff2cb&4f795efa05039813e054600eb72f976f,https://v25.tiktokcdn-us.com/957280ae533360c7041bf8f93adce5f7/61e4f73a/video/tos/useast2a/tos-useast2a-pve-0068/9cf3926d23504f68ba3b97edcdc97826/?a=1233&br=4528&bt=2264&cd=0%7C0%7C0&ch=0&cr=3&cs=2&cv=1&dr=0&ds=3&er=&ft=c~.Zm4L-gXoInz7T&l=202201162257100101130061510B190980&lr=all&mime_type=video_mp4&net=0&pl=0&qs=14&rc=ajx1NTU6ZmdqOTMzNzczM0ApNGkzaWQ1Nzs2NzU3NTQ6OmcwcTEucjQwbnJgLS1kMTZzczM2YjVgLy01YC0tXl40LWM6Yw%3D%3D&vl=&vr=
3,v09044g40000c1kjcjkfbh5e73ktqsqg,17807,788255&644665&394736&273289,080156998888784069b9569aa339cd3f&ee2c6eaef1e62eb5d299743bb0fcd2fb&eb01309782cf7e30e1da2702e9995b8d&e9ef14510fe0c68c86fcabf8264646d0&b90c10efa7af5e401f83e9c4bc752fca&7c34b81731aa2751dd1c3984892eea07&39772bb6bff6bd86b0defdd980ed7e77&9a22e25d62df17158dcdbbd9b671d1d0,https://v25.tiktokcdn-us.com/080156998888784069b9569aa339cd3f/61e4f737/video/tos/useast2a/tos-useast2a-pve-0068/28e9383b8a8843d19cdf71afb36ba310/?a=1233&br=1538&bt=769&cd=0%7C0%7C0&ch=0&cr=3&cs=2&cv=1&dr=0&ds=3&er=&ft=c~.Zm4L-gXoInz7T&l=202201162257100101130061510B190980&lr=all&mime_type=video_mp4&net=0&pl=0&qs=14&rc=anZ3NmhraW1tNDMzNzczM0ApZGQ8ZzZkNDxkN2QzNzg7ZWdubmg0Ml9oYGhgLS1kMTZzczYyYV8zNS0vMC9hX2M1Y2E6Yw%3D%3D&vl=&vr=
4,v09044g40000c3lg95bc77u9h05eekn0,46089,555273&414793&370651&261713,94bad4bceee1102bc649e68e108e40fc&cff80de29aef37a0c6741eb4a71b32bf&4cb76ebc315277c6a06add80408a53aa&2cf6e93ba74ac063d9371ee759a11cba&6e983b018336a5b5af561ce1a4c0d21c&870c002bdccd4a6db83789a0e908233e&f62b5f7af16ed902b7c597b7409c0177&2bedcb1f28ac7b5f91754178f21d5870,https://v25.tiktokcdn-us.com/94bad4bceee1102bc649e68e108e40fc/61e4f753/video/tos/useast2a/tos-useast2a-pve-0068/d71c0e8d4bdd441cb28765ca3433472b/?a=1233&br=1084&bt=542&cd=0%7C0%7C0&ch=0&cr=3&cs=2&cv=1&dr=0&ds=3&er=&ft=c~.Zm4L-gXoInz7T&l=202201162257100101130061510B190980&lr=all&mime_type=video_mp4&net=0&pl=0&qs=14&rc=M25oMzw6ZjhqNjMzNzczM0ApN2kzaWQ4NDtmN2c6ZTg8aWdrYjJlcjRfNmlgLS1kMTZzczA0YmNjY2AtYDI2MDBfNjY6Yw%3D%3D&vl=&vr=
5,v09044g40000c42euh3c77u1fkgu3370,16646,567887&444282&223592&160019,3cec5c8f9c770176e4c06a787e2bc7d0&fac153633d35a714bda1c9cebcb3787f&20d6289bdc2795562ed182edcce22f40&cb9052c221964212a04ac4179e81b74c&5c17b3f74138ea457d700f6c5e89266b&119e8e125b623fe30a35b657f8a2e427&722a44fd92b391cd7cda1c0845ea056a&969db0235a361739ba2764fbe7dfe61d,https://v25.tiktokcdn-us.com/3cec5c8f9c770176e4c06a787e2bc7d0/61e4f736/video/tos/useast2a/tos-useast2a-pve-0068/353eea5c512a4e96bf4aed8f1a7c9fe9/?a=1233&br=1108&bt=554&cd=0%7C0%7C0&ch=0&cr=3&cs=2&cv=1&dr=0&ds=3&er=&ft=c~.Zm4L-gXoInz7T&l=202201162257100101130061510B190980&lr=all&mime_type=video_mp4&net=0&pl=0&qs=14&rc=MzZ4bjQ6ZmtoNzMzNzczM0ApODc0NGk0NmVlN2Q7OjczM2c0MGRjcjQwci9gLS1kMTZzcy8tMWFiYS5fMzIyNTUxXy06Yw%3D%3D&vl=&vr=
6,v09044g40000c33c97iemsh0t2h21a7g,23752,1481860&967805&502757&322580&298757,b4a2fc133a272b9bb2a1694fe627e765&e0059a541f939c7b12337930da84c0d4&30e1999a08972ebb714ff63e4c777504&afa196c472d326aab1f72c41e4386afd&a209bf1c91ac437ac85c12421bc83b55&ca97db9814cfcbbb26992140102aa1de&ad1ad69ffe85eb39898555c97d597178&5da942913762b52f492b17e67d058ed4&c0cc75a4a2b76344e8da6e83e0be41fd&27e9cdb3b08d36d6138a85f8f1aac04c,https://v25.tiktokcdn-us.com/b4a2fc133a272b9bb2a1694fe627e765/61e4f73d/video/tos/useast2a/tos-useast2a-pve-0068/6db60453f1e54ed6a6763c05f1e88f44/?a=1233&br=2894&bt=1447&cd=0%7C0%7C0&ch=0&cr=3&cs=2&cv=1&dr=0&ds=3&er=&ft=c~.Zm4L-gXoInz7T&l=202201162257100101130061510B190980&lr=all&mime_type=video_mp4&net=0&pl=0&qs=14&rc=amQ1NTN2aDpmNjMzNzczM0ApZjRkZzc6NzxkN2U4Ozg4O2c0LmVxZWpmNjBgLS1kMTZzczEvYWE1NDVhMjUvMTMyMzY6Yw%3D%3D&vl=&vr=
7,v09044g40000c3sb163c77u1q5eb1gn0,50199,2384648&1679789&1035368&582274,af87736d05838ba82d86a9610167596d&dfff887ae7822b33519c083999ba84d8&b4a5fddc567a382c3a7f7b05732fa137&265ed02da8fada1ed47b10f979c77720&a397799246013d950fae4e6683dc189a&6d1508a01eaa21c2a4f3f575aabeab9a&d0b925d17695e3cba11994ded7e8550e&08e30169c0c3b1d5ba8ce5e6c09b3e6a,https://v25.tiktokcdn-us.com/af87736d05838ba82d86a9610167596d/61e4f758/video/tos/useast2a/tos-useast2a-pve-0068/f8286e158fda4ed7bdaec686e27037e0/?a=1233&br=4656&bt=2328&cd=0%7C0%7C0&ch=0&cr=3&cs=2&cv=1&dr=0&ds=3&er=&ft=c~.Zm4L-gXoInz7T&l=202201162257100101130061510B190980&lr=all&mime_type=video_mp4&net=0&pl=0&qs=14&rc=M2plODQ6ZjllNjMzNzczM0ApZTtmM2Y4ZmU4Nzg0ZTxlOGdrLmJucjQwLnBgLS1kMTZzc2AwYWAzNjBfNDEzXy8uLjU6Yw%3D%3D&vl=&vr=
8,v090445c0000brsj2d7kvluo3u9i7rsg,6639,1025429&793373&341692&224755,cb9cc6c2b6aff5352fef4aa3ceb5fd2d&e0044de05c45d015a693365c7da35754&0a2d013f73436918d899ccd0f527f157&8a20e9dd4b938cf516e71e6ce8f6f5f7&867f51be7cf6475a1cd1938e71de2cb7&254c7e7fc116906b2378e1bb9b566d3c&a9ef0bc74706d6fedc4da433b535d029&6eb0077ee42983cc11a6c8d0c3c1f7a1,https://v25.tiktokcdn-us.com/cb9cc6c2b6aff5352fef4aa3ceb5fd2d/61e4f72c/video/tos/useast2a/tos-useast2a-ve-0068c003/a61a2fdecc7f4812a7e9dcb661f65801/?a=1233&br=2002&bt=1001&cd=0%7C0%7C0&ch=0&cr=3&cs=2&cv=1&dr=0&ds=3&er=&ft=c~.Zm4L-gXoInz7T&l=202201162257100101130061510B190980&lr=all&mime_type=video_mp4&net=0&pl=0&qs=14&rc=anVseHJvbmdtdTMzZjczM0ApaDZpNzQ0ZTw1N2YzOGk7OmdwNDYwcnM0L3BfLS0yMTZzc2IvYzAvMC8yNDJgNWBhYF86Yw%3D%3D&vl=&vr=
9,v09044g40000c1qs7cld1cjmekntikqg,10679,864376&417645&264892,2fad72ad00055a13367d2abcf85d5874&e574d94a7b97b313d9afb237ace3f775&00dc502c0ec594cbb6353e4897742296&39a61966309cb0923c6ff1a3106cfd2c&87dc2a14a788c371928e3aa62763a332&a7283fd8ea680422908e5e9e1320c364,https://v39.tiktokcdn-us.com/2fad72ad00055a13367d2abcf85d5874/61e4f730/video/tos/useast2a/tos-useast2a-pve-0068/250df16a02a94b9187bfb0c9e76bfd7c/?a=1233&br=1688&bt=844&cd=0%7C0%7C0&ch=0&cr=3&cs=2&cv=1&dr=0&ds=6&er=&ft=c~.Zm4L-gXoInz7T&l=202201162257100101130061510B190980&lr=all&mime_type=video_mp4&net=0&pl=0&qs=11&rc=am53bnBmZ2Z2NDMzNzczM0ApNTY0Z2ZoNWVoN2U8NWhoNGduZmtiZy5pNG5gLS1kMTZzczUzMF5jNTYxNl8tLTIuNl86Yw%3D%3D&vl=&vr=
10,v09044g40000c23krfe7g8j7827nf5m0,20176,1391827&955897&832763&560077,b2215620a04fe8749881d00909fa2fa8&63ea57ccc0350352cd5cda0da0772c06&41834deefd08331762da2bb39e999b5f&ae0a763f5dfd57201d119f25e9fc0275&50e26451e4184373adf19826ffcacf5b&580d9ac9d0dad22227f5fa3329f0e43b&b61652d400581465634dce8851e9a01a&b5e87eb7fa6f5206b8340eee108f5e85,https://v25.tiktokcdn-us.com/b2215620a04fe8749881d00909fa2fa8/61e4f78f/video/tos/useast2a/tos-useast2a-ve-0068c003/0ed2412d233a49eba49e4af52e6d8eb1/?a=1233&br=2718&bt=1359&cd=0%7C0%7C0&ch=0&cr=3&cs=2&cv=1&dr=0&ds=3&er=&ft=c~.Zm4L-gXoInz7T&l=2022011622583501011313510503118D39&lr=all&mime_type=video_mp4&net=0&pl=0&qs=14&rc=MzhxNTo7OmluNTMzNzczM0ApZGY3OjgzaTw0NzU7Z2k7OWdqYzQ1Z2RibzBgLS1kMTZzczNjYl4xXmNiXmEvMl9hMWE6Yw%3D%3D&vl=&vr=
11,v09044g40000c43ejobc77ue6he4rg2g,17482,500223&416016&227615&166397,049a701c651210f5ebde84ea0b715b58&dedbff60ac1a1a358aed53b0af2a28f3&2cc2b79c119028a65bd62a7fd56c160f&84bc7fbcd5cc554eaff24b45716645cb&709e367fb66630b17b6549e84d091f29&ebe9f75164761966d0c0446e2666017b&15153652a77ce7ef7e8d0dd61613412d&4cf77c6792bdcf6697dee3bc4be900f8,https://v25.tiktokcdn-us.com/049a701c651210f5ebde84ea0b715b58/61e4f78c/video/tos/useast2a/tos-useast2a-ve-0068c004/ebeda0edfad943b88c11b94bd99d0786/?a=1233&br=976&bt=488&cd=0%7C0%7C0&ch=0&cr=3&cs=2&cv=1&dr=0&ds=3&er=&ft=c~.Zm4L-gXoInz7T&l=2022011622583501011313510503118D39&lr=all&mime_type=video_mp4&net=0&pl=0&qs=14&rc=amo3a2g6ZnJoNzMzNzczM0ApNGhpNzppNmQ2NzRoNGk0OWcvb2IzcjRfZzBgLS1kMTZzczM1YzIvYWIzYC5iM2AvYDE6Yw%3D%3D&vl=&vr=
12,v09044g40000c2qmm5u2iutjg46gq610,15230,1793520&1235045&889186&593926,c46d4c7e1258e7d77f927c0a9710024e&b407f94bd87cc60f3abf2a2d73f31104&26d32a66f1a031866584221facdcd97e&d44a3387a038fc4468ba1a8dfb5d3c58&180b055ac48fb7ac81aa77fb4d30e626&2e2ebc616980af964b814d3748d44374&8bcb3d4efdac02bc4414243dc40fc38d&ecc2ef89b6ce0f309a72a5d5cb75d196,https://v25.tiktokcdn-us.com/c46d4c7e1258e7d77f927c0a9710024e/61e4f78a/video/tos/useast2a/tos-useast2a-ve-0068c004/8c2392560472467faadd751cb7757143/?a=1233&br=3502&bt=1751&cd=0%7C0%7C0&ch=0&cr=3&cs=2&cv=1&dr=0&ds=3&er=&ft=c~.Zm4L-gXoInz7T&l=2022011622583501011313510503118D39&lr=all&mime_type=video_mp4&net=0&pl=0&qs=14&rc=MzlqN214NThwNTMzNzczM0ApZGdlO2c7O2VpNzRnZWYzNGcubjNkcWZyam5gLS1kMTZzc14yXzNgLS1gYzI2NjY2YzY6Yw%3D%3D&vl=&vr=
13,v12044gd0000c7878sjc77u7psv0afkg,15067,661557&552707&464615&385418,3aa62c11c266fe1de6f8c56bf75094a8&14bb85fa46641195c4a39ee29149ee4b&093c6918538ae2fbf831487434a51b1e&01666ce3e24876579ef2d08a8537edac&0afd596795468123089d9c546f95ba5d&831d7a0969c4e8e4c5c0ac8a6fcab083&68eb0726856bcb987c051feaab0d5cb7&e1280d7f14f95a54e22cbe70a06e883d,https://v25.tiktokcdn-us.com/3aa62c11c266fe1de6f8c56bf75094a8/61e4f789/video/tos/useast5/tos-useast5-ve-0068c004-tx/288c2e7eff49415ba3911a0c11c53285/?a=1233&br=1292&bt=646&cd=0%7C0%7C0&ch=0&cr=3&cs=2&cv=1&dr=0&ds=3&er=&ft=c~.Zm4L-gXoInz7T&l=2022011622583501011313510503118D39&lr=all&mime_type=video_mp4&net=0&pl=0&qs=14&rc=amkzdjo6ZnY6OjMzZzczNEApODloODVnOmU6N2k8NzQ6OGdoXnNtcjRnNTVgLS1kMS9zc2NeMzYvYl8tXy4tM19gXjY6Yw%3D%3D&vl=&vr=
14,v09044g40000c3kgrejc77u9jqnp7kpg,39820,1450795&1047947&813997&500737,c52087be81ddc17aeb8dbe88ab9f09a9&9f13a4dc95010b03b58d0dfb68220ff5&94bbf8d9562454dd825efc7026eb65e9&99ff85466e1cd372b5fc6c486b2ff8d8&19846a51ca40182f9c7b16607407c8f2&90ba2a55007ec5aa49852fcd9a5f5b72&aaa00e7a9767fdb7316216e8ebdd0844&abe49af70814257bc4321a8b3601b06a,https://v25.tiktokcdn-us.com/c52087be81ddc17aeb8dbe88ab9f09a9/61e4f7a2/video/tos/useast2a/tos-useast2a-ve-0068c001/99d27d54a7b143af86fa5f55f0b033eb/?a=1233&br=2832&bt=1416&cd=0%7C0%7C0&ch=0&cr=3&cs=2&cv=1&dr=0&ds=3&er=&ft=c~.Zm4L-gXoInz7T&l=2022011622583501011313510503118D39&lr=all&mime_type=video_mp4&net=0&pl=0&qs=14&rc=am5zdDw6ZmhqNjMzNzczM0ApNGk2aTVmZWU7N2U7Zzk7O2dtNGtncjRnb2hgLS1kMTZzc2I2LS8vNDUwX2A0My8xLjU6Yw%3D%3D&vl=&vr=
15,v09044g40000c2jv6hga6lvlhf9ml8fg,21221,1844886&1518566&799751,8a6a1226283ece8e40a9c408c39209b6&57064a834f95116a38fd11778ce41502&369ac1a4ab5ae74361309372bd7c6b06&eeca54b64b532d0084e84d27daffdccd&d32c89a66080d4954b5f3814aa448cd0&01a0d4ffb9be0a4dad22cb5140b68853,https://v25.tiktokcdn-us.com/8a6a1226283ece8e40a9c408c39209b6/61e4f790/video/tos/useast2a/tos-useast2a-ve-0068c001/5b760373d72949838db6ae7478a36a43/?a=1233&br=3602&bt=1801&cd=0%7C0%7C0&ch=0&cr=3&cs=2&cv=1&dr=0&ds=6&er=&ft=c~.Zm4L-gXoInz7T&l=2022011622583501011313510503118D39&lr=all&mime_type=video_mp4&net=0&pl=0&qs=11&rc=ajtwaW9vZGt5NTMzNzczM0ApNGZmZmg1aGU3Nzk2PDo8ZWdjaTZlczNkM2dgLS1kMTZzczY2YGAyMzAwMjIzMWBjYDY6Yw%3D%3D&vl=&vr=
16,v09044g40000c2a8isdj4q5u8o8d96ag,8264,540308&478499&311419&223721,87502ee36f537d94c97bf96d891bbadc&bb2a431f99330c4131badf3656f5774f&a69a38db2300e936e46d7536a71fb49a&eb90792ae2fcc0a250c9d5a1155415b5&bf5f07a4fbd06f9b259a2da219517e8d&2f24fbd47f4aac03f4269272478508e7&0b94c84e876bf4d9fbb91f21d148568c&13d58ef10b90d5032ff823c8129604de,https://v25.tiktokcdn-us.com/87502ee36f537d94c97bf96d891bbadc/61e4f783/video/tos/useast2a/tos-useast2a-pve-0068/060bd750fbeb462c8e674263b1a14cc8/?a=1233&br=1054&bt=527&cd=0%7C0%7C0&ch=0&cr=3&cs=2&cv=1&dr=0&ds=3&er=&ft=c~.Zm4L-gXoInz7T&l=2022011622583501011313510503118D39&lr=all&mime_type=video_mp4&net=0&pl=0&qs=14&rc=ajlncnh0bXY7NTMzNzczM0ApPDs8Nzk0ZmVmN2c3M2lkO2deNjU1MjFhZl5gLS1kMTZzcy8uXjMtYTJiX2BjMjIuNjQ6Yw%3D%3D&vl=&vr=
17,v12044gd0000c7d0b4bc77uekfci7l50,11770,680590&563748&390091&298756,191d041e381515e1164dc03f4f59bc8e&e5351f373fc6e8e80acf3e42021673bd&69ddaf32b1d68ce0fc69a01481f2a586&b70ad2b595e48670e1d67c69d219ca4f&6d3835bf73b080b0ab92a759c98e55fe&490023c24b7a19bd4cc2d2c9737a4802&46ddb5de5d5d8eddf905b2053f212aec&67f5711a2c02249bfd81348b09106719,https://v25.tiktokcdn-us.com/191d041e381515e1164dc03f4f59bc8e/61e4f786/video/tos/useast5/tos-useast5-ve-0068c003-tx/724514e92b8043a6947f02201f7c50ab/?a=1233&br=1328&bt=664&cd=0%7C0%7C0&ch=0&cr=3&cs=2&cv=1&dr=0&ds=3&er=&ft=c~.Zm4L-gXoInz7T&l=2022011622583501011313510503118D39&lr=all&mime_type=video_mp4&net=0&pl=0&qs=14&rc=M29saWg6ZjczOjMzZzczNEApZ2hkaDY8NmQ7N2hnNjplaGcyNGBocjRfX2FgLS1kMS9zc2I2YzFeNTYyMTAyL2ItMmA6Yw%3D%3D&vl=&vr=
18,v10044g50000c6c36brc77u6q3q4r3og,25354,583702&337395&211799,7cfe763cb895f659da6cc25145b9dace&a966c3f42946d53cc2dee735d86727b6&a79bcd138370b0159ca5a21ccb6ea8b8&ab543cbae46745029b40eca6423a4fe0&f2b30a21eae348f36e152fbe461ec5cf&03de378c941199ae9dc611bc362c470c,https://v25.tiktokcdn-us.com/7cfe763cb895f659da6cc25145b9dace/61e4f794/video/tos/alisg/tos-alisg-pve-0037c001/0fcd2e46f8c24166a41b1a8f9f5a534e/?a=1233&br=1140&bt=570&cd=0%7C0%7C0&ch=0&cr=3&cs=2&cv=1&dr=0&ds=6&er=&ft=c~.Zm4L-gXoInz7T&l=2022011622583501011313510503118D39&lr=all&mime_type=video_mp4&net=0&pl=0&qs=11&rc=ajY3Njk6ZmU2OTMzODczNEApaDU1ODpnZzxmNzNmZGg4M2dsb25ucjRvM2BgLS1kMS1zczEuMDQxM2M0NS9jMWA0My46Yw%3D%3D&vl=&vr=
19,v09044970000c15qot31m2ohdov0nv80,7637,599575&441121&262117&179080,c654872c8cfde9421282ea28efb0a91a&831ff0cbdc7ea9f6931bd55f2b32a11f&61f5c2a1360d73ee8d46755faada7415&1e8d2a1cec34b774122c2f5fc4545cb3&73c01aa90e426bdd808b0f421bade251&25ce1015a828b932fbdeb82f60908fdf&6ccfb10a18392cd0beb2e0c7b9b9cd12&b5e5613b397ff230494373f5e4ea1ec7,https://v25.tiktokcdn-us.com/c654872c8cfde9421282ea28efb0a91a/61e4f782/video/tos/useast2a/tos-useast2a-ve-0068c002/9a2794aa230541308cc5eca4e5bafa23/?a=1233&br=1170&bt=585&cd=0%7C0%7C0&ch=0&cr=3&cs=2&cv=1&dr=0&ds=3&er=&ft=c~.Zm4L-gXoInz7T&l=2022011622583501011313510503118D39&lr=all&mime_type=video_mp4&net=0&pl=0&qs=14&rc=M3kzcms1NHd0NDMzOjczM0ApZGc7OjU6PGQ3Nzg4aTozZGc1a3NhbGowbDJgLS02MTZzcy82YjItMV9iLV8vYjEwNF86Yw%3D%3D&vl=&vr=
20,v09044f40000bq3sfh273oo36di7q7bg,15416,735858&566761&327403,2ee16e1b6642403c82dd9c45106763e1&86c71723ff640fbdc4568c070d7b31b4&71b6a9d4cb246bf024179180f60a0cfa&6e274329b3a4ee53f4d079e27cecf99a&dfd1ebbb90bc698f8bb3d8b99f2a7185&c727f7c0ce2a7b9151bd26867ba927aa,https://v39.tiktokcdn-us.com/2ee16e1b6642403c82dd9c45106763e1/61e4f813/video/tos/useast2a/tos-useast2a-pve-0068/1a4eb2b04b464350bb484bfe194ad9cb/?a=1233&br=1436&bt=718&cd=0%7C0%7C0&ch=0&cr=3&cs=2&cv=1&dr=0&ds=3&er=&ft=c~.Zm4L-gXoInz7T&l=2022011623005201011313506815175980&lr=all&mime_type=video_mp4&net=0&pl=0&qs=14&rc=ajo6ZzZyOmt2dDMzNzczM0ApZGkzNmk6MzszNzs8NGRlOGdfbmYzbDAvYzBfLS1jMTZzczEyLy9fMDFjMWBiXmFjM2A6Yw%3D%3D&vl=&vr=
21,v07044420000c199u5s35dppe9q0d1j0,8032,700067&442899&309569,6e25b265bcc40809ad1cef5aafff18d8&e3fc7d1c29744b4a75e165ef9a431219&2ab6fe97951cf6d0c7498e230fe1a655&eae5a20b2a74a56eea2da215c7900187&0a3aead3bbe229eed1d09c4638a3c22c&8558dd0d813c58edd6e22ce138401503,https://v39.tiktokcdn-us.com/6e25b265bcc40809ad1cef5aafff18d8/61e4f80b/video/tos/alisg/tos-alisg-pve-0037c001/202e295a089748c1b884ab25998a2b3a/?a=1233&br=1366&bt=683&cd=0%7C0%7C0&ch=0&cr=3&cs=2&cv=1&dr=0&ds=6&er=&ft=c~.Zm4L-gXoInz7T&l=2022011623005201011313506815175980&lr=all&mime_type=video_mp4&net=0&pl=0&qs=11&rc=MzQzPHNnNjg8NDMzNTczM0ApOTk5aGRlOjw6Nzg7NTxnZmdnYW5ibTJwcjZgLS0xMTRzczZfMTZjMGEyYDA0LmJfMWM6Yw%3D%3D&vl=&vr=
22,v09044g40000c1n21093do78fvgam52g,14928,1985159&1630658&653285&420754,e24fe7d53e2bbb91c7a08ecb48e4a5f1&fdb1332de57977a2aee30efacc784f48&d2e4b62593590e30a0de39b37c14a9f9&a74a360788767870c343946b71eb67f1&3e1838146b8ceff34968f6170770af23&898c5ef9fb8271ce2a5691c53f47bd83&eb72e523ed62768d5a4f5d77493c34e3&d803093958260e1a52da915c69b6565a,https://v39.tiktokcdn-us.com/e24fe7d53e2bbb91c7a08ecb48e4a5f1/61e4f812/video/tos/useast2a/tos-useast2a-pve-0068/21c531d693a240fbb4c2d8a41a8caa19/?a=1233&br=3876&bt=1938&cd=0%7C0%7C0&ch=0&cr=3&cs=2&cv=1&dr=0&ds=3&er=&ft=c~.Zm4L-gXoInz7T&l=2022011623005201011313506815175980&lr=all&mime_type=video_mp4&net=0&pl=0&qs=14&rc=ajhkeTtyNjM1NDMzNzczM0ApZjY7NmdpO2U3N2c0ZWlnZWcvamRjNGE2LmtgLS1kMTZzc18xMmMuLzMuLy4xMGMwYWI6Yw%3D%3D&vl=&vr=
23,v09044ad0000c0qnh58p8rsb4e7eg120,14208,881638&644122&349950&209351,dfa5aa90a10d16f8385b092ae3d13f4c&13f61646c95852107aed432cbe5f2289&a0f52ccc7dd8cc772d84a187b02b2d80&a8235407c0684e2694d963f91a69494b&100eff17307cfadadad0891e1352e0e8&ac9bb191697dae18ed064211099249e8&736d8b46e48521db97c358e240d23d6c&1199b7853769657aca54e897f222a4c0,https://v39.tiktokcdn-us.com/dfa5aa90a10d16f8385b092ae3d13f4c/61e4f812/video/tos/useast2a/tos-useast2a-ve-0068c002/78aa8b14fb054a35b79487b137b29b3c/?a=1233&br=1720&bt=860&cd=0%7C0%7C0&ch=0&cr=3&cs=2&cv=1&dr=0&ds=3&er=&ft=c~.Zm4L-gXoInz7T&l=2022011623005201011313506815175980&lr=all&mime_type=video_mp4&net=0&pl=0&qs=14&rc=MzRoaGV1czhxMzMzZzczM0ApO2Y3aDtkPDxpNzQ5ZmQ3OGcvZDQxcDU1ZW5gLS1eMTZzcy5gMS4wXzJiLWM0MDAvMTI6Yw%3D%3D&vl=&vr=
24,v09044g40000c6bjhcrc77ue1odlkdo0,7940,604161&439135&296553&183383,bb2029fb8668e4de9059e924f2163dbf&274263a92933c24795846a5495853d72&d52ddd90b69aa7cbdaeeb164d8e2dd38&7aefb5614fcc8a7580e5385476e16acb&9a1284e878361a158a208282a7baf2c6&fc60205161042825be0a249788b69c30&6991d790a72b17fd66be896a9edfac88&e1964e0f8b78bcd51681c6f1a9a411fd,https://v39.tiktokcdn-us.com/bb2029fb8668e4de9059e924f2163dbf/61e4f80b/video/tos/useast2a/tos-useast2a-ve-0068c004/53037072e7ea46719f71503983e53896/?a=1233&br=1180&bt=590&cd=0%7C0%7C0&ch=0&cr=3&cs=2&cv=1&dr=0&ds=3&er=&ft=c~.Zm4L-gXoInz7T&l=2022011623005201011313506815175980&lr=all&mime_type=video_mp4&net=0&pl=0&qs=14&rc=M2dvcmg6ZmZtOTMzNzczM0ApNWg6aWY2aGU8NzdpOWc7OWdsaGEucjRvZV9gLS1kMTZzc15hLjIzXmIxNWNeYjUwYGA6Yw%3D%3D&vl=&vr=
25,v09044g40000c2t3lrho1amdn3nre0s0,5013,756227,006d80cb5a030e255ba9b2a6753fcb27&94af57967dcd5a0d7fe08aae9ad43e73,https://v39.tiktokcdn-us.com/006d80cb5a030e255ba9b2a6753fcb27/61e4f808/video/tos/useast2a/tos-useast2a-ve-0068c004/e99cb9d5a11d4ac7a496622b02f8a9ad/?a=1233&br=1476&bt=738&cd=0%7C0%7C0&ch=0&cr=3&cs=0&dr=0&ds=2&er=&ft=c~.Zm4L-gXoInz7T&l=2022011623005201011313506815175980&lr=all&mime_type=video_mp4&net=0&pl=0&qs=0&rc=MzN1NmdkcnU2NTMzNzczM0ApNjk0Z2c7Zzs4NzRmMzYzM2dwYmtrai5laXFgLS1kMTZzc2BiNV4zNTEyNjQ0XmEzMS86Yw%3D%3D&vl=&vr=
26,v09044g40000c4mg0q3c77u950nmju0g,19177,3191109&1932525&1342438&707823,30e6787b14309327b7109175799e90a5&fac710f40d565c03f10b65de50c9fdbb&278e97bda4448d2909c940fd345dec5b&4425e95b7928cfe57a191a9681e24f6b&c5a39c03013e72354e296f05001f1f78&2db0a247269cf3de47de973fb7bcc8d2&9c1d66cfbf8ec7713082165e346e974e&01e83a55b6cfcd30ce57b3c4875f39f2,https://v39.tiktokcdn-us.com/30e6787b14309327b7109175799e90a5/61e4f817/video/tos/useast2a/tos-useast2a-ve-0068c003/1578429937b3407ab574c8a84355dafb/?a=1233&br=6232&bt=3116&cd=0%7C0%7C0&ch=0&cr=3&cs=2&cv=1&dr=0&ds=3&er=&ft=c~.Zm4L-gXoInz7T&l=2022011623005201011313506815175980&lr=all&mime_type=video_mp4&net=0&pl=0&qs=14&rc=anhwMzw6ZnRqNzMzNzczM0ApOTxoaWhlOjs6NzM3OzQzO2ctZ2sycjQwLWpgLS1kMTZzcy1hXy9jXmIyMjFjXzIyMS06Yw%3D%3D&vl=&vr=
27,v09044g40000c2q01jk1se6edeiqos2g,20896,1262211&1035288&794761&542759,b2ad1f52dc993316032fccfda55d1f54&022bb46a43269d0ee1677ebeda5d0dbf&6eeff24453037410de38a7505173f3cd&796899c4a0361f5cfee6728d46a01ddf&0bb02484453d536fe8cb748fbc32223f&f278ef2eb3afe6835484fef0f8b9bc8a&681f7900e95044f9536f5d4ae2caccb9&b38c2bfed05429e6281c8360e895a18e,https://v39.tiktokcdn-us.com/b2ad1f52dc993316032fccfda55d1f54/61e4f818/video/tos/useast2a/tos-useast2a-ve-0068c001/032f2f8815304c9394dd37c63db334a2/?a=1233&br=2464&bt=1232&cd=0%7C0%7C0&ch=0&cr=3&cs=2&cv=1&dr=0&ds=3&er=&ft=c~.Zm4L-gXoInz7T&l=2022011623005201011313506815175980&lr=all&mime_type=video_mp4&net=0&pl=0&qs=14&rc=anZ0aGhoNG0zNTMzNzczM0ApOWRpPDxnOGVoN2Y3OTVmO2cvbGZhM3BoLm5gLS1kMTZzczFhYjU2NWAzXjAuLS8uLi46Yw%3D%3D&vl=&vr=
28,v09044g40000c4ohat3c77u88dlsgkjg,9542,942322&447409&317248,d299de011f64940d3f8fd44dca7ed65c&4b0e05f0ed4b635df20a74ea82f6b0a0&c166cc3c99c863f27d4db4a8a937b57a&45b20da330ade962b7d3c8e625e701f2&66a50f82b0e37ecae11421e5e795d60c&f8fdd0f131b8ed03e37ceaa9f3834042,https://v39.tiktokcdn-us.com/d299de011f64940d3f8fd44dca7ed65c/61e4f80d/video/tos/useast2a/tos-useast2a-ve-0068c004/c54e4db20e74481fa121eb15af5f85e5/?a=1233&br=1840&bt=920&cd=0%7C0%7C0&ch=0&cr=3&cs=2&cv=1&dr=0&ds=6&er=&ft=c~.Zm4L-gXoInz7T&l=2022011623005201011313506815175980&lr=all&mime_type=video_mp4&net=0&pl=0&qs=11&rc=am52Zzs6ZndrNzMzNzczM0ApaTU3PGc5N2U1NzM1Nzk1OmdnZGk1cjQwXmxgLS1kMTZzc2AtXjAxXy8yMGIwNS5jXzA6Yw%3D%3D&vl=&vr=
29,v09044g40000c39ork8o4qnr8507sfp0,17019,2400024&1680624&812197&524204,3826f3230139b1e76d0fb5968b48adf0&e2198b04d59ceb939cb63df721b681a4&3c4609b24ecb66bb8edc38edf55aedd9&1f50fd8750403d0d6f1e57ef01cfecad&bc2020ee6d6c90f0807cbf1bf1d286d4&66d39fe9fd3130dda56b08a19a7637fb&2740a5239d8819e8a91617a2da11ce8c&a9376e295faeffaac6cfbbddb010871b,https://v39.tiktokcdn-us.com/3826f3230139b1e76d0fb5968b48adf0/61e4f814/video/tos/useast2a/tos-useast2a-ve-0068c003/b2f1a5a1d3f0448f9fb4b5a037c92027/?a=1233&br=4686&bt=2343&cd=0%7C0%7C0&ch=0&cr=3&cs=2&cv=1&dr=0&ds=3&er=&ft=c~.Zm4L-gXoInz7T&l=2022011623005201011313506815175980&lr=all&mime_type=video_mp4&net=0&pl=0&qs=14&rc=M2k6OHV0cm5yNjMzNzczM0ApZWg8aDs6N2Q1NzYzOzk5NmdtcC01azE1bzZgLS1kMTZzcy82LzUtNjIxLWJiY141Ly46Yw%3D%3D&vl=&vr=
30,v090443b0000bu7hkfqqsv284dioh21g,15555,689791&625195&437373,0de33e96d4f4f4ad1f46c389a503b9ea&a08b282fbb56b66a46504e537c1a648e&05d3026a7ee138d8690156b78791ec86&266a13171a06e81a543d545f223fc8cb&ba925bc3584ecdf64822bc1fac6ccbbf&50dfaa4f718d5d3a8540bd7d19cb0bd9,https://v19.tiktokcdn-us.com/0de33e96d4f4f4ad1f46c389a503b9ea/61e4f850/video/tos/useast2a/tos-useast2a-ve-0068c002/9e8ed43555484c4b83d5257edb9435d0/?a=1233&br=1346&bt=673&cd=0%7C0%7C0&ch=0&cr=3&cs=2&cv=1&dr=0&ds=6&er=&ft=c~.Zm4L-gXoInz7T&l=2022011623015301011300613205107B56&lr=all&mime_type=video_mp4&net=0&pl=0&qs=11&rc=ajVyZzt5dGlreDMzZTczM0ApZzw0Ozk2OmQ0NzVoOWRnZmcuZWYxL3BuaDRfLS0wMTZzc2IyMC1jNF40XjY2LTAwLzQ6Yw%3D%3D&vl=&vr=
31,v09044g40000c2ft710bf79t3vkd0gvg,19293,1718431&1264133&618854&381743,cd36bb75abfaa318df41603569b52d1b&bb3e5fb09363badf2eafa09f7e94a9b1&dca61662c3f2066e49ee5ca539b0ef91&78aa81c21f427f76223979ac715cb6f3&478d5f2bac27c9b13feafc97cdf6ed36&74d60bebd03da24f7769642122c41140&2e116572da933b8c9cccca2cd66ba2cf&de90ea36631adf8e5f6603b0f0254c5e,https://v19.tiktokcdn-us.com/cd36bb75abfaa318df41603569b52d1b/61e4f854/video/tos/useast2a/tos-useast2a-pve-0068/4b429b6507504a9cba99f12e0d4afe8a/?a=1233&br=3356&bt=1678&cd=0%7C0%7C0&ch=0&cr=3&cs=2&cv=1&dr=0&ds=3&er=&ft=c~.Zm4L-gXoInz7T&l=2022011623015301011300613205107B56&lr=all&mime_type=video_mp4&net=0&pl=0&qs=14&rc=ampneXc6ZTR3NTMzNzczM0ApN2ZlPDdlaGUzNzM2OmU6PGdzLWgwNmMtNGNgLS1kMTZzcy8uMDEtLTJiMWAyM181LTU6Yw%3D%3D&vl=&vr=
32,v09044g40000c42sjhbc77u591u34mdg,16600,1143137&860555&523772&365504,d8b87eca5c4beb65b62fbaf8f9754b0a&b467e1c1910f7804226640f2743da87e&2da48c56b011663f074b1f3dbe9ac960&314b0b898645b26ed79237e6b7237280&02c9617df00dade08d69cf0225f4e701&d2406851e442edf55cda01c8ed73c47d&6135640f4126fe67b2bff79ee9cdb8d3&748a64a7d289f16834deffc4352ae57b,https://v19.tiktokcdn-us.com/d8b87eca5c4beb65b62fbaf8f9754b0a/61e4f851/video/tos/useast2a/tos-useast2a-ve-0068c002/7da2afaad80f404fb164f84d77c8ba4d/?a=1233&br=2232&bt=1116&cd=0%7C0%7C0&ch=0&cr=3&cs=2&cv=1&dr=0&ds=3&er=&ft=c~.Zm4L-gXoInz7T&l=2022011623015301011300613205107B56&lr=all&mime_type=video_mp4&net=0&pl=0&qs=14&rc=anA2NDg6Zmt2NzMzNzczM0ApOzs7ZGQ5ZzxkNztlNTlnaGdhMXI2cjRfZy9gLS1kMTZzczUuLjJjMTFeNTIyMC0vYy46Yw%3D%3D&vl=&vr=
33,v09044g40000c1n6fgrivpn8c64va3mg,15276,1055778&904129&638191&402855,62640410ecf0dfcff40f5e0ab6960b6a&5af8c712d4955402d71f04ca8383df3b&d43bc56d17d89d29b0b31d7dafa2b560&a9cf85c893c78811c8a48fe51892f6fe&d032da321361bb8489579b28789061e4&e5996c803663080fff162182159cbe51&2f9c19286aacc7777d9dc6a34ba73055&8163016560ade797774e3e50c158149c,https://v19.tiktokcdn-us.com/62640410ecf0dfcff40f5e0ab6960b6a/61e4f850/video/tos/useast2a/tos-useast2a-pve-0068/0d6b12d875944f93abce543a86449ffc/?a=1233&br=2062&bt=1031&cd=0%7C0%7C0&ch=0&cr=3&cs=2&cv=1&dr=0&ds=3&er=&ft=c~.Zm4L-gXoInz7T&l=2022011623015301011300613205107B56&lr=all&mime_type=video_mp4&net=0&pl=0&qs=14&rc=ajZ5OTtzbGo5NDMzNzczM0ApPDc3ZTw6OzszN2UzO2Q1ZWdqXjFga3NvY2tgLS1kMTZzcy8wNTQwLy41L2BiYjEzMzI6Yw%3D%3D&vl=&vr=
34,v12044gd0000c736h5bc77uakasifot0,40843,832150&688079&457089&341092,c2f39bf5e6c0d700abf97339d6c054af&0df250abb21b6a10300969453afe4bfc&f57400575acfe8694eb53aa38dfa14e8&22add509f00ac05e3f29cd4be853c38a&397a12d7e74bd67dda1b98b4d884e493&aec46d2f46c9e0f2884842b3c9ad9c44&77581ba16e78b73d94b2956f6cbc396b&9f1cf127b595705f19d64abcdddc1598,https://v19.tiktokcdn-us.com/c2f39bf5e6c0d700abf97339d6c054af/61e4f869/video/tos/useast5/tos-useast5-pve-0068-tx/967c907d787f47d1ba726183ac03a2a0/?a=1233&br=1624&bt=812&cd=0%7C0%7C0&ch=0&cr=3&cs=2&cv=1&dr=0&ds=3&er=&ft=c~.Zm4L-gXoInz7T&l=2022011623015301011300613205107B56&lr=all&mime_type=video_mp4&net=0&pl=0&qs=14&rc=M3JsZGQ6Zjg5OjMzZzczNEApNDlkOjo5ZjxmNzc8NjVpOGdxY3BocjRfZTBgLS1kMS9zczY2NjAyXjBfYi8xLzIuY2A6Yw%3D%3D&vl=&vr=
35,v07044550000c07os0nir75n464p64cg,8589,247151&169174&126295,d0ff1b1f8da94888abf25b9cfc78e855&82d4174685ea029e531183affd6d7cba&ab1f971e6d29f1ed3883b4e3f2419be1&b9ce44537b0a9ef308a3b8c0eda9dd89&f700d655c34f41b7ba404fb2c10c8990&77dd481e7fc70845df33c86b2f57fa82,https://v19.tiktokcdn-us.com/d0ff1b1f8da94888abf25b9cfc78e855/61e4f849/video/tos/alisg/tos-alisg-pve-0037c001/88d0a2f0d8fd40f699e281a9c3b021f0/?a=1233&br=482&bt=241&cd=0%7C0%7C0&ch=0&cr=3&cs=2&cv=1&dr=0&ds=6&er=&ft=c~.Zm4L-gXoInz7T&l=2022011623015301011300613205107B56&lr=all&mime_type=video_mp4&net=0&pl=0&qs=11&rc=ajdzOXE6bDNyMzMzODczM0ApNTk1aTU8OGRoNzdoM2Y5aWdgMzExMm9rcDRgLS0yMTRzcy0zMTEyXmAvYi81MzAxLWI6Yw%3D%3D&vl=&vr=
36,v09044690000bugd0qjemvd778npkaug,8728,1625869&1015423&736932&474604,37a98a393cd8ccab52ebef5c804a27e2&2664e31c5e507bf5daadabdd90e7dca5&b3b2987c4589fe5bcb6678fcb7cda01e&817b1781a28a3bac1681787bc5bfa061&8f978a6f098d6eb1e6f13bec4df11b69&ed491e5d764c5be94e664b5d75a93ca8&15d365f6752bf94f10bc50c9584bcaf9&c63b7ef450a48eaad30f4211e47b81bd,https://v19.tiktokcdn-us.com/37a98a393cd8ccab52ebef5c804a27e2/61e4f849/video/tos/useast2a/tos-useast2a-ve-0068c003/577f7868462848419672cfb56e32c139/?a=1233&br=3174&bt=1587&cd=0%7C0%7C0&ch=0&cr=3&cs=2&cv=1&dr=0&ds=3&er=&ft=c~.Zm4L-gXoInz7T&l=2022011623015301011300613205107B56&lr=all&mime_type=video_mp4&net=0&pl=0&qs=14&rc=amRzOzp5aHRneDMzPDczM0ApZGc2NmRoZDxpN2hlOTw1NWdyaGs0YWpnLWRfLS0zMTZzc2IzYV8xMmBiLTAuMC4wNC86Yw%3D%3D&vl=&vr=
37,v09044g40000c4oflj3c77ue62ip6i7g,18829,1005587&678099&416779,ee1c485c48a6d65cdd1b8e32bb268be7&52a125ef24bb16ceb86a665442b2dbc4&12d189ed681fb2454d8be228c876e855&98d1d0c44640bf006817cf4aa7529d5a&54fe8c58de1fe73da468fbefe2c3f816&1acdf712a7a162486c190350670bd2d2,https://v19.tiktokcdn-us.com/ee1c485c48a6d65cdd1b8e32bb268be7/61e4f853/video/tos/useast2a/tos-useast2a-ve-0068c004/ba81bb2590184a42916525640ac6a34f/?a=1233&br=1964&bt=982&cd=0%7C0%7C0&ch=0&cr=3&cs=2&cv=1&dr=0&ds=6&er=&ft=c~.Zm4L-gXoInz7T&l=2022011623015301011300613205107B56&lr=all&mime_type=video_mp4&net=0&pl=0&qs=11&rc=amxzNWg6Zm1pNzMzNzczM0ApOTpnNDZkZ2U3Nzc7Zzg4OWc0M2YzcjQwaWxgLS1kMTZzc2AyNmA1MTRgNS40LjViM186Yw%3D%3D&vl=&vr=
38,v09044900000c1gk48v7hc99pahqgrq0,8637,2052471&1561356&980982&642068,bccd50cf99f9ee461d0c3ea3549905d3&b37a8f175a81cfae907bbfd999802a15&aeae98d6e19e7045dcd6952f2b796bdf&822bdbc23ba70c25b38b18b02e505753&1f4a55dc34a72789e27d29f557fb3f01&85cb856117d243b7002e42956977cfdc&b2bd236f6ee4d47bcd57c7d8e14423b4&6abbe4d937427e19bdfd9b0b2ae88005,https://v19.tiktokcdn-us.com/bccd50cf99f9ee461d0c3ea3549905d3/61e4f849/video/tos/useast2a/tos-useast2a-ve-0068c002/7eeeb48d29a048fb8a43c2e4f44e7786/?a=1233&br=4008&bt=2004&cd=0%7C0%7C0&ch=0&cr=3&cs=2&cv=1&dr=0&ds=3&er=&ft=c~.Zm4L-gXoInz7T&l=2022011623015301011300613205107B56&lr=all&mime_type=video_mp4&net=0&pl=0&qs=14&rc=M3V0ZDxmOjtuNDMzMzczM0ApOmUzOjc6aGQ5N2k2O2c2ZmduZGVtNmVzMWRgLS02MTZzc2FeM2MtMTEvMy8uNDA2NmI6Yw%3D%3D&vl=&vr=
39,v09044fd0000buhfv1j9iufl0fi5ir5g,19502,568440&460718&327550,c4243125fdfe8e571512107ff07adb38&ff4905c3f8c5e43d9e0fe80445dfcd83&0a6f7bb7b9d380a667c847203580b4b3&4d9e27e3e018278e944f163f472e14b1&9fe6ca3871d78f1bda6a996be835d9f7&57d60fb61561c13e4e5cf76d1531a6f0,https://v19.tiktokcdn-us.com/c4243125fdfe8e571512107ff07adb38/61e4f854/video/tos/useast2a/tos-useast2a-pve-0068/a27f7933c7584a20ab3fd6eb8b24a7cc/?a=1233&br=1110&bt=555&cd=0%7C0%7C0&ch=0&cr=3&cs=2&cv=1&dr=0&ds=6&er=&ft=c~.Zm4L-gXoInz7T&l=2022011623015301011300613205107B56&lr=all&mime_type=video_mp4&net=0&pl=0&qs=11&rc=anU4aW94PDRpeDMzZzczM0ApZ2U2ZTU7ZDw5NzNoZDg5NGcyZmYtY2Znc2VfLS1jMTZzc2MxMmJeL2BeMzM2XmIvMTQ6Yw%3D%3D&vl=&vr=
40,v12044gd0000c797pgbc77ucq7ijquug,16995,298431&235242&154197&125184,470ad8a0e08a28dd8dd5925fe48b09ea&7bfb115c3d79ee106d157676c8d6a8b4&cd9a615da538eb8cc5d243f28c28ad55&428127f9930ab85636b5e3f0a64a9704&c3bbd397f9e817b20b515a17b90d0e7f&9e0d02136bf136847465731742c5ef0f&3a7d272f57e2b30629026cdbd65d2c9f&93538a1773d9dd780bbd967a174ca5e3,https://v19.tiktokcdn-us.com/470ad8a0e08a28dd8dd5925fe48b09ea/61e4f8b4/video/tos/useast5/tos-useast5-pve-0068-tx/f62e02f024c540c89a00998f535a6845/?a=1233&br=582&bt=291&cd=0%7C0%7C0&ch=0&cr=3&cs=2&cv=1&dr=0&ds=3&er=&ft=c~.Zm4L-gXoInz7T&l=202201162303320101131350202715093F&lr=all&mime_type=video_mp4&net=0&pl=0&qs=14&rc=anhtOmY6Zmo6OjMzZzczNEApOjM6NDc4aWRkNzVlODRpOWdybmZucjRfbTZgLS1kMS9zcy4vYmFhMV5jMzZeNjY1XjY6Yw%3D%3D&vl=&vr=
41,v09044g40000c3gscaris849rbdm91rg,14975,1649189&1352918&1157202&784297,bb60ca4df92bdea189b004c1d54166e4&990e95141898b0b59b68c6f7f9903276&c59533bf3541614ec03358ef9dc1acf8&2bab1dbdc19128ad864741091a6d78b8&773cee0b07fc910082dc07ccc7756ab4&e0bdae4930d0959f8d8554c05b13cf31&9b2ac1ae0ecf749b6664923d78c7057e&269c5374387063814cd5c243f63566a4,https://v19.tiktokcdn-us.com/bb60ca4df92bdea189b004c1d54166e4/61e4f8b2/video/tos/useast2a/tos-useast2a-pve-0068/9d511f5263d34272a97a3e7ab284c1ce/?a=1233&br=3220&bt=1610&cd=0%7C0%7C0&ch=0&cr=3&cs=2&cv=1&dr=0&ds=3&er=&ft=c~.Zm4L-gXoInz7T&l=202201162303320101131350202715093F&lr=all&mime_type=video_mp4&net=0&pl=0&qs=14&rc=ajRwZTw7bGR2NjMzNzczM0ApNGg7ODYzNTxpNzw8aTllNGdvNmFvMXBvYGRgLS1kMTZzczIxXi1hNmJeNS02YS1gXjU6Yw%3D%3D&vl=&vr=
42,v09044g40000c3mrtfbc77uahb02m4jg,7149,1009186&814846&469416&322285,6dac46036a44db339a5d6cd9bdfbc081&15d9c33bb512d7f406d0aa2a9daa2399&2c46ed0585253cf2d75ec7e6cd9af8af&160219afac865298e78670259a5d289f&edef86e9ab9d81c93b334ad318768c89&0399e200c609a01773f4f78d34821277&4c0b48f3b7cd1de7b273526a009713cd&8c7abf23a37a0563cda3249728b4db10,https://v19.tiktokcdn-us.com/6dac46036a44db339a5d6cd9bdfbc081/61e4f8aa/video/tos/useast2a/tos-useast2a-pve-0068/3ebc7ee2989f443883330b31dfab49f4/?a=1233&br=1970&bt=985&cd=0%7C0%7C0&ch=0&cr=3&cs=2&cv=1&dr=0&ds=3&er=&ft=c~.Zm4L-gXoInz7T&l=202201162303320101131350202715093F&lr=all&mime_type=video_mp4&net=0&pl=0&qs=14&rc=ajc1ZWQ6Zml1NjMzNzczM0ApOWg2NjxmNDw2NzY8OTg4Z2dnai1lcjRfcWpgLS1kMTZzczA1LWJgYy9jYi9eMGIvXjY6Yw%3D%3D&vl=&vr=
43,v09044g40000c442udjc77u82pan8nr0,10773,532271&468564&315901,03bdb4d80ca4716276f7091fbc53085a&7570d28104a365a70bc2162d8dd5bf6b&da1ed5fea303139311037746de30f4ff&82c0869594ed45fe0d3234c0a2f386be&790e94fe3e6e82cf8f4aa68ff0fd7ac4&264c3f5186457de92cc579b25b0aa041,https://v19.tiktokcdn-us.com/03bdb4d80ca4716276f7091fbc53085a/61e4f8ae/video/tos/useast2a/tos-useast2a-ve-0068c004/8ef5572352a949ec98150aec8025dd70/?a=1233&br=1038&bt=519&cd=0%7C0%7C0&ch=0&cr=3&cs=2&cv=1&dr=0&ds=6&er=&ft=c~.Zm4L-gXoInz7T&l=202201162303320101131350202715093F&lr=all&mime_type=video_mp4&net=0&pl=0&qs=11&rc=M3Fxczs6Zmc1NzMzNzczM0ApOWdkPDllaDtlNzs0aDdmNmdvNV4vcjRncjFgLS1kMTZzczFiXzQzNjU0NV9fLWBfXl86Yw%3D%3D&vl=&vr=
44,v09025g40000c5tphj3c77u9non5uja0,11632,391326&216922&156694,7487d603136c41727edfff753d4d83de&35a1cfed6c881b61c5822336beadfb56&afd8b984edc1bf02e4f0e2f9ed5c3a1c&de8803645838a5b27b7f8a75256fffbc&2285113b5713eed73e0b4a1e8b44c8f7&0cd9d1c39c285fbdd6bc4dbcc9c34190,https://v19.tiktokcdn-us.com/7487d603136c41727edfff753d4d83de/61e4f8af/video/tos/useast2a/tos-useast2a-pve-0068/0db5a52be4814ca482755ba7b47a0966/?a=1233&br=764&bt=382&cd=0%7C0%7C0&ch=0&cr=3&cs=2&cv=1&dr=0&ds=6&er=&ft=c~.Zm4L-gXoInz7T&l=202201162303320101131350202715093F&lr=all&mime_type=video_mp4&net=0&pl=0&qs=11&rc=M204cjw6Zm1zODMzNzgzM0ApZmZkOGdkaTs0NztmODk3aGdecmtrcjQwZXFgLS1kLzZzc2BjMWAwLTRfMC8wYmAuNGI6Yw%3D%3D&vl=&vr=
45,v09044g40000c31h4berlhljq0la6gmg,11702,1276937&955175&436320&297005,e0a2116cc3b8a108070548623b636ef7&d1b895816728956a6c12121ded0f4234&68993eac1c0e988295e73d1279067e09&8feb24a8f282ac051fc81060842183d4&c246f7577aec5ed64498c57ce5b24b74&643255f962ab3d11925853df991760f7&e9540b161a849b453bc75cc956bd6bcf&5022f36f4f5c7d372e092dafb9fade0b,https://v19.tiktokcdn-us.com/e0a2116cc3b8a108070548623b636ef7/61e4f8af/video/tos/useast2a/tos-useast2a-ve-0068c001/c3efc14c6e3045bb9d9a7123d0c5447d/?a=1233&br=2494&bt=1247&cd=0%7C0%7C0&ch=0&cr=3&cs=2&cv=1&dr=0&ds=3&er=&ft=c~.Zm4L-gXoInz7T&l=202201162303320101131350202715093F&lr=all&mime_type=video_mp4&net=0&pl=0&qs=14&rc=ampkM21rdWVrNjMzNzczM0ApZ2g5Njs0PGVoNzNkNzdoPGdqM2luaWliMS5gLS1kMTZzczBjYGMyLjQ2My4uLTYyMjE6Yw%3D%3D&vl=&vr=
46,v09044g40000c3r8kabc77u0jldggbg0,12769,2330361&1704943&1469448&996082,b3185f3d2c9a03eb479fcfb99c340749&90e5800d243be8d750024ff55d0409b8&d8771b07e994cf45e44b24ea5aa1a447&b4339a87adb4fc31b9eefd0824f73705&a044c6b1f89dbca0137e7a2ca1247cfa&d3b6a8b10f5bb0e13958c86fdde99997&0777162661c094d3e5b907c634db9a70&0b2c11cb5ec720265aa3d7c6f6ac291d,https://v19.tiktokcdn-us.com/b3185f3d2c9a03eb479fcfb99c340749/61e4f8b0/video/tos/useast2a/tos-useast2a-pve-0068/8cab7da36e664048988304d7ef7a47b7/?a=1233&br=4550&bt=2275&cd=0%7C0%7C0&ch=0&cr=3&cs=2&cv=1&dr=0&ds=3&er=&ft=c~.Zm4L-gXoInz7T&l=202201162303320101131350202715093F&lr=all&mime_type=video_mp4&net=0&pl=0&qs=14&rc=M2VqbzM6ZmQ7NjMzNzczM0ApaDY2PGk8aTs8NzhpPDg8OmdkZGFncjRfaG9gLS1kMTZzcy1jY2BgMF5iMjQwLS8wYGA6Yw%3D%3D&vl=&vr=
47,v09044g40000c4kh153c77u3i2t1e3f0,20710,790267&584037&389756&259282,2a6fc727a2e20a34987192e941a20c9f&c4a8972b633a7113f3d92e3f2824aebb&c5add49b8e58a1ee6c17682468da5735&5555f7886035d781e456ad50ecabeae4&bc3f084ffc9df52f0a904d9c3e812f88&5c91f6f0aeb982959f89a452393fc6ae&26492c10e3829cccf5044778101a9c9d&506a085ad47c51b3ba9b2e445dc33fa9,https://v19.tiktokcdn-us.com/2a6fc727a2e20a34987192e941a20c9f/61e4f8b8/video/tos/useast2a/tos-useast2a-ve-0068c004/fc7e9f17e2344ce89e8aa991b7d0e895/?a=1233&br=1542&bt=771&cd=0%7C0%7C0&ch=0&cr=3&cs=2&cv=1&dr=0&ds=3&er=&ft=c~.Zm4L-gXoInz7T&l=202201162303320101131350202715093F&lr=all&mime_type=video_mp4&net=0&pl=0&qs=14&rc=MzY0NTY6ZjhrNzMzNzczM0ApOGY1OzNoNjs2NzZlM2UzOWdjYnFmcjQwLmhgLS1kMTZzc2IzLy1iNjNeYC4uMTIuLTA6Yw%3D%3D&vl=&vr=
48,v10044g50000c46ig0bc77u3svl4snj0,15439,1003742&711074&460554,27a278fd6505ec41d25bc8c0f3401fd0&fda4007c7dee89a371556ea1c36dbe7a&9bcd28ca878fc37e5598f082fd216423&4d7552ed76ee7fadf121c07b90b2be6b&206218321d733cbe85e4a35b50f1ecbf&8f125b0f1edff935794dd88921184851,https://v19.tiktokcdn-us.com/27a278fd6505ec41d25bc8c0f3401fd0/61e4f8b3/video/tos/alisg/tos-alisg-pve-0037c001/e423ff66fd7745cca108a9f2edb90248/?a=1233&br=1960&bt=980&cd=0%7C0%7C0&ch=0&cr=3&cs=2&cv=1&dr=0&ds=6&er=&ft=c~.Zm4L-gXoInz7T&l=202201162303320101131350202715093F&lr=all&mime_type=video_mp4&net=0&pl=0&qs=11&rc=M3E3eTY6ZjNsNzMzODczNEApOzk4M2Q2OTtoNzxpOWhoZGdncGlwcjRfZDNgLS1kMS1zczItY19iMzNhYzJfYTExYTI6Yw%3D%3D&vl=&vr=
49,v09044g40000c34mtnth8h41mpjnku00,7382,1175019&925927&534792&327161,15dd0486884a81a97e186389e52cd339&a696d42ea7a4f324cdb4979c4778387e&e4f31bb34c2cf4552a9d90abf9a2cc4d&a52abc28f4a31b93f3b4f46b6fe33e91&c23f944c783dbd805ee00cd5654fcd9a&67ede310ab0add0aec3ce73f4be2cb24&53eb1ad03b8037746cbd6f358c20bd05&c6a1d9fe1a9192dd9ce09b32a1202b88,https://v19.tiktokcdn-us.com/15dd0486884a81a97e186389e52cd339/61e4f8ab/video/tos/useast2a/tos-useast2a-ve-0068c002/18dc538910c34b97b0ba2334398c0c1c/?a=1233&br=2294&bt=1147&cd=0%7C0%7C0&ch=0&cr=3&cs=2&cv=1&dr=0&ds=3&er=&ft=c~.Zm4L-gXoInz7T&l=202201162303320101131350202715093F&lr=all&mime_type=video_mp4&net=0&pl=0&qs=14&rc=M3hxczRra3FwNjMzNzczM0ApOmVnZTNmPGVkNzg5OjMzZmctaGdqMTVxcTFgLS1kMTZzczBeYDMyMS1iXjE2L2BgYjU6Yw%3D%3D&vl=&vr=
