video/mp4, bytesbytes 0-508347/508348, 1642373801.1520545, 1642373801.1528609, 1642373801.1798515, 1642373801.6557105, v16m-us.tiktokcdn.com, 3afd28b14c2a48a21d125ea9fd835906, /3afd28b14c2a48a21d125ea9fd835906/61e4f70f/video/tos/maliva/tos-maliva-ve-0068c799-us/56c1d847bbdd496bae9dfbd4e7cbaccd/?a=1233&br=980&bt=490&cd=0%7C0%7C0&ch=0&cr=3&cs=2&cv=1&dr=0&ds=3&er=&ft=xo5uS4L-gXoInz7T&l=202201162256390102230232080C992FE5&lr=all&mime_type=video_mp4&net=0&pl=0&qs=14&rc=amxzZDw6ZmVkOjMzZzczNEApaWg4OjdmaWU3N2c5OjU6aWcwZ29tcjQwM2RgLS1kMS9zczReYTNfMi5eXy81MjUwMS86Yw%3D%3D&vl=&vr=
video/mp4, bytesbytes 0-568663/568664, 1642373806.8748784, 1642373806.8762267, 1642373806.8950446, 1642373807.3337736, v19-us.tiktokcdn.com, 089a88dd5c9f5fab7fed626cb5ea5240, /089a88dd5c9f5fab7fed626cb5ea5240/61e4f715/video/tos/useast2a/tos-useast2a-ve-0068c003/f5bedde92e51493f88ece6a1233b525b/?a=1233&br=1060&bt=530&cd=0%7C0%7C0&ch=0&cr=3&cs=2&cv=1&dr=0&ds=6&er=&ft=xo5uS4L-gXoInz7T&l=2022011622564401019205201911175872&lr=all&mime_type=video_mp4&net=0&pl=0&qs=4&rc=ajhqbjo6ZjlvOjMzNzczM0ApOWdnOGU3aTw3NzczNzczNWdvcGlpcjQwcS1gLS1kMTZzc2ExMTYuYGFeMjQuYmE2YDM6Yw%3D%3D&vl=&vr=
video/mp4, bytesbytes 0-604257/604258, 1642373811.3995376, 1642373811.4008026, 1642373811.4132094, 1642373814.4492536, v19-us.tiktokcdn.com, 2378f23ec112b327414436264c58efe3, /2378f23ec112b327414436264c58efe3/61e4f71a/video/tos/useast2a/tos-useast2a-ve-0068c003/1e57c2ec54104f1aaf00aef3e7dbd3e9/?a=1233&br=674&bt=337&cd=0%7C0%7C0&ch=0&cr=3&cs=2&cv=1&dr=0&ds=6&er=&ft=xo5uS4L-gXoInz7T&l=2022011622564401019205201911175872&lr=all&mime_type=video_mp4&net=0&pl=0&qs=11&rc=M3c4djU6Zjw1OjMzNzczM0ApZGUzNDw4Ozw5Nzw2ZGQ1O2c0YXM2cjQwbjBgLS1kMTZzcy5iYmMvLjM1X2MyYmIxXmE6Yw%3D%3D&vl=&vr=
video/mp4, bytes, 1642373848.2337668, 1642373848.2346148, 1642373848.2674437, 1642373848.632589, v25.tiktokcdn-us.com, 5f5c87c017bddad78f17c2d3023b79ef, /5f5c87c017bddad78f17c2d3023b79ef/61e4f72d/video/tos/useast2a/tos-useast2a-ve-0068c004/c0f25d1b31ba4b86a90cb22cfe1b1294/?a=1233&br=1116&bt=558&cd=0%7C0%7C0&ch=0&cr=3&cs=2&cv=1&dr=0&ds=6&er=&ft=c~.Zm4L-gXoInz7T&l=202201162257100101130061510B190980&lr=all&mime_type=video_mp4&net=0&pl=0&qs=4&rc=anRuNnZvNHNodzMzODczM0ApZjk8NWg5PGVoNzZlZGQ3OmdtYnJpNTJzXnJfLS1iMTZzczMuMF5hMmBhM2NfMi1gYTY6Yw%3D%3D&vl=&vr=
video/mp4, bytes 0-766503/766504, 1642373848.9576135, 1642373848.9592679, 1642373848.9871562, 1642373849.4744616, v25.tiktokcdn-us.com, 6be66138b4e291ec7b024318172b079c, /6be66138b4e291ec7b024318172b079c/61e4f732/video/tos/useast5/tos-useast5-ve-0068c001-tx/e0b5935a00244a96a26e97757fa0313d/?a=1233&br=952&bt=476&cd=0%7C0%7C0&ch=0&cr=3&cs=2&cv=1&dr=0&ds=3&er=&ft=c~.Zm4L-gXoInz7T&l=202201162257100101130061510B190980&lr=all&mime_type=video_mp4&net=0&pl=0&qs=14&rc=M2RmZGQ6ZjNzOjMzZzczNEApOTtoZWk4ZTxpN2UzNzpnOWdrLWxocjRnc19gLS1kMS9zczRhMmNhYDE2YTQyMS5gMS86Yw%3D%3D&vl=&vr=
video/mp4, bytes 0-1024000/2209343, 1642373849.7968361, 1642373849.7985053, 1642373849.82909, 1642373850.589304, v25.tiktokcdn-us.com, 790554d7ad4ee61c237753d74e1ff2cb, /790554d7ad4ee61c237753d74e1ff2cb/61e4f73a/video/tos/useast2a/tos-useast2a-ve-0068c003/a3916a82751449e5bc996d3ea4c44e77/?a=1233&br=1710&bt=855&cd=0%7C0%7C0&ch=0&cr=3&cs=2&cv=1&dr=0&ds=6&er=&ft=c~.Zm4L-gXoInz7T&l=202201162257100101130061510B190980&lr=all&mime_type=video_mp4&net=0&pl=0&qs=5&rc=ajx1NTU6ZmdqOTMzNzczM0ApZmk0NjlpOGQ4N2U4NTg8aGcwcTEucjQwbnJgLS1kMTZzc2EzYGBjLTYyNTNgYi1fNTY6Yw%3D%3D&vl=&vr=
video/mp4, bytes 0-878633/878634, 1642373851.1927848, 1642373851.1946445, 1642373851.222936, 1642373851.909737, v25.tiktokcdn-us.com, b90c10efa7af5e401f83e9c4bc752fca, /b90c10efa7af5e401f83e9c4bc752fca/61e4f737/video/tos/useast2a/tos-useast2a-pve-0068/52bbbd3d4f604a6c82a0b217a8755c8c/?a=1233&br=770&bt=385&cd=0%7C0%7C0&ch=0&cr=3&cs=2&cv=1&dr=0&ds=6&er=&ft=c~.Zm4L-gXoInz7T&l=202201162257100101130061510B190980&lr=all&mime_type=video_mp4&net=0&pl=0&qs=4&rc=anZ3NmhraW1tNDMzNzczM0ApNzY5ZzdlZDs5NzRpNWU7Nmdubmg0Ml9oYGhgLS1kMTZzczE1NmMyNWJjX2JhMS8xNC46Yw%3D%3D&vl=&vr=
video/mp4, bytes 0-1024000/3199001, 1642373852.6646118, 1642373852.6654232, 1642373852.6906228, 1642373853.4533427, v25.tiktokcdn-us.com, 94bad4bceee1102bc649e68e108e40fc, /94bad4bceee1102bc649e68e108e40fc/61e4f753/video/tos/useast2a/tos-useast2a-pve-0068/d71c0e8d4bdd441cb28765ca3433472b/?a=1233&br=1084&bt=542&cd=0%7C0%7C0&ch=0&cr=3&cs=2&cv=1&dr=0&ds=3&er=&ft=c~.Zm4L-gXoInz7T&l=202201162257100101130061510B190980&lr=all&mime_type=video_mp4&net=0&pl=0&qs=14&rc=M25oMzw6ZjhqNjMzNzczM0ApN2kzaWQ4NDtmN2c6ZTg8aWdrYjJlcjRfNmlgLS1kMTZzczA0YmNjY2AtYDI2MDBfNjY6Yw%3D%3D&vl=&vr=
video/mp4, bytes 0-1024000/1181632, 1642373853.9491067, 1642373853.9500773, 1642373854.0284712, 1642373854.7906008, v25.tiktokcdn-us.com, 3cec5c8f9c770176e4c06a787e2bc7d0, /3cec5c8f9c770176e4c06a787e2bc7d0/61e4f736/video/tos/useast2a/tos-useast2a-pve-0068/353eea5c512a4e96bf4aed8f1a7c9fe9/?a=1233&br=1108&bt=554&cd=0%7C0%7C0&ch=0&cr=3&cs=2&cv=1&dr=0&ds=3&er=&ft=c~.Zm4L-gXoInz7T&l=202201162257100101130061510B190980&lr=all&mime_type=video_mp4&net=0&pl=0&qs=14&rc=MzZ4bjQ6ZmtoNzMzNzczM0ApODc0NGk0NmVlN2Q7OjczM2c0MGRjcjQwci9gLS1kMTZzcy8tMWFiYS5fMzIyNTUxXy06Yw%3D%3D&vl=&vr=
video/mp4, bytes 0-1024000/1492687, 1642373870.0511837, 1642373870.0527313, 1642373870.1257758, 1642373870.9006617, v25.tiktokcdn-us.com, a209bf1c91ac437ac85c12421bc83b55, /a209bf1c91ac437ac85c12421bc83b55/61e4f73d/video/tos/useast2a/tos-useast2a-ve-0068c004/02c11bae6e0c4bbaa3a6e4b386e22249/?a=1233&br=980&bt=490&cd=0%7C0%7C0&ch=0&cr=3&cs=2&cv=1&dr=0&ds=6&er=&ft=c~.Zm4L-gXoInz7T&l=202201162257100101130061510B190980&lr=all&mime_type=video_mp4&net=0&pl=0&qs=4&rc=amQ1NTN2aDpmNjMzNzczM0ApNmg5OTw2ODtnNzhoO2RlNWc0LmVxZWpmNjBgLS1kMTZzczQyLy8wYjAyLl9jL2JjXjQ6Yw%3D%3D&vl=&vr=
video/mp4, bytes 1024000-2209342/2209343, 1642373872.7902236, 1642373872.7912548, 1642373872.869041, 1642373874.379736, v25.tiktokcdn-us.com, 790554d7ad4ee61c237753d74e1ff2cb, /790554d7ad4ee61c237753d74e1ff2cb/61e4f73a/video/tos/useast2a/tos-useast2a-ve-0068c003/a3916a82751449e5bc996d3ea4c44e77/?a=1233&br=1710&bt=855&cd=0%7C0%7C0&ch=0&cr=3&cs=2&cv=1&dr=0&ds=6&er=&ft=c~.Zm4L-gXoInz7T&l=202201162257100101130061510B190980&lr=all&mime_type=video_mp4&net=0&pl=0&qs=5&rc=ajx1NTU6ZmdqOTMzNzczM0ApZmk0NjlpOGQ4N2U4NTg8aGcwcTEucjQwbnJgLS1kMTZzc2EzYGBjLTYyNTNgYi1fNTY6Yw%3D%3D&vl=&vr=
video/mp4, bytes 0-1024000/3653700, 1642373874.9904335, 1642373874.9917214, 1642373875.0303252, 1642373878.002377, v25.tiktokcdn-us.com, d0b925d17695e3cba11994ded7e8550e, /d0b925d17695e3cba11994ded7e8550e/61e4f758/video/tos/useast2a/tos-useast2a-ve-0068c001/5bc95ee24c964e9b933f7770c02b2951/?a=1233&br=1136&bt=568&cd=0%7C0%7C0&ch=0&cr=3&cs=2&cv=1&dr=0&ds=6&er=&ft=c~.Zm4L-gXoInz7T&l=202201162257100101130061510B190980&lr=all&mime_type=video_mp4&net=0&pl=0&qs=5&rc=M2plODQ6ZjllNjMzNzczM0ApNWUzOGQ7NTw4Nzg8ZWU8O2drLmJucjQwLnBgLS1kMTZzczBjNjQvMDZeYS8xNGEvMDA6Yw%3D%3D&vl=&vr=
video/mp4, bytes 0-283561/283562, 1642373878.4334602, 1642373878.4373922, 1642373878.4850504, 1642373878.7733114, v25.tiktokcdn-us.com, 867f51be7cf6475a1cd1938e71de2cb7, /867f51be7cf6475a1cd1938e71de2cb7/61e4f72c/video/tos/useast2a/tos-useast2a-ve-0068c003/c82291f2f7744bbabb097f3a38918c6a/?a=1233&br=666&bt=333&cd=0%7C0%7C0&ch=0&cr=3&cs=2&cv=1&dr=0&ds=6&er=&ft=c~.Zm4L-gXoInz7T&l=202201162257100101130061510B190980&lr=all&mime_type=video_mp4&net=0&pl=0&qs=4&rc=anVseHJvbmdtdTMzZjczM0ApZWc2M2g4PDs6N2g5ZDdkaWdwNDYwcnM0L3BfLS0yMTZzczE1MmBgYDNfYDYuMWM2YTE6Yw%3D%3D&vl=&vr=
video/mp4, bytes 1024000-3199000/3199001, 1642373880.634765, 1642373880.6365569, 1642373880.6720858, 1642373883.092477, v25.tiktokcdn-us.com, 94bad4bceee1102bc649e68e108e40fc, /94bad4bceee1102bc649e68e108e40fc/61e4f753/video/tos/useast2a/tos-useast2a-pve-0068/d71c0e8d4bdd441cb28765ca3433472b/?a=1233&br=1084&bt=542&cd=0%7C0%7C0&ch=0&cr=3&cs=2&cv=1&dr=0&ds=3&er=&ft=c~.Zm4L-gXoInz7T&l=202201162257100101130061510B190980&lr=all&mime_type=video_mp4&net=0&pl=0&qs=14&rc=M25oMzw6ZjhqNjMzNzczM0ApN2kzaWQ4NDtmN2c6ZTg8aWdrYjJlcjRfNmlgLS1kMTZzczA0YmNjY2AtYDI2MDBfNjY6Yw%3D%3D&vl=&vr=
video/mp4, bytesbytes 0-557503/557504, 1642373884.1689906, 1642373884.170656, 1642373884.1977487, 1642373884.7911735, v39.tiktokcdn-us.com, 00dc502c0ec594cbb6353e4897742296, /00dc502c0ec594cbb6353e4897742296/61e4f730/video/tos/useast2a/tos-useast2a-ve-0068c002/3b04e783681a450b960ddb8446dd3c3b/?a=1233&br=814&bt=407&cd=0%7C0%7C0&ch=0&cr=3&cs=2&cv=1&dr=0&ds=6&er=&ft=c~.Zm4L-gXoInz7T&l=202201162257100101130061510B190980&lr=all&mime_type=video_mp4&net=0&pl=0&qs=4&rc=am53bnBmZ2Z2NDMzNzczM0ApOzU6ZGhlOmQ0Nzk6NmU2ZWduZmtiZy5pNG5gLS1kMTZzc18wMl9fNTAuMF9eMmMvNC06Yw%3D%3D&vl=&vr=
video/mp4, bytes 1024000-1181631/1181632, 1642373898.2837942, 1642373898.285941, 1642373898.4086976, 1642373898.6106079, v25.tiktokcdn-us.com, 3cec5c8f9c770176e4c06a787e2bc7d0, /3cec5c8f9c770176e4c06a787e2bc7d0/61e4f736/video/tos/useast2a/tos-useast2a-pve-0068/353eea5c512a4e96bf4aed8f1a7c9fe9/?a=1233&br=1108&bt=554&cd=0%7C0%7C0&ch=0&cr=3&cs=2&cv=1&dr=0&ds=3&er=&ft=c~.Zm4L-gXoInz7T&l=202201162257100101130061510B190980&lr=all&mime_type=video_mp4&net=0&pl=0&qs=14&rc=MzZ4bjQ6ZmtoNzMzNzczM0ApODc0NGk0NmVlN2Q7OjczM2c0MGRjcjQwci9gLS1kMTZzcy8tMWFiYS5fMzIyNTUxXy06Yw%3D%3D&vl=&vr=
video/mp4, bytes 1024000-1492686/1492687, 1642373904.15155, 1642373904.152969, 1642373904.1825886, 1642373904.7763114, v25.tiktokcdn-us.com, a209bf1c91ac437ac85c12421bc83b55, /a209bf1c91ac437ac85c12421bc83b55/61e4f73d/video/tos/useast2a/tos-useast2a-ve-0068c004/02c11bae6e0c4bbaa3a6e4b386e22249/?a=1233&br=980&bt=490&cd=0%7C0%7C0&ch=0&cr=3&cs=2&cv=1&dr=0&ds=6&er=&ft=c~.Zm4L-gXoInz7T&l=202201162257100101130061510B190980&lr=all&mime_type=video_mp4&net=0&pl=0&qs=4&rc=amQ1NTN2aDpmNjMzNzczM0ApNmg5OTw2ODtnNzhoO2RlNWc0LmVxZWpmNjBgLS1kMTZzczQyLy8wYjAyLl9jL2JjXjQ6Yw%3D%3D&vl=&vr=
video/mp4, bytes 1024000-3653699/3653700, 1642373915.1689026, 1642373915.1968925, 1642373915.3578017, 1642373917.7054782, v25.tiktokcdn-us.com, d0b925d17695e3cba11994ded7e8550e, /d0b925d17695e3cba11994ded7e8550e/61e4f758/video/tos/useast2a/tos-useast2a-ve-0068c001/5bc95ee24c964e9b933f7770c02b2951/?a=1233&br=1136&bt=568&cd=0%7C0%7C0&ch=0&cr=3&cs=2&cv=1&dr=0&ds=6&er=&ft=c~.Zm4L-gXoInz7T&l=202201162257100101130061510B190980&lr=all&mime_type=video_mp4&net=0&pl=0&qs=5&rc=M2plODQ6ZjllNjMzNzczM0ApNWUzOGQ7NTw4Nzg8ZWU8O2drLmJucjQwLnBgLS1kMTZzczBjNjQvMDZeYS8xNGEvMDA6Yw%3D%3D&vl=&vr=
video/mp4, bytes 0-1024000/1412515, 1642373918.614153, 1642373918.615981, 1642373918.6443155, 1642373919.7689283, v25.tiktokcdn-us.com, b61652d400581465634dce8851e9a01a, /b61652d400581465634dce8851e9a01a/61e4f78f/video/tos/useast2a/tos-useast2a-ve-0068c003/b2a74e92317c41a98ff396e61f505581/?a=1233&br=1092&bt=546&cd=0%7C0%7C0&ch=0&cr=3&cs=2&cv=1&dr=0&ds=6&er=&ft=c~.Zm4L-gXoInz7T&l=2022011622583501011313510503118D39&lr=all&mime_type=video_mp4&net=0&pl=0&qs=5&rc=MzhxNTo7OmluNTMzNzczM0ApaDNlODRpZzszNzc3NDk2NWdqYzQ1Z2RibzBgLS1kMTZzc2JjMmItYy5fLi9gY2EyM2A6Yw%3D%3D&vl=&vr=
video/mp4, bytes 0-1024000/1093114, 1642373920.305204, 1642373920.3066232, 1642373920.413224, 1642373922.268772, v25.tiktokcdn-us.com, 049a701c651210f5ebde84ea0b715b58, /049a701c651210f5ebde84ea0b715b58/61e4f78c/video/tos/useast2a/tos-useast2a-ve-0068c004/ebeda0edfad943b88c11b94bd99d0786/?a=1233&br=976&bt=488&cd=0%7C0%7C0&ch=0&cr=3&cs=2&cv=1&dr=0&ds=3&er=&ft=c~.Zm4L-gXoInz7T&l=2022011622583501011313510503118D39&lr=all&mime_type=video_mp4&net=0&pl=0&qs=14&rc=amo3a2g6ZnJoNzMzNzczM0ApNGhpNzppNmQ2NzRoNGk0OWcvb2IzcjRfZzBgLS1kMTZzczM1YzIvYWIzYC5iM2AvYDE6Yw%3D%3D&vl=&vr=
video/mp4, bytes 0-1024000/1130687, 1642373922.7266877, 1642373922.7279325, 1642373922.829673, 1642373923.8827567, v25.tiktokcdn-us.com, 8bcb3d4efdac02bc4414243dc40fc38d, /8bcb3d4efdac02bc4414243dc40fc38d/61e4f78a/video/tos/useast2a/tos-useast2a-ve-0068c004/4dd3485cb1714c11939fbdd0790ecb0f/?a=1233&br=1160&bt=580&cd=0%7C0%7C0&ch=0&cr=3&cs=2&cv=1&dr=0&ds=6&er=&ft=c~.Zm4L-gXoInz7T&l=2022011622583501011313510503118D39&lr=all&mime_type=video_mp4&net=0&pl=0&qs=5&rc=MzlqN214NThwNTMzNzczM0ApNmQ5PGZnO2Q8N2VoN2ZkM2cubjNkcWZyam5gLS1kMTZzc2MyYTY2Yy4yLjYyXzMvMDA6Yw%3D%3D&vl=&vr=
video/mp4, bytes 0-1024000/1245961, 1642373965.7604249, 1642373965.7619915, 1642373965.8244915, 1642373966.6708763, v25.tiktokcdn-us.com, 3aa62c11c266fe1de6f8c56bf75094a8, /3aa62c11c266fe1de6f8c56bf75094a8/61e4f789/video/tos/useast5/tos-useast5-ve-0068c004-tx/288c2e7eff49415ba3911a0c11c53285/?a=1233&br=1292&bt=646&cd=0%7C0%7C0&ch=0&cr=3&cs=2&cv=1&dr=0&ds=3&er=&ft=c~.Zm4L-gXoInz7T&l=2022011622583501011313510503118D39&lr=all&mime_type=video_mp4&net=0&pl=0&qs=14&rc=amkzdjo6ZnY6OjMzZzczNEApODloODVnOmU6N2k8NzQ6OGdoXnNtcjRnNTVgLS1kMS9zc2NeMzYvYl8tXy4tM19gXjY6Yw%3D%3D&vl=&vr=
video/mp4, bytes 0-1024000/2492421, 1642373972.784124, 1642373972.7905056, 1642373972.932891, 1642373974.7408054, v25.tiktokcdn-us.com, aaa00e7a9767fdb7316216e8ebdd0844, /aaa00e7a9767fdb7316216e8ebdd0844/61e4f7a2/video/tos/useast2a/tos-useast2a-pve-0068/85f26dad7c324228908ebbb101ade411/?a=1233&br=978&bt=489&cd=0%7C0%7C0&ch=0&cr=3&cs=2&cv=1&dr=0&ds=6&er=&ft=c~.Zm4L-gXoInz7T&l=2022011622583501011313510503118D39&lr=all&mime_type=video_mp4&net=0&pl=0&qs=5&rc=am5zdDw6ZmhqNjMzNzczM0ApOWRnZ2k2NmU0NzRoaGg5O2dtNGtncjRnb2hgLS1kMTZzczQxYF81MjRgM18wNjAxYV86Yw%3D%3D&vl=&vr=
video/mp4, bytes 1024000-1412514/1412515, 1642373978.703427, 1642373978.705693, 1642373978.7548974, 1642373979.6508453, v25.tiktokcdn-us.com, b61652d400581465634dce8851e9a01a, /b61652d400581465634dce8851e9a01a/61e4f78f/video/tos/useast2a/tos-useast2a-ve-0068c003/b2a74e92317c41a98ff396e61f505581/?a=1233&br=1092&bt=546&cd=0%7C0%7C0&ch=0&cr=3&cs=2&cv=1&dr=0&ds=6&er=&ft=c~.Zm4L-gXoInz7T&l=2022011622583501011313510503118D39&lr=all&mime_type=video_mp4&net=0&pl=0&qs=5&rc=MzhxNTo7OmluNTMzNzczM0ApaDNlODRpZzszNzc3NDk2NWdqYzQ1Z2RibzBgLS1kMTZzc2JjMmItYy5fLi9gY2EyM2A6Yw%3D%3D&vl=&vr=
video/mp4, bytes 0-1024000/2121440, 1642373979.9386215, 1642373979.9395366, 1642373980.0623693, 1642373981.6769285, v25.tiktokcdn-us.com, d32c89a66080d4954b5f3814aa448cd0, /d32c89a66080d4954b5f3814aa448cd0/61e4f790/video/tos/useast2a/tos-useast2a-pve-0068/bce660f83b4044319aeab83ae5a264f6/?a=1233&br=1562&bt=781&cd=0%7C0%7C0&ch=0&cr=3&cs=2&cv=1&dr=0&ds=6&er=&ft=c~.Zm4L-gXoInz7T&l=2022011622583501011313510503118D39&lr=all&mime_type=video_mp4&net=0&pl=0&qs=5&rc=ajtwaW9vZGt5NTMzNzczM0ApMzo0ZTNlNWQ4N2Y4Zjg5Z2djaTZlczNkM2dgLS1kMTZzc2A2MC4wYy9iYTQtMmBjNl46Yw%3D%3D&vl=&vr=
video/mp4, bytes 1024000-1093113/1093114, 1642373994.9208653, 1642373994.921766, 1642373994.9693663, 1642373995.0248003, v25.tiktokcdn-us.com, 049a701c651210f5ebde84ea0b715b58, /049a701c651210f5ebde84ea0b715b58/61e4f78c/video/tos/useast2a/tos-useast2a-ve-0068c004/ebeda0edfad943b88c11b94bd99d0786/?a=1233&br=976&bt=488&cd=0%7C0%7C0&ch=0&cr=3&cs=2&cv=1&dr=0&ds=3&er=&ft=c~.Zm4L-gXoInz7T&l=2022011622583501011313510503118D39&lr=all&mime_type=video_mp4&net=0&pl=0&qs=14&rc=amo3a2g6ZnJoNzMzNzczM0ApNGhpNzppNmQ2NzRoNGk0OWcvb2IzcjRfZzBgLS1kMTZzczM1YzIvYWIzYC5iM2AvYDE6Yw%3D%3D&vl=&vr=
video/mp4, bytes 0-558138/558139, 1642373995.116156, 1642373995.118338, 1642373995.2187085, 1642373996.0364053, v25.tiktokcdn-us.com, 87502ee36f537d94c97bf96d891bbadc, /87502ee36f537d94c97bf96d891bbadc/61e4f783/video/tos/useast2a/tos-useast2a-pve-0068/060bd750fbeb462c8e674263b1a14cc8/?a=1233&br=1054&bt=527&cd=0%7C0%7C0&ch=0&cr=3&cs=2&cv=1&dr=0&ds=3&er=&ft=c~.Zm4L-gXoInz7T&l=2022011622583501011313510503118D39&lr=all&mime_type=video_mp4&net=0&pl=0&qs=14&rc=ajlncnh0bXY7NTMzNzczM0ApPDs8Nzk0ZmVmN2c3M2lkO2deNjU1MjFhZl5gLS1kMTZzcy8uXjMtYTJiX2BjMjIuNjQ6Yw%3D%3D&vl=&vr=
video/mp4, bytes 1024000-1130686/1130687, 1642374012.700211, 1642374012.7022672, 1642374012.8720818, 1642374013.3187037, v25.tiktokcdn-us.com, 8bcb3d4efdac02bc4414243dc40fc38d, /8bcb3d4efdac02bc4414243dc40fc38d/61e4f78a/video/tos/useast2a/tos-useast2a-ve-0068c004/4dd3485cb1714c11939fbdd0790ecb0f/?a=1233&br=1160&bt=580&cd=0%7C0%7C0&ch=0&cr=3&cs=2&cv=1&dr=0&ds=6&er=&ft=c~.Zm4L-gXoInz7T&l=2022011622583501011313510503118D39&lr=all&mime_type=video_mp4&net=0&pl=0&qs=5&rc=MzlqN214NThwNTMzNzczM0ApNmQ5PGZnO2Q8N2VoN2ZkM2cubjNkcWZyam5gLS1kMTZzc2MyYTY2Yy4yLjYyXzMvMDA6Yw%3D%3D&vl=&vr=
video/mp4, bytes 1024000-1245960/1245961, 1642374014.7325568, 1642374014.733501, 1642374014.8239636, 1642374015.3998015, v25.tiktokcdn-us.com, 3aa62c11c266fe1de6f8c56bf75094a8, /3aa62c11c266fe1de6f8c56bf75094a8/61e4f789/video/tos/useast5/tos-useast5-ve-0068c004-tx/288c2e7eff49415ba3911a0c11c53285/?a=1233&br=1292&bt=646&cd=0%7C0%7C0&ch=0&cr=3&cs=2&cv=1&dr=0&ds=3&er=&ft=c~.Zm4L-gXoInz7T&l=2022011622583501011313510503118D39&lr=all&mime_type=video_mp4&net=0&pl=0&qs=14&rc=amkzdjo6ZnY6OjMzZzczNEApODloODVnOmU6N2k8NzQ6OGdoXnNtcjRnNTVgLS1kMS9zc2NeMzYvYl8tXy4tM19gXjY6Yw%3D%3D&vl=&vr=
video/mp4, bytes 1024000-2492420/2492421, 1642374016.9873586, 1642374016.9891005, 1642374017.0498133, 1642374021.8383088, v25.tiktokcdn-us.com, aaa00e7a9767fdb7316216e8ebdd0844, /aaa00e7a9767fdb7316216e8ebdd0844/61e4f7a2/video/tos/useast2a/tos-useast2a-pve-0068/85f26dad7c324228908ebbb101ade411/?a=1233&br=978&bt=489&cd=0%7C0%7C0&ch=0&cr=3&cs=2&cv=1&dr=0&ds=6&er=&ft=c~.Zm4L-gXoInz7T&l=2022011622583501011313510503118D39&lr=all&mime_type=video_mp4&net=0&pl=0&qs=5&rc=am5zdDw6ZmhqNjMzNzczM0ApOWRnZ2k2NmU0NzRoaGg5O2dtNGtncjRnb2hgLS1kMTZzczQxYF81MjRgM18wNjAxYV86Yw%3D%3D&vl=&vr=
video/mp4, bytes 1024000-2121439/2121440, 1642374022.4544003, 1642374022.4553614, 1642374022.5411139, 1642374026.6811404, v25.tiktokcdn-us.com, d32c89a66080d4954b5f3814aa448cd0, /d32c89a66080d4954b5f3814aa448cd0/61e4f790/video/tos/useast2a/tos-useast2a-pve-0068/bce660f83b4044319aeab83ae5a264f6/?a=1233&br=1562&bt=781&cd=0%7C0%7C0&ch=0&cr=3&cs=2&cv=1&dr=0&ds=6&er=&ft=c~.Zm4L-gXoInz7T&l=2022011622583501011313510503118D39&lr=all&mime_type=video_mp4&net=0&pl=0&qs=5&rc=ajtwaW9vZGt5NTMzNzczM0ApMzo0ZTNlNWQ4N2Y4Zjg5Z2djaTZlczNkM2dgLS1kMTZzc2A2MC4wYy9iYTQtMmBjNl46Yw%3D%3D&vl=&vr=
video/mp4, bytes 0-573921/573922, 1642374027.1572988, 1642374027.1585224, 1642374027.2193556, 1642374028.8202794, v25.tiktokcdn-us.com, 6d3835bf73b080b0ab92a759c98e55fe, /6d3835bf73b080b0ab92a759c98e55fe/61e4f786/video/tos/useast5/tos-useast5-ve-0068c004-tx/d967a4df34444b62921fc5ac80467075/?a=1233&br=760&bt=380&cd=0%7C0%7C0&ch=0&cr=3&cs=2&cv=1&dr=0&ds=6&er=&ft=c~.Zm4L-gXoInz7T&l=2022011622583501011313510503118D39&lr=all&mime_type=video_mp4&net=0&pl=0&qs=4&rc=M29saWg6ZjczOjMzZzczNEApNDQ8MzQ1aGQ8N2lmMzQ3NmcyNGBocjRfX2FgLS1kMS9zczI2LTUxYWBeLzAwM2JfYC06Yw%3D%3D&vl=&vr=
video/mp4, bytes 0-1024000/1069291, 1642374029.1177728, 1642374029.1226196, 1642374029.2357852, 1642374032.0028055, v25.tiktokcdn-us.com, a79bcd138370b0159ca5a21ccb6ea8b8, /a79bcd138370b0159ca5a21ccb6ea8b8/61e4f794/video/tos/alisg/tos-alisg-pve-0037c001/4a0a9e195fa24116ac3ca1661083a252/?a=1233&br=658&bt=329&cd=0%7C0%7C0&ch=0&cr=3&cs=2&cv=1&dr=0&ds=6&er=&ft=c~.Zm4L-gXoInz7T&l=2022011622583501011313510503118D39&lr=all&mime_type=video_mp4&net=0&pl=0&qs=4&rc=ajY3Njk6ZmU2OTMzODczNEApaDZmNjs7NWQ0NzlmM2g2ZGdsb25ucjRvM2BgLS1kMS1zczQ0MC9jNC5jMWMzNmMtLy46Yw%3D%3D&vl=&vr=
video/mp4, bytes 0-250223/250224, 1642374032.4229226, 1642374032.424232, 1642374032.4847362, 1642374033.09935, v25.tiktokcdn-us.com, 73c01aa90e426bdd808b0f421bade251, /73c01aa90e426bdd808b0f421bade251/61e4f782/video/tos/useast2a/tos-useast2a-ve-0068c001/186cb9a105e9495e80fffca86f26e1e0/?a=1233&br=510&bt=255&cd=0%7C0%7C0&ch=0&cr=3&cs=2&cv=1&dr=0&ds=6&er=&ft=c~.Zm4L-gXoInz7T&l=2022011622583501011313510503118D39&lr=all&mime_type=video_mp4&net=0&pl=0&qs=4&rc=M3kzcms1NHd0NDMzOjczM0ApZ2Q3OmQ7PDs6NzpkZjRkOWc1a3NhbGowbDJgLS02MTZzc2A1LWE1MDVhX2IzYS0uYjI6Yw%3D%3D&vl=&vr=
video/mp4, bytes 1024000-1069290/1069291, 1642374064.5782416, 1642374064.5793724, 1642374065.4128935, 1642374065.4965541, v25.tiktokcdn-us.com, a79bcd138370b0159ca5a21ccb6ea8b8, /a79bcd138370b0159ca5a21ccb6ea8b8/61e4f794/video/tos/alisg/tos-alisg-pve-0037c001/4a0a9e195fa24116ac3ca1661083a252/?a=1233&br=658&bt=329&cd=0%7C0%7C0&ch=0&cr=3&cs=2&cv=1&dr=0&ds=6&er=&ft=c~.Zm4L-gXoInz7T&l=2022011622583501011313510503118D39&lr=all&mime_type=video_mp4&net=0&pl=0&qs=4&rc=ajY3Njk6ZmU2OTMzODczNEApaDZmNjs7NWQ0NzlmM2g2ZGdsb25ucjRvM2BgLS1kMS1zczQ0MC9jNC5jMWMzNmMtLy46Yw%3D%3D&vl=&vr=
video/mp4, bytesbytes 0-630905/630906, 1642374065.5585992, 1642374065.5601835, 1642374065.6347644, 1642374067.2702885, v39.tiktokcdn-us.com, dfd1ebbb90bc698f8bb3d8b99f2a7185, /dfd1ebbb90bc698f8bb3d8b99f2a7185/61e4f813/video/tos/useast2a/tos-useast2a-ve-0068c004/d81012df6a39444f87aa77a0bbf58acc/?a=1233&br=638&bt=319&cd=0%7C0%7C0&ch=0&cr=3&cs=2&cv=1&dr=0&ds=6&er=&ft=c~.Zm4L-gXoInz7T&l=2022011623005201011313506815175980&lr=all&mime_type=video_mp4&net=0&pl=0&qs=4&rc=ajo6ZzZyOmt2dDMzNzczM0ApZTY2NTY6OmU1NzM4OTpoNmdfbmYzbDAvYzBfLS1jMTZzczYvYzYxYmJhYzAxNi1gXi06Yw%3D%3D&vl=&vr=
video/mp4, bytesbytes 0-310807/310808, 1642374067.5556102, 1642374067.5565426, 1642374067.577091, 1642374068.3312566, v39.tiktokcdn-us.com, 0a3aead3bbe229eed1d09c4638a3c22c, /0a3aead3bbe229eed1d09c4638a3c22c/61e4f80b/video/tos/alisg/tos-alisg-pve-0037c001/89f8f33d4040490e8e75caa5309a3c1c/?a=1233&br=604&bt=302&cd=0%7C0%7C0&ch=0&cr=3&cs=2&cv=1&dr=0&ds=6&er=&ft=c~.Zm4L-gXoInz7T&l=2022011623005201011313506815175980&lr=all&mime_type=video_mp4&net=0&pl=0&qs=5&rc=MzQzPHNnNjg8NDMzNTczM0ApODlkZTdpN2UzN2VlOjs8ZmdnYW5ibTJwcjZgLS0xMTRzcy8uLjViNTReXy4wXzYzXzQ6Yw%3D%3D&vl=&vr=
video/mp4, bytesbytes 0-785126/785127, 1642374068.5689547, 1642374068.572864, 1642374068.610755, 1642374070.5181715, v39.tiktokcdn-us.com, eb72e523ed62768d5a4f5d77493c34e3, /eb72e523ed62768d5a4f5d77493c34e3/61e4f812/video/tos/useast2a/tos-useast2a-ve-0068c002/6a64302591914e788873b4fa55cd0878/?a=1233&br=820&bt=410&cd=0%7C0%7C0&ch=0&cr=3&cs=2&cv=1&dr=0&ds=6&er=&ft=c~.Zm4L-gXoInz7T&l=2022011623005201011313506815175980&lr=all&mime_type=video_mp4&net=0&pl=0&qs=5&rc=ajhkeTtyNjM1NDMzNzczM0ApN2c3ODU4NmRnN2Y7ZWQ1OmcvamRjNGE2LmtgLS1kMTZzc2NiX2BiNi8uNTVeYzAtXjI6Yw%3D%3D&vl=&vr=
video/mp4, bytesbytes 0-371807/371808, 1642374070.9836462, 1642374070.9847906, 1642374071.0039027, 1642374071.9100883, v39.tiktokcdn-us.com, 736d8b46e48521db97c358e240d23d6c, /736d8b46e48521db97c358e240d23d6c/61e4f812/video/tos/useast2a/tos-useast2a-pve-0068/283a2665344745c78e825ce01778d92b/?a=1233&br=408&bt=204&cd=0%7C0%7C0&ch=0&cr=3&cs=2&cv=1&dr=0&ds=6&er=&ft=c~.Zm4L-gXoInz7T&l=2022011623005201011313506815175980&lr=all&mime_type=video_mp4&net=0&pl=0&qs=5&rc=MzRoaGV1czhxMzMzZzczM0ApZWk5ZjU5OTw6NzQ2Njw3N2cvZDQxcDU1ZW5gLS1eMTZzc14tLy1hNDI2YTIxXjRfLTI6Yw%3D%3D&vl=&vr=
video/mp4, bytesbytes 0-294328/294329, 1642374072.9653533, 1642374072.9667907, 1642374072.9869118, 1642374073.5882165, v39.tiktokcdn-us.com, 9a1284e878361a158a208282a7baf2c6, /9a1284e878361a158a208282a7baf2c6/61e4f80b/video/tos/useast2a/tos-useast2a-ve-0068c002/96030d9ce31e45dfb0e5e1b54b5f8428/?a=1233&br=578&bt=289&cd=0%7C0%7C0&ch=0&cr=3&cs=2&cv=1&dr=0&ds=6&er=&ft=c~.Zm4L-gXoInz7T&l=2022011623005201011313506815175980&lr=all&mime_type=video_mp4&net=0&pl=0&qs=4&rc=M2dvcmg6ZmZtOTMzNzczM0ApaDU8Zzg3aDtlNzZmNTc6NGdsaGEucjRvZV9gLS1kMTZzc14wMzNjMC4yL15fMF5jLl46Yw%3D%3D&vl=&vr=
video/mp4, bytesbytes 0-473870/473871, 1642374075.306223, 1642374075.311906, 1642374075.3374064, 1642374077.1568213, v39.tiktokcdn-us.com, 006d80cb5a030e255ba9b2a6753fcb27, /006d80cb5a030e255ba9b2a6753fcb27/61e4f808/video/tos/useast2a/tos-useast2a-ve-0068c004/e99cb9d5a11d4ac7a496622b02f8a9ad/?a=1233&br=1476&bt=738&cd=0%7C0%7C0&ch=0&cr=3&cs=0&dr=0&ds=2&er=&ft=c~.Zm4L-gXoInz7T&l=2022011623005201011313506815175980&lr=all&mime_type=video_mp4&net=0&pl=0&qs=0&rc=MzN1NmdkcnU2NTMzNzczM0ApNjk0Z2c7Zzs4NzRmMzYzM2dwYmtrai5laXFgLS1kMTZzc2BiNV4zNTEyNjQ0XmEzMS86Yw%3D%3D&vl=&vr=
video/mp4, bytesbytes 0-1024000/1696741, 1642374077.4375558, 1642374077.4388678, 1642374077.4620934, 1642374079.929112, v39.tiktokcdn-us.com, 9c1d66cfbf8ec7713082165e346e974e, /9c1d66cfbf8ec7713082165e346e974e/61e4f817/video/tos/useast2a/tos-useast2a-ve-0068c003/f348836467bc49eaa857075d7c4a121e/?a=1233&br=1382&bt=691&cd=0%7C0%7C0&ch=0&cr=3&cs=2&cv=1&dr=0&ds=6&er=&ft=c~.Zm4L-gXoInz7T&l=2022011623005201011313506815175980&lr=all&mime_type=video_mp4&net=0&pl=0&qs=5&rc=anhwMzw6ZnRqNzMzNzczM0ApZmRlNzpnaGQ0NzloO2k6OWctZ2sycjQwLWpgLS1kMTZzczZeMzE0YWAzLTMuXi8xYWM6Yw%3D%3D&vl=&vr=
video/mp4, bytesbytes 0-1024000/1417688, 1642374080.4050477, 1642374080.4066787, 1642374080.4490492, 1642374083.1220558, v39.tiktokcdn-us.com, 681f7900e95044f9536f5d4ae2caccb9, /681f7900e95044f9536f5d4ae2caccb9/61e4f818/video/tos/useast2a/tos-useast2a-ve-0068c003/ea7de911776840ddb16332a908d46e62/?a=1233&br=1060&bt=530&cd=0%7C0%7C0&ch=0&cr=3&cs=2&cv=1&dr=0&ds=6&er=&ft=c~.Zm4L-gXoInz7T&l=2022011623005201011313506815175980&lr=all&mime_type=video_mp4&net=0&pl=0&qs=5&rc=anZ0aGhoNG0zNTMzNzczM0ApNDRoOmc0ZGVpNzdnM2QzOWcvbGZhM3BoLm5gLS1kMTZzcy1fYDBeNS00NF8yYjZgYWE6Yw%3D%3D&vl=&vr=
video/mp4, bytesbytes 0-378397/378398, 1642374085.294042, 1642374085.2956994, 1642374085.3204596, 1642374086.3897953, v39.tiktokcdn-us.com, 66a50f82b0e37ecae11421e5e795d60c, /66a50f82b0e37ecae11421e5e795d60c/61e4f80d/video/tos/useast2a/tos-useast2a-ve-0068c002/da6204c267744dc49cc565b2ab43563d/?a=1233&br=618&bt=309&cd=0%7C0%7C0&ch=0&cr=3&cs=2&cv=1&dr=0&ds=6&er=&ft=c~.Zm4L-gXoInz7T&l=2022011623005201011313506815175980&lr=all&mime_type=video_mp4&net=0&pl=0&qs=5&rc=am52Zzs6ZndrNzMzNzczM0ApOzY0ZTtpNWU0NzdmNWc4ZWdnZGk1cjQwXmxgLS1kMTZzczRjYjI0YDRiLjNhNF8vYzU6Yw%3D%3D&vl=&vr=
video/mp4, bytesbytes 1024000-1696740/1696741, 1642374094.4519048, 1642374094.4542997, 1642374094.481904, 1642374096.3609436, v39.tiktokcdn-us.com, 9c1d66cfbf8ec7713082165e346e974e, /9c1d66cfbf8ec7713082165e346e974e/61e4f817/video/tos/useast2a/tos-useast2a-ve-0068c003/f348836467bc49eaa857075d7c4a121e/?a=1233&br=1382&bt=691&cd=0%7C0%7C0&ch=0&cr=3&cs=2&cv=1&dr=0&ds=6&er=&ft=c~.Zm4L-gXoInz7T&l=2022011623005201011313506815175980&lr=all&mime_type=video_mp4&net=0&pl=0&qs=5&rc=anhwMzw6ZnRqNzMzNzczM0ApZmRlNzpnaGQ0NzloO2k6OWctZ2sycjQwLWpgLS1kMTZzczZeMzE0YWAzLTMuXi8xYWM6Yw%3D%3D&vl=&vr=
video/mp4, bytesbytes 0-1024000/1115179, 1642374096.6429634, 1642374096.6443734, 1642374096.6683912, 1642374099.176851, v39.tiktokcdn-us.com, 2740a5239d8819e8a91617a2da11ce8c, /2740a5239d8819e8a91617a2da11ce8c/61e4f814/video/tos/useast2a/tos-useast2a-pve-0068/b7bce4a37804449f9d2183c5933ac52d/?a=1233&br=1022&bt=511&cd=0%7C0%7C0&ch=0&cr=3&cs=2&cv=1&dr=0&ds=6&er=&ft=c~.Zm4L-gXoInz7T&l=2022011623005201011313506815175980&lr=all&mime_type=video_mp4&net=0&pl=0&qs=5&rc=M2k6OHV0cm5yNjMzNzczM0ApOTU1N2lpNjtmNzo2NTc4aWdtcC01azE1bzZgLS1kMTZzc2I0LTI0YjI1LmA0Ni4xYS86Yw%3D%3D&vl=&vr=
video/mp4, bytesbytes 1024000-1417687/1417688, 1642374113.157994, 1642374113.159459, 1642374113.186037, 1642374114.459331, v39.tiktokcdn-us.com, 681f7900e95044f9536f5d4ae2caccb9, /681f7900e95044f9536f5d4ae2caccb9/61e4f818/video/tos/useast2a/tos-useast2a-ve-0068c003/ea7de911776840ddb16332a908d46e62/?a=1233&br=1060&bt=530&cd=0%7C0%7C0&ch=0&cr=3&cs=2&cv=1&dr=0&ds=6&er=&ft=c~.Zm4L-gXoInz7T&l=2022011623005201011313506815175980&lr=all&mime_type=video_mp4&net=0&pl=0&qs=5&rc=anZ0aGhoNG0zNTMzNzczM0ApNDRoOmc0ZGVpNzdnM2QzOWcvbGZhM3BoLm5gLS1kMTZzcy1fYDBeNS00NF8yYjZgYWE6Yw%3D%3D&vl=&vr=
video/mp4, bytesbytes 0-850417/850418, 1642374114.83228, 1642374114.8337243, 1642374114.8486075, 1642374117.0415971, v19.tiktokcdn-us.com, ba925bc3584ecdf64822bc1fac6ccbbf, /ba925bc3584ecdf64822bc1fac6ccbbf/61e4f850/video/tos/useast2a/tos-useast2a-pve-0068/33def16ebd18444989dc7993a37978dd/?a=1233&br=854&bt=427&cd=0%7C0%7C0&ch=0&cr=3&cs=2&cv=1&dr=0&ds=6&er=&ft=c~.Zm4L-gXoInz7T&l=2022011623015301011300613205107B56&lr=all&mime_type=video_mp4&net=0&pl=0&qs=5&rc=ajVyZzt5dGlreDMzZTczM0ApZzM0NDNmO2RnNzM5MzVlM2cuZWYxL3BuaDRfLS0wMTZzczQtNjBeMzIwMi4tYDI1L186Yw%3D%3D&vl=&vr=
video/mp4, bytesbytes 0-920621/920622, 1642374117.3810945, 1642374117.3830137, 1642374117.3995407, 1642374119.7490172, v19.tiktokcdn-us.com, 2e116572da933b8c9cccca2cd66ba2cf, /2e116572da933b8c9cccca2cd66ba2cf/61e4f854/video/tos/useast2a/tos-useast2a-ve-0068c004/79b1b3f341fd40b0b1ece1a7d0931fa7/?a=1233&br=744&bt=372&cd=0%7C0%7C0&ch=0&cr=3&cs=2&cv=1&dr=0&ds=6&er=&ft=c~.Zm4L-gXoInz7T&l=2022011623015301011300613205107B56&lr=all&mime_type=video_mp4&net=0&pl=0&qs=5&rc=ampneXc6ZTR3NTMzNzczM0ApNzU8OjhlaWRoN2g3ZWkzM2dzLWgwNmMtNGNgLS1kMTZzc19fNmEtYzYzYS4vLTE0LzI6Yw%3D%3D&vl=&vr=
video/mp4, bytesbytes 0-758420/758421, 1642374120.239372, 1642374120.240711, 1642374120.2572186, 1642374122.1434045, v19.tiktokcdn-us.com, 6135640f4126fe67b2bff79ee9cdb8d3, /6135640f4126fe67b2bff79ee9cdb8d3/61e4f851/video/tos/useast2a/tos-useast2a-pve-0068/aeef7600a288471fae3bb636b1330a2c/?a=1233&br=712&bt=356&cd=0%7C0%7C0&ch=0&cr=3&cs=2&cv=1&dr=0&ds=6&er=&ft=c~.Zm4L-gXoInz7T&l=2022011623015301011300613205107B56&lr=all&mime_type=video_mp4&net=0&pl=0&qs=5&rc=anA2NDg6Zmt2NzMzNzczM0ApZ2c8ZzlnPDtoN2Y6aTg2PGdhMXI2cjRfZy9gLS1kMTZzcy4zYmE1NmNiMTAuMDAtXmM6Yw%3D%3D&vl=&vr=
video/mp4, bytesbytes 0-769252/769253, 1642374122.4936657, 1642374122.495292, 1642374122.5095353, 1642374124.4370334, v19.tiktokcdn-us.com, 2f9c19286aacc7777d9dc6a34ba73055, /2f9c19286aacc7777d9dc6a34ba73055/61e4f850/video/tos/useast2a/tos-useast2a-ve-0068c004/efbfd78c2abf4559a766c6d6de5511bc/?a=1233&br=786&bt=393&cd=0%7C0%7C0&ch=0&cr=3&cs=2&cv=1&dr=0&ds=6&er=&ft=c~.Zm4L-gXoInz7T&l=2022011623015301011300613205107B56&lr=all&mime_type=video_mp4&net=0&pl=0&qs=5&rc=ajZ5OTtzbGo5NDMzNzczM0ApMzc7PDo3OzxpNzQ8ZTc4NmdqXjFga3NvY2tgLS1kMTZzc2MuY180MzUuYjExLzI2LTE6Yw%3D%3D&vl=&vr=
video/mp4, bytesbytes 1024000-1115178/1115179, 1642374131.6333787, 1642374131.6352549, 1642374131.660831, 1642374131.9889429, v39.tiktokcdn-us.com, 2740a5239d8819e8a91617a2da11ce8c, /2740a5239d8819e8a91617a2da11ce8c/61e4f814/video/tos/useast2a/tos-useast2a-pve-0068/b7bce4a37804449f9d2183c5933ac52d/?a=1233&br=1022&bt=511&cd=0%7C0%7C0&ch=0&cr=3&cs=2&cv=1&dr=0&ds=6&er=&ft=c~.Zm4L-gXoInz7T&l=2022011623005201011313506815175980&lr=all&mime_type=video_mp4&net=0&pl=0&qs=5&rc=M2k6OHV0cm5yNjMzNzczM0ApOTU1N2lpNjtmNzo2NTc4aWdtcC01azE1bzZgLS1kMTZzc2I0LTI0YjI1LmA0Ni4xYS86Yw%3D%3D&vl=&vr=
video/mp4, bytesbytes 0-1024000/1741406, 1642374132.168942, 1642374132.176048, 1642374132.1914246, 1642374135.144378, v19.tiktokcdn-us.com, 77581ba16e78b73d94b2956f6cbc396b, /77581ba16e78b73d94b2956f6cbc396b/61e4f869/video/tos/useast5/tos-useast5-pve-0068-tx/279c8bd1ac134019914bb4a75c00f1df/?a=1233&br=666&bt=333&cd=0%7C0%7C0&ch=0&cr=3&cs=2&cv=1&dr=0&ds=6&er=&ft=c~.Zm4L-gXoInz7T&l=2022011623015301011300613205107B56&lr=all&mime_type=video_mp4&net=0&pl=0&qs=5&rc=M3JsZGQ6Zjg5OjMzZzczNEApOGk3ZTlmOjs5NzkzNjVnPGdxY3BocjRfZTBgLS1kMS9zc2MtNWMxNDNjY2I2MTAuNGA6Yw%3D%3D&vl=&vr=
video/mp4, bytesbytes 0-265347/265348, 1642374148.9811776, 1642374148.9850729, 1642374149.005011, 1642374149.9328504, v19.tiktokcdn-us.com, d0ff1b1f8da94888abf25b9cfc78e855, /d0ff1b1f8da94888abf25b9cfc78e855/61e4f849/video/tos/alisg/tos-alisg-pve-0037c001/88d0a2f0d8fd40f699e281a9c3b021f0/?a=1233&br=482&bt=241&cd=0%7C0%7C0&ch=0&cr=3&cs=2&cv=1&dr=0&ds=6&er=&ft=c~.Zm4L-gXoInz7T&l=2022011623015301011300613205107B56&lr=all&mime_type=video_mp4&net=0&pl=0&qs=11&rc=ajdzOXE6bDNyMzMzODczM0ApNTk1aTU8OGRoNzdoM2Y5aWdgMzExMm9rcDRgLS0yMTRzcy0zMTEyXmAvYi81MzAxLWI6Yw%3D%3D&vl=&vr=
video/mp4, bytesbytes 0-517792/517793, 1642374150.0790632, 1642374150.0809853, 1642374150.0943892, 1642374151.6030447, v19.tiktokcdn-us.com, 15d365f6752bf94f10bc50c9584bcaf9, /15d365f6752bf94f10bc50c9584bcaf9/61e4f849/video/tos/useast2a/tos-useast2a-ve-0068c004/61ddc728cfd74da9806df42f9f1aa3a3/?a=1233&br=926&bt=463&cd=0%7C0%7C0&ch=0&cr=3&cs=2&cv=1&dr=0&ds=6&er=&ft=c~.Zm4L-gXoInz7T&l=2022011623015301011300613205107B56&lr=all&mime_type=video_mp4&net=0&pl=0&qs=5&rc=amRzOzp5aHRneDMzPDczM0ApNzVmaTk2N2RoNzc7ZDQ3aWdyaGs0YWpnLWRfLS0zMTZzczJjNDMwXy1hYzVjYmA1Nl46Yw%3D%3D&vl=&vr=
video/mp4, bytesbytes 0-980941/980942, 1642374169.2204418, 1642374169.2237546, 1642374169.2483673, 1642374174.4728334, v19.tiktokcdn-us.com, 54fe8c58de1fe73da468fbefe2c3f816, /54fe8c58de1fe73da468fbefe2c3f816/61e4f853/video/tos/useast2a/tos-useast2a-ve-0068c003/e03dc43dab0a4436b4e65c3f1e1c5f17/?a=1233&br=814&bt=407&cd=0%7C0%7C0&ch=0&cr=3&cs=2&cv=1&dr=0&ds=6&er=&ft=c~.Zm4L-gXoInz7T&l=2022011623015301011300613205107B56&lr=all&mime_type=video_mp4&net=0&pl=0&qs=5&rc=amxzNWg6Zm1pNzMzNzczM0ApMzs1aWZlOTw4NzM4OzdkNWc0M2YzcjQwaWxgLS1kMTZzcy1eNDFfNV41NDJeMi1eYjI6Yw%3D%3D&vl=&vr=
video/mp4, bytesbytes 0-693192/693193, 1642374176.0150168, 1642374176.0159307, 1642374176.1168149, 1642374178.128523, v19.tiktokcdn-us.com, b2bd236f6ee4d47bcd57c7d8e14423b4, /b2bd236f6ee4d47bcd57c7d8e14423b4/61e4f849/video/tos/useast2a/tos-useast2a-ve-0068c004/a9eb81410a7f48f794f98e82aae77edb/?a=1233&br=1254&bt=627&cd=0%7C0%7C0&ch=0&cr=3&cs=2&cv=1&dr=0&ds=6&er=&ft=c~.Zm4L-gXoInz7T&l=2022011623015301011300613205107B56&lr=all&mime_type=video_mp4&net=0&pl=0&qs=5&rc=M3V0ZDxmOjtuNDMzMzczM0ApOmdmZGg3OGQ3N2VnZzQ5NWduZGVtNmVzMWRgLS02MTZzc2EyLi4xYmEuMzU1YzFeNWI6Yw%3D%3D&vl=&vr=
video/mp4, bytesbytes 1024000-1741405/1741406, 1642374186.2864213, 1642374186.289061, 1642374186.3054113, 1642374188.9296021, v19.tiktokcdn-us.com, 77581ba16e78b73d94b2956f6cbc396b, /77581ba16e78b73d94b2956f6cbc396b/61e4f869/video/tos/useast5/tos-useast5-pve-0068-tx/279c8bd1ac134019914bb4a75c00f1df/?a=1233&br=666&bt=333&cd=0%7C0%7C0&ch=0&cr=3&cs=2&cv=1&dr=0&ds=6&er=&ft=c~.Zm4L-gXoInz7T&l=2022011623015301011300613205107B56&lr=all&mime_type=video_mp4&net=0&pl=0&qs=5&rc=M3JsZGQ6Zjg5OjMzZzczNEApOGk3ZTlmOjs5NzkzNjVnPGdxY3BocjRfZTBgLS1kMS9zc2MtNWMxNDNjY2I2MTAuNGA6Yw%3D%3D&vl=&vr=
video/mp4, bytesbytes 0-798486/798487, 1642374189.2329862, 1642374189.2343318, 1642374189.245817, 1642374191.8671834, v19.tiktokcdn-us.com, 9fe6ca3871d78f1bda6a996be835d9f7, /9fe6ca3871d78f1bda6a996be835d9f7/61e4f854/video/tos/useast2a/tos-useast2a-ve-0068c001/93def875131f4cfdac3da9c8d5663b46/?a=1233&br=638&bt=319&cd=0%7C0%7C0&ch=0&cr=3&cs=2&cv=1&dr=0&ds=6&er=&ft=c~.Zm4L-gXoInz7T&l=2022011623015301011300613205107B56&lr=all&mime_type=video_mp4&net=0&pl=0&qs=5&rc=anU4aW94PDRpeDMzZzczM0ApaTY8O2hlODwzNzU7PDo5ZWcyZmYtY2Znc2VfLS1jMTZzczQ0MWM1Mi8zMDEuXmItMGA6Yw%3D%3D&vl=&vr=
video/mp4, bytesbytes 0-633979/633980, 1642374216.6231785, 1642374216.6251664, 1642374216.6365187, 1642374218.3747172, v19.tiktokcdn-us.com, 470ad8a0e08a28dd8dd5925fe48b09ea, /470ad8a0e08a28dd8dd5925fe48b09ea/61e4f8b4/video/tos/useast5/tos-useast5-pve-0068-tx/f62e02f024c540c89a00998f535a6845/?a=1233&br=582&bt=291&cd=0%7C0%7C0&ch=0&cr=3&cs=2&cv=1&dr=0&ds=3&er=&ft=c~.Zm4L-gXoInz7T&l=202201162303320101131350202715093F&lr=all&mime_type=video_mp4&net=0&pl=0&qs=14&rc=anhtOmY6Zmo6OjMzZzczNEApOjM6NDc4aWRkNzVlODRpOWdybmZucjRfbTZgLS1kMS9zcy4vYmFhMV5jMzZeNjY1XjY6Yw%3D%3D&vl=&vr=
video/mp4, bytesbytes 0-1024000/1468106, 1642374218.7508829, 1642374218.752626, 1642374218.7658327, 1642374221.5733523, v19.tiktokcdn-us.com, 9b2ac1ae0ecf749b6664923d78c7057e, /9b2ac1ae0ecf749b6664923d78c7057e/61e4f8b2/video/tos/useast2a/tos-useast2a-ve-0068c001/b21486bb7d81477baabd50d3c947dcf1/?a=1233&br=1530&bt=765&cd=0%7C0%7C0&ch=0&cr=3&cs=2&cv=1&dr=0&ds=6&er=&ft=c~.Zm4L-gXoInz7T&l=202201162303320101131350202715093F&lr=all&mime_type=video_mp4&net=0&pl=0&qs=5&rc=ajRwZTw7bGR2NjMzNzczM0ApaWhnOWZlO2U7N2ZoZDg5M2dvNmFvMXBvYGRgLS1kMTZzcy8xNmJfXzItNC42Yy5gXzQ6Yw%3D%3D&vl=&vr=
video/mp4, bytesbytes 0-288001/288002, 1642374222.0056024, 1642374222.0080323, 1642374222.0226395, 1642374222.902998, v19.tiktokcdn-us.com, 4c0b48f3b7cd1de7b273526a009713cd, /4c0b48f3b7cd1de7b273526a009713cd/61e4f8aa/video/tos/useast2a/tos-useast2a-ve-0068c001/5952da63183a46f283d3a1be28cbc9cb/?a=1233&br=628&bt=314&cd=0%7C0%7C0&ch=0&cr=3&cs=2&cv=1&dr=0&ds=6&er=&ft=c~.Zm4L-gXoInz7T&l=202201162303320101131350202715093F&lr=all&mime_type=video_mp4&net=0&pl=0&qs=5&rc=ajc1ZWQ6Zml1NjMzNzczM0ApOjk5NjVoNDw7Nzg3MzVlaGdnai1lcjRfcWpgLS1kMTZzc2IxXi0wLzI1YGFgY18wNDY6Yw%3D%3D&vl=&vr=
video/mp4, bytesbytes 0-425400/425401, 1642374223.0755513, 1642374223.0772033, 1642374223.088903, 1642374224.424598, v19.tiktokcdn-us.com, 790e94fe3e6e82cf8f4aa68ff0fd7ac4, /790e94fe3e6e82cf8f4aa68ff0fd7ac4/61e4f8ae/video/tos/useast2a/tos-useast2a-ve-0068c002/c5ad9170dbb141c483b5fbdfd8828886/?a=1233&br=616&bt=308&cd=0%7C0%7C0&ch=0&cr=3&cs=2&cv=1&dr=0&ds=6&er=&ft=c~.Zm4L-gXoInz7T&l=202201162303320101131350202715093F&lr=all&mime_type=video_mp4&net=0&pl=0&qs=5&rc=M3Fxczs6Zmc1NzMzNzczM0ApaDtoMzY8Mzw2N2Y7OGY4NWdvNV4vcjRncjFgLS1kMTZzcy4tMS8vLTVhYDFjNjQvNTU6Yw%3D%3D&vl=&vr=
video/mp4, bytesbytes 0-315404/315405, 1642374224.6871147, 1642374224.6882403, 1642374224.7000847, 1642374225.9462276, v19.tiktokcdn-us.com, afd8b984edc1bf02e4f0e2f9ed5c3a1c, /afd8b984edc1bf02e4f0e2f9ed5c3a1c/61e4f8af/video/tos/useast2a/tos-useast2a-pve-0068/ce758054d06e4e5fb05db956a85159fc/?a=1233&br=422&bt=211&cd=0%7C0%7C0&ch=0&cr=3&cs=2&cv=1&dr=0&ds=6&er=&ft=c~.Zm4L-gXoInz7T&l=202201162303320101131350202715093F&lr=all&mime_type=video_mp4&net=0&pl=0&qs=4&rc=M204cjw6Zm1zODMzNzgzM0ApNjw5aTo6NTs3Nzc7NTc7OmdecmtrcjQwZXFgLS1kLzZzc2AvYjViMjM2YV42Y2AuMDE6Yw%3D%3D&vl=&vr=
video/mp4, bytesbytes 0-434444/434445, 1642374228.4760613, 1642374228.4773302, 1642374228.4911206, 1642374230.9381137, v19.tiktokcdn-us.com, e9540b161a849b453bc75cc956bd6bcf, /e9540b161a849b453bc75cc956bd6bcf/61e4f8af/video/tos/useast2a/tos-useast2a-ve-0068c001/bf28981904014137853b7b34d02bb149/?a=1233&br=580&bt=290&cd=0%7C0%7C0&ch=0&cr=3&cs=2&cv=1&dr=0&ds=6&er=&ft=c~.Zm4L-gXoInz7T&l=202201162303320101131350202715093F&lr=all&mime_type=video_mp4&net=0&pl=0&qs=5&rc=ampkM21rdWVrNjMzNzczM0ApOztpNTllO2U4N2c2ZTc5OWdqM2luaWliMS5gLS1kMTZzczFjYTBeNS9eXmAtMy5iMWA6Yw%3D%3D&vl=&vr=
video/mp4, bytesbytes 1024000-1468105/1468106, 1642374245.6894612, 1642374245.6909328, 1642374245.7042394, 1642374247.0679626, v19.tiktokcdn-us.com, 9b2ac1ae0ecf749b6664923d78c7057e, /9b2ac1ae0ecf749b6664923d78c7057e/61e4f8b2/video/tos/useast2a/tos-useast2a-ve-0068c001/b21486bb7d81477baabd50d3c947dcf1/?a=1233&br=1530&bt=765&cd=0%7C0%7C0&ch=0&cr=3&cs=2&cv=1&dr=0&ds=6&er=&ft=c~.Zm4L-gXoInz7T&l=202201162303320101131350202715093F&lr=all&mime_type=video_mp4&net=0&pl=0&qs=5&rc=ajRwZTw7bGR2NjMzNzczM0ApaWhnOWZlO2U7N2ZoZDg5M2dvNmFvMXBvYGRgLS1kMTZzcy8xNmJfXzItNC42Yy5gXzQ6Yw%3D%3D&vl=&vr=
video/mp4, bytesbytes 0-1024000/1589872, 1642374247.4205668, 1642374247.421848, 1642374247.4327881, 1642374250.7072012, v19.tiktokcdn-us.com, 0777162661c094d3e5b907c634db9a70, /0777162661c094d3e5b907c634db9a70/61e4f8b0/video/tos/useast2a/tos-useast2a-ve-0068c003/91c724bf933b40f5903e337d94f8f6a7/?a=1233&br=1944&bt=972&cd=0%7C0%7C0&ch=0&cr=3&cs=2&cv=1&dr=0&ds=6&er=&ft=c~.Zm4L-gXoInz7T&l=202201162303320101131350202715093F&lr=all&mime_type=video_mp4&net=0&pl=0&qs=5&rc=M2VqbzM6ZmQ7NjMzNzczM0ApZGU1aGc7ZGU2NzhoZTNoZ2dkZGFncjRfaG9gLS1kMTZzcy4zYmA1MmE0NmEzLV8tYjQ6Yw%3D%3D&vl=&vr=
video/mp4, bytesbytes 0-671216/671217, 1642374251.4198704, 1642374251.43007, 1642374251.539211, 1642374253.8439941, v19.tiktokcdn-us.com, 26492c10e3829cccf5044778101a9c9d, /26492c10e3829cccf5044778101a9c9d/61e4f8b8/video/tos/useast2a/tos-useast2a-pve-0068/1cf87e26fafc4d01acd6b935b03fa0c1/?a=1233&br=506&bt=253&cd=0%7C0%7C0&ch=0&cr=3&cs=2&cv=1&dr=0&ds=6&er=&ft=c~.Zm4L-gXoInz7T&l=202201162303320101131350202715093F&lr=all&mime_type=video_mp4&net=0&pl=0&qs=5&rc=MzY0NTY6ZjhrNzMzNzczM0ApaGVkZ2k2OztkNzM6aWQ5ZWdjYnFmcjQwLmhgLS1kMTZzczI2MmAyYmEtNF4uYS1iNF86Yw%3D%3D&vl=&vr=
video/mp4, bytesbytes 0-888812/888813, 1642374254.7558475, 1642374254.75725, 1642374254.7732184, 1642374259.193058, v19.tiktokcdn-us.com, 206218321d733cbe85e4a35b50f1ecbf, /206218321d733cbe85e4a35b50f1ecbf/61e4f8b3/video/tos/alisg/tos-alisg-pve-0037c001/528ecdee582c401d94082a44d9ece479/?a=1233&br=898&bt=449&cd=0%7C0%7C0&ch=0&cr=3&cs=2&cv=1&dr=0&ds=6&er=&ft=c~.Zm4L-gXoInz7T&l=202201162303320101131350202715093F&lr=all&mime_type=video_mp4&net=0&pl=0&qs=5&rc=M3E3eTY6ZjNsNzMzODczNEApOjRnNjNpO2U2NzxkMzU6OWdncGlwcjRfZDNgLS1kMS1zczUuNGEwLzEzXzAyYC00LjQ6Yw%3D%3D&vl=&vr=
video/mp4, bytesbytes 0-301887/301888, 1642374263.0935504, 1642374263.1001687, 1642374263.1152918, 1642374264.827085, v19.tiktokcdn-us.com, 53eb1ad03b8037746cbd6f358c20bd05, /53eb1ad03b8037746cbd6f358c20bd05/61e4f8ab/video/tos/useast2a/tos-useast2a-pve-0068/6f7f256df4ac448b841cb880cb1c8805/?a=1233&br=638&bt=319&cd=0%7C0%7C0&ch=0&cr=3&cs=2&cv=1&dr=0&ds=6&er=&ft=c~.Zm4L-gXoInz7T&l=202201162303320101131350202715093F&lr=all&mime_type=video_mp4&net=0&pl=0&qs=5&rc=M3hxczRra3FwNjMzNzczM0ApMzxlODM3OmU6NzU4OmZpaWctaGdqMTVxcTFgLS1kMTZzc2I0MGExMDQxMy9jMjUtNl86Yw%3D%3D&vl=&vr=
video/mp4, bytesbytes 1024000-1589871/1589872, 1642374271.0962186, 1642374271.1047585, 1642374271.1255474, 1642374275.2978132, v19.tiktokcdn-us.com, 0777162661c094d3e5b907c634db9a70, /0777162661c094d3e5b907c634db9a70/61e4f8b0/video/tos/useast2a/tos-useast2a-ve-0068c003/91c724bf933b40f5903e337d94f8f6a7/?a=1233&br=1944&bt=972&cd=0%7C0%7C0&ch=0&cr=3&cs=2&cv=1&dr=0&ds=6&er=&ft=c~.Zm4L-gXoInz7T&l=202201162303320101131350202715093F&lr=all&mime_type=video_mp4&net=0&pl=0&qs=5&rc=M2VqbzM6ZmQ7NjMzNzczM0ApZGU1aGc7ZGU2NzhoZTNoZ2dkZGFncjRfaG9gLS1kMTZzcy4zYmA1MmE0NmEzLV8tYjQ6Yw%3D%3D&vl=&vr=
