0,v09044e50000btueapv15l8sl3ukeqpg,8077,1038069&571816&372444,35d3c0c2d05700b299e6befc3b2e846a&9afeec76e30dcc72395ecb8cd81a72ee&a0c2905fe8c0178f97a42bac8efb9cbc&518ad783a817460120fbb04ef9608db2&18514afbd4ae387e86ee88a15dad3233&f79c29ac5830f123e4c27d7dfe2218cd,https://v16m.tiktokcdn-us.com/35d3c0c2d05700b299e6befc3b2e846a/61e521a0/video/tos/useast2a/tos-useast2a-ve-0068c004/13370ab11f50451d9ac6b44b0fed7e9d/?a=1233&br=2026&bt=1013&cd=0%7C0%7C0&ch=0&cr=3&cs=2&cv=1&dr=0&ds=6&er=&ft=c~.Zm4L-gXoInz7T&l=202201170158170101130061141B36198D&lr=all&mime_type=video_mp4&net=0&pl=0&qs=11&rc=anRuNnZvNHNodzMzODczM0ApOGQ1aDlnM2U6N2k4ZjRmZ2dtYnJpNTJzXnJfLS1iMTZzcy0zMzQvYy81MmM1LS8uYzQ6Yw%3D%3D&vl=&vr=
1,v12044gd0000c7bpv0jc77uakaoc0an0,12560,640394&488219&247339&213602,495ec1a0103ffc211cc5eead7d5a39f3&32dae321c336a804bbaf68f8f380921a&6cd55328cf1ac39a9bf2f215873408c7&7f5e369eec1d92eb0d7b2332eedeb718&f9f417d2e1f9229b0bd5efd8602410e0&3ec5b33f94488a5919be56cabc17a97d&8c0707b399c6f765d6ab2e09754e2ef9&2d80da26866cf91418582565ee814296,https://v16m.tiktokcdn-us.com/495ec1a0103ffc211cc5eead7d5a39f3/61e521a5/video/tos/useast5/tos-useast5-ve-0068c004-tx/7fb7755292e94b97ae2acf9bbfa03fe3/?a=1233&br=1250&bt=625&cd=0%7C0%7C0&ch=0&cr=3&cs=2&cv=1&dr=0&ds=6&er=&ft=c~.Zm4L-gXoInz7T&l=202201170158170101130061141B36198D&lr=all&mime_type=video_mp4&net=0&pl=0&qs=11&rc=M2RmZGQ6ZjNzOjMzZzczNEApMzY7PDVoNWVlNzQ5aTppN2drLWxocjRnc19gLS1kMS9zcy4vYF5hMDA0NjI2MzNhYC86Yw%3D%3D&vl=&vr=
2,v09044g40000c6ugqd3c77u2124rt93g,20176,2319302&1902672&1030452&876028,b5d744c4d6c6396fa74aa30b56eab9b4&656315aa60fb828782168359cc377c56&80121ebe989a4eacab66a9a22aa9af8a&22d548126dd7a8e7156fd384b219f763&8524db6836a3b1c5796e264d44ea1fc3&b436eb044a61259221bde7af013d04d8&c54fcc54f2177a3f052ee92e653215ce&88b32dff5f34de838ea576e9babdb281,https://v16m.tiktokcdn-us.com/b5d744c4d6c6396fa74aa30b56eab9b4/61e521ad/video/tos/useast2a/tos-useast2a-pve-0068/9cf3926d23504f68ba3b97edcdc97826/?a=1233&br=4528&bt=2264&cd=0%7C0%7C0&ch=0&cr=3&cs=2&cv=1&dr=0&ds=3&er=&ft=c~.Zm4L-gXoInz7T&l=202201170158170101130061141B36198D&lr=all&mime_type=video_mp4&net=0&pl=0&qs=14&rc=ajx1NTU6ZmdqOTMzNzczM0ApNGkzaWQ1Nzs2NzU3NTQ6OmcwcTEucjQwbnJgLS1kMTZzczM2YjVgLy01YC0tXl40LWM6Yw%3D%3D&vl=&vr=
3,v09044g40000c1kjcjkfbh5e73ktqsqg,17807,788255&644665&394736&273289,019bb18763238e1f0e0e053b5fc9d114&e484b4a0e8ee26dcd919d479b9a88b88&b83d53673b9401a9a3d6f126632d960b&40b0929c693f525b62dce57e63cc3c0d&357edfd5ff3b3f1dcca141a3d9644374&55801b3f7299d5997453ae2972c3ca36&1f538f47195407127dcb529354fd1d57&6531f1ca92597ec0ba10c47acc1c3395,https://v16m.tiktokcdn-us.com/019bb18763238e1f0e0e053b5fc9d114/61e521aa/video/tos/useast2a/tos-useast2a-pve-0068/28e9383b8a8843d19cdf71afb36ba310/?a=1233&br=1538&bt=769&cd=0%7C0%7C0&ch=0&cr=3&cs=2&cv=1&dr=0&ds=3&er=&ft=c~.Zm4L-gXoInz7T&l=202201170158170101130061141B36198D&lr=all&mime_type=video_mp4&net=0&pl=0&qs=14&rc=anZ3NmhraW1tNDMzNzczM0ApZGQ8ZzZkNDxkN2QzNzg7ZWdubmg0Ml9oYGhgLS1kMTZzczYyYV8zNS0vMC9hX2M1Y2E6Yw%3D%3D&vl=&vr=
4,v09044g40000c3lg95bc77u9h05eekn0,46089,555273&414793&370651&261713,1679e4ca7be778863bb2241728a83bc1&7ca4c886ed9bced196c3fbdd2f9b2735&40c01b1cd7318901251c5197f3403164&693edc9ca8ebd3e0d1094643b0d96b5a&518aefbb97644bb4eb9614bd280cd64f&0359d8124e62c8c627880d2c88d3c127&12e142beea62b4f6bf4671aed7ea6437&888a3af5eaac0753317c0f6bacfc3b0f,https://v16m.tiktokcdn-us.com/1679e4ca7be778863bb2241728a83bc1/61e521c6/video/tos/useast2a/tos-useast2a-pve-0068/d71c0e8d4bdd441cb28765ca3433472b/?a=1233&br=1084&bt=542&cd=0%7C0%7C0&ch=0&cr=3&cs=2&cv=1&dr=0&ds=3&er=&ft=c~.Zm4L-gXoInz7T&l=202201170158170101130061141B36198D&lr=all&mime_type=video_mp4&net=0&pl=0&qs=14&rc=M25oMzw6ZjhqNjMzNzczM0ApN2kzaWQ4NDtmN2c6ZTg8aWdrYjJlcjRfNmlgLS1kMTZzczA0YmNjY2AtYDI2MDBfNjY6Yw%3D%3D&vl=&vr=
5,v09044g40000c42euh3c77u1fkgu3370,16646,567887&444282&223592&160019,f07855f8b55b90feee9f3979ec1d5d1e&f1f1bb472933ed87940e9ffa54fe5f04&c00d2877b4624b4833fb5952bba55b62&7b49bf710dd354bcee40ff3919faa3c0&dbf90800b4eb8f55d59454774c43f3c5&68ea30c68992e03b114f71af81f4c4ab&b9d18fdd0fd4e2be124b03463a4e87b2&fd1665c1316576212a32f49a24659ad8,https://v16m.tiktokcdn-us.com/f07855f8b55b90feee9f3979ec1d5d1e/61e521a9/video/tos/useast2a/tos-useast2a-pve-0068/353eea5c512a4e96bf4aed8f1a7c9fe9/?a=1233&br=1108&bt=554&cd=0%7C0%7C0&ch=0&cr=3&cs=2&cv=1&dr=0&ds=3&er=&ft=c~.Zm4L-gXoInz7T&l=202201170158170101130061141B36198D&lr=all&mime_type=video_mp4&net=0&pl=0&qs=14&rc=MzZ4bjQ6ZmtoNzMzNzczM0ApODc0NGk0NmVlN2Q7OjczM2c0MGRjcjQwci9gLS1kMTZzcy8tMWFiYS5fMzIyNTUxXy06Yw%3D%3D&vl=&vr=
6,v09044g40000c33c97iemsh0t2h21a7g,23752,1481860&967805&502757&322580&298757,1b8756396082a783495b848f61cc1168&8516be700547b53b3a7f80d0fe460a8e&a61dd187cec71cd0b59209e330d8f3a6&d654684b46aeccb41f577cd4bfda7295&b0f887dcd379fce92286da554dbadafb&232efe09626a5c3337e43f10947f6f7e&04b597f4af989790d2b7a3e879f97409&74730e8c1d4132938582066be441719b&901a4880df7156fb7c41bc48bb941e4f&5a419c7e1fe20bb640eb41939c29b5b8,https://v16m.tiktokcdn-us.com/1b8756396082a783495b848f61cc1168/61e521b0/video/tos/useast2a/tos-useast2a-pve-0068/6db60453f1e54ed6a6763c05f1e88f44/?a=1233&br=2894&bt=1447&cd=0%7C0%7C0&ch=0&cr=3&cs=2&cv=1&dr=0&ds=3&er=&ft=c~.Zm4L-gXoInz7T&l=202201170158170101130061141B36198D&lr=all&mime_type=video_mp4&net=0&pl=0&qs=14&rc=amQ1NTN2aDpmNjMzNzczM0ApZjRkZzc6NzxkN2U4Ozg4O2c0LmVxZWpmNjBgLS1kMTZzczEvYWE1NDVhMjUvMTMyMzY6Yw%3D%3D&vl=&vr=
7,v09044g40000c3sb163c77u1q5eb1gn0,50199,2384648&1679789&1035368&582274,ebeb72eb0ee7926f6e668f4e100b07ee&1842fcf14551999257892e0026f669f9&4fc6ebf03756435901565f3251e705bc&bcc364d5270c84fc018d4526b7a56070&096745fc187934f584195066fd933e2e&75a91a221df4ae17c3e9240b6df1ce75&dc7fe8769ee05dd37696a0fbcc9a5176&1fcc68ee97e51d7aafcc77399d25eeab,https://v16m.tiktokcdn-us.com/ebeb72eb0ee7926f6e668f4e100b07ee/61e521cb/video/tos/useast2a/tos-useast2a-pve-0068/f8286e158fda4ed7bdaec686e27037e0/?a=1233&br=4656&bt=2328&cd=0%7C0%7C0&ch=0&cr=3&cs=2&cv=1&dr=0&ds=3&er=&ft=c~.Zm4L-gXoInz7T&l=202201170158170101130061141B36198D&lr=all&mime_type=video_mp4&net=0&pl=0&qs=14&rc=M2plODQ6ZjllNjMzNzczM0ApZTtmM2Y4ZmU4Nzg0ZTxlOGdrLmJucjQwLnBgLS1kMTZzc2AwYWAzNjBfNDEzXy8uLjU6Yw%3D%3D&vl=&vr=
8,v090445c0000brsj2d7kvluo3u9i7rsg,6639,1025429&793373&341692&224755,584074e3f7a2def328c856979647b316&5ba6f5aeb8d77c62d755141ddb42bb1e&8aaf25c2401f560a05deac77ed5b1f7b&d6380266c791a73d4b468f14551b3bc2&17d60ae4723d4908076e0987fa420264&37c0a253c0ca122dd42895d5a564d4b9&f8a170fc232926da9238fb8bccf30fbb&1f553f503638e6efeea2e01231e7bdfa,https://v16m.tiktokcdn-us.com/584074e3f7a2def328c856979647b316/61e5219f/video/tos/useast2a/tos-useast2a-ve-0068c003/a61a2fdecc7f4812a7e9dcb661f65801/?a=1233&br=2002&bt=1001&cd=0%7C0%7C0&ch=0&cr=3&cs=2&cv=1&dr=0&ds=3&er=&ft=c~.Zm4L-gXoInz7T&l=202201170158170101130061141B36198D&lr=all&mime_type=video_mp4&net=0&pl=0&qs=14&rc=anVseHJvbmdtdTMzZjczM0ApaDZpNzQ0ZTw1N2YzOGk7OmdwNDYwcnM0L3BfLS0yMTZzc2IvYzAvMC8yNDJgNWBhYF86Yw%3D%3D&vl=&vr=
9,v09044g40000c23krfe7g8j7827nf5m0,20176,1391827&955897&832763&560077,e7b8f221d6a7eb6ee7a5f8a4c941a9de&ac257f3cc7866b92096179a001ac9f9a&8a46e217ae6f045ba096e61195a0bf7d&0e411f273e2c30719cc869225559f5b4&2c10fb3147c33b1d03173c4c645070e5&b061d726e82e5398a7eb7afccc3d4a4e&77a1c0f722a46bd78dfd07f1eb22c9e2&70c1e57e59141bbb4c53139e2d2b98cd,https://v16m.tiktokcdn-us.com/e7b8f221d6a7eb6ee7a5f8a4c941a9de/61e521ad/video/tos/useast2a/tos-useast2a-ve-0068c003/0ed2412d233a49eba49e4af52e6d8eb1/?a=1233&br=2718&bt=1359&cd=0%7C0%7C0&ch=0&cr=3&cs=2&cv=1&dr=0&ds=3&er=&ft=c~.Zm4L-gXoInz7T&l=202201170158170101130061141B36198D&lr=all&mime_type=video_mp4&net=0&pl=0&qs=14&rc=MzhxNTo7OmluNTMzNzczM0ApZGY3OjgzaTw0NzU7Z2k7OWdqYzQ1Z2RibzBgLS1kMTZzczNjYl4xXmNiXmEvMl9hMWE6Yw%3D%3D&vl=&vr=
10,v09044g40000c43ejobc77ue6he4rg2g,17482,500223&416016&227615&166397,a78712d3b7f66f788d116ea8d7babf41&806d9e4bb41dc5c9769da454e70f2a85&fc6b7e3fd3879d72f0c9c9a5b383764e&b5d96207703fe1e422dc4dabcf8324b8&04d0400390233da3f93c0dafee9037d0&cd82c71852f9bc723128f71b48ef6332&273163432af56736e5dcff8d1e5c3c73&ef281cac910a53c1ceef68ccedff8dfd,https://v19.tiktokcdn-us.com/a78712d3b7f66f788d116ea8d7babf41/61e521f4/video/tos/useast2a/tos-useast2a-ve-0068c004/ebeda0edfad943b88c11b94bd99d0786/?a=1233&br=976&bt=488&cd=0%7C0%7C0&ch=0&cr=3&cs=2&cv=1&dr=0&ds=3&er=&ft=c~.Zm4L-gXoInz7T&l=20220117015931010113135231253E893A&lr=all&mime_type=video_mp4&net=0&pl=0&qs=14&rc=amo3a2g6ZnJoNzMzNzczM0ApNGhpNzppNmQ2NzRoNGk0OWcvb2IzcjRfZzBgLS1kMTZzczM1YzIvYWIzYC5iM2AvYDE6Yw%3D%3D&vl=&vr=
11,v09044g40000c3kgrejc77u9jqnp7kpg,39820,1450795&1047947&813997&500737,0d466d7f3542e0f51a93bff0db8b3268&8f03b7f46907b5d33ff181da6afff306&dbe83ec813c4f3b48b168a089156b478&41bba55a1639f804d73e71c19f6763c2&6fc50e02adcf7e50a8efc14664854c16&c1863077314345d3455de7c06863cd6b&76089440fa881e10433de878f2ab4057&fab82182e5be63adcdf2ade100bb1916,https://v19.tiktokcdn-us.com/0d466d7f3542e0f51a93bff0db8b3268/61e5220a/video/tos/useast2a/tos-useast2a-ve-0068c001/99d27d54a7b143af86fa5f55f0b033eb/?a=1233&br=2832&bt=1416&cd=0%7C0%7C0&ch=0&cr=3&cs=2&cv=1&dr=0&ds=3&er=&ft=c~.Zm4L-gXoInz7T&l=20220117015931010113135231253E893A&lr=all&mime_type=video_mp4&net=0&pl=0&qs=14&rc=am5zdDw6ZmhqNjMzNzczM0ApNGk2aTVmZWU7N2U7Zzk7O2dtNGtncjRnb2hgLS1kMTZzc2I2LS8vNDUwX2A0My8xLjU6Yw%3D%3D&vl=&vr=
12,v09044g40000c2qmm5u2iutjg46gq610,15230,1793520&1235045&889186&593926,b780564a75cc991339251bb1be5834ab&40ff6cca5c2f48b3d0abfd3a2ce30f7e&433d0755dc6e5334685834477a479c91&481b93274fd3449fa7f765d6d765ff6d&15bf305bfa37d7387b9965a99f2c4e5e&e97eb6cdc22a15d85e7c2ce28327fa04&99c43eef6855bddd5a1451bb39ff5896&173da5fe138113a1429e464e04beedc4,https://v19.tiktokcdn-us.com/b780564a75cc991339251bb1be5834ab/61e521f2/video/tos/useast2a/tos-useast2a-ve-0068c004/8c2392560472467faadd751cb7757143/?a=1233&br=3502&bt=1751&cd=0%7C0%7C0&ch=0&cr=3&cs=2&cv=1&dr=0&ds=3&er=&ft=c~.Zm4L-gXoInz7T&l=20220117015931010113135231253E893A&lr=all&mime_type=video_mp4&net=0&pl=0&qs=14&rc=MzlqN214NThwNTMzNzczM0ApZGdlO2c7O2VpNzRnZWYzNGcubjNkcWZyam5gLS1kMTZzc14yXzNgLS1gYzI2NjY2YzY6Yw%3D%3D&vl=&vr=
13,v12044gd0000c7878sjc77u7psv0afkg,15067,661557&552707&464615&385418,cdb66e7a1f89c89636fcf5e493c26ea6&57be0279b9577b51a867c5fe8eefd301&b275a31b485ea576b87b3bc4971e5e75&16822b25004e434d441d66be36df2372&a1576fc387ac9d5f2c5d23c3bcb8c62d&a1aecc89d1d65463a32a378f93bcc31e&f1714294b946b7dfe865cba7fd6d1473&06ba52c38fe1f0bbb0ecd82dc9830c5b,https://v19.tiktokcdn-us.com/cdb66e7a1f89c89636fcf5e493c26ea6/61e521f1/video/tos/useast5/tos-useast5-ve-0068c004-tx/288c2e7eff49415ba3911a0c11c53285/?a=1233&br=1292&bt=646&cd=0%7C0%7C0&ch=0&cr=3&cs=2&cv=1&dr=0&ds=3&er=&ft=c~.Zm4L-gXoInz7T&l=20220117015931010113135231253E893A&lr=all&mime_type=video_mp4&net=0&pl=0&qs=14&rc=amkzdjo6ZnY6OjMzZzczNEApODloODVnOmU6N2k8NzQ6OGdoXnNtcjRnNTVgLS1kMS9zc2NeMzYvYl8tXy4tM19gXjY6Yw%3D%3D&vl=&vr=
14,v10044g50000c6c36brc77u6q3q4r3og,25354,583702&337395&211799,c2d4e7c4f1f9a243f57ca0f65d863ec9&ebc852faf053407e0ff6c5818f1f678f&e58b30eb6df301f6ebb21a5a7c1d08c5&e81d23648d9e1caac1abe081a21227ad&525260c2ddaa271b0c16a2a2294dd1e0&2b73743bb8239c84e22130a0b9de2d7b,https://v19.tiktokcdn-us.com/c2d4e7c4f1f9a243f57ca0f65d863ec9/61e521fc/video/tos/alisg/tos-alisg-pve-0037c001/0fcd2e46f8c24166a41b1a8f9f5a534e/?a=1233&br=1140&bt=570&cd=0%7C0%7C0&ch=0&cr=3&cs=2&cv=1&dr=0&ds=6&er=&ft=c~.Zm4L-gXoInz7T&l=20220117015931010113135231253E893A&lr=all&mime_type=video_mp4&net=0&pl=0&qs=11&rc=ajY3Njk6ZmU2OTMzODczNEApaDU1ODpnZzxmNzNmZGg4M2dsb25ucjRvM2BgLS1kMS1zczEuMDQxM2M0NS9jMWA0My46Yw%3D%3D&vl=&vr=
15,v09044g40000c1qs7cld1cjmekntikqg,10679,864376&417645&264892,7e7094972f16a03fd9290454526d12a8&39d99d7473a449b1002b5b8f398bd19b&a955d52d908fc6007d120db22bb3fe1a&350f262319a401a45d1aa17c4d5f6232&0017459a11bc9634b5b829f52d1620ea&f5fcefa8eaf62c723359a223d7c70e42,https://v19.tiktokcdn-us.com/7e7094972f16a03fd9290454526d12a8/61e521ed/video/tos/useast2a/tos-useast2a-pve-0068/250df16a02a94b9187bfb0c9e76bfd7c/?a=1233&br=1688&bt=844&cd=0%7C0%7C0&ch=0&cr=3&cs=2&cv=1&dr=0&ds=6&er=&ft=c~.Zm4L-gXoInz7T&l=20220117015931010113135231253E893A&lr=all&mime_type=video_mp4&net=0&pl=0&qs=11&rc=am53bnBmZ2Z2NDMzNzczM0ApNTY0Z2ZoNWVoN2U8NWhoNGduZmtiZy5pNG5gLS1kMTZzczUzMF5jNTYxNl8tLTIuNl86Yw%3D%3D&vl=&vr=
16,v12044gd0000c7d0b4bc77uekfci7l50,11770,680590&563748&390091&298756,524e719ccd76a3ead64373b19425f3a4&cc867ac04095e305dfaa5fdd125360cb&d9b282a6c34f83cdf021a9276453414d&ef9d94196851f244f017549aa3867a0b&073ea36042d7ff152a21719955c4e5e1&fb393eea789cb553f7f014f2065f31c5&db7e4117efe14c794d99080b7b6c2c45&8fe2d12bef0a722a9082cc374cb2031b,https://v19.tiktokcdn-us.com/524e719ccd76a3ead64373b19425f3a4/61e521ee/video/tos/useast5/tos-useast5-ve-0068c003-tx/724514e92b8043a6947f02201f7c50ab/?a=1233&br=1328&bt=664&cd=0%7C0%7C0&ch=0&cr=3&cs=2&cv=1&dr=0&ds=3&er=&ft=c~.Zm4L-gXoInz7T&l=20220117015931010113135231253E893A&lr=all&mime_type=video_mp4&net=0&pl=0&qs=14&rc=M29saWg6ZjczOjMzZzczNEApZ2hkaDY8NmQ7N2hnNjplaGcyNGBocjRfX2FgLS1kMS9zc2I2YzFeNTYyMTAyL2ItMmA6Yw%3D%3D&vl=&vr=
17,v09044g40000c2jv6hga6lvlhf9ml8fg,21221,1844886&1518566&799751,cc7612059eba57fd68982b4fea7dddda&0d04062c21fca124e292d7c7df86a30c&b8830552a99c2f955dcd1afff6d6e5ef&8dc904651efb2d2f8bdfcbc6b68828a2&f3180b71913ba47de391bf06d1b2b34f&396d3d0ca3561137106f9cad1841e97f,https://v19.tiktokcdn-us.com/cc7612059eba57fd68982b4fea7dddda/61e521f8/video/tos/useast2a/tos-useast2a-ve-0068c001/5b760373d72949838db6ae7478a36a43/?a=1233&br=3602&bt=1801&cd=0%7C0%7C0&ch=0&cr=3&cs=2&cv=1&dr=0&ds=6&er=&ft=c~.Zm4L-gXoInz7T&l=20220117015931010113135231253E893A&lr=all&mime_type=video_mp4&net=0&pl=0&qs=11&rc=ajtwaW9vZGt5NTMzNzczM0ApNGZmZmg1aGU3Nzk2PDo8ZWdjaTZlczNkM2dgLS1kMTZzczY2YGAyMzAwMjIzMWBjYDY6Yw%3D%3D&vl=&vr=
18,v09044f40000bq3sfh273oo36di7q7bg,15416,735858&566761&327403,80fe1326cdcdd0454e63eaa4c9009c86&c83c6acefb01613644405fe75a43fa52&0ba798537da8353aecae085f3aa3e780&93988b0af83cf517321448b279493b96&6a45cdc8afeaf5415064b0cdfad8e547&3db2869921963c61ad9886f3ed7c1076,https://v19.tiktokcdn-us.com/80fe1326cdcdd0454e63eaa4c9009c86/61e521f2/video/tos/useast2a/tos-useast2a-pve-0068/1a4eb2b04b464350bb484bfe194ad9cb/?a=1233&br=1436&bt=718&cd=0%7C0%7C0&ch=0&cr=3&cs=2&cv=1&dr=0&ds=3&er=&ft=c~.Zm4L-gXoInz7T&l=20220117015931010113135231253E893A&lr=all&mime_type=video_mp4&net=0&pl=0&qs=14&rc=ajo6ZzZyOmt2dDMzNzczM0ApZGkzNmk6MzszNzs8NGRlOGdfbmYzbDAvYzBfLS1jMTZzczEyLy9fMDFjMWBiXmFjM2A6Yw%3D%3D&vl=&vr=
19,v09044g40000c2a8isdj4q5u8o8d96ag,8264,540308&478499&311419&223721,10755628948cc9bf73dcf33bdcbdeddf&55033b0673fd0c50b1f429f97e8d4ff9&3271cf23f6032283ec77cabaead632af&ce07d445042a43440e2359a80c11fefb&def93d2c8517e24ed223549fdf6c5a4b&c1162978e3f2e83ffe6c10cfaa94b975&7bf6e281444742d4ad552b44484e1c95&d1c3f852c9b08c2e7ee9a81a08a52882,https://v19.tiktokcdn-us.com/10755628948cc9bf73dcf33bdcbdeddf/61e521eb/video/tos/useast2a/tos-useast2a-pve-0068/060bd750fbeb462c8e674263b1a14cc8/?a=1233&br=1054&bt=527&cd=0%7C0%7C0&ch=0&cr=3&cs=2&cv=1&dr=0&ds=3&er=&ft=c~.Zm4L-gXoInz7T&l=20220117015931010113135231253E893A&lr=all&mime_type=video_mp4&net=0&pl=0&qs=14&rc=ajlncnh0bXY7NTMzNzczM0ApPDs8Nzk0ZmVmN2c3M2lkO2deNjU1MjFhZl5gLS1kMTZzcy8uXjMtYTJiX2BjMjIuNjQ6Yw%3D%3D&vl=&vr=
20,v09044970000c15qot31m2ohdov0nv80,7637,599575&441121&262117&179080,29331ae646971a0a030db802cd76e24a&8ae801f0bc43b3021d4ce887125a4d29&678ea121fe23b4668f79f247e9c750b8&47cd142f265afd3f88eadc1e19ed7f57&b8a708107012f5f5dd01faad254da7d7&8ff707ec979c759455874b67ef53e7fe&fbc47494673b49b63345930dd6e31e12&73265b279b745c337a2901f944318184,https://v19.tiktokcdn-us.com/29331ae646971a0a030db802cd76e24a/61e52277/video/tos/useast2a/tos-useast2a-ve-0068c002/9a2794aa230541308cc5eca4e5bafa23/?a=1233&br=1170&bt=585&cd=0%7C0%7C0&ch=0&cr=3&cs=2&cv=1&dr=0&ds=3&er=&ft=c~.Zm4L-gXoInz7T&l=2022011702015101011313504304427E6B&lr=all&mime_type=video_mp4&net=0&pl=0&qs=14&rc=M3kzcms1NHd0NDMzOjczM0ApZGc7OjU6PGQ3Nzg4aTozZGc1a3NhbGowbDJgLS02MTZzcy82YjItMV9iLV8vYjEwNF86Yw%3D%3D&vl=&vr=
21,v09044g40000c39ork8o4qnr8507sfp0,17019,2400024&1680624&812197&524204,b570ceb48910a4e3f2f067bb6e263ad3&7b97a659d0802735673b4454df2862b1&2543e668191609cd06a9d1c5474a3879&acda83712cf545f740631f6479f741de&96d87a85acca90dc41d7624ca49d2750&2fd815587aa6d3563361977966affc13&5fe4a826120f9f7dc772d7bd7360efa1&aee9efcec471fae0cd02fa4dd2e05326,https://v19.tiktokcdn-us.com/b570ceb48910a4e3f2f067bb6e263ad3/61e52280/video/tos/useast2a/tos-useast2a-ve-0068c003/b2f1a5a1d3f0448f9fb4b5a037c92027/?a=1233&br=4686&bt=2343&cd=0%7C0%7C0&ch=0&cr=3&cs=2&cv=1&dr=0&ds=3&er=&ft=c~.Zm4L-gXoInz7T&l=2022011702015101011313504304427E6B&lr=all&mime_type=video_mp4&net=0&pl=0&qs=14&rc=M2k6OHV0cm5yNjMzNzczM0ApZWg8aDs6N2Q1NzYzOzk5NmdtcC01azE1bzZgLS1kMTZzcy82LzUtNjIxLWJiY141Ly46Yw%3D%3D&vl=&vr=
22,v09044g40000c1n21093do78fvgam52g,14928,1985159&1630658&653285&420754,118dfb6e620fae0e542342a7fdeeaf1b&8a0cd397efc31c6a1e624f05a5e0f90b&7675aa805bfb2df5e63da4debcc8359b&90616908dbe1099f0c7a76c6294bade4&de9d6ab9d5ff2742d314489a3102413f&9d30896c850c8b3fa795090c21efea81&3d757fe6f47b770e48600add8cf3efc8&2d3ea9dfde22014961d11e8f73ebc568,https://v19.tiktokcdn-us.com/118dfb6e620fae0e542342a7fdeeaf1b/61e5227e/video/tos/useast2a/tos-useast2a-pve-0068/21c531d693a240fbb4c2d8a41a8caa19/?a=1233&br=3876&bt=1938&cd=0%7C0%7C0&ch=0&cr=3&cs=2&cv=1&dr=0&ds=3&er=&ft=c~.Zm4L-gXoInz7T&l=2022011702015101011313504304427E6B&lr=all&mime_type=video_mp4&net=0&pl=0&qs=14&rc=ajhkeTtyNjM1NDMzNzczM0ApZjY7NmdpO2U3N2c0ZWlnZWcvamRjNGE2LmtgLS1kMTZzc18xMmMuLzMuLy4xMGMwYWI6Yw%3D%3D&vl=&vr=
23,v07044420000c199u5s35dppe9q0d1j0,8032,700067&442899&309569,5c878f49380e9357f6ea0a6775a5cd37&af476ceab9f6a7bf71bebfb7056ddd4b&f0594e74cb7ac79cca122abc258bd09a&43e2ed0dd0d5ad52b9a53be67cd27ad1&c32e5ac3496db9af1d41a0faf0727db8&57947d64496805f7d538c8e9216b43d7,https://v19.tiktokcdn-us.com/5c878f49380e9357f6ea0a6775a5cd37/61e52277/video/tos/alisg/tos-alisg-pve-0037c001/202e295a089748c1b884ab25998a2b3a/?a=1233&br=1366&bt=683&cd=0%7C0%7C0&ch=0&cr=3&cs=2&cv=1&dr=0&ds=6&er=&ft=c~.Zm4L-gXoInz7T&l=2022011702015101011313504304427E6B&lr=all&mime_type=video_mp4&net=0&pl=0&qs=11&rc=MzQzPHNnNjg8NDMzNTczM0ApOTk5aGRlOjw6Nzg7NTxnZmdnYW5ibTJwcjZgLS0xMTRzczZfMTZjMGEyYDA0LmJfMWM6Yw%3D%3D&vl=&vr=
24,v09044g40000c2q01jk1se6edeiqos2g,20896,1262211&1035288&794761&542759,680c8130a2a7aaacf7af5f569418ce8f&ffe3a46e263bfb2499948ebec418982f&5c069afdd7ac5f9dcc14beb89321723c&3724d15ff9306cb13232092eba8c71a3&13e1daa0fc9e1cd2997227bd1116a1a5&897d233d27826b8eaff2f8da05d8805e&66c5b5cdbe9cf295605cd9539e6ae956&f287f24657c84b1f377a8370d6d5e9ca,https://v19.tiktokcdn-us.com/680c8130a2a7aaacf7af5f569418ce8f/61e52284/video/tos/useast2a/tos-useast2a-ve-0068c001/032f2f8815304c9394dd37c63db334a2/?a=1233&br=2464&bt=1232&cd=0%7C0%7C0&ch=0&cr=3&cs=2&cv=1&dr=0&ds=3&er=&ft=c~.Zm4L-gXoInz7T&l=2022011702015101011313504304427E6B&lr=all&mime_type=video_mp4&net=0&pl=0&qs=14&rc=anZ0aGhoNG0zNTMzNzczM0ApOWRpPDxnOGVoN2Y3OTVmO2cvbGZhM3BoLm5gLS1kMTZzczFhYjU2NWAzXjAuLS8uLi46Yw%3D%3D&vl=&vr=
25,v09044ad0000c0qnh58p8rsb4e7eg120,14208,881638&644122&349950&209351,896cf4a9deb048d1ab13ea6756242a4d&5713406d04a68606b5bb17be4e5bea06&abe189b6e0c63f766f4930746b9e2595&f69ae6c3a4840f223eee69fb522865ac&2d5be1d350344084331b6dbf81bae38f&2cfbee2b900650f77006d3c8e3415d64&7b193b266f4cdb5add911474eaf2e9fd&1df16ca565cf59fb34ddf60d3a79f258,https://v19.tiktokcdn-us.com/896cf4a9deb048d1ab13ea6756242a4d/61e5227e/video/tos/useast2a/tos-useast2a-ve-0068c002/78aa8b14fb054a35b79487b137b29b3c/?a=1233&br=1720&bt=860&cd=0%7C0%7C0&ch=0&cr=3&cs=2&cv=1&dr=0&ds=3&er=&ft=c~.Zm4L-gXoInz7T&l=2022011702015101011313504304427E6B&lr=all&mime_type=video_mp4&net=0&pl=0&qs=14&rc=MzRoaGV1czhxMzMzZzczM0ApO2Y3aDtkPDxpNzQ5ZmQ3OGcvZDQxcDU1ZW5gLS1eMTZzcy5gMS4wXzJiLWM0MDAvMTI6Yw%3D%3D&vl=&vr=
26,v09044g40000c6bjhcrc77ue1odlkdo0,7940,604161&439135&296553&183383,de2fcce46fd0c296403378682313b82e&11a76ab47716833c7dd4948352b5d65b&cff9af960d8972c6c8ab2fd5303a06df&e1340a003fe43b32025e04378f39be47&70de19a93824a23ae7423a8cddbc1161&c8c082004ca1288003798ef134584b6a&3de29ed8b9835aee0465a5608403d0cc&dc84db87708e5b14aec6900c8ac3a02d,https://v19.tiktokcdn-us.com/de2fcce46fd0c296403378682313b82e/61e52277/video/tos/useast2a/tos-useast2a-ve-0068c004/53037072e7ea46719f71503983e53896/?a=1233&br=1180&bt=590&cd=0%7C0%7C0&ch=0&cr=3&cs=2&cv=1&dr=0&ds=3&er=&ft=c~.Zm4L-gXoInz7T&l=2022011702015101011313504304427E6B&lr=all&mime_type=video_mp4&net=0&pl=0&qs=14&rc=M2dvcmg6ZmZtOTMzNzczM0ApNWg6aWY2aGU8NzdpOWc7OWdsaGEucjRvZV9gLS1kMTZzc15hLjIzXmIxNWNeYjUwYGA6Yw%3D%3D&vl=&vr=
27,v09044g40000c2t3lrho1amdn3nre0s0,5013,756227,7d76ad702132d8818ab549e164761449&624e1846692612610586127e96af1ecd,https://v19.tiktokcdn-us.com/7d76ad702132d8818ab549e164761449/61e52274/video/tos/useast2a/tos-useast2a-ve-0068c004/e99cb9d5a11d4ac7a496622b02f8a9ad/?a=1233&br=1476&bt=738&cd=0%7C0%7C0&ch=0&cr=3&cs=0&dr=0&ds=2&er=&ft=c~.Zm4L-gXoInz7T&l=2022011702015101011313504304427E6B&lr=all&mime_type=video_mp4&net=0&pl=0&qs=0&rc=MzN1NmdkcnU2NTMzNzczM0ApNjk0Z2c7Zzs4NzRmMzYzM2dwYmtrai5laXFgLS1kMTZzc2BiNV4zNTEyNjQ0XmEzMS86Yw%3D%3D&vl=&vr=
28,v09044g40000c2ft710bf79t3vkd0gvg,19293,1718431&1264133&618854&381743,0784fe0e858dc5435758bf8bb306a872&9c98e2845ab5e2ab9846f4b6f0518d9e&e7b35f7f60452f1d3a964a5a798e3755&927f87f9af2e964e2c6117fdcc428ed7&54ee71df6a0d591f634afd37c0608d73&e631f3dddfd083612e2f8e1519b19ac0&905e6faa057e031899ce95104cf7c29c&71748458b146f3caab3d9a56e713b1d5,https://v19.tiktokcdn-us.com/0784fe0e858dc5435758bf8bb306a872/61e52283/video/tos/useast2a/tos-useast2a-pve-0068/4b429b6507504a9cba99f12e0d4afe8a/?a=1233&br=3356&bt=1678&cd=0%7C0%7C0&ch=0&cr=3&cs=2&cv=1&dr=0&ds=3&er=&ft=c~.Zm4L-gXoInz7T&l=2022011702015101011313504304427E6B&lr=all&mime_type=video_mp4&net=0&pl=0&qs=14&rc=ampneXc6ZTR3NTMzNzczM0ApN2ZlPDdlaGUzNzM2OmU6PGdzLWgwNmMtNGNgLS1kMTZzcy8uMDEtLTJiMWAyM181LTU6Yw%3D%3D&vl=&vr=
29,v12044gd0000c797pgbc77ucq7ijquug,16995,298431&235242&154197&125184,d817e2c137dad74a69dd90bc1a3130fb&6768c2a2d508da272cef355d87c6be66&afaf6ddb5c2aee0199c58699d7afdee8&27310db5119859d40f638514ba0a71e8&b5b9efcbde044b927ca4304cc70ea6f8&af5891c094716d38c9f7523460fe433d&b0464fae2e4d8d8f7c2524074f1fdf00&e5a1204553bd3e1700fe5bae204f421d,https://v19.tiktokcdn-us.com/d817e2c137dad74a69dd90bc1a3130fb/61e52280/video/tos/useast5/tos-useast5-pve-0068-tx/f62e02f024c540c89a00998f535a6845/?a=1233&br=582&bt=291&cd=0%7C0%7C0&ch=0&cr=3&cs=2&cv=1&dr=0&ds=3&er=&ft=c~.Zm4L-gXoInz7T&l=2022011702015101011313504304427E6B&lr=all&mime_type=video_mp4&net=0&pl=0&qs=14&rc=anhtOmY6Zmo6OjMzZzczNEApOjM6NDc4aWRkNzVlODRpOWdybmZucjRfbTZgLS1kMS9zcy4vYmFhMV5jMzZeNjY1XjY6Yw%3D%3D&vl=&vr=
30,v09044g40000c4mg0q3c77u950nmju0g,19177,3191109&1932525&1342438&707823,a9b6ae678425577e831d344bdd1a1a4c&ebc7aa9f6c9f453c8ca315618d86957f&24969770933a63d58473d5d3ee148859&228c000418cac98474b6fe0b79860b2f&636dfe33287cdd19006b52017aa618c9&57ed5942976110fc4082dbfd42555149&93ad083d921ea217ba953b58d810869e&e2e8883a08590319b563989cb197baa3,https://v16m.tiktokcdn-us.com/a9b6ae678425577e831d344bdd1a1a4c/61e522b5/video/tos/useast2a/tos-useast2a-ve-0068c003/1578429937b3407ab574c8a84355dafb/?a=1233&br=6232&bt=3116&cd=0%7C0%7C0&ch=0&cr=3&cs=2&cv=1&dr=0&ds=3&er=&ft=c~.Zm4L-gXoInz7T&l=202201170202410101131351320C3DF7D2&lr=all&mime_type=video_mp4&net=0&pl=0&qs=14&rc=anhwMzw6ZnRqNzMzNzczM0ApOTxoaWhlOjs6NzM3OzQzO2ctZ2sycjQwLWpgLS1kMTZzcy1hXy9jXmIyMjFjXzIyMS06Yw%3D%3D&vl=&vr=
31,v09044g40000c42sjhbc77u591u34mdg,16600,1143137&860555&523772&365504,cf0912b3d436712e09e3b9c680e3c634&c1911faede145b67a9ac1d52604b8d20&07ec93271d4859414e89373bc7d45b63&51d119a4a142c836c6af698e64319f77&40d48cbfe6eeebd00c96200658738482&f6beda5eb37f47578be22769c33f1af5&c7bd1cd82c472b57543b1a275a547362&b626065fe531f037a13fc2b35145acd9,https://v16m.tiktokcdn-us.com/cf0912b3d436712e09e3b9c680e3c634/61e522b2/video/tos/useast2a/tos-useast2a-ve-0068c002/7da2afaad80f404fb164f84d77c8ba4d/?a=1233&br=2232&bt=1116&cd=0%7C0%7C0&ch=0&cr=3&cs=2&cv=1&dr=0&ds=3&er=&ft=c~.Zm4L-gXoInz7T&l=202201170202410101131351320C3DF7D2&lr=all&mime_type=video_mp4&net=0&pl=0&qs=14&rc=anA2NDg6Zmt2NzMzNzczM0ApOzs7ZGQ5ZzxkNztlNTlnaGdhMXI2cjRfZy9gLS1kMTZzczUuLjJjMTFeNTIyMC0vYy46Yw%3D%3D&vl=&vr=
32,v07044550000c07os0nir75n464p64cg,8589,247151&169174&126295,ee037f34b4d4f1bb80cecf3a3a57f769&6eafe5f2f0c98a7327ad0b8a12cc465a&9211087b3f077d903a7982e86119cafa&3d97b0cdad6937d3f795739cf5f8d552&7e7e6450c05b221d840dc92f9102b5ef&eb41998a6f51835e9bee88a68694efb6,https://v16m.tiktokcdn-us.com/ee037f34b4d4f1bb80cecf3a3a57f769/61e522aa/video/tos/alisg/tos-alisg-pve-0037c001/88d0a2f0d8fd40f699e281a9c3b021f0/?a=1233&br=482&bt=241&cd=0%7C0%7C0&ch=0&cr=3&cs=2&cv=1&dr=0&ds=6&er=&ft=c~.Zm4L-gXoInz7T&l=202201170202410101131351320C3DF7D2&lr=all&mime_type=video_mp4&net=0&pl=0&qs=11&rc=ajdzOXE6bDNyMzMzODczM0ApNTk1aTU8OGRoNzdoM2Y5aWdgMzExMm9rcDRgLS0yMTRzcy0zMTEyXmAvYi81MzAxLWI6Yw%3D%3D&vl=&vr=
33,v09044690000bugd0qjemvd778npkaug,8728,1625869&1015423&736932&474604,90cde20d20fc3929ced29ecbe841955b&ce12abb1b8290a20dc1e25c921a1d09a&f188a357e4610f814c94a9d02a49cb28&5210fcac350cf7e1c940d00d1d8f00f9&d4f1d7d42292fa8f26a7bc1b3c957559&b9c70342bf27483ccfea8a22c3ccce7f&2f9f2e12c30c79e15c6ec5196dac4bd3&b9d1f4d12912a0a20d7824d24599e2eb,https://v16m.tiktokcdn-us.com/90cde20d20fc3929ced29ecbe841955b/61e522aa/video/tos/useast2a/tos-useast2a-ve-0068c003/577f7868462848419672cfb56e32c139/?a=1233&br=3174&bt=1587&cd=0%7C0%7C0&ch=0&cr=3&cs=2&cv=1&dr=0&ds=3&er=&ft=c~.Zm4L-gXoInz7T&l=202201170202410101131351320C3DF7D2&lr=all&mime_type=video_mp4&net=0&pl=0&qs=14&rc=amRzOzp5aHRneDMzPDczM0ApZGc2NmRoZDxpN2hlOTw1NWdyaGs0YWpnLWRfLS0zMTZzc2IzYV8xMmBiLTAuMC4wNC86Yw%3D%3D&vl=&vr=
34,v12044gd0000c736h5bc77uakasifot0,40843,832150&688079&457089&341092,ce86d64afa6d4802cbd13858cc3f82b9&c57edcfa7d0ca4366045b3bf1163ff19&6884a91540b9e8e58b8bb35b506488ff&8e3fc20b7d9f1188236e9ea62df6be8e&0717aa3d8ec8268116a120bb3b8aa1c7&051514366d84ec7b75a0d77a820ea703&ccd5af42efdf74e78477212dfce1cfa0&fb29517b01b498f9fe799bce23e61df1,https://v16m.tiktokcdn-us.com/ce86d64afa6d4802cbd13858cc3f82b9/61e522ca/video/tos/useast5/tos-useast5-pve-0068-tx/967c907d787f47d1ba726183ac03a2a0/?a=1233&br=1624&bt=812&cd=0%7C0%7C0&ch=0&cr=3&cs=2&cv=1&dr=0&ds=3&er=&ft=c~.Zm4L-gXoInz7T&l=202201170202410101131351320C3DF7D2&lr=all&mime_type=video_mp4&net=0&pl=0&qs=14&rc=M3JsZGQ6Zjg5OjMzZzczNEApNDlkOjo5ZjxmNzc8NjVpOGdxY3BocjRfZTBgLS1kMS9zczY2NjAyXjBfYi8xLzIuY2A6Yw%3D%3D&vl=&vr=
35,v09044g40000c1n6fgrivpn8c64va3mg,15276,1055778&904129&638191&402855,408e6a1b4bc841466c262e27481047e4&a0a8d792f7a71e062999ec75543a7f47&e59ad59da842ff5761d5289512bd2530&32a3bc7a979ecee74938a9db6e32543f&edc1ec9d324f11626b33d711b93b6805&250c7632cae1d578cbf9adee817c18d7&85a6d9dfb50337642070d2eeb44a3ca7&437e207a2de5b457823a9be118bf3014,https://v16m.tiktokcdn-us.com/408e6a1b4bc841466c262e27481047e4/61e522b1/video/tos/useast2a/tos-useast2a-pve-0068/0d6b12d875944f93abce543a86449ffc/?a=1233&br=2062&bt=1031&cd=0%7C0%7C0&ch=0&cr=3&cs=2&cv=1&dr=0&ds=3&er=&ft=c~.Zm4L-gXoInz7T&l=202201170202410101131351320C3DF7D2&lr=all&mime_type=video_mp4&net=0&pl=0&qs=14&rc=ajZ5OTtzbGo5NDMzNzczM0ApPDc3ZTw6OzszN2UzO2Q1ZWdqXjFga3NvY2tgLS1kMTZzcy8wNTQwLy41L2BiYjEzMzI6Yw%3D%3D&vl=&vr=
36,v09044g40000c4ohat3c77u88dlsgkjg,9542,942322&447409&317248,7288d461296ef1cbcba095ff98784fda&d2d5b3f3dd2ca404e4b513616e9a3224&b5c6d8ab037a3e1fc95f8bbd62810adf&edf2922e5a582de3c106997c61dde29e&f068e92e3cddc687834be3761c100cf7&d711e15d13491a6c05d33136bd55c814,https://v16m.tiktokcdn-us.com/7288d461296ef1cbcba095ff98784fda/61e522ab/video/tos/useast2a/tos-useast2a-ve-0068c004/c54e4db20e74481fa121eb15af5f85e5/?a=1233&br=1840&bt=920&cd=0%7C0%7C0&ch=0&cr=3&cs=2&cv=1&dr=0&ds=6&er=&ft=c~.Zm4L-gXoInz7T&l=202201170202410101131351320C3DF7D2&lr=all&mime_type=video_mp4&net=0&pl=0&qs=11&rc=am52Zzs6ZndrNzMzNzczM0ApaTU3PGc5N2U1NzM1Nzk1OmdnZGk1cjQwXmxgLS1kMTZzc2AtXjAxXy8yMGIwNS5jXzA6Yw%3D%3D&vl=&vr=
37,v090443b0000bu7hkfqqsv284dioh21g,15555,689791&625195&437373,b2e9fc30fb8491416527a23061e9de8b&813c9f5df1264f53f2b60e03faeaf00c&1d1b6a31c99e741fd6ed278dd83c48e5&d8eff139747559d3b0e3a6a85f0fba91&97ef4f6a1eeae667ba76977acd816e67&7b905a49c759910d9776afa5f454afee,https://v16m.tiktokcdn-us.com/b2e9fc30fb8491416527a23061e9de8b/61e522b1/video/tos/useast2a/tos-useast2a-ve-0068c002/9e8ed43555484c4b83d5257edb9435d0/?a=1233&br=1346&bt=673&cd=0%7C0%7C0&ch=0&cr=3&cs=2&cv=1&dr=0&ds=6&er=&ft=c~.Zm4L-gXoInz7T&l=202201170202410101131351320C3DF7D2&lr=all&mime_type=video_mp4&net=0&pl=0&qs=11&rc=ajVyZzt5dGlreDMzZTczM0ApZzw0Ozk2OmQ0NzVoOWRnZmcuZWYxL3BuaDRfLS0wMTZzc2IyMC1jNF40XjY2LTAwLzQ6Yw%3D%3D&vl=&vr=
38,v09044g40000c3gscaris849rbdm91rg,14975,1649189&1352918&1157202&784297,2250671bd79a4bc501c013d90b0e6427&776ac9ff4a9b2b4e76c4a46290ebfa87&447234f722fc186ff74473c6289a5992&c9dbe8482a401cdb21ea026b53a8f7a7&64d94db6ecdcedf62e3d835b127b6946&6fbad530a4b712750f1a9379c2527bcf&0658e531b1a8fa2642919ff44ecde734&e082c78518fc648ffb722ad952ea0ca2,https://v16m.tiktokcdn-us.com/2250671bd79a4bc501c013d90b0e6427/61e522b0/video/tos/useast2a/tos-useast2a-pve-0068/9d511f5263d34272a97a3e7ab284c1ce/?a=1233&br=3220&bt=1610&cd=0%7C0%7C0&ch=0&cr=3&cs=2&cv=1&dr=0&ds=3&er=&ft=c~.Zm4L-gXoInz7T&l=202201170202410101131351320C3DF7D2&lr=all&mime_type=video_mp4&net=0&pl=0&qs=14&rc=ajRwZTw7bGR2NjMzNzczM0ApNGg7ODYzNTxpNzw8aTllNGdvNmFvMXBvYGRgLS1kMTZzczIxXi1hNmJeNS02YS1gXjU6Yw%3D%3D&vl=&vr=
39,v09044900000c1gk48v7hc99pahqgrq0,8637,2052471&1561356&980982&642068,2bf0903b4fcb476687968b031ba76e7b&92a2792bdc0dac1038826896e4d8084d&1f4b229eb9bf7fcfc96d35ba776b473d&274335437b4c00da2e0eea1c7a2530e2&cd562481a632567267295010a180fc07&de2b0e240404565460e8f2bdd134fb44&497d0c47b48fa5502a1c331f274009aa&05b3c0d2c27910fece509337ac718dc2,https://v16m.tiktokcdn-us.com/2bf0903b4fcb476687968b031ba76e7b/61e522aa/video/tos/useast2a/tos-useast2a-ve-0068c002/7eeeb48d29a048fb8a43c2e4f44e7786/?a=1233&br=4008&bt=2004&cd=0%7C0%7C0&ch=0&cr=3&cs=2&cv=1&dr=0&ds=3&er=&ft=c~.Zm4L-gXoInz7T&l=202201170202410101131351320C3DF7D2&lr=all&mime_type=video_mp4&net=0&pl=0&qs=14&rc=M3V0ZDxmOjtuNDMzMzczM0ApOmUzOjc6aGQ5N2k2O2c2ZmduZGVtNmVzMWRgLS02MTZzc2FeM2MtMTEvMy8uNDA2NmI6Yw%3D%3D&vl=&vr=
40,v09044g40000c4oflj3c77ue62ip6i7g,18829,1005587&678099&416779,412eb6ea5ded5abae725565c546ef928&7fea77871e399142b076478bee068735&d21da69f45d5ec9f65e51f9ec623f931&ac0a6040b39f7a5f00ec07d8ebd36ffa&d2d83728069f8e0210a1e76d3cb15a91&8fab79cf3e323c482502361a371efc81,https://v25.tiktokcdn-us.com/412eb6ea5ded5abae725565c546ef928/61e5230b/video/tos/useast2a/tos-useast2a-ve-0068c004/ba81bb2590184a42916525640ac6a34f/?a=1233&br=1964&bt=982&cd=0%7C0%7C0&ch=0&cr=3&cs=2&cv=1&dr=0&ds=6&er=&ft=c~.Zm4L-gXoInz7T&l=202201170204090101131350430442EC15&lr=all&mime_type=video_mp4&net=0&pl=0&qs=11&rc=amxzNWg6Zm1pNzMzNzczM0ApOTpnNDZkZ2U3Nzc7Zzg4OWc0M2YzcjQwaWxgLS1kMTZzc2AyNmA1MTRgNS40LjViM186Yw%3D%3D&vl=&vr=
41,v09044fd0000buhfv1j9iufl0fi5ir5g,19502,568440&460718&327550,712c157663237c98421516c8d00a3283&f168789e0cfe0ae6de7b3757981eb116&e2a04501793fafdee3f50d7a51dc0b67&ce0c35161ff3b0c4d1a83602dcef8826&87d0c837be40710317f501d04bddff64&54e837f29c200ca5a20f3124be240abd,https://v25.tiktokcdn-us.com/712c157663237c98421516c8d00a3283/61e5230c/video/tos/useast2a/tos-useast2a-pve-0068/a27f7933c7584a20ab3fd6eb8b24a7cc/?a=1233&br=1110&bt=555&cd=0%7C0%7C0&ch=0&cr=3&cs=2&cv=1&dr=0&ds=6&er=&ft=c~.Zm4L-gXoInz7T&l=202201170204090101131350430442EC15&lr=all&mime_type=video_mp4&net=0&pl=0&qs=11&rc=anU4aW94PDRpeDMzZzczM0ApZ2U2ZTU7ZDw5NzNoZDg5NGcyZmYtY2Znc2VfLS1jMTZzc2MxMmJeL2BeMzM2XmIvMTQ6Yw%3D%3D&vl=&vr=
42,v09044g40000c3mrtfbc77uahb02m4jg,7149,1009186&814846&469416&322285,ba915e64fde20643d2db64bd481b0034&8ed0bf3e62951b05312cb89350c752c4&44f302dae9040d58f2cd76d243f747f1&fbda9354766726431e8f223e57ed09a6&ed775a219caf1706feac5da044db19ba&aafc03ba07f2c9f82609c75db6a02235&9c179f5b49461b60d41b210b069712a5&23510f41d341b65e223fe22d5a761df4,https://v25.tiktokcdn-us.com/ba915e64fde20643d2db64bd481b0034/61e522ff/video/tos/useast2a/tos-useast2a-pve-0068/3ebc7ee2989f443883330b31dfab49f4/?a=1233&br=1970&bt=985&cd=0%7C0%7C0&ch=0&cr=3&cs=2&cv=1&dr=0&ds=3&er=&ft=c~.Zm4L-gXoInz7T&l=202201170204090101131350430442EC15&lr=all&mime_type=video_mp4&net=0&pl=0&qs=14&rc=ajc1ZWQ6Zml1NjMzNzczM0ApOWg2NjxmNDw2NzY8OTg4Z2dnai1lcjRfcWpgLS1kMTZzczA1LWJgYy9jYi9eMGIvXjY6Yw%3D%3D&vl=&vr=
43,v09044g40000c442udjc77u82pan8nr0,10773,532271&468564&315901,057bde579e03b3929ec5d43ca4079b4c&2021b8c3e409bcb1289765b8ea1b81ea&c56283039cb948f22a55564bd09883f7&833d4ffff907b75e91bfca36b3d64f98&9016be4d27d4b83f7f458c3d023b5439&61e560dd798a40b80029260208928a4a,https://v25.tiktokcdn-us.com/057bde579e03b3929ec5d43ca4079b4c/61e52303/video/tos/useast2a/tos-useast2a-ve-0068c004/8ef5572352a949ec98150aec8025dd70/?a=1233&br=1038&bt=519&cd=0%7C0%7C0&ch=0&cr=3&cs=2&cv=1&dr=0&ds=6&er=&ft=c~.Zm4L-gXoInz7T&l=202201170204090101131350430442EC15&lr=all&mime_type=video_mp4&net=0&pl=0&qs=11&rc=M3Fxczs6Zmc1NzMzNzczM0ApOWdkPDllaDtlNzs0aDdmNmdvNV4vcjRncjFgLS1kMTZzczFiXzQzNjU0NV9fLWBfXl86Yw%3D%3D&vl=&vr=
44,v09044g40000c3r8kabc77u0jldggbg0,12769,2330361&1704943&1469448&996082,c50d688826a4a06d5cb4ca6ee1afed83&4d75dba1680150116459b064e5dcaed4&4e594e5fff5b0a3c1b14b2da732f45c9&f7b97baace13034c46f6bb038d89e092&7822c7b022c07311076b4489dea7ea50&155ac70ed2130196e18e1afe00fb79f2&998b6c3d096dcfe26e0a27f166addcc5&1ad5de62e2cca6777639a23a7f79c02d,https://v25.tiktokcdn-us.com/c50d688826a4a06d5cb4ca6ee1afed83/61e52305/video/tos/useast2a/tos-useast2a-pve-0068/8cab7da36e664048988304d7ef7a47b7/?a=1233&br=4550&bt=2275&cd=0%7C0%7C0&ch=0&cr=3&cs=2&cv=1&dr=0&ds=3&er=&ft=c~.Zm4L-gXoInz7T&l=202201170204090101131350430442EC15&lr=all&mime_type=video_mp4&net=0&pl=0&qs=14&rc=M2VqbzM6ZmQ7NjMzNzczM0ApaDY2PGk8aTs8NzhpPDg8OmdkZGFncjRfaG9gLS1kMTZzcy1jY2BgMF5iMjQwLS8wYGA6Yw%3D%3D&vl=&vr=
45,v09025g40000c5tphj3c77u9non5uja0,11632,391326&216922&156694,d4e060081b52eb7b2af74a7996de3566&8cf9a07dbf6414fe036147ee75ed59dd&237ecbc8a93adacb1ce05f7a1f661cf7&5c44011c0ddadc2e11aa25553e149e2a&a4c6f62cdfea96909415076e664fdd89&d8f88178ceed664dc36cd823a07eeb66,https://v25.tiktokcdn-us.com/d4e060081b52eb7b2af74a7996de3566/61e52304/video/tos/useast2a/tos-useast2a-pve-0068/0db5a52be4814ca482755ba7b47a0966/?a=1233&br=764&bt=382&cd=0%7C0%7C0&ch=0&cr=3&cs=2&cv=1&dr=0&ds=6&er=&ft=c~.Zm4L-gXoInz7T&l=202201170204090101131350430442EC15&lr=all&mime_type=video_mp4&net=0&pl=0&qs=11&rc=M204cjw6Zm1zODMzNzgzM0ApZmZkOGdkaTs0NztmODk3aGdecmtrcjQwZXFgLS1kLzZzc2BjMWAwLTRfMC8wYmAuNGI6Yw%3D%3D&vl=&vr=
46,v09044g40000c4kh153c77u3i2t1e3f0,20710,790267&584037&389756&259282,a9089351b05b33af4c3511a87a7ef5d1&eeecc72863bc16e5bdf09c4e5d86133a&d29f3b30a614abde4bdc16922af7f168&561d2b74d7ef78c1cb5c93c05dc6d314&64edf01db08caf1a2024db3ad2f0c9b9&b9b84fe5105a16e662372b03f7482d24&8b3524eca230eb5e3f9466a287b4f982&a5afff667b0dd2f43a2c2b04971f76cc,https://v25.tiktokcdn-us.com/a9089351b05b33af4c3511a87a7ef5d1/61e5230d/video/tos/useast2a/tos-useast2a-ve-0068c004/fc7e9f17e2344ce89e8aa991b7d0e895/?a=1233&br=1542&bt=771&cd=0%7C0%7C0&ch=0&cr=3&cs=2&cv=1&dr=0&ds=3&er=&ft=c~.Zm4L-gXoInz7T&l=202201170204090101131350430442EC15&lr=all&mime_type=video_mp4&net=0&pl=0&qs=14&rc=MzY0NTY6ZjhrNzMzNzczM0ApOGY1OzNoNjs2NzZlM2UzOWdjYnFmcjQwLmhgLS1kMTZzc2IzLy1iNjNeYC4uMTIuLTA6Yw%3D%3D&vl=&vr=
47,v12044gd0000c6438f3c77uf5sb2qspg,7637,438273&308591&211521&145661,2a38a9c97b4713b8dbaeb6419a5c8fb5&e0457cdd1c27833dc4cd2eea18129fe3&cb7dca93f02d51ddcb47fd620a018b82&38912f11092882ad3d9cad9724fa9fb3&8b1d8c32a84703ab10f37cfdab132c60&aae950890f730a4edf000dd25d8e2024&03e031e27c76095115da6a19bf8321cd&d526431a1b58823b78632e415c1612b2,https://v25.tiktokcdn-us.com/2a38a9c97b4713b8dbaeb6419a5c8fb5/61e52300/video/tos/maliva/tos-maliva-ve-0068c799-us/76d2b8ec07e045ac97babd32e7849b66/?a=1233&br=856&bt=428&cd=0%7C0%7C0&ch=0&cr=3&cs=2&cv=1&dr=0&ds=3&er=&ft=c~.Zm4L-gXoInz7T&l=202201170204090101131350430442EC15&lr=all&mime_type=video_mp4&net=0&pl=0&qs=14&rc=anY1dmk6Zmk2OTMzZzczNEApNTM7PDplZDs3N2k3NTQ0NGdtbl8ycjQwNTFgLS1kMS9zcy1iMTNhMjVgXzFhX2MvNWI6Yw%3D%3D&vl=&vr=
48,v09044g40000c34mtnth8h41mpjnku00,7382,1175019&925927&534792&327161,d53b0a68333707257019475de8801a67&561d5717e93f16bf1381c8a7f382ad94&13109e0673f78698b41401196d12326f&328e1224a7691bf87f31f6fbd4b88954&ba0bebb549a2e66a412592716f830cec&35b7d07b060787cc57c642ee20539bb7&272e11293181b920123484f94d4dd96a&b5b5c546a9b8884925a41f24b3214f8b,https://v25.tiktokcdn-us.com/d53b0a68333707257019475de8801a67/61e52300/video/tos/useast2a/tos-useast2a-ve-0068c002/18dc538910c34b97b0ba2334398c0c1c/?a=1233&br=2294&bt=1147&cd=0%7C0%7C0&ch=0&cr=3&cs=2&cv=1&dr=0&ds=3&er=&ft=c~.Zm4L-gXoInz7T&l=202201170204090101131350430442EC15&lr=all&mime_type=video_mp4&net=0&pl=0&qs=14&rc=M3hxczRra3FwNjMzNzczM0ApOmVnZTNmPGVkNzg5OjMzZmctaGdqMTVxcTFgLS1kMTZzczBeYDMyMS1iXjE2L2BgYjU6Yw%3D%3D&vl=&vr=
49,v09044g40000c31h4berlhljq0la6gmg,11702,1276937&955175&436320&297005,c7f18979ac80e89e25b977f36fbfd0dd&f3b78699c8db647e51e0d0b231c71e0c&1e88a66e10469b2d3dbd73b4243b9452&fbc960880c9052a959e300ced776694f&c0bbb2c2cf83099798a855136dafc373&22141d769115cf897e1989c753270fc4&8307f6327a506d0d3daa944cd2b427ae&52d59c8aa6ce631c3221d4f68bf5bec4,https://v25.tiktokcdn-us.com/c7f18979ac80e89e25b977f36fbfd0dd/61e52304/video/tos/useast2a/tos-useast2a-ve-0068c001/c3efc14c6e3045bb9d9a7123d0c5447d/?a=1233&br=2494&bt=1247&cd=0%7C0%7C0&ch=0&cr=3&cs=2&cv=1&dr=0&ds=3&er=&ft=c~.Zm4L-gXoInz7T&l=202201170204090101131350430442EC15&lr=all&mime_type=video_mp4&net=0&pl=0&qs=14&rc=ampkM21rdWVrNjMzNzczM0ApZ2g5Njs0PGVoNzNkNzdoPGdqM2luaWliMS5gLS1kMTZzczBjYGMyLjQ2My4uLTYyMjE6Yw%3D%3D&vl=&vr=
50,v10044g50000c46ig0bc77u3svl4snj0,15439,1003742&711074&460554,6d7e8812d8bd51adfbc7033b71da8489&f24cdb660cb25238555b42551b040646&60fc132cb33250866e2c675649b3bc95&ccc58103fae5a297c18b669c0b6cb960&6880ca894d897c3ec174d1e2d5b3e3b2&d84d1aca86035e892222a3921cd54fa5,https://v19.tiktokcdn-us.com/6d7e8812d8bd51adfbc7033b71da8489/61e52344/video/tos/alisg/tos-alisg-pve-0037c001/e423ff66fd7745cca108a9f2edb90248/?a=1233&br=1960&bt=980&cd=0%7C0%7C0&ch=0&cr=3&cs=2&cv=1&dr=0&ds=6&er=&ft=c~.Zm4L-gXoInz7T&l=20220117020508010113135043044320AC&lr=all&mime_type=video_mp4&net=0&pl=0&qs=11&rc=M3E3eTY6ZjNsNzMzODczNEApOzk4M2Q2OTtoNzxpOWhoZGdncGlwcjRfZDNgLS1kMS1zczItY19iMzNhYzJfYTExYTI6Yw%3D%3D&vl=&vr=
51,v09044g40000c3odp7bc77u6gocp9d6g,6662,1213038&1048223&705115,4aaf38a54a53d66cb61ee875b68e2e9b&afa2d48947a0c6950515b7b777d41156&397c383d9f61d1af810485c11f7cb5e1&e4d58d79ca959ea7ad37854a8c73858d&111718dcbc3b991d2a98557602fbd041&f6a980e8e568981f3b3913effb2f2b05,https://v19.tiktokcdn-us.com/4aaf38a54a53d66cb61ee875b68e2e9b/61e5233b/video/tos/useast2a/tos-useast2a-ve-0068c003/de59c410050643d6ae007381bedffa4e/?a=1233&br=2368&bt=1184&cd=0%7C0%7C0&ch=0&cr=3&cs=2&cv=1&dr=0&ds=6&er=&ft=c~.Zm4L-gXoInz7T&l=20220117020508010113135043044320AC&lr=all&mime_type=video_mp4&net=0&pl=0&qs=11&rc=amdzcjk6ZjpnNjMzNzczM0ApOTQ2NzdlPDs1N2Q8ZWc4N2czNmBkcjRfbWxgLS1kMTZzc2MvNS8tMy8zYDItXzIvLWA6Yw%3D%3D&vl=&vr=
52,v09044g40000c4ogfhrc77u057cokt50,11283,1788582&1332930&1009342&674293,d63a1ff83065d41c43f71999ad7b5527&2a7d1ce484043fcc6c5c75fb5ac6b40c&c5abc5501e39e1cde6ebd4299f0a8f1a&a8607b7ff7aff658f73e39c912f3861e&bf7ba4ac1de1610f80dba874255a4a6c&4461ee8773e6e49d6084f6897e9db616&58f5365ea2d65c420300ce0a3286c848&d8a7281772b9cb325fc575e475525c3f,https://v19.tiktokcdn-us.com/d63a1ff83065d41c43f71999ad7b5527/61e52340/video/tos/useast2a/tos-useast2a-ve-0068c004/37fdace7ea5e47a28e67f8ddd291d8cf/?a=1233&br=3492&bt=1746&cd=0%7C0%7C0&ch=0&cr=3&cs=2&cv=1&dr=0&ds=3&er=&ft=c~.Zm4L-gXoInz7T&l=20220117020508010113135043044320AC&lr=all&mime_type=video_mp4&net=0&pl=0&qs=14&rc=M3dyOjM6ZmtqNzMzNzczM0ApNTQ1PGg2NTxmN2dkOzc6ZGcyaGAycjRvY2xgLS1kMTZzczA1Xy9gMC5gXzZjMC9eMl86Yw%3D%3D&vl=&vr=
53,v09044310000bmoil77ho6foanv5jaj0,8267,1413832&978032&948578&551346,5b832cd6cd808dc4d134b4e84e8933d2&315d99c02881d83fce7c12aa5d665161&a208df1c05141580182216f1156860a0&2e0142b31f95d0809e2e64a2476caa83&7a0fe64827eddec5d6cb2a5070495723&92d5bcf083faa422eefbe424cb642079&36c19bc28099bdc0dc62d5dcf38daa6a&ecee474d068a32c26681d9a411bcf4bf,https://v19.tiktokcdn-us.com/5b832cd6cd808dc4d134b4e84e8933d2/61e5233d/video/tos/useast2a/tos-useast2a-ve-0068/ddd5955b873440ed8f5b7bf11392250d/?a=1233&br=2760&bt=1380&cd=0%7C0%7C0&ch=0&cr=3&cs=2&cv=1&dr=0&ds=3&er=&ft=c~.Zm4L-gXoInz7T&l=20220117020508010113135043044320AC&lr=all&mime_type=video_mp4&net=0&pl=0&qs=14&rc=M2Q4cXI5azpscDMzNDczM0ApaWVmNDQ3NztoNztlODY4OWdnZ3NeY2w0aWxfLS0wMTZzc19fMi00Nl8zMTVjYy0yY146Yw%3D%3D&vl=&vr=
54,v09044g40000c2gsjnial962u1po35p0,6430,770553&599707&407073,27c761f7a351007bc8eff4b703e62697&3300309355861d2d35d2c363d2926947&d68af1ab6f05f61a98436356edd67905&4c5f0ab194043f65645bcc8482575f18&a7e5c4eac1f0d23ec982946bf1f2b785&957213c8fce31fe7522b914016efe6f4,https://v19.tiktokcdn-us.com/27c761f7a351007bc8eff4b703e62697/61e5233b/video/tos/useast2a/tos-useast2a-ve-0068c003/c87454664ebb4e1a9171e23979c58e98/?a=1233&br=1504&bt=752&cd=0%7C0%7C0&ch=0&cr=3&cs=2&cv=1&dr=0&ds=6&er=&ft=c~.Zm4L-gXoInz7T&l=20220117020508010113135043044320AC&lr=all&mime_type=video_mp4&net=0&pl=0&qs=11&rc=MzhyNDU8ZHF2NTMzNzczM0ApZzg8Mzc7OjtmN2g4ZGdkOmdtMG1yM2lmZ2RgLS1kMTZzczAxMDY2LjI1Nl4zNS5iYDU6Yw%3D%3D&vl=&vr=
55,v09044g40000c3ai05e0nro67dgk3fbg,9286,1284202&756360&437868&275058,6b9fe55040f5d1fc4ce37c3c1bc2a784&2000ca1b448153d9896393b0c4862119&d47f32708efaf9ea205560e6c4de5956&81357df7d39b18afdf914dcad3ea90e8&5dbeb13097e2b280490b448d065f3ebc&c0ae9fa399e9fd75981c7c8c31791eae&7bf10d053b40f751bd2b28dbc2e6a24d&7ceb0635d006ba4bcf818f8c5351e3cb,https://v19.tiktokcdn-us.com/6b9fe55040f5d1fc4ce37c3c1bc2a784/61e5233e/video/tos/useast2a/tos-useast2a-pve-0068/e6e3a6962bc94b55b4ea6c5013954c7f/?a=1233&br=2508&bt=1254&cd=0%7C0%7C0&ch=0&cr=3&cs=2&cv=1&dr=0&ds=3&er=&ft=c~.Zm4L-gXoInz7T&l=20220117020508010113135043044320AC&lr=all&mime_type=video_mp4&net=0&pl=0&qs=14&rc=amluZzl1MzhsNjMzNzczM0ApNGc3Zmk5Zjw2NzxlZ2RnPGdfMGQ0bGtiLV5gLS1kMTZzczJjNS8tYGIvLmI1Y180YS86Yw%3D%3D&vl=&vr=
56,v09044g40000c410g73c77uf1vhdufc0,8635,1640421&1292537&1074754&697653,cba1a3b932a9e3de75f815cd358c943e&296af018557fe24dd195245b20db9eb7&1a3926e0115f2e855a0bc8af181146c4&24768e0b5fae2c251caf7246190ea808&6961f34341e95da2d1beae15bdba97b6&896320a3a8fccf49e53f89a7d647ad62&350c465f6ae9565177c6f11ee9aeb2e1&dae5ac738d89e8fc747178e3a905a915,https://v19.tiktokcdn-us.com/cba1a3b932a9e3de75f815cd358c943e/61e5233d/video/tos/useast2a/tos-useast2a-pve-0068/186f2293eddc429e855872f618200d52/?a=1233&br=3202&bt=1601&cd=0%7C0%7C0&ch=0&cr=3&cs=2&cv=1&dr=0&ds=3&er=&ft=c~.Zm4L-gXoInz7T&l=20220117020508010113135043044320AC&lr=all&mime_type=video_mp4&net=0&pl=0&qs=14&rc=M2lneWk6ZjozNzMzNzczM0ApaGc8OTNmNGU7NzUzODU8M2dgcmUucjQwZC5gLS1kMTZzczAyMS4zYjFgMC00M2AyLWA6Yw%3D%3D&vl=&vr=
57,v09044g40000c45clkjc77u4160srdj0,19781,594321&416882&283318&196864,c44c1393fcc21835efeaba3034d87252&4df00768edf52bc4bcd4eb4ee6828a44&fb06e3a40f6526ad8f65a06e8c0b2a1c&8cbe550353939b56247c5fbec9a1d516&d04e93773d35cd1e450808a208ecbbcf&41f2336a70024d708de332fd3469e711&55c0767c57d281cb6f5d08dc7c61d65c&52eea6d25ce917d3b42a049c09102eae,https://v19.tiktokcdn-us.com/c44c1393fcc21835efeaba3034d87252/61e52348/video/tos/useast2a/tos-useast2a-ve-0068c001/f9d901e8f28941f9bfce8994d038f273/?a=1233&br=1160&bt=580&cd=0%7C0%7C0&ch=0&cr=3&cs=2&cv=1&dr=0&ds=3&er=&ft=c~.Zm4L-gXoInz7T&l=20220117020508010113135043044320AC&lr=all&mime_type=video_mp4&net=0&pl=0&qs=14&rc=M2d2OTc6Zm5mNzMzNzczM0ApZDw6PDg8OTw6NzpoOztmPGdnby0ucjRnaTJgLS1kMTZzc2ItYzZiMjQvXi8zYy4uNjA6Yw%3D%3D&vl=&vr=
58,v09044g40000c4aqt4bc77uek70jn260,14603,853714&490562&304377,8bd4565608ac81adccefc68c3cdef2a8&c3d250a14238d83c3238a61916f36c1d&ea7c184b041061526206fc30f6a62393&631d2b2ebcda9ed9ca850c1eb6db528b&8abe39c60ef120ca0231401cfe95bf8e&3d960a7b49e758b3d2b27f037fc043b2,https://v19.tiktokcdn-us.com/8bd4565608ac81adccefc68c3cdef2a8/61e52343/video/tos/useast2a/tos-useast2a-ve-0068c003/f5ab0881c8614d2997fc3563a380cca5/?a=1233&br=1666&bt=833&cd=0%7C0%7C0&ch=0&cr=3&cs=2&cv=1&dr=0&ds=6&er=&ft=c~.Zm4L-gXoInz7T&l=20220117020508010113135043044320AC&lr=all&mime_type=video_mp4&net=0&pl=0&qs=11&rc=MzVtOmg6Zjd0NzMzNzczM0ApZ2lnPGlkPDw8NzM6aGQ4aGczay1ocjRfcV5gLS1kMTZzcy0tX2JjX18yMzM2LmFhNTM6Yw%3D%3D&vl=&vr=
59,v09044g40000c3vdmejc77u7uoaiehrg,11330,566505&438577&226220&162988,c5dfa52b9b9ad88a5e48ca1a1de8fb3c&6bfac209ba840d13e54aa434b818277d&510249639e1b05e966db65c9d41f0fe4&d6499fd3265f04f10bf30cd612b2aa87&f5ee3c4ffb8ef58037ca4d05543b21a5&231789594f82afc93b4ae44c8e638d60&d062a5a5dcddf2b96e821b118b922f10&66dceec6a8d96bff03189776ebf63aa7,https://v19.tiktokcdn-us.com/c5dfa52b9b9ad88a5e48ca1a1de8fb3c/61e52340/video/tos/useast2a/tos-useast2a-pve-0068/dd6af54476d34c538cb4008e341b415b/?a=1233&br=1106&bt=553&cd=0%7C0%7C0&ch=0&cr=3&cs=2&cv=1&dr=0&ds=3&er=&ft=c~.Zm4L-gXoInz7T&l=20220117020508010113135043044320AC&lr=all&mime_type=video_mp4&net=0&pl=0&qs=14&rc=amtscjo6ZmhnNjMzNzczM0ApOzVmNDg0Ojs8N2g7OWk2ZmdvYl5ycjRnanNgLS1kMTZzc2A0YTQ2NDMtMjExNDQwLS06Yw%3D%3D&vl=&vr=
