video/mp4, bytesbytes 0-2516112/2516113, 1642384667.8384364, 1642384667.839597, 1642384667.9008026, 1642384670.5535674, v16m-us.tiktokcdn.com, d0e6c9016c60a6c0c0a6a4088bbb4c58, /d0e6c9016c60a6c0c0a6a4088bbb4c58/61e5218f/video/tos/useast5/tos-useast5-ve-0068c004-tx/a62d08acb13a4b6ca7c0adb24b7f217d/?a=1233&br=1886&bt=943&cd=0%7C0%7C0&ch=0&cr=3&cs=2&cv=1&dr=0&ds=3&er=&ft=xo5uS4L-gXoInz7T&l=202201170157460102230861341FAE1F0D&lr=all&mime_type=video_mp4&net=0&pl=0&qs=14&rc=am48Ojs6Zm8zOTMzZzczNEApO2hoZWY8N2Q8NzQ1O2ZpNGc0LmtqcjQwZ2xgLS1kMS9zczBeYjUyX2FgNF5iYi4zYS06Yw%3D%3D&vl=&vr=
video/mp4, bytesbytes 0-610522/610523, 1642384673.9619305, 1642384673.9641414, 1642384674.0030942, 1642384674.599441, v39-us.tiktokcdn.com, fde99227e111cf655208f59b63244b08, /fde99227e111cf655208f59b63244b08/61e52189/video/tos/useast2a/tos-useast2a-ve-0068c003/9f88f24ce7fd4bf89fd9a71536122e0a/?a=1233&br=994&bt=497&cd=0%7C0%7C0&ch=0&cr=3&cs=2&cv=1&dr=0&ds=6&er=&ft=xo5uS4L-gXoInz7T&l=202201170157510102231000352328269B&lr=all&mime_type=video_mp4&net=0&pl=0&qs=4&rc=amg4OTc6Zng5OjMzNzczM0ApaGk5ZDkzaGVoNzg2aDZnZ2czMWY2cjRnNGZgLS1kMTZzc19jYzQyNS01YzIzNS4zNV46Yw%3D%3D&vl=&vr=
video/mp4, bytesbytes 0-773562/773563, 1642384678.413124, 1642384678.4139488, 1642384678.4602048, 1642384679.5666738, v39-us.tiktokcdn.com, 636e5d74e1cb5a65f91412ca5f28b1c8, /636e5d74e1cb5a65f91412ca5f28b1c8/61e52189/video/tos/useast2a/tos-useast2a-ve-0068c002/2f855b25768141898f62738cd7a79637/?a=1233&br=1262&bt=631&cd=0%7C0%7C0&ch=0&cr=3&cs=0&dr=0&ds=1&er=&ft=xo5uS4L-gXoInz7T&l=202201170157510102231000352328269B&lr=all&mime_type=video_mp4&net=0&pl=0&qs=0&rc=M2U2dzg6ZnJ4OjMzNzgzM0ApM2RlOGY4MztpNzVmN2Q7NGc0NmtpcjRfMWNgLS1kLzZzczAuMzM2MC8uYS0tMGMyXzI6Yw%3D%3D&vl=&vr=
video/mp4, bytes, 1642384715.3888736, 1642384715.390895, 1642384715.4245489, 1642384716.0718458, v16m.tiktokcdn-us.com, a0c2905fe8c0178f97a42bac8efb9cbc, /a0c2905fe8c0178f97a42bac8efb9cbc/61e521a0/video/tos/useast2a/tos-useast2a-ve-0068c004/c0f25d1b31ba4b86a90cb22cfe1b1294/?a=1233&br=1116&bt=558&cd=0%7C0%7C0&ch=0&cr=3&cs=2&cv=1&dr=0&ds=6&er=&ft=c~.Zm4L-gXoInz7T&l=202201170158170101130061141B36198D&lr=all&mime_type=video_mp4&net=0&pl=0&qs=4&rc=anRuNnZvNHNodzMzODczM0ApZjk8NWg5PGVoNzZlZGQ3OmdtYnJpNTJzXnJfLS1iMTZzczMuMF5hMmBhM2NfMi1gYTY6Yw%3D%3D&vl=&vr=
video/mp4, bytesbytes 0-1005419/1005420, 1642384716.4041686, 1642384716.4051266, 1642384716.4763873, 1642384717.601506, v16m.tiktokcdn-us.com, 495ec1a0103ffc211cc5eead7d5a39f3, /495ec1a0103ffc211cc5eead7d5a39f3/61e521a5/video/tos/useast5/tos-useast5-ve-0068c004-tx/7fb7755292e94b97ae2acf9bbfa03fe3/?a=1233&br=1250&bt=625&cd=0%7C0%7C0&ch=0&cr=3&cs=2&cv=1&dr=0&ds=6&er=&ft=c~.Zm4L-gXoInz7T&l=202201170158170101130061141B36198D&lr=all&mime_type=video_mp4&net=0&pl=0&qs=11&rc=M2RmZGQ6ZjNzOjMzZzczNEApMzY7PDVoNWVlNzQ5aTppN2drLWxocjRnc19gLS1kMS9zcy4vYF5hMDA0NjI2MzNhYC86Yw%3D%3D&vl=&vr=
video/mp4, bytesbytes 0-1024000/2209343, 1642384718.2463539, 1642384718.2476447, 1642384718.2747874, 1642384719.414234, v16m.tiktokcdn-us.com, c54fcc54f2177a3f052ee92e653215ce, /c54fcc54f2177a3f052ee92e653215ce/61e521ad/video/tos/useast2a/tos-useast2a-ve-0068c003/a3916a82751449e5bc996d3ea4c44e77/?a=1233&br=1710&bt=855&cd=0%7C0%7C0&ch=0&cr=3&cs=2&cv=1&dr=0&ds=6&er=&ft=c~.Zm4L-gXoInz7T&l=202201170158170101130061141B36198D&lr=all&mime_type=video_mp4&net=0&pl=0&qs=5&rc=ajx1NTU6ZmdqOTMzNzczM0ApZmk0NjlpOGQ4N2U4NTg8aGcwcTEucjQwbnJgLS1kMTZzc2EzYGBjLTYyNTNgYi1fNTY6Yw%3D%3D&vl=&vr=
video/mp4, bytesbytes 0-878633/878634, 1642384720.193627, 1642384720.195152, 1642384720.2639031, 1642384721.364223, v16m.tiktokcdn-us.com, 357edfd5ff3b3f1dcca141a3d9644374, /357edfd5ff3b3f1dcca141a3d9644374/61e521aa/video/tos/useast2a/tos-useast2a-pve-0068/52bbbd3d4f604a6c82a0b217a8755c8c/?a=1233&br=770&bt=385&cd=0%7C0%7C0&ch=0&cr=3&cs=2&cv=1&dr=0&ds=6&er=&ft=c~.Zm4L-gXoInz7T&l=202201170158170101130061141B36198D&lr=all&mime_type=video_mp4&net=0&pl=0&qs=4&rc=anZ3NmhraW1tNDMzNzczM0ApNzY5ZzdlZDs5NzRpNWU7Nmdubmg0Ml9oYGhgLS1kMTZzczE1NmMyNWJjX2JhMS8xNC46Yw%3D%3D&vl=&vr=
video/mp4, bytesbytes 0-1024000/3199001, 1642384721.8314047, 1642384721.8327372, 1642384721.9302099, 1642384723.0717347, v16m.tiktokcdn-us.com, 1679e4ca7be778863bb2241728a83bc1, /1679e4ca7be778863bb2241728a83bc1/61e521c6/video/tos/useast2a/tos-useast2a-pve-0068/d71c0e8d4bdd441cb28765ca3433472b/?a=1233&br=1084&bt=542&cd=0%7C0%7C0&ch=0&cr=3&cs=2&cv=1&dr=0&ds=3&er=&ft=c~.Zm4L-gXoInz7T&l=202201170158170101130061141B36198D&lr=all&mime_type=video_mp4&net=0&pl=0&qs=14&rc=M25oMzw6ZjhqNjMzNzczM0ApN2kzaWQ4NDtmN2c6ZTg8aWdrYjJlcjRfNmlgLS1kMTZzczA0YmNjY2AtYDI2MDBfNjY6Yw%3D%3D&vl=&vr=
video/mp4, bytesbytes 0-1024000/1181632, 1642384723.5039, 1642384723.5047793, 1642384723.6759248, 1642384724.8049629, v16m.tiktokcdn-us.com, f07855f8b55b90feee9f3979ec1d5d1e, /f07855f8b55b90feee9f3979ec1d5d1e/61e521a9/video/tos/useast2a/tos-useast2a-pve-0068/353eea5c512a4e96bf4aed8f1a7c9fe9/?a=1233&br=1108&bt=554&cd=0%7C0%7C0&ch=0&cr=3&cs=2&cv=1&dr=0&ds=3&er=&ft=c~.Zm4L-gXoInz7T&l=202201170158170101130061141B36198D&lr=all&mime_type=video_mp4&net=0&pl=0&qs=14&rc=MzZ4bjQ6ZmtoNzMzNzczM0ApODc0NGk0NmVlN2Q7OjczM2c0MGRjcjQwci9gLS1kMTZzcy8tMWFiYS5fMzIyNTUxXy06Yw%3D%3D&vl=&vr=
video/mp4, bytesbytes 0-1024000/1492687, 1642384737.165675, 1642384737.167235, 1642384737.2976806, 1642384738.493494, v16m.tiktokcdn-us.com, b0f887dcd379fce92286da554dbadafb, /b0f887dcd379fce92286da554dbadafb/61e521b0/video/tos/useast2a/tos-useast2a-ve-0068c004/02c11bae6e0c4bbaa3a6e4b386e22249/?a=1233&br=980&bt=490&cd=0%7C0%7C0&ch=0&cr=3&cs=2&cv=1&dr=0&ds=6&er=&ft=c~.Zm4L-gXoInz7T&l=202201170158170101130061141B36198D&lr=all&mime_type=video_mp4&net=0&pl=0&qs=4&rc=amQ1NTN2aDpmNjMzNzczM0ApNmg5OTw2ODtnNzhoO2RlNWc0LmVxZWpmNjBgLS1kMTZzczQyLy8wYjAyLl9jL2JjXjQ6Yw%3D%3D&vl=&vr=
video/mp4, bytesbytes 1024000-2209342/2209343, 1642384739.2821658, 1642384739.2837038, 1642384739.386781, 1642384741.6369295, v16m.tiktokcdn-us.com, c54fcc54f2177a3f052ee92e653215ce, /c54fcc54f2177a3f052ee92e653215ce/61e521ad/video/tos/useast2a/tos-useast2a-ve-0068c003/a3916a82751449e5bc996d3ea4c44e77/?a=1233&br=1710&bt=855&cd=0%7C0%7C0&ch=0&cr=3&cs=2&cv=1&dr=0&ds=6&er=&ft=c~.Zm4L-gXoInz7T&l=202201170158170101130061141B36198D&lr=all&mime_type=video_mp4&net=0&pl=0&qs=5&rc=ajx1NTU6ZmdqOTMzNzczM0ApZmk0NjlpOGQ4N2U4NTg8aGcwcTEucjQwbnJgLS1kMTZzc2EzYGBjLTYyNTNgYi1fNTY6Yw%3D%3D&vl=&vr=
video/mp4, bytesbytes 0-1024000/3653700, 1642384742.0926256, 1642384742.0940273, 1642384742.134144, 1642384743.2649426, v16m.tiktokcdn-us.com, dc7fe8769ee05dd37696a0fbcc9a5176, /dc7fe8769ee05dd37696a0fbcc9a5176/61e521cb/video/tos/useast2a/tos-useast2a-ve-0068c001/5bc95ee24c964e9b933f7770c02b2951/?a=1233&br=1136&bt=568&cd=0%7C0%7C0&ch=0&cr=3&cs=2&cv=1&dr=0&ds=6&er=&ft=c~.Zm4L-gXoInz7T&l=202201170158170101130061141B36198D&lr=all&mime_type=video_mp4&net=0&pl=0&qs=5&rc=M2plODQ6ZjllNjMzNzczM0ApNWUzOGQ7NTw4Nzg8ZWU8O2drLmJucjQwLnBgLS1kMTZzczBjNjQvMDZeYS8xNGEvMDA6Yw%3D%3D&vl=&vr=
video/mp4, bytesbytes 0-283561/283562, 1642384743.6784482, 1642384743.6800187, 1642384743.7262409, 1642384744.2569714, v16m.tiktokcdn-us.com, 17d60ae4723d4908076e0987fa420264, /17d60ae4723d4908076e0987fa420264/61e5219f/video/tos/useast2a/tos-useast2a-ve-0068c003/c82291f2f7744bbabb097f3a38918c6a/?a=1233&br=666&bt=333&cd=0%7C0%7C0&ch=0&cr=3&cs=2&cv=1&dr=0&ds=6&er=&ft=c~.Zm4L-gXoInz7T&l=202201170158170101130061141B36198D&lr=all&mime_type=video_mp4&net=0&pl=0&qs=4&rc=anVseHJvbmdtdTMzZjczM0ApZWc2M2g4PDs6N2g5ZDdkaWdwNDYwcnM0L3BfLS0yMTZzczE1MmBgYDNfYDYuMWM2YTE6Yw%3D%3D&vl=&vr=
video/mp4, bytesbytes 1024000-3199000/3199001, 1642384745.3306718, 1642384745.3324454, 1642384745.4240904, 1642384749.9375944, v16m.tiktokcdn-us.com, 1679e4ca7be778863bb2241728a83bc1, /1679e4ca7be778863bb2241728a83bc1/61e521c6/video/tos/useast2a/tos-useast2a-pve-0068/d71c0e8d4bdd441cb28765ca3433472b/?a=1233&br=1084&bt=542&cd=0%7C0%7C0&ch=0&cr=3&cs=2&cv=1&dr=0&ds=3&er=&ft=c~.Zm4L-gXoInz7T&l=202201170158170101130061141B36198D&lr=all&mime_type=video_mp4&net=0&pl=0&qs=14&rc=M25oMzw6ZjhqNjMzNzczM0ApN2kzaWQ4NDtmN2c6ZTg8aWdrYjJlcjRfNmlgLS1kMTZzczA0YmNjY2AtYDI2MDBfNjY6Yw%3D%3D&vl=&vr=
video/mp4, bytesbytes 0-1024000/1412515, 1642384750.7062528, 1642384750.7072594, 1642384750.7596645, 1642384753.2165308, v16m.tiktokcdn-us.com, 77a1c0f722a46bd78dfd07f1eb22c9e2, /77a1c0f722a46bd78dfd07f1eb22c9e2/61e521ad/video/tos/useast2a/tos-useast2a-ve-0068c003/b2a74e92317c41a98ff396e61f505581/?a=1233&br=1092&bt=546&cd=0%7C0%7C0&ch=0&cr=3&cs=2&cv=1&dr=0&ds=6&er=&ft=c~.Zm4L-gXoInz7T&l=202201170158170101130061141B36198D&lr=all&mime_type=video_mp4&net=0&pl=0&qs=5&rc=MzhxNTo7OmluNTMzNzczM0ApaDNlODRpZzszNzc3NDk2NWdqYzQ1Z2RibzBgLS1kMTZzc2JjMmItYy5fLi9gY2EyM2A6Yw%3D%3D&vl=&vr=
video/mp4, bytesbytes 1024000-1181631/1181632, 1642384758.5890083, 1642384758.590001, 1642384758.6968064, 1642384758.9786632, v16m.tiktokcdn-us.com, f07855f8b55b90feee9f3979ec1d5d1e, /f07855f8b55b90feee9f3979ec1d5d1e/61e521a9/video/tos/useast2a/tos-useast2a-pve-0068/353eea5c512a4e96bf4aed8f1a7c9fe9/?a=1233&br=1108&bt=554&cd=0%7C0%7C0&ch=0&cr=3&cs=2&cv=1&dr=0&ds=3&er=&ft=c~.Zm4L-gXoInz7T&l=202201170158170101130061141B36198D&lr=all&mime_type=video_mp4&net=0&pl=0&qs=14&rc=MzZ4bjQ6ZmtoNzMzNzczM0ApODc0NGk0NmVlN2Q7OjczM2c0MGRjcjQwci9gLS1kMTZzcy8tMWFiYS5fMzIyNTUxXy06Yw%3D%3D&vl=&vr=
video/mp4, bytesbytes 1024000-1492686/1492687, 1642384763.085698, 1642384763.087068, 1642384763.1347532, 1642384764.2346756, v16m.tiktokcdn-us.com, b0f887dcd379fce92286da554dbadafb, /b0f887dcd379fce92286da554dbadafb/61e521b0/video/tos/useast2a/tos-useast2a-ve-0068c004/02c11bae6e0c4bbaa3a6e4b386e22249/?a=1233&br=980&bt=490&cd=0%7C0%7C0&ch=0&cr=3&cs=2&cv=1&dr=0&ds=6&er=&ft=c~.Zm4L-gXoInz7T&l=202201170158170101130061141B36198D&lr=all&mime_type=video_mp4&net=0&pl=0&qs=4&rc=amQ1NTN2aDpmNjMzNzczM0ApNmg5OTw2ODtnNzhoO2RlNWc0LmVxZWpmNjBgLS1kMTZzczQyLy8wYjAyLl9jL2JjXjQ6Yw%3D%3D&vl=&vr=
video/mp4, bytesbytes 1024000-3653699/3653700, 1642384771.3435674, 1642384771.3449116, 1642384771.4001234, 1642384775.0056422, v16m.tiktokcdn-us.com, dc7fe8769ee05dd37696a0fbcc9a5176, /dc7fe8769ee05dd37696a0fbcc9a5176/61e521cb/video/tos/useast2a/tos-useast2a-ve-0068c001/5bc95ee24c964e9b933f7770c02b2951/?a=1233&br=1136&bt=568&cd=0%7C0%7C0&ch=0&cr=3&cs=2&cv=1&dr=0&ds=6&er=&ft=c~.Zm4L-gXoInz7T&l=202201170158170101130061141B36198D&lr=all&mime_type=video_mp4&net=0&pl=0&qs=5&rc=M2plODQ6ZjllNjMzNzczM0ApNWUzOGQ7NTw4Nzg8ZWU8O2drLmJucjQwLnBgLS1kMTZzczBjNjQvMDZeYS8xNGEvMDA6Yw%3D%3D&vl=&vr=
video/mp4, bytesbytes 0-1024000/1093114, 1642384776.2681196, 1642384776.2698379, 1642384776.2951298, 1642384778.1554163, v19.tiktokcdn-us.com, a78712d3b7f66f788d116ea8d7babf41, /a78712d3b7f66f788d116ea8d7babf41/61e521f4/video/tos/useast2a/tos-useast2a-ve-0068c004/ebeda0edfad943b88c11b94bd99d0786/?a=1233&br=976&bt=488&cd=0%7C0%7C0&ch=0&cr=3&cs=2&cv=1&dr=0&ds=3&er=&ft=c~.Zm4L-gXoInz7T&l=20220117015931010113135231253E893A&lr=all&mime_type=video_mp4&net=0&pl=0&qs=14&rc=amo3a2g6ZnJoNzMzNzczM0ApNGhpNzppNmQ2NzRoNGk0OWcvb2IzcjRfZzBgLS1kMTZzczM1YzIvYWIzYC5iM2AvYDE6Yw%3D%3D&vl=&vr=
video/mp4, bytesbytes 0-1024000/2492421, 1642384778.6829147, 1642384778.6848118, 1642384778.7096, 1642384780.280969, v19.tiktokcdn-us.com, 76089440fa881e10433de878f2ab4057, /76089440fa881e10433de878f2ab4057/61e5220a/video/tos/useast2a/tos-useast2a-pve-0068/85f26dad7c324228908ebbb101ade411/?a=1233&br=978&bt=489&cd=0%7C0%7C0&ch=0&cr=3&cs=2&cv=1&dr=0&ds=6&er=&ft=c~.Zm4L-gXoInz7T&l=20220117015931010113135231253E893A&lr=all&mime_type=video_mp4&net=0&pl=0&qs=5&rc=am5zdDw6ZmhqNjMzNzczM0ApOWRnZ2k2NmU0NzRoaGg5O2dtNGtncjRnb2hgLS1kMTZzczQxYF81MjRgM18wNjAxYV86Yw%3D%3D&vl=&vr=
video/mp4, bytesbytes 0-1024000/1130687, 1642384780.6782038, 1642384780.6793787, 1642384780.690648, 1642384782.3142056, v19.tiktokcdn-us.com, 99c43eef6855bddd5a1451bb39ff5896, /99c43eef6855bddd5a1451bb39ff5896/61e521f2/video/tos/useast2a/tos-useast2a-ve-0068c004/4dd3485cb1714c11939fbdd0790ecb0f/?a=1233&br=1160&bt=580&cd=0%7C0%7C0&ch=0&cr=3&cs=2&cv=1&dr=0&ds=6&er=&ft=c~.Zm4L-gXoInz7T&l=20220117015931010113135231253E893A&lr=all&mime_type=video_mp4&net=0&pl=0&qs=5&rc=MzlqN214NThwNTMzNzczM0ApNmQ5PGZnO2Q8N2VoN2ZkM2cubjNkcWZyam5gLS1kMTZzc2MyYTY2Yy4yLjYyXzMvMDA6Yw%3D%3D&vl=&vr=
video/mp4, bytesbytes 0-875044/875045, 1642384821.9141982, 1642384821.9168289, 1642384821.930961, 1642384823.0118868, v19.tiktokcdn-us.com, a1576fc387ac9d5f2c5d23c3bcb8c62d, /a1576fc387ac9d5f2c5d23c3bcb8c62d/61e521f1/video/tos/useast5/tos-useast5-ve-0068c002-tx/0aa462b0cc9e4571a40dc25f2481c9e5/?a=1233&br=906&bt=453&cd=0%7C0%7C0&ch=0&cr=3&cs=2&cv=1&dr=0&ds=6&er=&ft=c~.Zm4L-gXoInz7T&l=20220117015931010113135231253E893A&lr=all&mime_type=video_mp4&net=0&pl=0&qs=4&rc=amkzdjo6ZnY6OjMzZzczNEApOTdkZzQ4NGQ8NzY3aWRnO2doXnNtcjRnNTVgLS1kMS9zcy5jLy8tYTA0NmMxMzY2LS86Yw%3D%3D&vl=&vr=
video/mp4, bytesbytes 1024000-1412514/1412515, 1642384828.7722182, 1642384828.7744465, 1642384828.8832755, 1642384829.4732819, v16m.tiktokcdn-us.com, 77a1c0f722a46bd78dfd07f1eb22c9e2, /77a1c0f722a46bd78dfd07f1eb22c9e2/61e521ad/video/tos/useast2a/tos-useast2a-ve-0068c003/b2a74e92317c41a98ff396e61f505581/?a=1233&br=1092&bt=546&cd=0%7C0%7C0&ch=0&cr=3&cs=2&cv=1&dr=0&ds=6&er=&ft=c~.Zm4L-gXoInz7T&l=202201170158170101130061141B36198D&lr=all&mime_type=video_mp4&net=0&pl=0&qs=5&rc=MzhxNTo7OmluNTMzNzczM0ApaDNlODRpZzszNzc3NDk2NWdqYzQ1Z2RibzBgLS1kMTZzc2JjMmItYy5fLi9gY2EyM2A6Yw%3D%3D&vl=&vr=
video/mp4, bytesbytes 0-1024000/1069291, 1642384829.7365627, 1642384829.7377517, 1642384829.799884, 1642384831.0315404, v19.tiktokcdn-us.com, e58b30eb6df301f6ebb21a5a7c1d08c5, /e58b30eb6df301f6ebb21a5a7c1d08c5/61e521fc/video/tos/alisg/tos-alisg-pve-0037c001/4a0a9e195fa24116ac3ca1661083a252/?a=1233&br=658&bt=329&cd=0%7C0%7C0&ch=0&cr=3&cs=2&cv=1&dr=0&ds=6&er=&ft=c~.Zm4L-gXoInz7T&l=20220117015931010113135231253E893A&lr=all&mime_type=video_mp4&net=0&pl=0&qs=4&rc=ajY3Njk6ZmU2OTMzODczNEApaDZmNjs7NWQ0NzlmM2g2ZGdsb25ucjRvM2BgLS1kMS1zczQ0MC9jNC5jMWMzNmMtLy46Yw%3D%3D&vl=&vr=
video/mp4, bytesbytes 1024000-1093113/1093114, 1642384837.2056603, 1642384837.207408, 1642384837.2172725, 1642384837.2935228, v19.tiktokcdn-us.com, a78712d3b7f66f788d116ea8d7babf41, /a78712d3b7f66f788d116ea8d7babf41/61e521f4/video/tos/useast2a/tos-useast2a-ve-0068c004/ebeda0edfad943b88c11b94bd99d0786/?a=1233&br=976&bt=488&cd=0%7C0%7C0&ch=0&cr=3&cs=2&cv=1&dr=0&ds=3&er=&ft=c~.Zm4L-gXoInz7T&l=20220117015931010113135231253E893A&lr=all&mime_type=video_mp4&net=0&pl=0&qs=14&rc=amo3a2g6ZnJoNzMzNzczM0ApNGhpNzppNmQ2NzRoNGk0OWcvb2IzcjRfZzBgLS1kMTZzczM1YzIvYWIzYC5iM2AvYDE6Yw%3D%3D&vl=&vr=
video/mp4, bytesbytes 0-557503/557504, 1642384837.392947, 1642384837.3942356, 1642384837.413916, 1642384838.4806204, v19.tiktokcdn-us.com, a955d52d908fc6007d120db22bb3fe1a, /a955d52d908fc6007d120db22bb3fe1a/61e521ed/video/tos/useast2a/tos-useast2a-ve-0068c002/3b04e783681a450b960ddb8446dd3c3b/?a=1233&br=814&bt=407&cd=0%7C0%7C0&ch=0&cr=3&cs=2&cv=1&dr=0&ds=6&er=&ft=c~.Zm4L-gXoInz7T&l=20220117015931010113135231253E893A&lr=all&mime_type=video_mp4&net=0&pl=0&qs=4&rc=am53bnBmZ2Z2NDMzNzczM0ApOzU6ZGhlOmQ0Nzk6NmU2ZWduZmtiZy5pNG5gLS1kMTZzc18wMl9fNTAuMF9eMmMvNC06Yw%3D%3D&vl=&vr=
video/mp4, bytesbytes 1024000-2492420/2492421, 1642384847.88793, 1642384847.889612, 1642384847.9065835, 1642384850.0910585, v19.tiktokcdn-us.com, 76089440fa881e10433de878f2ab4057, /76089440fa881e10433de878f2ab4057/61e5220a/video/tos/useast2a/tos-useast2a-pve-0068/85f26dad7c324228908ebbb101ade411/?a=1233&br=978&bt=489&cd=0%7C0%7C0&ch=0&cr=3&cs=2&cv=1&dr=0&ds=6&er=&ft=c~.Zm4L-gXoInz7T&l=20220117015931010113135231253E893A&lr=all&mime_type=video_mp4&net=0&pl=0&qs=5&rc=am5zdDw6ZmhqNjMzNzczM0ApOWRnZ2k2NmU0NzRoaGg5O2dtNGtncjRnb2hgLS1kMTZzczQxYF81MjRgM18wNjAxYV86Yw%3D%3D&vl=&vr=
video/mp4, bytesbytes 0-573921/573922, 1642384850.760384, 1642384850.7616484, 1642384850.7731507, 1642384851.3485487, v19.tiktokcdn-us.com, 073ea36042d7ff152a21719955c4e5e1, /073ea36042d7ff152a21719955c4e5e1/61e521ee/video/tos/useast5/tos-useast5-ve-0068c004-tx/d967a4df34444b62921fc5ac80467075/?a=1233&br=760&bt=380&cd=0%7C0%7C0&ch=0&cr=3&cs=2&cv=1&dr=0&ds=6&er=&ft=c~.Zm4L-gXoInz7T&l=20220117015931010113135231253E893A&lr=all&mime_type=video_mp4&net=0&pl=0&qs=4&rc=M29saWg6ZjczOjMzZzczNEApNDQ8MzQ1aGQ8N2lmMzQ3NmcyNGBocjRfX2FgLS1kMS9zczI2LTUxYWBeLzAwM2JfYC06Yw%3D%3D&vl=&vr=
video/mp4, bytesbytes 1024000-1130686/1130687, 1642384882.7032201, 1642384882.7041981, 1642384882.7175748, 1642384882.97147, v19.tiktokcdn-us.com, 99c43eef6855bddd5a1451bb39ff5896, /99c43eef6855bddd5a1451bb39ff5896/61e521f2/video/tos/useast2a/tos-useast2a-ve-0068c004/4dd3485cb1714c11939fbdd0790ecb0f/?a=1233&br=1160&bt=580&cd=0%7C0%7C0&ch=0&cr=3&cs=2&cv=1&dr=0&ds=6&er=&ft=c~.Zm4L-gXoInz7T&l=20220117015931010113135231253E893A&lr=all&mime_type=video_mp4&net=0&pl=0&qs=5&rc=MzlqN214NThwNTMzNzczM0ApNmQ5PGZnO2Q8N2VoN2ZkM2cubjNkcWZyam5gLS1kMTZzc2MyYTY2Yy4yLjYyXzMvMDA6Yw%3D%3D&vl=&vr=
video/mp4, bytesbytes 0-1024000/2121440, 1642384883.098866, 1642384883.1003497, 1642384883.1283371, 1642384884.3048997, v19.tiktokcdn-us.com, f3180b71913ba47de391bf06d1b2b34f, /f3180b71913ba47de391bf06d1b2b34f/61e521f8/video/tos/useast2a/tos-useast2a-pve-0068/bce660f83b4044319aeab83ae5a264f6/?a=1233&br=1562&bt=781&cd=0%7C0%7C0&ch=0&cr=3&cs=2&cv=1&dr=0&ds=6&er=&ft=c~.Zm4L-gXoInz7T&l=20220117015931010113135231253E893A&lr=all&mime_type=video_mp4&net=0&pl=0&qs=5&rc=ajtwaW9vZGt5NTMzNzczM0ApMzo0ZTNlNWQ4N2Y4Zjg5Z2djaTZlczNkM2dgLS1kMTZzc2A2MC4wYy9iYTQtMmBjNl46Yw%3D%3D&vl=&vr=
video/mp4, bytesbytes 0-630905/630906, 1642384884.7517788, 1642384884.7533243, 1642384884.7804577, 1642384885.5225267, v19.tiktokcdn-us.com, 6a45cdc8afeaf5415064b0cdfad8e547, /6a45cdc8afeaf5415064b0cdfad8e547/61e521f2/video/tos/useast2a/tos-useast2a-ve-0068c004/d81012df6a39444f87aa77a0bbf58acc/?a=1233&br=638&bt=319&cd=0%7C0%7C0&ch=0&cr=3&cs=2&cv=1&dr=0&ds=6&er=&ft=c~.Zm4L-gXoInz7T&l=20220117015931010113135231253E893A&lr=all&mime_type=video_mp4&net=0&pl=0&qs=4&rc=ajo6ZzZyOmt2dDMzNzczM0ApZTY2NTY6OmU1NzM4OTpoNmdfbmYzbDAvYzBfLS1jMTZzczYvYzYxYmJhYzAxNi1gXi06Yw%3D%3D&vl=&vr=
video/mp4, bytesbytes 1024000-1069290/1069291, 1642384885.809966, 1642384885.8114758, 1642384885.8257868, 1642384885.8788068, v19.tiktokcdn-us.com, e58b30eb6df301f6ebb21a5a7c1d08c5, /e58b30eb6df301f6ebb21a5a7c1d08c5/61e521fc/video/tos/alisg/tos-alisg-pve-0037c001/4a0a9e195fa24116ac3ca1661083a252/?a=1233&br=658&bt=329&cd=0%7C0%7C0&ch=0&cr=3&cs=2&cv=1&dr=0&ds=6&er=&ft=c~.Zm4L-gXoInz7T&l=20220117015931010113135231253E893A&lr=all&mime_type=video_mp4&net=0&pl=0&qs=4&rc=ajY3Njk6ZmU2OTMzODczNEApaDZmNjs7NWQ0NzlmM2g2ZGdsb25ucjRvM2BgLS1kMS1zczQ0MC9jNC5jMWMzNmMtLy46Yw%3D%3D&vl=&vr=
video/mp4, bytesbytes 352256-630905/630906, 1642384885.979448, 1642384885.9824915, 1642384886.011274, 1642384886.4695325, v19.tiktokcdn-us.com, 6a45cdc8afeaf5415064b0cdfad8e547, /6a45cdc8afeaf5415064b0cdfad8e547/61e521f2/video/tos/useast2a/tos-useast2a-ve-0068c004/d81012df6a39444f87aa77a0bbf58acc/?a=1233&br=638&bt=319&cd=0%7C0%7C0&ch=0&cr=3&cs=2&cv=1&dr=0&ds=6&er=&ft=c~.Zm4L-gXoInz7T&l=20220117015931010113135231253E893A&lr=all&mime_type=video_mp4&net=0&pl=0&qs=4&rc=ajo6ZzZyOmt2dDMzNzczM0ApZTY2NTY6OmU1NzM4OTpoNmdfbmYzbDAvYzBfLS1jMTZzczYvYzYxYmJhYzAxNi1gXi06Yw%3D%3D&vl=&vr=
video/mp4, bytesbytes 0-494289/494290, 1642384886.6470742, 1642384886.6487455, 1642384886.6945212, 1642384887.2718961, v19.tiktokcdn-us.com, 3271cf23f6032283ec77cabaead632af, /3271cf23f6032283ec77cabaead632af/61e521eb/video/tos/useast2a/tos-useast2a-ve-0068c001/65b1561629fe48f1b92446c24ec02bcb/?a=1233&br=934&bt=467&cd=0%7C0%7C0&ch=0&cr=3&cs=2&cv=1&dr=0&ds=6&er=&ft=c~.Zm4L-gXoInz7T&l=20220117015931010113135231253E893A&lr=all&mime_type=video_mp4&net=0&pl=0&qs=11&rc=ajlncnh0bXY7NTMzNzczM0ApOmlmOGloOzs2Nzg6aDtpZ2deNjU1MjFhZl5gLS1kMTZzc2M0NmEwNF8zXmFiYy4vLzM6Yw%3D%3D&vl=&vr=
video/mp4, bytesbytes 1024000-2121439/2121440, 1642384911.6405933, 1642384911.6418169, 1642384911.6519752, 1642384913.0803018, v19.tiktokcdn-us.com, f3180b71913ba47de391bf06d1b2b34f, /f3180b71913ba47de391bf06d1b2b34f/61e521f8/video/tos/useast2a/tos-useast2a-pve-0068/bce660f83b4044319aeab83ae5a264f6/?a=1233&br=1562&bt=781&cd=0%7C0%7C0&ch=0&cr=3&cs=2&cv=1&dr=0&ds=6&er=&ft=c~.Zm4L-gXoInz7T&l=20220117015931010113135231253E893A&lr=all&mime_type=video_mp4&net=0&pl=0&qs=5&rc=ajtwaW9vZGt5NTMzNzczM0ApMzo0ZTNlNWQ4N2Y4Zjg5Z2djaTZlczNkM2dgLS1kMTZzc2A2MC4wYy9iYTQtMmBjNl46Yw%3D%3D&vl=&vr=
video/mp4, bytesbytes 0-421105/421106, 1642384913.5257304, 1642384913.526539, 1642384913.5371513, 1642384914.0043314, v19.tiktokcdn-us.com, 678ea121fe23b4668f79f247e9c750b8, /678ea121fe23b4668f79f247e9c750b8/61e52277/video/tos/useast2a/tos-useast2a-ve-0068c001/9efacd2babf644c7ba107b101959f243/?a=1233&br=860&bt=430&cd=0%7C0%7C0&ch=0&cr=3&cs=2&cv=1&dr=0&ds=6&er=&ft=c~.Zm4L-gXoInz7T&l=2022011702015101011313504304427E6B&lr=all&mime_type=video_mp4&net=0&pl=0&qs=11&rc=M3kzcms1NHd0NDMzOjczM0ApMzhoOWU2NmQ4N2g2O2dlPGc1a3NhbGowbDJgLS02MTZzcy4yLzM1YjZiXzAyNF41LjI6Yw%3D%3D&vl=&vr=
video/mp4, bytesbytes 0-1024000/1115179, 1642384914.2081285, 1642384914.208956, 1642384914.2247827, 1642384915.3642313, v19.tiktokcdn-us.com, 5fe4a826120f9f7dc772d7bd7360efa1, /5fe4a826120f9f7dc772d7bd7360efa1/61e52280/video/tos/useast2a/tos-useast2a-pve-0068/b7bce4a37804449f9d2183c5933ac52d/?a=1233&br=1022&bt=511&cd=0%7C0%7C0&ch=0&cr=3&cs=2&cv=1&dr=0&ds=6&er=&ft=c~.Zm4L-gXoInz7T&l=2022011702015101011313504304427E6B&lr=all&mime_type=video_mp4&net=0&pl=0&qs=5&rc=M2k6OHV0cm5yNjMzNzczM0ApOTU1N2lpNjtmNzo2NTc4aWdtcC01azE1bzZgLS1kMTZzc2I0LTI0YjI1LmA0Ni4xYS86Yw%3D%3D&vl=&vr=
video/mp4, bytesbytes 0-785126/785127, 1642384915.8822155, 1642384915.8837426, 1642384915.9248312, 1642384916.7867732, v19.tiktokcdn-us.com, 3d757fe6f47b770e48600add8cf3efc8, /3d757fe6f47b770e48600add8cf3efc8/61e5227e/video/tos/useast2a/tos-useast2a-ve-0068c002/6a64302591914e788873b4fa55cd0878/?a=1233&br=820&bt=410&cd=0%7C0%7C0&ch=0&cr=3&cs=2&cv=1&dr=0&ds=6&er=&ft=c~.Zm4L-gXoInz7T&l=2022011702015101011313504304427E6B&lr=all&mime_type=video_mp4&net=0&pl=0&qs=5&rc=ajhkeTtyNjM1NDMzNzczM0ApN2c3ODU4NmRnN2Y7ZWQ1OmcvamRjNGE2LmtgLS1kMTZzc2NiX2BiNi8uNTVeYzAtXjI6Yw%3D%3D&vl=&vr=
video/mp4, bytesbytes 0-444670/444671, 1642384933.28976, 1642384933.2909143, 1642384933.3056123, 1642384934.0568483, v19.tiktokcdn-us.com, f0594e74cb7ac79cca122abc258bd09a, /f0594e74cb7ac79cca122abc258bd09a/61e52277/video/tos/alisg/tos-alisg-pve-0037c001/483cae1dd53b40d999040db9dcbd2da8/?a=1233&br=864&bt=432&cd=0%7C0%7C0&ch=0&cr=3&cs=2&cv=1&dr=0&ds=6&er=&ft=c~.Zm4L-gXoInz7T&l=2022011702015101011313504304427E6B&lr=all&mime_type=video_mp4&net=0&pl=0&qs=4&rc=MzQzPHNnNjg8NDMzNTczM0ApZzo7OTg8OWVnN2dkM2Y6OmdnYW5ibTJwcjZgLS0xMTRzc2I0NWBfLmIwXi0vLTMxYTE6Yw%3D%3D&vl=&vr=
video/mp4, bytesbytes 0-1024000/1417688, 1642384937.151671, 1642384937.1538854, 1642384937.29376, 1642384938.9200294, v19.tiktokcdn-us.com, 66c5b5cdbe9cf295605cd9539e6ae956, /66c5b5cdbe9cf295605cd9539e6ae956/61e52284/video/tos/useast2a/tos-useast2a-ve-0068c003/ea7de911776840ddb16332a908d46e62/?a=1233&br=1060&bt=530&cd=0%7C0%7C0&ch=0&cr=3&cs=2&cv=1&dr=0&ds=6&er=&ft=c~.Zm4L-gXoInz7T&l=2022011702015101011313504304427E6B&lr=all&mime_type=video_mp4&net=0&pl=0&qs=5&rc=anZ0aGhoNG0zNTMzNzczM0ApNDRoOmc0ZGVpNzdnM2QzOWcvbGZhM3BoLm5gLS1kMTZzcy1fYDBeNS00NF8yYjZgYWE6Yw%3D%3D&vl=&vr=
video/mp4, bytesbytes 1024000-1115178/1115179, 1642384939.7033823, 1642384939.7096164, 1642384939.731742, 1642384939.8967335, v19.tiktokcdn-us.com, 5fe4a826120f9f7dc772d7bd7360efa1, /5fe4a826120f9f7dc772d7bd7360efa1/61e52280/video/tos/useast2a/tos-useast2a-pve-0068/b7bce4a37804449f9d2183c5933ac52d/?a=1233&br=1022&bt=511&cd=0%7C0%7C0&ch=0&cr=3&cs=2&cv=1&dr=0&ds=6&er=&ft=c~.Zm4L-gXoInz7T&l=2022011702015101011313504304427E6B&lr=all&mime_type=video_mp4&net=0&pl=0&qs=5&rc=M2k6OHV0cm5yNjMzNzczM0ApOTU1N2lpNjtmNzo2NTc4aWdtcC01azE1bzZgLS1kMTZzc2I0LTI0YjI1LmA0Ni4xYS86Yw%3D%3D&vl=&vr=
video/mp4, bytesbytes 0-621511/621512, 1642384940.0046797, 1642384940.0067742, 1642384940.0243268, 1642384940.800557, v19.tiktokcdn-us.com, 2d5be1d350344084331b6dbf81bae38f, /2d5be1d350344084331b6dbf81bae38f/61e5227e/video/tos/useast2a/tos-useast2a-ve-0068c003/8a331142577249c1871010195fd4a5f3/?a=1233&br=682&bt=341&cd=0%7C0%7C0&ch=0&cr=3&cs=2&cv=1&dr=0&ds=6&er=&ft=c~.Zm4L-gXoInz7T&l=2022011702015101011313504304427E6B&lr=all&mime_type=video_mp4&net=0&pl=0&qs=4&rc=MzRoaGV1czhxMzMzZzczM0ApMzZnPDZpNmRmN2RlZ2RkOGcvZDQxcDU1ZW5gLS1eMTZzczNgNGBhYl5jYzMyMzJgNDM6Yw%3D%3D&vl=&vr=
video/mp4, bytesbytes 0-599629/599630, 1642384941.0885503, 1642384941.089442, 1642384941.1002493, 1642384941.7870994, v19.tiktokcdn-us.com, de2fcce46fd0c296403378682313b82e, /de2fcce46fd0c296403378682313b82e/61e52277/video/tos/useast2a/tos-useast2a-ve-0068c004/53037072e7ea46719f71503983e53896/?a=1233&br=1180&bt=590&cd=0%7C0%7C0&ch=0&cr=3&cs=2&cv=1&dr=0&ds=3&er=&ft=c~.Zm4L-gXoInz7T&l=2022011702015101011313504304427E6B&lr=all&mime_type=video_mp4&net=0&pl=0&qs=14&rc=M2dvcmg6ZmZtOTMzNzczM0ApNWg6aWY2aGU8NzdpOWc7OWdsaGEucjRvZV9gLS1kMTZzc15hLjIzXmIxNWNeYjUwYGA6Yw%3D%3D&vl=&vr=
video/mp4, bytesbytes 0-473870/473871, 1642384942.1463783, 1642384942.1473224, 1642384942.1582696, 1642384942.7111652, v19.tiktokcdn-us.com, 7d76ad702132d8818ab549e164761449, /7d76ad702132d8818ab549e164761449/61e52274/video/tos/useast2a/tos-useast2a-ve-0068c004/e99cb9d5a11d4ac7a496622b02f8a9ad/?a=1233&br=1476&bt=738&cd=0%7C0%7C0&ch=0&cr=3&cs=0&dr=0&ds=2&er=&ft=c~.Zm4L-gXoInz7T&l=2022011702015101011313504304427E6B&lr=all&mime_type=video_mp4&net=0&pl=0&qs=0&rc=MzN1NmdkcnU2NTMzNzczM0ApNjk0Z2c7Zzs4NzRmMzYzM2dwYmtrai5laXFgLS1kMTZzc2BiNV4zNTEyNjQ0XmEzMS86Yw%3D%3D&vl=&vr=
video/mp4, bytesbytes 0-920621/920622, 1642384946.931989, 1642384946.9336407, 1642384946.951276, 1642384947.964207, v19.tiktokcdn-us.com, 905e6faa057e031899ce95104cf7c29c, /905e6faa057e031899ce95104cf7c29c/61e52283/video/tos/useast2a/tos-useast2a-ve-0068c004/79b1b3f341fd40b0b1ece1a7d0931fa7/?a=1233&br=744&bt=372&cd=0%7C0%7C0&ch=0&cr=3&cs=2&cv=1&dr=0&ds=6&er=&ft=c~.Zm4L-gXoInz7T&l=2022011702015101011313504304427E6B&lr=all&mime_type=video_mp4&net=0&pl=0&qs=5&rc=ampneXc6ZTR3NTMzNzczM0ApNzU8OjhlaWRoN2g3ZWkzM2dzLWgwNmMtNGNgLS1kMTZzc19fNmEtYzYzYS4vLTE0LzI6Yw%3D%3D&vl=&vr=
video/mp4, bytesbytes 1024000-1417687/1417688, 1642384949.7765825, 1642384949.7781298, 1642384949.7907734, 1642384950.3274176, v19.tiktokcdn-us.com, 66c5b5cdbe9cf295605cd9539e6ae956, /66c5b5cdbe9cf295605cd9539e6ae956/61e52284/video/tos/useast2a/tos-useast2a-ve-0068c003/ea7de911776840ddb16332a908d46e62/?a=1233&br=1060&bt=530&cd=0%7C0%7C0&ch=0&cr=3&cs=2&cv=1&dr=0&ds=6&er=&ft=c~.Zm4L-gXoInz7T&l=2022011702015101011313504304427E6B&lr=all&mime_type=video_mp4&net=0&pl=0&qs=5&rc=anZ0aGhoNG0zNTMzNzczM0ApNDRoOmc0ZGVpNzdnM2QzOWcvbGZhM3BoLm5gLS1kMTZzcy1fYDBeNS00NF8yYjZgYWE6Yw%3D%3D&vl=&vr=
video/mp4, bytesbytes 0-633979/633980, 1642384950.507812, 1642384950.5088017, 1642384950.5291176, 1642384951.251083, v19.tiktokcdn-us.com, d817e2c137dad74a69dd90bc1a3130fb, /d817e2c137dad74a69dd90bc1a3130fb/61e52280/video/tos/useast5/tos-useast5-pve-0068-tx/f62e02f024c540c89a00998f535a6845/?a=1233&br=582&bt=291&cd=0%7C0%7C0&ch=0&cr=3&cs=2&cv=1&dr=0&ds=3&er=&ft=c~.Zm4L-gXoInz7T&l=2022011702015101011313504304427E6B&lr=all&mime_type=video_mp4&net=0&pl=0&qs=14&rc=anhtOmY6Zmo6OjMzZzczNEApOjM6NDc4aWRkNzVlODRpOWdybmZucjRfbTZgLS1kMS9zcy4vYmFhMV5jMzZeNjY1XjY6Yw%3D%3D&vl=&vr=
video/mp4, bytesbytes 0-1024000/1696741, 1642384963.6818194, 1642384963.683417, 1642384963.7364109, 1642384964.7953563, v16m.tiktokcdn-us.com, 93ad083d921ea217ba953b58d810869e, /93ad083d921ea217ba953b58d810869e/61e522b5/video/tos/useast2a/tos-useast2a-ve-0068c003/f348836467bc49eaa857075d7c4a121e/?a=1233&br=1382&bt=691&cd=0%7C0%7C0&ch=0&cr=3&cs=2&cv=1&dr=0&ds=6&er=&ft=c~.Zm4L-gXoInz7T&l=202201170202410101131351320C3DF7D2&lr=all&mime_type=video_mp4&net=0&pl=0&qs=5&rc=anhwMzw6ZnRqNzMzNzczM0ApZmRlNzpnaGQ0NzloO2k6OWctZ2sycjQwLWpgLS1kMTZzczZeMzE0YWAzLTMuXi8xYWM6Yw%3D%3D&vl=&vr=
video/mp4, bytesbytes 0-1024000/1086827, 1642384965.1375544, 1642384965.1389954, 1642384965.1853845, 1642384966.2208204, v16m.tiktokcdn-us.com, 40d48cbfe6eeebd00c96200658738482, /40d48cbfe6eeebd00c96200658738482/61e522b2/video/tos/useast2a/tos-useast2a-ve-0068c001/295b332c110d4d928a200669b9671d6c/?a=1233&br=1022&bt=511&cd=0%7C0%7C0&ch=0&cr=3&cs=2&cv=1&dr=0&ds=6&er=&ft=c~.Zm4L-gXoInz7T&l=202201170202410101131351320C3DF7D2&lr=all&mime_type=video_mp4&net=0&pl=0&qs=4&rc=anA2NDg6Zmt2NzMzNzczM0ApPGc1Omg2ZWU3N2hmMzc4OWdhMXI2cjRfZy9gLS1kMTZzcy1eX14zLTUzYGNeYi9fNjE6Yw%3D%3D&vl=&vr=
video/mp4, bytesbytes 0-265347/265348, 1642384966.6720884, 1642384966.6732132, 1642384966.706422, 1642384966.973033, v16m.tiktokcdn-us.com, ee037f34b4d4f1bb80cecf3a3a57f769, /ee037f34b4d4f1bb80cecf3a3a57f769/61e522aa/video/tos/alisg/tos-alisg-pve-0037c001/88d0a2f0d8fd40f699e281a9c3b021f0/?a=1233&br=482&bt=241&cd=0%7C0%7C0&ch=0&cr=3&cs=2&cv=1&dr=0&ds=6&er=&ft=c~.Zm4L-gXoInz7T&l=202201170202410101131351320C3DF7D2&lr=all&mime_type=video_mp4&net=0&pl=0&qs=11&rc=ajdzOXE6bDNyMzMzODczM0ApNTk1aTU8OGRoNzdoM2Y5aWdgMzExMm9rcDRgLS0yMTRzcy0zMTEyXmAvYi81MzAxLWI6Yw%3D%3D&vl=&vr=
video/mp4, bytesbytes 0-517792/517793, 1642384967.1001716, 1642384967.1016402, 1642384967.133567, 1642384967.7055333, v16m.tiktokcdn-us.com, 2f9f2e12c30c79e15c6ec5196dac4bd3, /2f9f2e12c30c79e15c6ec5196dac4bd3/61e522aa/video/tos/useast2a/tos-useast2a-ve-0068c004/61ddc728cfd74da9806df42f9f1aa3a3/?a=1233&br=926&bt=463&cd=0%7C0%7C0&ch=0&cr=3&cs=2&cv=1&dr=0&ds=6&er=&ft=c~.Zm4L-gXoInz7T&l=202201170202410101131351320C3DF7D2&lr=all&mime_type=video_mp4&net=0&pl=0&qs=5&rc=amRzOzp5aHRneDMzPDczM0ApNzVmaTk2N2RoNzc7ZDQ3aWdyaGs0YWpnLWRfLS0zMTZzczJjNDMwXy1hYzVjYmA1Nl46Yw%3D%3D&vl=&vr=
video/mp4, bytesbytes 0-1024000/2333612, 1642384983.3635619, 1642384983.3687549, 1642384983.3962173, 1642384984.6340234, v16m.tiktokcdn-us.com, 0717aa3d8ec8268116a120bb3b8aa1c7, /0717aa3d8ec8268116a120bb3b8aa1c7/61e522ca/video/tos/useast5/tos-useast5-ve-0068c004-tx/178c4bb4832b4526b15de9a07d6089a6/?a=1233&br=892&bt=446&cd=0%7C0%7C0&ch=0&cr=3&cs=2&cv=1&dr=0&ds=6&er=&ft=c~.Zm4L-gXoInz7T&l=202201170202410101131351320C3DF7D2&lr=all&mime_type=video_mp4&net=0&pl=0&qs=4&rc=M3JsZGQ6Zjg5OjMzZzczNEApZGhnODs1N2U8NzNlZjRkNGdxY3BocjRfZTBgLS1kMS9zczAvMi1jNl8wLzMwY2MuLTI6Yw%3D%3D&vl=&vr=
video/mp4, bytesbytes 1024000-1696740/1696741, 1642385000.5675046, 1642385000.569174, 1642385000.6428692, 1642385001.34356, v16m.tiktokcdn-us.com, 93ad083d921ea217ba953b58d810869e, /93ad083d921ea217ba953b58d810869e/61e522b5/video/tos/useast2a/tos-useast2a-ve-0068c003/f348836467bc49eaa857075d7c4a121e/?a=1233&br=1382&bt=691&cd=0%7C0%7C0&ch=0&cr=3&cs=2&cv=1&dr=0&ds=6&er=&ft=c~.Zm4L-gXoInz7T&l=202201170202410101131351320C3DF7D2&lr=all&mime_type=video_mp4&net=0&pl=0&qs=5&rc=anhwMzw6ZnRqNzMzNzczM0ApZmRlNzpnaGQ0NzloO2k6OWctZ2sycjQwLWpgLS1kMTZzczZeMzE0YWAzLTMuXi8xYWM6Yw%3D%3D&vl=&vr=
video/mp4, bytesbytes 1024000-1086826/1086827, 1642385001.473983, 1642385001.4748135, 1642385001.5551343, 1642385001.5581264, v16m.tiktokcdn-us.com, 40d48cbfe6eeebd00c96200658738482, /40d48cbfe6eeebd00c96200658738482/61e522b2/video/tos/useast2a/tos-useast2a-ve-0068c001/295b332c110d4d928a200669b9671d6c/?a=1233&br=1022&bt=511&cd=0%7C0%7C0&ch=0&cr=3&cs=2&cv=1&dr=0&ds=6&er=&ft=c~.Zm4L-gXoInz7T&l=202201170202410101131351320C3DF7D2&lr=all&mime_type=video_mp4&net=0&pl=0&qs=4&rc=anA2NDg6Zmt2NzMzNzczM0ApPGc1Omg2ZWU3N2hmMzc4OWdhMXI2cjRfZy9gLS1kMTZzcy1eX14zLTUzYGNeYi9fNjE6Yw%3D%3D&vl=&vr=
video/mp4, bytesbytes 0-1024000/1218626, 1642385001.6455758, 1642385001.6507394, 1642385001.7175946, 1642385002.9729924, v16m.tiktokcdn-us.com, edc1ec9d324f11626b33d711b93b6805, /edc1ec9d324f11626b33d711b93b6805/61e522b1/video/tos/useast2a/tos-useast2a-ve-0068c003/747444f35516410996c8d053f099c6cf/?a=1233&br=1246&bt=623&cd=0%7C0%7C0&ch=0&cr=3&cs=2&cv=1&dr=0&ds=6&er=&ft=c~.Zm4L-gXoInz7T&l=202201170202410101131351320C3DF7D2&lr=all&mime_type=video_mp4&net=0&pl=0&qs=4&rc=ajZ5OTtzbGo5NDMzNzczM0ApOmRmNzc0ZDs4NzszZ2RpZ2dqXjFga3NvY2tgLS1kMTZzczQzLTZjMV8uYS4wLmFgXjA6Yw%3D%3D&vl=&vr=
video/mp4, bytesbytes 0-533647/533648, 1642385003.4352438, 1642385003.436923, 1642385003.4879212, 1642385004.2737098, v16m.tiktokcdn-us.com, b5c6d8ab037a3e1fc95f8bbd62810adf, /b5c6d8ab037a3e1fc95f8bbd62810adf/61e522ab/video/tos/useast2a/tos-useast2a-ve-0068c002/3de104e8920c42b783312742acf07bdb/?a=1233&br=872&bt=436&cd=0%7C0%7C0&ch=0&cr=3&cs=2&cv=1&dr=0&ds=6&er=&ft=c~.Zm4L-gXoInz7T&l=202201170202410101131351320C3DF7D2&lr=all&mime_type=video_mp4&net=0&pl=0&qs=4&rc=am52Zzs6ZndrNzMzNzczM0ApOGk2ZWU4Zzs1N2RoOmVpZ2dnZGk1cjQwXmxgLS1kMTZzczRgMWAyYmBeY2BhMWIxLl46Yw%3D%3D&vl=&vr=
video/mp4, bytesbytes 0-1024000/1215615, 1642385013.9195578, 1642385013.9209545, 1642385013.9924943, 1642385015.63386, v16m.tiktokcdn-us.com, 1d1b6a31c99e741fd6ed278dd83c48e5, /1d1b6a31c99e741fd6ed278dd83c48e5/61e522b1/video/tos/useast2a/tos-useast2a-pve-0068/c7fd5b4282c54119b97e1a44f00b8f4c/?a=1233&br=1220&bt=610&cd=0%7C0%7C0&ch=0&cr=3&cs=2&cv=1&dr=0&ds=6&er=&ft=c~.Zm4L-gXoInz7T&l=202201170202410101131351320C3DF7D2&lr=all&mime_type=video_mp4&net=0&pl=0&qs=4&rc=ajVyZzt5dGlreDMzZTczM0ApPGU1Z2U0NTs6NzQ8aWdnZWcuZWYxL3BuaDRfLS0wMTZzczBeY2ExMmNiXy5gLl8vNF86Yw%3D%3D&vl=&vr=
video/mp4, bytesbytes 0-1024000/1468106, 1642385016.1321177, 1642385016.1340625, 1642385016.186004, 1642385017.5015788, v16m.tiktokcdn-us.com, 0658e531b1a8fa2642919ff44ecde734, /0658e531b1a8fa2642919ff44ecde734/61e522b0/video/tos/useast2a/tos-useast2a-ve-0068c001/b21486bb7d81477baabd50d3c947dcf1/?a=1233&br=1530&bt=765&cd=0%7C0%7C0&ch=0&cr=3&cs=2&cv=1&dr=0&ds=6&er=&ft=c~.Zm4L-gXoInz7T&l=202201170202410101131351320C3DF7D2&lr=all&mime_type=video_mp4&net=0&pl=0&qs=5&rc=ajRwZTw7bGR2NjMzNzczM0ApaWhnOWZlO2U7N2ZoZDg5M2dvNmFvMXBvYGRgLS1kMTZzcy8xNmJfXzItNC42Yy5gXzQ6Yw%3D%3D&vl=&vr=
video/mp4, bytesbytes 1024000-2333611/2333612, 1642385023.6433146, 1642385023.6443627, 1642385023.6636295, 1642385025.3736148, v16m.tiktokcdn-us.com, 0717aa3d8ec8268116a120bb3b8aa1c7, /0717aa3d8ec8268116a120bb3b8aa1c7/61e522ca/video/tos/useast5/tos-useast5-ve-0068c004-tx/178c4bb4832b4526b15de9a07d6089a6/?a=1233&br=892&bt=446&cd=0%7C0%7C0&ch=0&cr=3&cs=2&cv=1&dr=0&ds=6&er=&ft=c~.Zm4L-gXoInz7T&l=202201170202410101131351320C3DF7D2&lr=all&mime_type=video_mp4&net=0&pl=0&qs=4&rc=M3JsZGQ6Zjg5OjMzZzczNEApZGhnODs1N2U8NzNlZjRkNGdxY3BocjRfZTBgLS1kMS9zczAvMi1jNl8wLzMwY2MuLTI6Yw%3D%3D&vl=&vr=
video/mp4, bytesbytes 0-693192/693193, 1642385025.9636502, 1642385025.966168, 1642385025.997328, 1642385026.9139597, v16m.tiktokcdn-us.com, 497d0c47b48fa5502a1c331f274009aa, /497d0c47b48fa5502a1c331f274009aa/61e522aa/video/tos/useast2a/tos-useast2a-ve-0068c004/a9eb81410a7f48f794f98e82aae77edb/?a=1233&br=1254&bt=627&cd=0%7C0%7C0&ch=0&cr=3&cs=2&cv=1&dr=0&ds=6&er=&ft=c~.Zm4L-gXoInz7T&l=202201170202410101131351320C3DF7D2&lr=all&mime_type=video_mp4&net=0&pl=0&qs=5&rc=M3V0ZDxmOjtuNDMzMzczM0ApOmdmZGg3OGQ3N2VnZzQ5NWduZGVtNmVzMWRgLS02MTZzc2EyLi4xYmEuMzU1YzFeNWI6Yw%3D%3D&vl=&vr=
video/mp4, bytesbytes 1024000-1218625/1218626, 1642385033.1303642, 1642385033.1324747, 1642385033.1524737, 1642385033.4365513, v16m.tiktokcdn-us.com, edc1ec9d324f11626b33d711b93b6805, /edc1ec9d324f11626b33d711b93b6805/61e522b1/video/tos/useast2a/tos-useast2a-ve-0068c003/747444f35516410996c8d053f099c6cf/?a=1233&br=1246&bt=623&cd=0%7C0%7C0&ch=0&cr=3&cs=2&cv=1&dr=0&ds=6&er=&ft=c~.Zm4L-gXoInz7T&l=202201170202410101131351320C3DF7D2&lr=all&mime_type=video_mp4&net=0&pl=0&qs=4&rc=ajZ5OTtzbGo5NDMzNzczM0ApOmRmNzc0ZDs4NzszZ2RpZ2dqXjFga3NvY2tgLS1kMTZzczQzLTZjMV8uYS4wLmFgXjA6Yw%3D%3D&vl=&vr=
video/mp4, bytesbytes 1024000-1215614/1215615, 1642385048.9909003, 1642385048.9917243, 1642385049.0172474, 1642385049.3955805, v16m.tiktokcdn-us.com, 1d1b6a31c99e741fd6ed278dd83c48e5, /1d1b6a31c99e741fd6ed278dd83c48e5/61e522b1/video/tos/useast2a/tos-useast2a-pve-0068/c7fd5b4282c54119b97e1a44f00b8f4c/?a=1233&br=1220&bt=610&cd=0%7C0%7C0&ch=0&cr=3&cs=2&cv=1&dr=0&ds=6&er=&ft=c~.Zm4L-gXoInz7T&l=202201170202410101131351320C3DF7D2&lr=all&mime_type=video_mp4&net=0&pl=0&qs=4&rc=ajVyZzt5dGlreDMzZTczM0ApPGU1Z2U0NTs6NzQ8aWdnZWcuZWYxL3BuaDRfLS0wMTZzczBeY2ExMmNiXy5gLl8vNF86Yw%3D%3D&vl=&vr=
video/mp4, bytesbytes 1024000-1468105/1468106, 1642385051.7704515, 1642385051.7718117, 1642385051.8154242, 1642385052.4787068, v16m.tiktokcdn-us.com, 0658e531b1a8fa2642919ff44ecde734, /0658e531b1a8fa2642919ff44ecde734/61e522b0/video/tos/useast2a/tos-useast2a-ve-0068c001/b21486bb7d81477baabd50d3c947dcf1/?a=1233&br=1530&bt=765&cd=0%7C0%7C0&ch=0&cr=3&cs=2&cv=1&dr=0&ds=6&er=&ft=c~.Zm4L-gXoInz7T&l=202201170202410101131351320C3DF7D2&lr=all&mime_type=video_mp4&net=0&pl=0&qs=5&rc=ajRwZTw7bGR2NjMzNzczM0ApaWhnOWZlO2U7N2ZoZDg5M2dvNmFvMXBvYGRgLS1kMTZzcy8xNmJfXzItNC42Yy5gXzQ6Yw%3D%3D&vl=&vr=
video/mp4, bytes 0-980941/980942, 1642385052.9153583, 1642385052.9166036, 1642385053.0135384, 1642385054.1647654, v25.tiktokcdn-us.com, d2d83728069f8e0210a1e76d3cb15a91, /d2d83728069f8e0210a1e76d3cb15a91/61e5230b/video/tos/useast2a/tos-useast2a-ve-0068c003/e03dc43dab0a4436b4e65c3f1e1c5f17/?a=1233&br=814&bt=407&cd=0%7C0%7C0&ch=0&cr=3&cs=2&cv=1&dr=0&ds=6&er=&ft=c~.Zm4L-gXoInz7T&l=202201170204090101131350430442EC15&lr=all&mime_type=video_mp4&net=0&pl=0&qs=5&rc=amxzNWg6Zm1pNzMzNzczM0ApMzs1aWZlOTw4NzM4OzdkNWc0M2YzcjQwaWxgLS1kMTZzcy1eNDFfNV41NDJeMi1eYjI6Yw%3D%3D&vl=&vr=
video/mp4, bytes 0-1024000/1385717, 1642385054.636387, 1642385054.6385758, 1642385054.7432446, 1642385055.822068, v25.tiktokcdn-us.com, 712c157663237c98421516c8d00a3283, /712c157663237c98421516c8d00a3283/61e5230c/video/tos/useast2a/tos-useast2a-pve-0068/a27f7933c7584a20ab3fd6eb8b24a7cc/?a=1233&br=1110&bt=555&cd=0%7C0%7C0&ch=0&cr=3&cs=2&cv=1&dr=0&ds=6&er=&ft=c~.Zm4L-gXoInz7T&l=202201170204090101131350430442EC15&lr=all&mime_type=video_mp4&net=0&pl=0&qs=11&rc=anU4aW94PDRpeDMzZzczM0ApZ2U2ZTU7ZDw5NzNoZDg5NGcyZmYtY2Znc2VfLS1jMTZzc2MxMmJeL2BeMzM2XmIvMTQ6Yw%3D%3D&vl=&vr=
video/mp4, bytes 0-419481/419482, 1642385056.272846, 1642385056.274195, 1642385056.3177705, 1642385056.749287, v25.tiktokcdn-us.com, ed775a219caf1706feac5da044db19ba, /ed775a219caf1706feac5da044db19ba/61e522ff/video/tos/useast2a/tos-useast2a-pve-0068/46543e7d809d430f8c7b431197bb09bf/?a=1233&br=916&bt=458&cd=0%7C0%7C0&ch=0&cr=3&cs=2&cv=1&dr=0&ds=6&er=&ft=c~.Zm4L-gXoInz7T&l=202201170204090101131350430442EC15&lr=all&mime_type=video_mp4&net=0&pl=0&qs=4&rc=ajc1ZWQ6Zml1NjMzNzczM0ApNDs7OWhnaDtoNzlkOTk4aWdnai1lcjRfcWpgLS1kMTZzc2M0YGBiYF8tYmA2Y2EuL2M6Yw%3D%3D&vl=&vr=
video/mp4, bytes 0-716769/716770, 1642385056.951297, 1642385056.9537437, 1642385056.9938226, 1642385057.7586238, v25.tiktokcdn-us.com, 057bde579e03b3929ec5d43ca4079b4c, /057bde579e03b3929ec5d43ca4079b4c/61e52303/video/tos/useast2a/tos-useast2a-ve-0068c004/8ef5572352a949ec98150aec8025dd70/?a=1233&br=1038&bt=519&cd=0%7C0%7C0&ch=0&cr=3&cs=2&cv=1&dr=0&ds=6&er=&ft=c~.Zm4L-gXoInz7T&l=202201170204090101131350430442EC15&lr=all&mime_type=video_mp4&net=0&pl=0&qs=11&rc=M3Fxczs6Zmc1NzMzNzczM0ApOWdkPDllaDtlNzs0aDdmNmdvNV4vcjRncjFgLS1kMTZzczFiXzQzNjU0NV9fLWBfXl86Yw%3D%3D&vl=&vr=
video/mp4, bytes 0-1024000/1589872, 1642385059.550294, 1642385059.5543525, 1642385059.6367178, 1642385060.7052076, v25.tiktokcdn-us.com, 998b6c3d096dcfe26e0a27f166addcc5, /998b6c3d096dcfe26e0a27f166addcc5/61e52305/video/tos/useast2a/tos-useast2a-ve-0068c003/91c724bf933b40f5903e337d94f8f6a7/?a=1233&br=1944&bt=972&cd=0%7C0%7C0&ch=0&cr=3&cs=2&cv=1&dr=0&ds=6&er=&ft=c~.Zm4L-gXoInz7T&l=202201170204090101131350430442EC15&lr=all&mime_type=video_mp4&net=0&pl=0&qs=5&rc=M2VqbzM6ZmQ7NjMzNzczM0ApZGU1aGc7ZGU2NzhoZTNoZ2dkZGFncjRfaG9gLS1kMTZzcy4zYmA1MmE0NmEzLV8tYjQ6Yw%3D%3D&vl=&vr=
video/mp4, bytes 0-568988/568989, 1642385061.6078937, 1642385061.610131, 1642385061.6538372, 1642385062.2551599, v25.tiktokcdn-us.com, d4e060081b52eb7b2af74a7996de3566, /d4e060081b52eb7b2af74a7996de3566/61e52304/video/tos/useast2a/tos-useast2a-pve-0068/0db5a52be4814ca482755ba7b47a0966/?a=1233&br=764&bt=382&cd=0%7C0%7C0&ch=0&cr=3&cs=2&cv=1&dr=0&ds=6&er=&ft=c~.Zm4L-gXoInz7T&l=202201170204090101131350430442EC15&lr=all&mime_type=video_mp4&net=0&pl=0&qs=11&rc=M204cjw6Zm1zODMzNzgzM0ApZmZkOGdkaTs0NztmODk3aGdecmtrcjQwZXFgLS1kLzZzc2BjMWAwLTRfMC8wYmAuNGI6Yw%3D%3D&vl=&vr=
video/mp4, bytes 1024000-1385716/1385717, 1642385080.684203, 1642385080.6862152, 1642385080.7300117, 1642385081.1854458, v25.tiktokcdn-us.com, 712c157663237c98421516c8d00a3283, /712c157663237c98421516c8d00a3283/61e5230c/video/tos/useast2a/tos-useast2a-pve-0068/a27f7933c7584a20ab3fd6eb8b24a7cc/?a=1233&br=1110&bt=555&cd=0%7C0%7C0&ch=0&cr=3&cs=2&cv=1&dr=0&ds=6&er=&ft=c~.Zm4L-gXoInz7T&l=202201170204090101131350430442EC15&lr=all&mime_type=video_mp4&net=0&pl=0&qs=11&rc=anU4aW94PDRpeDMzZzczM0ApZ2U2ZTU7ZDw5NzNoZDg5NGcyZmYtY2Znc2VfLS1jMTZzc2MxMmJeL2BeMzM2XmIvMTQ6Yw%3D%3D&vl=&vr=
video/mp4, bytes 0-1024000/1511927, 1642385081.3671074, 1642385081.3686428, 1642385081.456695, 1642385082.7726672, v25.tiktokcdn-us.com, d29f3b30a614abde4bdc16922af7f168, /d29f3b30a614abde4bdc16922af7f168/61e5230d/video/tos/useast2a/tos-useast2a-pve-0068/fcb55ec68264411daa7a8140759786fd/?a=1233&br=1140&bt=570&cd=0%7C0%7C0&ch=0&cr=3&cs=2&cv=1&dr=0&ds=6&er=&ft=c~.Zm4L-gXoInz7T&l=202201170204090101131350430442EC15&lr=all&mime_type=video_mp4&net=0&pl=0&qs=11&rc=MzY0NTY6ZjhrNzMzNzczM0ApaWQzOTZlNzw2NzQ6aWloaWdjYnFmcjQwLmhgLS1kMTZzcy1jX2FfYDFhNGEtX2E1LS46Yw%3D%3D&vl=&vr=
video/mp4, bytes 0-418386/418387, 1642385086.2767568, 1642385086.2815022, 1642385086.3434637, 1642385086.8349288, v25.tiktokcdn-us.com, 2a38a9c97b4713b8dbaeb6419a5c8fb5, /2a38a9c97b4713b8dbaeb6419a5c8fb5/61e52300/video/tos/maliva/tos-maliva-ve-0068c799-us/76d2b8ec07e045ac97babd32e7849b66/?a=1233&br=856&bt=428&cd=0%7C0%7C0&ch=0&cr=3&cs=2&cv=1&dr=0&ds=3&er=&ft=c~.Zm4L-gXoInz7T&l=202201170204090101131350430442EC15&lr=all&mime_type=video_mp4&net=0&pl=0&qs=14&rc=anY1dmk6Zmk2OTMzZzczNEApNTM7PDplZDs3N2k3NTQ0NGdtbl8ycjQwNTFgLS1kMS9zcy1iMTNhMjVgXzFhX2MvNWI6Yw%3D%3D&vl=&vr=
video/mp4, bytes 0-493479/493480, 1642385087.0673423, 1642385087.0742123, 1642385087.1217384, 1642385087.5605571, v25.tiktokcdn-us.com, ba0bebb549a2e66a412592716f830cec, /ba0bebb549a2e66a412592716f830cec/61e52300/video/tos/useast2a/tos-useast2a-ve-0068c001/2e99d8cb79244ae99f25ae3ac8163fed/?a=1233&br=1044&bt=522&cd=0%7C0%7C0&ch=0&cr=3&cs=2&cv=1&dr=0&ds=6&er=&ft=c~.Zm4L-gXoInz7T&l=202201170204090101131350430442EC15&lr=all&mime_type=video_mp4&net=0&pl=0&qs=4&rc=M3hxczRra3FwNjMzNzczM0ApZWVkM2lnaWVmNzk0OjVoZmctaGdqMTVxcTFgLS1kMTZzcy1eMDQ0YTVgNl8yLTMvMGE6Yw%3D%3D&vl=&vr=
video/mp4, bytes 1024000-1589871/1589872, 1642385097.7929118, 1642385097.7943878, 1642385097.8321197, 1642385098.9538407, v25.tiktokcdn-us.com, 998b6c3d096dcfe26e0a27f166addcc5, /998b6c3d096dcfe26e0a27f166addcc5/61e52305/video/tos/useast2a/tos-useast2a-ve-0068c003/91c724bf933b40f5903e337d94f8f6a7/?a=1233&br=1944&bt=972&cd=0%7C0%7C0&ch=0&cr=3&cs=2&cv=1&dr=0&ds=6&er=&ft=c~.Zm4L-gXoInz7T&l=202201170204090101131350430442EC15&lr=all&mime_type=video_mp4&net=0&pl=0&qs=5&rc=M2VqbzM6ZmQ7NjMzNzczM0ApZGU1aGc7ZGU2NzhoZTNoZ2dkZGFncjRfaG9gLS1kMTZzcy4zYmA1MmE0NmEzLV8tYjQ6Yw%3D%3D&vl=&vr=
video/mp4, bytes 0-638227/638228, 1642385099.4184058, 1642385099.420584, 1642385099.552752, 1642385101.3645382, v25.tiktokcdn-us.com, c0bbb2c2cf83099798a855136dafc373, /c0bbb2c2cf83099798a855136dafc373/61e52304/video/tos/useast2a/tos-useast2a-pve-0068/757a2f8b19044ed39ac6674811366bc1/?a=1233&br=852&bt=426&cd=0%7C0%7C0&ch=0&cr=3&cs=2&cv=1&dr=0&ds=6&er=&ft=c~.Zm4L-gXoInz7T&l=202201170204090101131350430442EC15&lr=all&mime_type=video_mp4&net=0&pl=0&qs=4&rc=ampkM21rdWVrNjMzNzczM0ApOztlZjVkZWQ1N2UzaTRnNWdqM2luaWliMS5gLS1kMTZzczEzYzQ0NS4uLjUvYDQxLjU6Yw%3D%3D&vl=&vr=
video/mp4, bytes 1024000-1511926/1511927, 1642385104.6068237, 1642385104.6076736, 1642385104.705553, 1642385105.325601, v25.tiktokcdn-us.com, d29f3b30a614abde4bdc16922af7f168, /d29f3b30a614abde4bdc16922af7f168/61e5230d/video/tos/useast2a/tos-useast2a-pve-0068/fcb55ec68264411daa7a8140759786fd/?a=1233&br=1140&bt=570&cd=0%7C0%7C0&ch=0&cr=3&cs=2&cv=1&dr=0&ds=6&er=&ft=c~.Zm4L-gXoInz7T&l=202201170204090101131350430442EC15&lr=all&mime_type=video_mp4&net=0&pl=0&qs=11&rc=MzY0NTY6ZjhrNzMzNzczM0ApaWQzOTZlNzw2NzQ6aWloaWdjYnFmcjQwLmhgLS1kMTZzcy1jX2FfYDFhNGEtX2E1LS46Yw%3D%3D&vl=&vr=
video/mp4, bytesbytes 0-888812/888813, 1642385109.5235887, 1642385109.5252328, 1642385109.543769, 1642385111.428269, v19.tiktokcdn-us.com, 6880ca894d897c3ec174d1e2d5b3e3b2, /6880ca894d897c3ec174d1e2d5b3e3b2/61e52344/video/tos/alisg/tos-alisg-pve-0037c001/528ecdee582c401d94082a44d9ece479/?a=1233&br=898&bt=449&cd=0%7C0%7C0&ch=0&cr=3&cs=2&cv=1&dr=0&ds=6&er=&ft=c~.Zm4L-gXoInz7T&l=20220117020508010113135043044320AC&lr=all&mime_type=video_mp4&net=0&pl=0&qs=5&rc=M3E3eTY6ZjNsNzMzODczNEApOjRnNjNpO2U2NzxkMzU6OWdncGlwcjRfZDNgLS1kMS1zczUuNGEwLzEzXzAyYC00LjQ6Yw%3D%3D&vl=&vr=
video/mp4, bytes, 1642385111.5716946, 1642385111.5957506, 1642385111.6099215, 1642385112.7462146, v19.tiktokcdn-us.com, 6880ca894d897c3ec174d1e2d5b3e3b2, /6880ca894d897c3ec174d1e2d5b3e3b2/61e52344/video/tos/alisg/tos-alisg-pve-0037c001/528ecdee582c401d94082a44d9ece479/?a=1233&br=898&bt=449&cd=0%7C0%7C0&ch=0&cr=3&cs=2&cv=1&dr=0&ds=6&er=&ft=c~.Zm4L-gXoInz7T&l=20220117020508010113135043044320AC&lr=all&mime_type=video_mp4&net=0&pl=0&qs=5&rc=M3E3eTY6ZjNsNzMzODczNEApOjRnNjNpO2U2NzxkMzU6OWdncGlwcjRfZDNgLS1kMS1zczUuNGEwLzEzXzAyYC00LjQ6Yw%3D%3D&vl=&vr=
video/mp4, bytesbytes 0-587184/587185, 1642385113.1711123, 1642385113.1730182, 1642385113.1845658, 1642385113.9003313, v19.tiktokcdn-us.com, 111718dcbc3b991d2a98557602fbd041, /111718dcbc3b991d2a98557602fbd041/61e5233b/video/tos/useast2a/tos-useast2a-ve-0068c001/0c2f08bc79c247508bee147852570e44/?a=1233&br=1376&bt=688&cd=0%7C0%7C0&ch=0&cr=3&cs=2&cv=1&dr=0&ds=6&er=&ft=c~.Zm4L-gXoInz7T&l=20220117020508010113135043044320AC&lr=all&mime_type=video_mp4&net=0&pl=0&qs=5&rc=amdzcjk6ZjpnNjMzNzczM0ApNDdoMzwzNjtkNztnNjc5ZWczNmBkcjRfbWxgLS1kMTZzc2IvYF41M2AtLS4wXl9iLzM6Yw%3D%3D&vl=&vr=
