0,v09044e50000btueapv15l8sl3ukeqpg,8077,1038069&571816&372444,0f3302ea12d9cadfdea6417e8466620c&293138ec3377a98223f9f9dd280cf5c8&9f2f1b9bea4ad6e071617d03d8c5db85&d55233a9ebc0172b3c40c82f47c57f55&4e3b0223f4dd5d7c5772cd172881fc83&5aaf49e9377507aef42525eb2b75f30b,https://v19.tiktokcdn-us.com/0f3302ea12d9cadfdea6417e8466620c/61e54075/video/tos/useast2a/tos-useast2a-ve-0068c004/13370ab11f50451d9ac6b44b0fed7e9d/?a=1233&br=2026&bt=1013&cd=0%7C0%7C0&ch=0&cr=3&cs=2&cv=1&dr=0&ds=6&er=&ft=c~.Zm4L-gXoInz7T&l=202201170409500101131350181650BF8F&lr=all&mime_type=video_mp4&net=0&pl=0&qs=11&rc=anRuNnZvNHNodzMzODczM0ApOGQ1aDlnM2U6N2k4ZjRmZ2dtYnJpNTJzXnJfLS1iMTZzcy0zMzQvYy81MmM1LS8uYzQ6Yw%3D%3D&vl=&vr=
1,v12044gd0000c7bpv0jc77uakaoc0an0,12560,640394&488219&247339&213602,cdc13325e63fc26b6cf31df875dd36b7&6a987d2a4c25df5d673fb2857b5fbbd1&51110771c3945beff04687f94d80f872&bc4058a4a0d18e33b0b3aeb33037768d&cf0ef447fd5e40764bf308f29b429de6&301bdb8af452311083feb88776a5254f&bbc1d39022d52703c8d67fd63c37f3ae&fe7b8e710c9ba13ebc28cd45067dadd4,https://v19.tiktokcdn-us.com/cdc13325e63fc26b6cf31df875dd36b7/61e5407a/video/tos/useast5/tos-useast5-ve-0068c004-tx/7fb7755292e94b97ae2acf9bbfa03fe3/?a=1233&br=1250&bt=625&cd=0%7C0%7C0&ch=0&cr=3&cs=2&cv=1&dr=0&ds=6&er=&ft=c~.Zm4L-gXoInz7T&l=202201170409500101131350181650BF8F&lr=all&mime_type=video_mp4&net=0&pl=0&qs=11&rc=M2RmZGQ6ZjNzOjMzZzczNEApMzY7PDVoNWVlNzQ5aTppN2drLWxocjRnc19gLS1kMS9zcy4vYF5hMDA0NjI2MzNhYC86Yw%3D%3D&vl=&vr=
2,v09044g40000c6ugqd3c77u2124rt93g,20176,2319302&1902672&1030452&876028,17d6d423d857d9545678fae223fa0e9e&64fdd47996115307ad11e7f622fecf3b&74faa844b471754c4e163e31fbe46199&3c0917148d883d3f67fcb7ed0fcad330&ad330621f3752754359bd8c1f75309db&2571b481947ebb10243834c7f6dafde7&5f4e55b20123e9f1b87dbaa8e21bc3b4&825c2f797500d3d48b2190780b33284f,https://v19.tiktokcdn-us.com/17d6d423d857d9545678fae223fa0e9e/61e54082/video/tos/useast2a/tos-useast2a-pve-0068/9cf3926d23504f68ba3b97edcdc97826/?a=1233&br=4528&bt=2264&cd=0%7C0%7C0&ch=0&cr=3&cs=2&cv=1&dr=0&ds=3&er=&ft=c~.Zm4L-gXoInz7T&l=202201170409500101131350181650BF8F&lr=all&mime_type=video_mp4&net=0&pl=0&qs=14&rc=ajx1NTU6ZmdqOTMzNzczM0ApNGkzaWQ1Nzs2NzU3NTQ6OmcwcTEucjQwbnJgLS1kMTZzczM2YjVgLy01YC0tXl40LWM6Yw%3D%3D&vl=&vr=
3,v09044g40000c3lg95bc77u9h05eekn0,46089,555273&414793&370651&261713,aba99cd416d3ae87eab5feeef5f013db&4f40a611d796e1965bd625f56b6457d1&3264c435b6824fc1a6680b1512699cf3&00971acfb35c770c69bb54fee04707af&dc06866fc24f1044ea7678965b52c10f&43cd112ba27e99f5e72ed788c33064aa&7f8129eeff91c75cd3460d255c2a6c0a&4df588d737124f39a8f72b1453bf7e43,https://v19.tiktokcdn-us.com/aba99cd416d3ae87eab5feeef5f013db/61e5409b/video/tos/useast2a/tos-useast2a-pve-0068/d71c0e8d4bdd441cb28765ca3433472b/?a=1233&br=1084&bt=542&cd=0%7C0%7C0&ch=0&cr=3&cs=2&cv=1&dr=0&ds=3&er=&ft=c~.Zm4L-gXoInz7T&l=202201170409500101131350181650BF8F&lr=all&mime_type=video_mp4&net=0&pl=0&qs=14&rc=M25oMzw6ZjhqNjMzNzczM0ApN2kzaWQ4NDtmN2c6ZTg8aWdrYjJlcjRfNmlgLS1kMTZzczA0YmNjY2AtYDI2MDBfNjY6Yw%3D%3D&vl=&vr=
4,v09044g40000c1kjcjkfbh5e73ktqsqg,17807,788255&644665&394736&273289,0488ff39187b1788e03f32f63be9cf8e&4d7152b879499781659c494da484d416&81fe957e65881aa87e430832855054cc&4d329327d929c994c3e0c4dcad7b7e42&1eaf135b209b0df4e33a0bb02aed56cd&77f8a012795a266ba6729e345aebfe9f&b901a9ad21afe0b947321909801a59a4&267fd5a0da017f4711fa22c5a1d875b8,https://v19.tiktokcdn-us.com/0488ff39187b1788e03f32f63be9cf8e/61e5407f/video/tos/useast2a/tos-useast2a-pve-0068/28e9383b8a8843d19cdf71afb36ba310/?a=1233&br=1538&bt=769&cd=0%7C0%7C0&ch=0&cr=3&cs=2&cv=1&dr=0&ds=3&er=&ft=c~.Zm4L-gXoInz7T&l=202201170409500101131350181650BF8F&lr=all&mime_type=video_mp4&net=0&pl=0&qs=14&rc=anZ3NmhraW1tNDMzNzczM0ApZGQ8ZzZkNDxkN2QzNzg7ZWdubmg0Ml9oYGhgLS1kMTZzczYyYV8zNS0vMC9hX2M1Y2E6Yw%3D%3D&vl=&vr=
5,v09044g40000c42euh3c77u1fkgu3370,16646,567887&444282&223592&160019,1900e9d1c135657a7055b78260f06ca2&03121dfb7f5f52693be8f91289d637b6&abe520a9056621d42326c0370671c677&3aee3d82dbe9440f64106d1dccf89bc6&9ea43ca8544d2ecae504ead74153e709&95cf39f6b58908d520ad2553be929d29&ae4e290cf1de8a4bdede3e6626930c9f&e0b0491d411b061211e2ea3752ce3a4d,https://v19.tiktokcdn-us.com/1900e9d1c135657a7055b78260f06ca2/61e5407e/video/tos/useast2a/tos-useast2a-pve-0068/353eea5c512a4e96bf4aed8f1a7c9fe9/?a=1233&br=1108&bt=554&cd=0%7C0%7C0&ch=0&cr=3&cs=2&cv=1&dr=0&ds=3&er=&ft=c~.Zm4L-gXoInz7T&l=202201170409500101131350181650BF8F&lr=all&mime_type=video_mp4&net=0&pl=0&qs=14&rc=MzZ4bjQ6ZmtoNzMzNzczM0ApODc0NGk0NmVlN2Q7OjczM2c0MGRjcjQwci9gLS1kMTZzcy8tMWFiYS5fMzIyNTUxXy06Yw%3D%3D&vl=&vr=
6,v09044g40000c3sb163c77u1q5eb1gn0,50199,2384648&1679789&1035368&582274,f19156012ae7c72c2f57c69e185f8866&d12f188c44025a7241427e7ee6b0e290&a4ba7f7f30850853a172e9a2fa8b5b46&abf46afe8203c5cd39c81a2b59cc8d83&b1e75f3fd7a7ce2a10b034b2d71aaf3e&09b6645129ee1f8c75ba1875a9fbb942&c79b7671d5a2f5d98cd35d3e478b10b4&2b3dc16ee14aedcecaeaa7b1b5ab4a7c,https://v19.tiktokcdn-us.com/f19156012ae7c72c2f57c69e185f8866/61e540a0/video/tos/useast2a/tos-useast2a-pve-0068/f8286e158fda4ed7bdaec686e27037e0/?a=1233&br=4656&bt=2328&cd=0%7C0%7C0&ch=0&cr=3&cs=2&cv=1&dr=0&ds=3&er=&ft=c~.Zm4L-gXoInz7T&l=202201170409500101131350181650BF8F&lr=all&mime_type=video_mp4&net=0&pl=0&qs=14&rc=M2plODQ6ZjllNjMzNzczM0ApZTtmM2Y4ZmU4Nzg0ZTxlOGdrLmJucjQwLnBgLS1kMTZzc2AwYWAzNjBfNDEzXy8uLjU6Yw%3D%3D&vl=&vr=
7,v09044g40000c33c97iemsh0t2h21a7g,23752,1481860&967805&502757&322580&298757,a0ca901d9148d666084320863bc286cd&f3ed58f93cd0a68e0142646910d8044c&c9556163f5cc1a78903dc9aa565bebe0&797fb885a016d806b263951a8fc60f5c&2a57d4557fe1279136f6bf58de1a7ca3&cd086d0782406ce67e720bf92a15cb4b&71ce826f32ba1d40f7ebb2786e3a7682&b0746f3aff37bffc8b8fbbd5f833e15a&13355c14e19eafd904a55bfb4a03743c&e91dff856f1c7f0bd003e132ff9f3041,https://v19.tiktokcdn-us.com/a0ca901d9148d666084320863bc286cd/61e54085/video/tos/useast2a/tos-useast2a-pve-0068/6db60453f1e54ed6a6763c05f1e88f44/?a=1233&br=2894&bt=1447&cd=0%7C0%7C0&ch=0&cr=3&cs=2&cv=1&dr=0&ds=3&er=&ft=c~.Zm4L-gXoInz7T&l=202201170409500101131350181650BF8F&lr=all&mime_type=video_mp4&net=0&pl=0&qs=14&rc=amQ1NTN2aDpmNjMzNzczM0ApZjRkZzc6NzxkN2U4Ozg4O2c0LmVxZWpmNjBgLS1kMTZzczEvYWE1NDVhMjUvMTMyMzY6Yw%3D%3D&vl=&vr=
8,v090445c0000brsj2d7kvluo3u9i7rsg,6639,1025429&793373&341692&224755,51a341bacd82267c8b5e974819d7a298&a5a37b5a8085d77f373d46bbd186415f&4e40d30d90ed19852f59651a39f3e2d9&2ee5c454ae50cb086ee454d9c19680ee&ffc6939ac51860fef6731bfc243ddc34&91a29f4843dad4d18c5a75f0502a7be1&33f63dd574aebe886f8415f6ce4bfcf1&a7b11a2f7c6c36182ae814464e17ad38,https://v19.tiktokcdn-us.com/51a341bacd82267c8b5e974819d7a298/61e54074/video/tos/useast2a/tos-useast2a-ve-0068c003/a61a2fdecc7f4812a7e9dcb661f65801/?a=1233&br=2002&bt=1001&cd=0%7C0%7C0&ch=0&cr=3&cs=2&cv=1&dr=0&ds=3&er=&ft=c~.Zm4L-gXoInz7T&l=202201170409500101131350181650BF8F&lr=all&mime_type=video_mp4&net=0&pl=0&qs=14&rc=anVseHJvbmdtdTMzZjczM0ApaDZpNzQ0ZTw1N2YzOGk7OmdwNDYwcnM0L3BfLS0yMTZzc2IvYzAvMC8yNDJgNWBhYF86Yw%3D%3D&vl=&vr=
9,v09044g40000c23krfe7g8j7827nf5m0,20176,1391827&955897&832763&560077,3c0eddf57c6aebd69e1834bfcc702174&67377b282e8b51a521a39ca6a53ab02a&abf15e63c1215f8ddafee8d0963f7bc2&9667ebfdda21e3575b0c971f9fc7e325&340fb6e422eae91063868317582b0c52&72f28c68a776411731c6839f8101e49a&be8384212e3da6e86a202b406559a7de&dcea02e6a77fcac79bc89c9f9caaa0cd,https://v19.tiktokcdn-us.com/3c0eddf57c6aebd69e1834bfcc702174/61e54082/video/tos/useast2a/tos-useast2a-ve-0068c003/0ed2412d233a49eba49e4af52e6d8eb1/?a=1233&br=2718&bt=1359&cd=0%7C0%7C0&ch=0&cr=3&cs=2&cv=1&dr=0&ds=3&er=&ft=c~.Zm4L-gXoInz7T&l=202201170409500101131350181650BF8F&lr=all&mime_type=video_mp4&net=0&pl=0&qs=14&rc=MzhxNTo7OmluNTMzNzczM0ApZGY3OjgzaTw0NzU7Z2k7OWdqYzQ1Z2RibzBgLS1kMTZzczNjYl4xXmNiXmEvMl9hMWE6Yw%3D%3D&vl=&vr=
10,v09044g40000c43ejobc77ue6he4rg2g,17482,500223&416016&227615&166397,4b81aecfe281fa27b6df7445f52ede45&3d79c67b7cb5d480dbbc8f24dbb70b71&ffd35ebb03fef12b277348dc636ed44c&98ff8117831903eaaf3cda040c26a2bb&7cefbd88ce22fef43bebabc3774a06c7&a31663bc96c14a8d4dc46ac88e35d54c&8a6acfc5b399185861693836a3ca48fc&b015bf9bd1062fdb7fcbe0f36b926c92,https://v16m.tiktokcdn-us.com/4b81aecfe281fa27b6df7445f52ede45/61e540f6/video/tos/useast2a/tos-useast2a-ve-0068c004/ebeda0edfad943b88c11b94bd99d0786/?a=1233&br=976&bt=488&cd=0%7C0%7C0&ch=0&cr=3&cs=2&cv=1&dr=0&ds=3&er=&ft=c~.Zm4L-gXoInz7T&l=20220117041149010113006101205001A2&lr=all&mime_type=video_mp4&net=0&pl=0&qs=14&rc=amo3a2g6ZnJoNzMzNzczM0ApNGhpNzppNmQ2NzRoNGk0OWcvb2IzcjRfZzBgLS1kMTZzczM1YzIvYWIzYC5iM2AvYDE6Yw%3D%3D&vl=&vr=
11,v09044g40000c3kgrejc77u9jqnp7kpg,39820,1450795&1047947&813997&500737,cd1dca49ebffac4598e0a4f1479a6249&a26fe5cc956c95da243d69c4cc536a04&e70e54cebb62b320994e805971805d6a&723fd35c33e284aebbab45682ee00869&274b745c63e88dc72a32d6e3dee88626&0f201ba89cf1fb3889db10b1019d0eb0&fac1ea8078de6c7dbc3693d0ae090a98&92dfba0369ed321c8f41097b393fda17,https://v16m.tiktokcdn-us.com/cd1dca49ebffac4598e0a4f1479a6249/61e5410c/video/tos/useast2a/tos-useast2a-ve-0068c001/99d27d54a7b143af86fa5f55f0b033eb/?a=1233&br=2832&bt=1416&cd=0%7C0%7C0&ch=0&cr=3&cs=2&cv=1&dr=0&ds=3&er=&ft=c~.Zm4L-gXoInz7T&l=20220117041149010113006101205001A2&lr=all&mime_type=video_mp4&net=0&pl=0&qs=14&rc=am5zdDw6ZmhqNjMzNzczM0ApNGk2aTVmZWU7N2U7Zzk7O2dtNGtncjRnb2hgLS1kMTZzc2I2LS8vNDUwX2A0My8xLjU6Yw%3D%3D&vl=&vr=
12,v09044g40000c2qmm5u2iutjg46gq610,15230,1793520&1235045&889186&593926,e488d48033879908445bab6fa9ee8478&cfd9f72fbd408482698c50cd46ba93eb&a3c5b31346e16c7b00d287e95c22048b&be0af964a8d808e28ef2a5ead93cf445&31327a089016671107e2848c565327a1&d29050a2a58168da1e1a463c43cc8b1f&b86fae1b7e3c0eaa63821d0125681194&c19ed25488e2b9adebb3beae32c3dcc0,https://v16m.tiktokcdn-us.com/e488d48033879908445bab6fa9ee8478/61e540f4/video/tos/useast2a/tos-useast2a-ve-0068c004/8c2392560472467faadd751cb7757143/?a=1233&br=3502&bt=1751&cd=0%7C0%7C0&ch=0&cr=3&cs=2&cv=1&dr=0&ds=3&er=&ft=c~.Zm4L-gXoInz7T&l=20220117041149010113006101205001A2&lr=all&mime_type=video_mp4&net=0&pl=0&qs=14&rc=MzlqN214NThwNTMzNzczM0ApZGdlO2c7O2VpNzRnZWYzNGcubjNkcWZyam5gLS1kMTZzc14yXzNgLS1gYzI2NjY2YzY6Yw%3D%3D&vl=&vr=
13,v09044g40000c1qs7cld1cjmekntikqg,10679,864376&417645&264892,feeacdfe049af186dddfa4ecb9c55360&ecc394d6837de042dfc211a5b659c6d0&3ca93699295542a39c8fa3c14a3b8d5f&d5dc43858b0335ae7bc795c697012ae5&572f374a0c4fd07969ff2f3af3d0db2b&f133d5f004be22dc558e09e644fee8c3,https://v16m.tiktokcdn-us.com/feeacdfe049af186dddfa4ecb9c55360/61e540ef/video/tos/useast2a/tos-useast2a-pve-0068/250df16a02a94b9187bfb0c9e76bfd7c/?a=1233&br=1688&bt=844&cd=0%7C0%7C0&ch=0&cr=3&cs=2&cv=1&dr=0&ds=6&er=&ft=c~.Zm4L-gXoInz7T&l=20220117041149010113006101205001A2&lr=all&mime_type=video_mp4&net=0&pl=0&qs=11&rc=am53bnBmZ2Z2NDMzNzczM0ApNTY0Z2ZoNWVoN2U8NWhoNGduZmtiZy5pNG5gLS1kMTZzczUzMF5jNTYxNl8tLTIuNl86Yw%3D%3D&vl=&vr=
14,v09044g40000c2jv6hga6lvlhf9ml8fg,21221,1844886&1518566&799751,e029a0da402572d2e6ea149755b19f61&0a4bf739ebc3139df08c914b0458d1df&29a473eeb65c2f0119739659cfb8d7ca&d75d5eb6ec8aa226cb94d85c056e5b69&0733f63fe9252070e9003a7d153f9c49&9d2ea3d860873cb4052dd5601b95dbc0,https://v16m.tiktokcdn-us.com/e029a0da402572d2e6ea149755b19f61/61e540fa/video/tos/useast2a/tos-useast2a-ve-0068c001/5b760373d72949838db6ae7478a36a43/?a=1233&br=3602&bt=1801&cd=0%7C0%7C0&ch=0&cr=3&cs=2&cv=1&dr=0&ds=6&er=&ft=c~.Zm4L-gXoInz7T&l=20220117041149010113006101205001A2&lr=all&mime_type=video_mp4&net=0&pl=0&qs=11&rc=ajtwaW9vZGt5NTMzNzczM0ApNGZmZmg1aGU3Nzk2PDo8ZWdjaTZlczNkM2dgLS1kMTZzczY2YGAyMzAwMjIzMWBjYDY6Yw%3D%3D&vl=&vr=
15,v12044gd0000c7d0b4bc77uekfci7l50,11770,680590&563748&390091&298756,9747451b2351def0f42fdb37973bf4dd&530e53172c858418ba3d4ae0583562f7&c21301f96a859209425ffcf16374979d&9a24670862a8b766cd9f190fcb1a9e44&bb26be208e5e1494839b9ab9f40c9fd3&d2355e2baabab1c3a2ab9d59c2ff274b&02400035b170360e1cfd22b32cf2282e&f66eb5a940b334f6d29a9b8802cea022,https://v16m.tiktokcdn-us.com/9747451b2351def0f42fdb37973bf4dd/61e540f0/video/tos/useast5/tos-useast5-ve-0068c003-tx/724514e92b8043a6947f02201f7c50ab/?a=1233&br=1328&bt=664&cd=0%7C0%7C0&ch=0&cr=3&cs=2&cv=1&dr=0&ds=3&er=&ft=c~.Zm4L-gXoInz7T&l=20220117041149010113006101205001A2&lr=all&mime_type=video_mp4&net=0&pl=0&qs=14&rc=M29saWg6ZjczOjMzZzczNEApZ2hkaDY8NmQ7N2hnNjplaGcyNGBocjRfX2FgLS1kMS9zc2I2YzFeNTYyMTAyL2ItMmA6Yw%3D%3D&vl=&vr=
16,v10044g50000c6c36brc77u6q3q4r3og,25354,583702&337395&211799,cdfc30f152fcd88c8c98e4984cdc4a64&1453d66b6d512592ddda2b1d66aae812&e56d8695127c1f29c35410cfe3bf3c17&611c3e7c867833ea3f68feef00b68f57&73951900002bfcc751d1d04121c5baf2&2fc5b51ced310d36001c9b0015e9d560,https://v16m.tiktokcdn-us.com/cdfc30f152fcd88c8c98e4984cdc4a64/61e540fe/video/tos/alisg/tos-alisg-pve-0037c001/0fcd2e46f8c24166a41b1a8f9f5a534e/?a=1233&br=1140&bt=570&cd=0%7C0%7C0&ch=0&cr=3&cs=2&cv=1&dr=0&ds=6&er=&ft=c~.Zm4L-gXoInz7T&l=20220117041149010113006101205001A2&lr=all&mime_type=video_mp4&net=0&pl=0&qs=11&rc=ajY3Njk6ZmU2OTMzODczNEApaDU1ODpnZzxmNzNmZGg4M2dsb25ucjRvM2BgLS1kMS1zczEuMDQxM2M0NS9jMWA0My46Yw%3D%3D&vl=&vr=
17,v12044gd0000c7878sjc77u7psv0afkg,15067,661557&552707&464615&385418,d78108aad18759f16f28f65c47fe536a&a6251634c0d4dae08ba21168f54b0d53&cf107bb87b7aa5613e8595e9b56c9ce7&ba68ccb373920f98dcb8a8157ed1e45a&b746dfebe9c8ed7c6e84ce3ffcb9ea36&d8b5261b12600c827127127e6cf0eaa2&46db8b2acaad0c97817b1175595e3fdc&328ab12b8f7f68ea6c7b199f8d2e6242,https://v16m.tiktokcdn-us.com/d78108aad18759f16f28f65c47fe536a/61e540f3/video/tos/useast5/tos-useast5-ve-0068c004-tx/288c2e7eff49415ba3911a0c11c53285/?a=1233&br=1292&bt=646&cd=0%7C0%7C0&ch=0&cr=3&cs=2&cv=1&dr=0&ds=3&er=&ft=c~.Zm4L-gXoInz7T&l=20220117041149010113006101205001A2&lr=all&mime_type=video_mp4&net=0&pl=0&qs=14&rc=amkzdjo6ZnY6OjMzZzczNEApODloODVnOmU6N2k8NzQ6OGdoXnNtcjRnNTVgLS1kMS9zc2NeMzYvYl8tXy4tM19gXjY6Yw%3D%3D&vl=&vr=
18,v09044f40000bq3sfh273oo36di7q7bg,15416,735858&566761&327403,e6b582d24b16cc193f027170f6b7ddbf&f3b2bd556d50da6b8744d2c26b9f98dd&de2c9e3ce16b0c260a8105213dc46f7d&d7d859ec787b7ca37b7305b99c7e265e&129027c453fbee4fe8ba9e16aaf4e317&1a3b8d70f258a7899b33130030165c27,https://v16m.tiktokcdn-us.com/e6b582d24b16cc193f027170f6b7ddbf/61e540f4/video/tos/useast2a/tos-useast2a-pve-0068/1a4eb2b04b464350bb484bfe194ad9cb/?a=1233&br=1436&bt=718&cd=0%7C0%7C0&ch=0&cr=3&cs=2&cv=1&dr=0&ds=3&er=&ft=c~.Zm4L-gXoInz7T&l=20220117041149010113006101205001A2&lr=all&mime_type=video_mp4&net=0&pl=0&qs=14&rc=ajo6ZzZyOmt2dDMzNzczM0ApZGkzNmk6MzszNzs8NGRlOGdfbmYzbDAvYzBfLS1jMTZzczEyLy9fMDFjMWBiXmFjM2A6Yw%3D%3D&vl=&vr=
19,v09044g40000c2a8isdj4q5u8o8d96ag,8264,540308&478499&311419&223721,07090e4a5b1ef382848df8a28007726e&9f72b33f32a83ed209cffd3ecec2d735&fb3f845e4a43526342afd0e9af4ebe6a&00fdcb48eebb8243a070fc2359dfe96a&bb2fb9320886606f74f2c25f8aa0c3be&c3fdb0c4e25554e60d108f958fe8b49c&8f71bd2b15cce4887599908b9f82c38d&da30d9f934e84fff2002579dd5c1a945,https://v16m.tiktokcdn-us.com/07090e4a5b1ef382848df8a28007726e/61e540ed/video/tos/useast2a/tos-useast2a-pve-0068/060bd750fbeb462c8e674263b1a14cc8/?a=1233&br=1054&bt=527&cd=0%7C0%7C0&ch=0&cr=3&cs=2&cv=1&dr=0&ds=3&er=&ft=c~.Zm4L-gXoInz7T&l=20220117041149010113006101205001A2&lr=all&mime_type=video_mp4&net=0&pl=0&qs=14&rc=ajlncnh0bXY7NTMzNzczM0ApPDs8Nzk0ZmVmN2c3M2lkO2deNjU1MjFhZl5gLS1kMTZzcy8uXjMtYTJiX2BjMjIuNjQ6Yw%3D%3D&vl=&vr=
20,v09044970000c15qot31m2ohdov0nv80,7637,599575&441121&262117&179080,a507167868f774e9771ad676221ef244&b16f101d497f9580efefb593edb15c72&064f2028f4cce4f400325223b7546d1f&1fdd984dda928004d5febf58570826e2&4ae6d6b01010f5e262e709a63d1764ab&2ae9eaf421ca16d46dcbf8001f035643&5dbbedbd7e5431956e7d1acbf919ebdd&5c9c14afba93ecc1c34eadc01e0610f3,https://v16m.tiktokcdn-us.com/a507167868f774e9771ad676221ef244/61e54184/video/tos/useast2a/tos-useast2a-ve-0068c002/9a2794aa230541308cc5eca4e5bafa23/?a=1233&br=1170&bt=585&cd=0%7C0%7C0&ch=0&cr=3&cs=2&cv=1&dr=0&ds=3&er=&ft=c~.Zm4L-gXoInz7T&l=20220117041421010113006254245D2555&lr=all&mime_type=video_mp4&net=0&pl=0&qs=14&rc=M3kzcms1NHd0NDMzOjczM0ApZGc7OjU6PGQ3Nzg4aTozZGc1a3NhbGowbDJgLS02MTZzcy82YjItMV9iLV8vYjEwNF86Yw%3D%3D&vl=&vr=
21,v09044g40000c1n21093do78fvgam52g,14928,1985159&1630658&653285&420754,e82691d647f97076b37439de480e6c65&058f144912428d0e6d922806215aa3ff&3b6acfd69f736d914edfde78b3181517&417dbe9b09021ba99027c594938c15a9&80619a1310d6c50fa874e0735514b5d3&a32b3a747c3b3fa5c8a6f18531a8210c&1da15ed051c839199568341040e8b50d&4e13dcb525a2deb0c7d2b8862a73c063,https://v16m.tiktokcdn-us.com/e82691d647f97076b37439de480e6c65/61e5418b/video/tos/useast2a/tos-useast2a-pve-0068/21c531d693a240fbb4c2d8a41a8caa19/?a=1233&br=3876&bt=1938&cd=0%7C0%7C0&ch=0&cr=3&cs=2&cv=1&dr=0&ds=3&er=&ft=c~.Zm4L-gXoInz7T&l=20220117041421010113006254245D2555&lr=all&mime_type=video_mp4&net=0&pl=0&qs=14&rc=ajhkeTtyNjM1NDMzNzczM0ApZjY7NmdpO2U3N2c0ZWlnZWcvamRjNGE2LmtgLS1kMTZzc18xMmMuLzMuLy4xMGMwYWI6Yw%3D%3D&vl=&vr=
22,v09044g40000c2q01jk1se6edeiqos2g,20896,1262211&1035288&794761&542759,8665c26014ce7ca3919671179cfe0485&0bf6f7822ab330637edef799b7692063&b15d8ef916b3c7b731e5f5ef467fd61f&e3c11d881db35e8598dca022c64a0166&a060f5147ed836b0e6c034cff66878db&73d3ed08d5bb108b3e1b8c2d612f3c66&e09d474a020d9f7573843938972908cd&f47cc9faf093ce7e5dc09fc3cc0b3a2d,https://v16m.tiktokcdn-us.com/8665c26014ce7ca3919671179cfe0485/61e54191/video/tos/useast2a/tos-useast2a-ve-0068c001/032f2f8815304c9394dd37c63db334a2/?a=1233&br=2464&bt=1232&cd=0%7C0%7C0&ch=0&cr=3&cs=2&cv=1&dr=0&ds=3&er=&ft=c~.Zm4L-gXoInz7T&l=20220117041421010113006254245D2555&lr=all&mime_type=video_mp4&net=0&pl=0&qs=14&rc=anZ0aGhoNG0zNTMzNzczM0ApOWRpPDxnOGVoN2Y3OTVmO2cvbGZhM3BoLm5gLS1kMTZzczFhYjU2NWAzXjAuLS8uLi46Yw%3D%3D&vl=&vr=
23,v07044420000c199u5s35dppe9q0d1j0,8032,700067&442899&309569,597a66fc04f07a848243bacc8fe0372e&f13c35dc952c2a8c87d39a4f75c47e81&bda97faba5d6c64cad5ff674727cf83c&9eadbaf59069285d96f84398c58d554c&9c454feb6f6471d37c731af5d40957a8&4d297bd7f56ccdeb1c4e468391582fee,https://v16m.tiktokcdn-us.com/597a66fc04f07a848243bacc8fe0372e/61e54184/video/tos/alisg/tos-alisg-pve-0037c001/202e295a089748c1b884ab25998a2b3a/?a=1233&br=1366&bt=683&cd=0%7C0%7C0&ch=0&cr=3&cs=2&cv=1&dr=0&ds=6&er=&ft=c~.Zm4L-gXoInz7T&l=20220117041421010113006254245D2555&lr=all&mime_type=video_mp4&net=0&pl=0&qs=11&rc=MzQzPHNnNjg8NDMzNTczM0ApOTk5aGRlOjw6Nzg7NTxnZmdnYW5ibTJwcjZgLS0xMTRzczZfMTZjMGEyYDA0LmJfMWM6Yw%3D%3D&vl=&vr=
24,v09044ad0000c0qnh58p8rsb4e7eg120,14208,881638&644122&349950&209351,d95231e5df39503d789f9ba46b3a8b24&68168e9b60f15d97ffa81d01212d92db&90381945a287f757ae08d7bc65417cb9&3f530fe793ec6a6e8e47eadbe27dbb72&9572d26085e845a5739718b8a2130349&2d6fe1a3a6cd5636643c0730084b0b19&b8287aee4a277ab54751c2b7bb04da52&8676516656158f993d153bb61f57e55f,https://v16m.tiktokcdn-us.com/d95231e5df39503d789f9ba46b3a8b24/61e5418b/video/tos/useast2a/tos-useast2a-ve-0068c002/78aa8b14fb054a35b79487b137b29b3c/?a=1233&br=1720&bt=860&cd=0%7C0%7C0&ch=0&cr=3&cs=2&cv=1&dr=0&ds=3&er=&ft=c~.Zm4L-gXoInz7T&l=20220117041421010113006254245D2555&lr=all&mime_type=video_mp4&net=0&pl=0&qs=14&rc=MzRoaGV1czhxMzMzZzczM0ApO2Y3aDtkPDxpNzQ5ZmQ3OGcvZDQxcDU1ZW5gLS1eMTZzcy5gMS4wXzJiLWM0MDAvMTI6Yw%3D%3D&vl=&vr=
25,v09044g40000c6bjhcrc77ue1odlkdo0,7940,604161&439135&296553&183383,98607c4bee1659127c270f1c14a92151&33375078c3ab06268ce9d3a70b11d1c0&a9c7741dfc278747373b1b64e43c4539&09159a4ef3f03dcf5c6b3d64a024ed4c&23a0097f468d97fc047a2b1b40ee6b65&4b8e2a7a77e6ce7897dd656329e48435&59e23e3234fa90b8780dc175aa3c4914&8dec892366efbe8cc1f626a2b47a941f,https://v16m.tiktokcdn-us.com/98607c4bee1659127c270f1c14a92151/61e54184/video/tos/useast2a/tos-useast2a-ve-0068c004/53037072e7ea46719f71503983e53896/?a=1233&br=1180&bt=590&cd=0%7C0%7C0&ch=0&cr=3&cs=2&cv=1&dr=0&ds=3&er=&ft=c~.Zm4L-gXoInz7T&l=20220117041421010113006254245D2555&lr=all&mime_type=video_mp4&net=0&pl=0&qs=14&rc=M2dvcmg6ZmZtOTMzNzczM0ApNWg6aWY2aGU8NzdpOWc7OWdsaGEucjRvZV9gLS1kMTZzc15hLjIzXmIxNWNeYjUwYGA6Yw%3D%3D&vl=&vr=
26,v09044g40000c2t3lrho1amdn3nre0s0,5013,756227,a78acfdc4259815b380838d83c8a0d62&6c9f3fb8ea6a7baaf6948b15038ccb9f,https://v16m.tiktokcdn-us.com/a78acfdc4259815b380838d83c8a0d62/61e54181/video/tos/useast2a/tos-useast2a-ve-0068c004/e99cb9d5a11d4ac7a496622b02f8a9ad/?a=1233&br=1476&bt=738&cd=0%7C0%7C0&ch=0&cr=3&cs=0&dr=0&ds=2&er=&ft=c~.Zm4L-gXoInz7T&l=20220117041421010113006254245D2555&lr=all&mime_type=video_mp4&net=0&pl=0&qs=0&rc=MzN1NmdkcnU2NTMzNzczM0ApNjk0Z2c7Zzs4NzRmMzYzM2dwYmtrai5laXFgLS1kMTZzc2BiNV4zNTEyNjQ0XmEzMS86Yw%3D%3D&vl=&vr=
27,v09044g40000c39ork8o4qnr8507sfp0,17019,2400024&1680624&812197&524204,36855645a846c312bc714fd475313f45&89a75a842d193d60e5f5b01be0f1e722&c28721273afb927b488cacb3d97b522c&42fac339813ea54532d37cf7cc3327b5&fbb73d074f894c151c5fbf68ab4ba51c&580babaa09dd20a8e3cf3c114f6e572f&c96fd6e095d8557678f0a235962e042c&6196b98e27205bc2873eb3d5e6fa793c,https://v16m.tiktokcdn-us.com/36855645a846c312bc714fd475313f45/61e5418d/video/tos/useast2a/tos-useast2a-ve-0068c003/b2f1a5a1d3f0448f9fb4b5a037c92027/?a=1233&br=4686&bt=2343&cd=0%7C0%7C0&ch=0&cr=3&cs=2&cv=1&dr=0&ds=3&er=&ft=c~.Zm4L-gXoInz7T&l=20220117041421010113006254245D2555&lr=all&mime_type=video_mp4&net=0&pl=0&qs=14&rc=M2k6OHV0cm5yNjMzNzczM0ApZWg8aDs6N2Q1NzYzOzk5NmdtcC01azE1bzZgLS1kMTZzcy82LzUtNjIxLWJiY141Ly46Yw%3D%3D&vl=&vr=
28,v09044g40000c4ohat3c77u88dlsgkjg,9542,942322&447409&317248,cbc82a7c8a68a8476c56656880ef7f27&21f55b6f8312d6ad5cf68facccaffba1&b14480f670630910c307ed36791c0bcb&6a12dcafbf04c0c6a85458b46ff0a6fd&9a69624595099f3b6b10d36745e0cdd2&3ea834a9b002cf4271cf6d0b515c2290,https://v16m.tiktokcdn-us.com/cbc82a7c8a68a8476c56656880ef7f27/61e54186/video/tos/useast2a/tos-useast2a-ve-0068c004/c54e4db20e74481fa121eb15af5f85e5/?a=1233&br=1840&bt=920&cd=0%7C0%7C0&ch=0&cr=3&cs=2&cv=1&dr=0&ds=6&er=&ft=c~.Zm4L-gXoInz7T&l=20220117041421010113006254245D2555&lr=all&mime_type=video_mp4&net=0&pl=0&qs=11&rc=am52Zzs6ZndrNzMzNzczM0ApaTU3PGc5N2U1NzM1Nzk1OmdnZGk1cjQwXmxgLS1kMTZzc2AtXjAxXy8yMGIwNS5jXzA6Yw%3D%3D&vl=&vr=
29,v09044g40000c2ft710bf79t3vkd0gvg,19293,1718431&1264133&618854&381743,f27867834ca74e80fffc508758cfe575&2caa950aeecea16069a575b6b4848a0e&270362a14a2a2953e6fbdeba80cdf3bc&339b43b1af1f7528682d437ffa033cc1&11bd0501d672a7d1403f072f6d41285c&be594e6fe01dbdadb843653c4dbd91ed&0ab93b667b23339f04196dbf5e9fb30c&16bc615a293c46c5c9bb367c1e0608d5,https://v16m.tiktokcdn-us.com/f27867834ca74e80fffc508758cfe575/61e54190/video/tos/useast2a/tos-useast2a-pve-0068/4b429b6507504a9cba99f12e0d4afe8a/?a=1233&br=3356&bt=1678&cd=0%7C0%7C0&ch=0&cr=3&cs=2&cv=1&dr=0&ds=3&er=&ft=c~.Zm4L-gXoInz7T&l=20220117041421010113006254245D2555&lr=all&mime_type=video_mp4&net=0&pl=0&qs=14&rc=ampneXc6ZTR3NTMzNzczM0ApN2ZlPDdlaGUzNzM2OmU6PGdzLWgwNmMtNGNgLS1kMTZzcy8uMDEtLTJiMWAyM181LTU6Yw%3D%3D&vl=&vr=
30,v07044550000c07os0nir75n464p64cg,8589,247151&169174&126295,6395ebd3c8b90ffb77d5494ec1427878&00ad9adcb25fc3a66e30678bd7689ab4&5127b5d72d47e62d0c0ae0b6cdccfacf&c1ad69661340889919943b1d51d584a1&c03c9c1f9ff944387dfce5f88e7cc45c&dc0f12a018ecf89ae645290621eb0571,https://v39.tiktokcdn-us.com/6395ebd3c8b90ffb77d5494ec1427878/61e541c3/video/tos/alisg/tos-alisg-pve-0037c001/88d0a2f0d8fd40f699e281a9c3b021f0/?a=1233&br=482&bt=241&cd=0%7C0%7C0&ch=0&cr=3&cs=2&cv=1&dr=0&ds=6&er=&ft=c~.Zm4L-gXoInz7T&l=20220117041523010113006205195694C3&lr=all&mime_type=video_mp4&net=0&pl=0&qs=11&rc=ajdzOXE6bDNyMzMzODczM0ApNTk1aTU8OGRoNzdoM2Y5aWdgMzExMm9rcDRgLS0yMTRzcy0zMTEyXmAvYi81MzAxLWI6Yw%3D%3D&vl=&vr=
31,v09044g40000c4mg0q3c77u950nmju0g,19177,3191109&1932525&1342438&707823,5960b1f5d17023ee4d49baf28a53dadd&398b3cf6b8fda82f178297547932b04a&81c0627fcb00132804521779f91d0219&5fad8761d185450e7131b78a3acdb206&17194b04230b34a5ba1ca927741d1bdf&8b0d63587c7e740659279ff266a4cb3c&cdd306f7c1f336c33be693827e4e4514&34c1fdfc9211f79c43bed88d2acabd04,https://v39.tiktokcdn-us.com/5960b1f5d17023ee4d49baf28a53dadd/61e541ce/video/tos/useast2a/tos-useast2a-ve-0068c003/1578429937b3407ab574c8a84355dafb/?a=1233&br=6232&bt=3116&cd=0%7C0%7C0&ch=0&cr=3&cs=2&cv=1&dr=0&ds=3&er=&ft=c~.Zm4L-gXoInz7T&l=20220117041523010113006205195694C3&lr=all&mime_type=video_mp4&net=0&pl=0&qs=14&rc=anhwMzw6ZnRqNzMzNzczM0ApOTxoaWhlOjs6NzM3OzQzO2ctZ2sycjQwLWpgLS1kMTZzcy1hXy9jXmIyMjFjXzIyMS06Yw%3D%3D&vl=&vr=
32,v12044gd0000c736h5bc77uakasifot0,40843,832150&688079&457089&341092,14b82d16fef64214b85fa9b68e640f0b&8aff18a4dddc6e41ab2beae68f494e26&7db00590d247e94236ca1382f17dc19c&886177005bd6aff615f507f600ece0da&5b75e83ff2f4458ab2cfe04406c202e8&bd55f4837ba81ea37b8909a7393ee9bb&52c8ba3d402e1d952e71b8079d0ef5dc&f96e25660fb07fc3c0d8d4e846255b48,https://v39.tiktokcdn-us.com/14b82d16fef64214b85fa9b68e640f0b/61e541e3/video/tos/useast5/tos-useast5-pve-0068-tx/967c907d787f47d1ba726183ac03a2a0/?a=1233&br=1624&bt=812&cd=0%7C0%7C0&ch=0&cr=3&cs=2&cv=1&dr=0&ds=3&er=&ft=c~.Zm4L-gXoInz7T&l=20220117041523010113006205195694C3&lr=all&mime_type=video_mp4&net=0&pl=0&qs=14&rc=M3JsZGQ6Zjg5OjMzZzczNEApNDlkOjo5ZjxmNzc8NjVpOGdxY3BocjRfZTBgLS1kMS9zczY2NjAyXjBfYi8xLzIuY2A6Yw%3D%3D&vl=&vr=
33,v12044gd0000c797pgbc77ucq7ijquug,16995,298431&235242&154197&125184,142b26c36026d8f914494c0a965de499&50a31eef9b2dcc05230b9343b01fd24d&1522977b74ac533a4fc2c9d4b85c4262&65541d540cf1b665b4004181a2c84132&753e5dd159a2034cd28f0108f645b7ea&5f32a6b95220eabf50f6e081f538cb44&5793c444f71e6c789f8eb3d46e312aaa&0685ed5a501e0a8867f9122faa3ef3b5,https://v39.tiktokcdn-us.com/142b26c36026d8f914494c0a965de499/61e541cb/video/tos/useast5/tos-useast5-pve-0068-tx/f62e02f024c540c89a00998f535a6845/?a=1233&br=582&bt=291&cd=0%7C0%7C0&ch=0&cr=3&cs=2&cv=1&dr=0&ds=3&er=&ft=c~.Zm4L-gXoInz7T&l=20220117041523010113006205195694C3&lr=all&mime_type=video_mp4&net=0&pl=0&qs=14&rc=anhtOmY6Zmo6OjMzZzczNEApOjM6NDc4aWRkNzVlODRpOWdybmZucjRfbTZgLS1kMS9zcy4vYmFhMV5jMzZeNjY1XjY6Yw%3D%3D&vl=&vr=
34,v09044g40000c42sjhbc77u591u34mdg,16600,1143137&860555&523772&365504,613d1828b95de055b8a3ed86b1ad68d0&a6aaea6da61610ebfd4ce08b6b036f8e&47229ff3d94ccf43cb6e6f6c8e79ee66&b6a12b1176f9808b217d5a36b6436979&8c1ca8ef28afa0eff823a1e9a03ee8e6&919bc65b3aa1e74f85ba174f9867bf00&d93dcd1abdab008ba89c391689862e59&3faf786657aa007da8dcb195fdc97a17,https://v39.tiktokcdn-us.com/613d1828b95de055b8a3ed86b1ad68d0/61e541cb/video/tos/useast2a/tos-useast2a-ve-0068c002/7da2afaad80f404fb164f84d77c8ba4d/?a=1233&br=2232&bt=1116&cd=0%7C0%7C0&ch=0&cr=3&cs=2&cv=1&dr=0&ds=3&er=&ft=c~.Zm4L-gXoInz7T&l=20220117041523010113006205195694C3&lr=all&mime_type=video_mp4&net=0&pl=0&qs=14&rc=anA2NDg6Zmt2NzMzNzczM0ApOzs7ZGQ5ZzxkNztlNTlnaGdhMXI2cjRfZy9gLS1kMTZzczUuLjJjMTFeNTIyMC0vYy46Yw%3D%3D&vl=&vr=
35,v09044690000bugd0qjemvd778npkaug,8728,1625869&1015423&736932&474604,b09022e811c6ad8e72053b3a3c8d75a0&517106f7895857e909fa01a876a45558&8064d955fdc7dbd1e5ed48dcf55d0dfd&ae37d1ea5432bddf2e415bc80fd229f0&0a646c912dac3f7200326b9b61a8c7a9&f2bdf0ab65e39cbd114310d307b642a7&39edab52c1a5bc83f5eec784db4b4fb9&8d99783b02e8ecbfe21cf85cd80ad7a5,https://v39.tiktokcdn-us.com/b09022e811c6ad8e72053b3a3c8d75a0/61e541c3/video/tos/useast2a/tos-useast2a-ve-0068c003/577f7868462848419672cfb56e32c139/?a=1233&br=3174&bt=1587&cd=0%7C0%7C0&ch=0&cr=3&cs=2&cv=1&dr=0&ds=3&er=&ft=c~.Zm4L-gXoInz7T&l=20220117041523010113006205195694C3&lr=all&mime_type=video_mp4&net=0&pl=0&qs=14&rc=amRzOzp5aHRneDMzPDczM0ApZGc2NmRoZDxpN2hlOTw1NWdyaGs0YWpnLWRfLS0zMTZzc2IzYV8xMmBiLTAuMC4wNC86Yw%3D%3D&vl=&vr=
36,v09044g40000c1n6fgrivpn8c64va3mg,15276,1055778&904129&638191&402855,f7d5084300110d8b2e3cf71242bca174&653f15620725be25f28b8f668fa20f70&a537b54d584e8ee485aff162af1f1f17&1d3bdbef65cff6a42185f82f2ddbb7f1&3b11afc584535286f2439ef4ae6722c1&4f4a9c793c3da6095bcd0ddb7f557a75&70b4b820c8033e8ccb90994b6012d9df&04e032b59eafbe78aa47def0481f56b0,https://v39.tiktokcdn-us.com/f7d5084300110d8b2e3cf71242bca174/61e541ca/video/tos/useast2a/tos-useast2a-pve-0068/0d6b12d875944f93abce543a86449ffc/?a=1233&br=2062&bt=1031&cd=0%7C0%7C0&ch=0&cr=3&cs=2&cv=1&dr=0&ds=3&er=&ft=c~.Zm4L-gXoInz7T&l=20220117041523010113006205195694C3&lr=all&mime_type=video_mp4&net=0&pl=0&qs=14&rc=ajZ5OTtzbGo5NDMzNzczM0ApPDc3ZTw6OzszN2UzO2Q1ZWdqXjFga3NvY2tgLS1kMTZzcy8wNTQwLy41L2BiYjEzMzI6Yw%3D%3D&vl=&vr=
37,v09044900000c1gk48v7hc99pahqgrq0,8637,2052471&1561356&980982&642068,37396af20bfeb61a214fd1ff22bb98b8&ef11615a3a926f011cbeb689cd2a4b7e&3e62c869d05da81c985cd75e181784ee&1f0260fed811b6300e3a46ae6e069d4f&31ad246fc6ee44741373a5a76bd899b3&79c2431d72789e4c29ac1873c37f36ea&3acb99fb17389ece6c63b5585bcad353&cfb8e82a357bfe3b0813eba931c09093,https://v39.tiktokcdn-us.com/37396af20bfeb61a214fd1ff22bb98b8/61e541c3/video/tos/useast2a/tos-useast2a-ve-0068c002/7eeeb48d29a048fb8a43c2e4f44e7786/?a=1233&br=4008&bt=2004&cd=0%7C0%7C0&ch=0&cr=3&cs=2&cv=1&dr=0&ds=3&er=&ft=c~.Zm4L-gXoInz7T&l=20220117041523010113006205195694C3&lr=all&mime_type=video_mp4&net=0&pl=0&qs=14&rc=M3V0ZDxmOjtuNDMzMzczM0ApOmUzOjc6aGQ5N2k2O2c2ZmduZGVtNmVzMWRgLS02MTZzc2FeM2MtMTEvMy8uNDA2NmI6Yw%3D%3D&vl=&vr=
38,v090443b0000bu7hkfqqsv284dioh21g,15555,689791&625195&437373,bc64bf32d9b8876e931611b1a59c620a&c7cd14cd59aeb89cca02d27d8419b646&b030984fcec14bd5f8d13e5ad4282d2e&f71bc48a79ff155ca172cd980d759ae2&9abb1085fc243e02cec4c571f97c8aea&3bd23c1a8ac27651208b250127a75045,https://v39.tiktokcdn-us.com/bc64bf32d9b8876e931611b1a59c620a/61e541ca/video/tos/useast2a/tos-useast2a-ve-0068c002/9e8ed43555484c4b83d5257edb9435d0/?a=1233&br=1346&bt=673&cd=0%7C0%7C0&ch=0&cr=3&cs=2&cv=1&dr=0&ds=6&er=&ft=c~.Zm4L-gXoInz7T&l=20220117041523010113006205195694C3&lr=all&mime_type=video_mp4&net=0&pl=0&qs=11&rc=ajVyZzt5dGlreDMzZTczM0ApZzw0Ozk2OmQ0NzVoOWRnZmcuZWYxL3BuaDRfLS0wMTZzc2IyMC1jNF40XjY2LTAwLzQ6Yw%3D%3D&vl=&vr=
39,v09044g40000c3gscaris849rbdm91rg,14975,1649189&1352918&1157202&784297,0d0c9d4a44198764a8da3d6e9ad6aa9f&bf69a878261a772178ce04c88e28f409&cd2f76598b7089f705c79c6647f04c8d&1a77205b79b27ed98ec2390253d2a972&908eda15a672864ee2148fa76c48121e&2a3ee8f155877975294f4f13dd884106&15e3900fe2835a32ad44e0e7dd81c37b&6796c48d64a79c3c2b48f7deeb7c620e,https://v39.tiktokcdn-us.com/0d0c9d4a44198764a8da3d6e9ad6aa9f/61e541c9/video/tos/useast2a/tos-useast2a-pve-0068/9d511f5263d34272a97a3e7ab284c1ce/?a=1233&br=3220&bt=1610&cd=0%7C0%7C0&ch=0&cr=3&cs=2&cv=1&dr=0&ds=3&er=&ft=c~.Zm4L-gXoInz7T&l=20220117041523010113006205195694C3&lr=all&mime_type=video_mp4&net=0&pl=0&qs=14&rc=ajRwZTw7bGR2NjMzNzczM0ApNGg7ODYzNTxpNzw8aTllNGdvNmFvMXBvYGRgLS1kMTZzczIxXi1hNmJeNS02YS1gXjU6Yw%3D%3D&vl=&vr=
40,v09044fd0000buhfv1j9iufl0fi5ir5g,19502,568440&460718&327550,1f513cfbb17a5a2d7ab493f4b2944afd&52500bc34a06bdb347fe82c6e5a04a2c&7a1aa7ce601926053907a1382bc6b37c&00ac40714ba52750539d6de4d10df3cf&5d6e1eacc0da7ac6cacbef205be49092&ff44e714b111087dce3f86a4daec836a,https://v39.tiktokcdn-us.com/1f513cfbb17a5a2d7ab493f4b2944afd/61e5423e/video/tos/useast2a/tos-useast2a-pve-0068/a27f7933c7584a20ab3fd6eb8b24a7cc/?a=1233&br=1110&bt=555&cd=0%7C0%7C0&ch=0&cr=3&cs=2&cv=1&dr=0&ds=6&er=&ft=c~.Zm4L-gXoInz7T&l=2022011704171501011300607208561443&lr=all&mime_type=video_mp4&net=0&pl=0&qs=11&rc=anU4aW94PDRpeDMzZzczM0ApZ2U2ZTU7ZDw5NzNoZDg5NGcyZmYtY2Znc2VfLS1jMTZzc2MxMmJeL2BeMzM2XmIvMTQ6Yw%3D%3D&vl=&vr=
41,v09044g40000c4oflj3c77ue62ip6i7g,18829,1005587&678099&416779,60813c55e060c7aed7aa6102d9dcfa0f&46d2eeaf5a5aeb7f01875ff89fb1246d&10afdfdfec585d76313dfa59df15c4c4&5f8123025caf2525f3eca79b7bc424c9&e770048354b29476d512764200aee52c&a08392290798a3c6c4da292b863fa368,https://v39.tiktokcdn-us.com/60813c55e060c7aed7aa6102d9dcfa0f/61e5423d/video/tos/useast2a/tos-useast2a-ve-0068c004/ba81bb2590184a42916525640ac6a34f/?a=1233&br=1964&bt=982&cd=0%7C0%7C0&ch=0&cr=3&cs=2&cv=1&dr=0&ds=6&er=&ft=c~.Zm4L-gXoInz7T&l=2022011704171501011300607208561443&lr=all&mime_type=video_mp4&net=0&pl=0&qs=11&rc=amxzNWg6Zm1pNzMzNzczM0ApOTpnNDZkZ2U3Nzc7Zzg4OWc0M2YzcjQwaWxgLS1kMTZzc2AyNmA1MTRgNS40LjViM186Yw%3D%3D&vl=&vr=
42,v09044g40000c3mrtfbc77uahb02m4jg,7149,1009186&814846&469416&322285,4e3248752c2cd7eb05b574349cbd9032&0b20718931eec9753e019ce7410f044d&60034ec215be68fb190e69b152d45079&1c49a1c1d5a8267319b132c1400f4469&c2c302b3fd15f0a427fcf48e2609ce17&b27b87747597e3b29f50df23f5676c59&2fc503b2bc2720913e4c056ac6c67f96&346eae548d113c9548aa1544ad63884a,https://v39.tiktokcdn-us.com/4e3248752c2cd7eb05b574349cbd9032/61e54231/video/tos/useast2a/tos-useast2a-pve-0068/3ebc7ee2989f443883330b31dfab49f4/?a=1233&br=1970&bt=985&cd=0%7C0%7C0&ch=0&cr=3&cs=2&cv=1&dr=0&ds=3&er=&ft=c~.Zm4L-gXoInz7T&l=2022011704171501011300607208561443&lr=all&mime_type=video_mp4&net=0&pl=0&qs=14&rc=ajc1ZWQ6Zml1NjMzNzczM0ApOWg2NjxmNDw2NzY8OTg4Z2dnai1lcjRfcWpgLS1kMTZzczA1LWJgYy9jYi9eMGIvXjY6Yw%3D%3D&vl=&vr=
43,v09044g40000c442udjc77u82pan8nr0,10773,532271&468564&315901,5a55bc1e70f15838b51190c5ab440e49&7c6989baf616e9b00350e86ef5458412&36142619ca409ea502ff6fae6c5c213d&be9b3e8ed5c2acf7f1edd878d3e4b499&8221400907ff02e6d3afbf0f9f03be03&c70bb187deb1d3da36c33d1bb663d10a,https://v39.tiktokcdn-us.com/5a55bc1e70f15838b51190c5ab440e49/61e54235/video/tos/useast2a/tos-useast2a-ve-0068c004/8ef5572352a949ec98150aec8025dd70/?a=1233&br=1038&bt=519&cd=0%7C0%7C0&ch=0&cr=3&cs=2&cv=1&dr=0&ds=6&er=&ft=c~.Zm4L-gXoInz7T&l=2022011704171501011300607208561443&lr=all&mime_type=video_mp4&net=0&pl=0&qs=11&rc=M3Fxczs6Zmc1NzMzNzczM0ApOWdkPDllaDtlNzs0aDdmNmdvNV4vcjRncjFgLS1kMTZzczFiXzQzNjU0NV9fLWBfXl86Yw%3D%3D&vl=&vr=
44,v12044gd0000c6438f3c77uf5sb2qspg,7637,438273&308591&211521&145661,cba5feb133014f744a9c283d2761d1ba&baa167caf9e64914202e9007b7eee8f6&d62a006a72a9dd4314b9dc33a66f011e&ae0616aa7bd9a1ec3fb9bb9e09545b78&2d03c1744a8681e6d70f3e0d83302bbe&002bceafd60250b1b5f2fb36da1ba45c&1cc3c58057cbf3818ac42dbbc0a31276&6ccfbf56efb69d53907092e67736993d,https://v39.tiktokcdn-us.com/cba5feb133014f744a9c283d2761d1ba/61e54232/video/tos/useast5/tos-useast5-ve-0068c004-tx/76d2b8ec07e045ac97babd32e7849b66/?a=1233&br=856&bt=428&cd=0%7C0%7C0&ch=0&cr=3&cs=2&cv=1&dr=0&ds=3&er=&ft=c~.Zm4L-gXoInz7T&l=2022011704171501011300607208561443&lr=all&mime_type=video_mp4&net=0&pl=0&qs=14&rc=anY1dmk6Zmk2OTMzZzczNEApNTM7PDplZDs3N2k3NTQ0NGdtbl8ycjQwNTFgLS1kMS9zcy1iMTNhMjVgXzFhX2MvNWI6Yw%3D%3D&vl=&vr=
45,v09044g40000c3r8kabc77u0jldggbg0,12769,2330361&1704943&1469448&996082,d0f223f7be5f7a0b2111be8969d7725b&0c8f9d6927adcefbe36510145fa6ab6a&9ee6cc29e906e809557b822fc1b92ea9&163238fb02c84443bd81622932a10051&2db61e37ce4e2fec8098700b869f099d&b776e39bc5620aac46ae4e55199a933a&f3fb123c6318a6c96e4dc509815d0b4b&d416d5b0fed0560a8be37150058d7c6c,https://v39.tiktokcdn-us.com/d0f223f7be5f7a0b2111be8969d7725b/61e54237/video/tos/useast2a/tos-useast2a-pve-0068/8cab7da36e664048988304d7ef7a47b7/?a=1233&br=4550&bt=2275&cd=0%7C0%7C0&ch=0&cr=3&cs=2&cv=1&dr=0&ds=3&er=&ft=c~.Zm4L-gXoInz7T&l=2022011704171501011300607208561443&lr=all&mime_type=video_mp4&net=0&pl=0&qs=14&rc=M2VqbzM6ZmQ7NjMzNzczM0ApaDY2PGk8aTs8NzhpPDg8OmdkZGFncjRfaG9gLS1kMTZzcy1jY2BgMF5iMjQwLS8wYGA6Yw%3D%3D&vl=&vr=
46,v09025g40000c5tphj3c77u9non5uja0,11632,391326&216922&156694,809319eb9a966c62a52fb5a8ec7c0437&3a5211e856b0bc2e486fa25d8ec463b1&6390c29e7ef2b2cc3fd811ddfdd2d6f7&e5eae2df715ffcbef90987356dc76e42&28c5f2a2e71f9d64d04b304f606bc867&a2af258d40df5e25e2c6b58400aba7f8,https://v39.tiktokcdn-us.com/809319eb9a966c62a52fb5a8ec7c0437/61e54236/video/tos/useast2a/tos-useast2a-pve-0068/0db5a52be4814ca482755ba7b47a0966/?a=1233&br=764&bt=382&cd=0%7C0%7C0&ch=0&cr=3&cs=2&cv=1&dr=0&ds=6&er=&ft=c~.Zm4L-gXoInz7T&l=2022011704171501011300607208561443&lr=all&mime_type=video_mp4&net=0&pl=0&qs=11&rc=M204cjw6Zm1zODMzNzgzM0ApZmZkOGdkaTs0NztmODk3aGdecmtrcjQwZXFgLS1kLzZzc2BjMWAwLTRfMC8wYmAuNGI6Yw%3D%3D&vl=&vr=
47,v09044g40000c4kh153c77u3i2t1e3f0,20710,790267&584037&389756&259282,4b6aef44baa6421dde791234073ed1da&ce7e869c52bf33ade8ab4336c0a324b7&587d2e511a6810f216bd2bd3eb5fdcf3&bec8a51847ea73c242f11bc8d175670a&f12342ff461f2ffca54e189a6e42886b&046cc0143ea4bba7b228a04ca73b8a0e&112439431ff04605ac12e5b3ec055879&8320b9cc4ea0aee83f1636528f989aef,https://v39.tiktokcdn-us.com/4b6aef44baa6421dde791234073ed1da/61e5423f/video/tos/useast2a/tos-useast2a-ve-0068c004/fc7e9f17e2344ce89e8aa991b7d0e895/?a=1233&br=1542&bt=771&cd=0%7C0%7C0&ch=0&cr=3&cs=2&cv=1&dr=0&ds=3&er=&ft=c~.Zm4L-gXoInz7T&l=2022011704171501011300607208561443&lr=all&mime_type=video_mp4&net=0&pl=0&qs=14&rc=MzY0NTY6ZjhrNzMzNzczM0ApOGY1OzNoNjs2NzZlM2UzOWdjYnFmcjQwLmhgLS1kMTZzc2IzLy1iNjNeYC4uMTIuLTA6Yw%3D%3D&vl=&vr=
48,v09044g40000c31h4berlhljq0la6gmg,11702,1276937&955175&436320&297005,458e926c087036b942495e06d85547ba&7c509e95fe98d19528f5738165f56a14&372d08ff2681e1ce68037c85ef5e6b78&0bb77c9538acc13cf56a2270ef325f42&b27a094fe918e03d7059152c5076da59&82d8bd12de598992f79b3ab9af0b627d&5d9bba31e61069dc2e0e2d6ca71c6de5&4903cc0da91a348895e862a572209431,https://v39.tiktokcdn-us.com/458e926c087036b942495e06d85547ba/61e54236/video/tos/useast2a/tos-useast2a-ve-0068c001/c3efc14c6e3045bb9d9a7123d0c5447d/?a=1233&br=2494&bt=1247&cd=0%7C0%7C0&ch=0&cr=3&cs=2&cv=1&dr=0&ds=3&er=&ft=c~.Zm4L-gXoInz7T&l=2022011704171501011300607208561443&lr=all&mime_type=video_mp4&net=0&pl=0&qs=14&rc=ampkM21rdWVrNjMzNzczM0ApZ2g5Njs0PGVoNzNkNzdoPGdqM2luaWliMS5gLS1kMTZzczBjYGMyLjQ2My4uLTYyMjE6Yw%3D%3D&vl=&vr=
49,v09044g40000c3odp7bc77u6gocp9d6g,6662,1213038&1048223&705115,ab6e88fec01aac579c290b1d8bf8c3f8&79cf97aeec6bb8191e4dbf1bfe1208b6&b0ba72ed5a2e4d8fcb86a71fb575f8b1&abd7d34df2a48a619282568401464dfe&79c18f473a04d355b0851f6c029f895d&029145eb0d75779ff70a475d8e6b25ca,https://v39.tiktokcdn-us.com/ab6e88fec01aac579c290b1d8bf8c3f8/61e54231/video/tos/useast2a/tos-useast2a-ve-0068c003/de59c410050643d6ae007381bedffa4e/?a=1233&br=2368&bt=1184&cd=0%7C0%7C0&ch=0&cr=3&cs=2&cv=1&dr=0&ds=6&er=&ft=c~.Zm4L-gXoInz7T&l=2022011704171501011300607208561443&lr=all&mime_type=video_mp4&net=0&pl=0&qs=11&rc=amdzcjk6ZjpnNjMzNzczM0ApOTQ2NzdlPDs1N2Q8ZWc4N2czNmBkcjRfbWxgLS1kMTZzc2MvNS8tMy8zYDItXzIvLWA6Yw%3D%3D&vl=&vr=
50,v10044g50000c46ig0bc77u3svl4snj0,15439,1003742&711074&460554,a3dbe18cf03baee0b345c05eab844665&8a13b691a941c4e39bf7667d90c8882b&2ce4b678e9b4cd7d615637c05c8e803f&15e73b8bf28fc57a9da205afd9fdf788&efc9900b0f4868ee117b86a14dc5e21d&2ca6b69518a9650d28b97be1841f18f4,https://v16m.tiktokcdn-us.com/a3dbe18cf03baee0b345c05eab844665/61e5428b/video/tos/alisg/tos-alisg-pve-0037c001/e423ff66fd7745cca108a9f2edb90248/?a=1233&br=1960&bt=980&cd=0%7C0%7C0&ch=0&cr=3&cs=2&cv=1&dr=0&ds=6&er=&ft=c~.Zm4L-gXoInz7T&l=202201170418350101130060692659CDF4&lr=all&mime_type=video_mp4&net=0&pl=0&qs=11&rc=M3E3eTY6ZjNsNzMzODczNEApOzk4M2Q2OTtoNzxpOWhoZGdncGlwcjRfZDNgLS1kMS1zczItY19iMzNhYzJfYTExYTI6Yw%3D%3D&vl=&vr=
51,v09044g40000c34mtnth8h41mpjnku00,7382,1175019&925927&534792&327161,f95b3b4a5a4e57dc755ef6ed4560b64b&0d0bf5df765729e9893e416e89db84e5&aa7075b3343097f7ca43b33b50876ce9&b56729d960769f6b4f4bbfeb707f4922&149841459ac14ced1d5d3b6e6bfa89c1&256687be8943bdffd4d863b7b74031c8&a5590c17b74f0b911637ec4a53b35b9e&34fcf03660c2e879c282b2956b7e7c83,https://v16m.tiktokcdn-us.com/f95b3b4a5a4e57dc755ef6ed4560b64b/61e54283/video/tos/useast2a/tos-useast2a-ve-0068c002/18dc538910c34b97b0ba2334398c0c1c/?a=1233&br=2294&bt=1147&cd=0%7C0%7C0&ch=0&cr=3&cs=2&cv=1&dr=0&ds=3&er=&ft=c~.Zm4L-gXoInz7T&l=202201170418350101130060692659CDF4&lr=all&mime_type=video_mp4&net=0&pl=0&qs=14&rc=M3hxczRra3FwNjMzNzczM0ApOmVnZTNmPGVkNzg5OjMzZmctaGdqMTVxcTFgLS1kMTZzczBeYDMyMS1iXjE2L2BgYjU6Yw%3D%3D&vl=&vr=
52,v09044g40000c4ogfhrc77u057cokt50,11283,1788582&1332930&1009342&674293,0c3a9bbf2f6e567e4b3e9fd620d23383&ead862e288a9c4c3965f5e8fbe0107c3&973c494e52a5689c85009e77931c72ee&c85a30f6ef25107dcff513e7c2d0c484&dd2fed196b77f4d0a640e8900ec6e645&2f447d6c42d989f2b23255d7d268095d&49fa66101e85eea723ad4ee648bcd76c&b69e0ca9f668e4c0d1a2732d9a1cac75,https://v16m.tiktokcdn-us.com/0c3a9bbf2f6e567e4b3e9fd620d23383/61e54287/video/tos/useast2a/tos-useast2a-ve-0068c004/37fdace7ea5e47a28e67f8ddd291d8cf/?a=1233&br=3492&bt=1746&cd=0%7C0%7C0&ch=0&cr=3&cs=2&cv=1&dr=0&ds=3&er=&ft=c~.Zm4L-gXoInz7T&l=202201170418350101130060692659CDF4&lr=all&mime_type=video_mp4&net=0&pl=0&qs=14&rc=M3dyOjM6ZmtqNzMzNzczM0ApNTQ1PGg2NTxmN2dkOzc6ZGcyaGAycjRvY2xgLS1kMTZzczA1Xy9gMC5gXzZjMC9eMl86Yw%3D%3D&vl=&vr=
53,v09044310000bmoil77ho6foanv5jaj0,8267,1413832&978032&948578&551346,c87e2e6487e08df957148e5acfb4ae0c&fdaec444cbf4397e14c1b644e3be4e3b&a66c6a697210987d8c2e1fef351274ee&46c5b9391f0cab99d26925cd4d11b351&dfb3819bc9c464282c16536effc5af2d&1cab7b3a2c45aa5d0c61f9ee0b53e38a&44a7a1d68e8c6a3fe659fd535b13b25d&4c7c195459042b84c6c5cf6f27678276,https://v16m.tiktokcdn-us.com/c87e2e6487e08df957148e5acfb4ae0c/61e54284/video/tos/useast2a/tos-useast2a-ve-0068/ddd5955b873440ed8f5b7bf11392250d/?a=1233&br=2760&bt=1380&cd=0%7C0%7C0&ch=0&cr=3&cs=2&cv=1&dr=0&ds=3&er=&ft=c~.Zm4L-gXoInz7T&l=202201170418350101130060692659CDF4&lr=all&mime_type=video_mp4&net=0&pl=0&qs=14&rc=M2Q4cXI5azpscDMzNDczM0ApaWVmNDQ3NztoNztlODY4OWdnZ3NeY2w0aWxfLS0wMTZzc19fMi00Nl8zMTVjYy0yY146Yw%3D%3D&vl=&vr=
54,v09044g40000c2gsjnial962u1po35p0,6430,770553&599707&407073,4108ff4dd59905fe81a445d2c3daf080&e57636c79810274f577341fe2a310024&2064487838814a367a62ef0414094de4&ad016913f528a482cc25c490de29b77f&b879245f3f4c5a1ff4d31d64f5d82fdd&46fa8734726e3424e441c092ffebefd3,https://v16m.tiktokcdn-us.com/4108ff4dd59905fe81a445d2c3daf080/61e54282/video/tos/useast2a/tos-useast2a-ve-0068c003/c87454664ebb4e1a9171e23979c58e98/?a=1233&br=1504&bt=752&cd=0%7C0%7C0&ch=0&cr=3&cs=2&cv=1&dr=0&ds=6&er=&ft=c~.Zm4L-gXoInz7T&l=202201170418350101130060692659CDF4&lr=all&mime_type=video_mp4&net=0&pl=0&qs=11&rc=MzhyNDU8ZHF2NTMzNzczM0ApZzg8Mzc7OjtmN2g4ZGdkOmdtMG1yM2lmZ2RgLS1kMTZzczAxMDY2LjI1Nl4zNS5iYDU6Yw%3D%3D&vl=&vr=
55,v09044g40000c410g73c77uf1vhdufc0,8635,1640421&1292537&1074754&697653,1e50b6246487be1b7594cebe409413f7&acc6b8cbd820dd50112bf295af08c9b7&3e5d4f0a38af1d116a169bc5baddba18&c7cb3a96c46a78f135c7980ad3429b70&c0bcf1dac8a9f60d2041ab6c757530a4&06dd3af14158cbd5a106b9b4337a4b20&f172714fdcec3defcf11c12cef9d7156&59b25e15994585206e36e4efee44a337,https://v16m.tiktokcdn-us.com/1e50b6246487be1b7594cebe409413f7/61e54284/video/tos/useast2a/tos-useast2a-pve-0068/186f2293eddc429e855872f618200d52/?a=1233&br=3202&bt=1601&cd=0%7C0%7C0&ch=0&cr=3&cs=2&cv=1&dr=0&ds=3&er=&ft=c~.Zm4L-gXoInz7T&l=202201170418350101130060692659CDF4&lr=all&mime_type=video_mp4&net=0&pl=0&qs=14&rc=M2lneWk6ZjozNzMzNzczM0ApaGc8OTNmNGU7NzUzODU8M2dgcmUucjQwZC5gLS1kMTZzczAyMS4zYjFgMC00M2AyLWA6Yw%3D%3D&vl=&vr=
56,v09044g40000c3ai05e0nro67dgk3fbg,9286,1284202&756360&437868&275058,731aa01c70e670ff22873c81a95ac582&de78d86f1b73180365205309611b0f0b&8c87f4c8b24f40565342cb7432837d5c&0cf7b873b918691dceff7f900608f596&e0b78b7f52816835dfb116aaf8e4eee5&7e071759a2078f9517306a83681c4f44&81f487daa5f60d2a53e54a35cd9e2604&5f0500371ff33530aa984cf7119f7049,https://v16m.tiktokcdn-us.com/731aa01c70e670ff22873c81a95ac582/61e54285/video/tos/useast2a/tos-useast2a-pve-0068/e6e3a6962bc94b55b4ea6c5013954c7f/?a=1233&br=2508&bt=1254&cd=0%7C0%7C0&ch=0&cr=3&cs=2&cv=1&dr=0&ds=3&er=&ft=c~.Zm4L-gXoInz7T&l=202201170418350101130060692659CDF4&lr=all&mime_type=video_mp4&net=0&pl=0&qs=14&rc=amluZzl1MzhsNjMzNzczM0ApNGc3Zmk5Zjw2NzxlZ2RnPGdfMGQ0bGtiLV5gLS1kMTZzczJjNS8tYGIvLmI1Y180YS86Yw%3D%3D&vl=&vr=
57,v09044g40000c45clkjc77u4160srdj0,19781,594321&416882&283318&196864,55c684acdf1dc82c2946cb90087b3ccb&fb32410aabc90d19c2cfdea56086275e&8dbc508860afc59699d730f4883ef2e4&6218fc9eec4dcb702e67063dd195d1fd&f84c25c4ccc95aabe5f00a61a6f8907d&782dc09db54359521e233a4438370fc2&29cdda577bf3926158fac7d3526123de&53402889d16bc05dd4bb56e8aa1d866a,https://v16m.tiktokcdn-us.com/55c684acdf1dc82c2946cb90087b3ccb/61e5428f/video/tos/useast2a/tos-useast2a-ve-0068c001/f9d901e8f28941f9bfce8994d038f273/?a=1233&br=1160&bt=580&cd=0%7C0%7C0&ch=0&cr=3&cs=2&cv=1&dr=0&ds=3&er=&ft=c~.Zm4L-gXoInz7T&l=202201170418350101130060692659CDF4&lr=all&mime_type=video_mp4&net=0&pl=0&qs=14&rc=M2d2OTc6Zm5mNzMzNzczM0ApZDw6PDg8OTw6NzpoOztmPGdnby0ucjRnaTJgLS1kMTZzc2ItYzZiMjQvXi8zYy4uNjA6Yw%3D%3D&vl=&vr=
58,v09044g40000c4aqt4bc77uek70jn260,14603,853714&490562&304377,34f3ab9e11c15e79bb76826c9193d735&2ec996d2f8631fcde4d9292adaf4ee3e&9638c67c1f08dc1d15ee7c22ade2cc4c&4c013745956f8c14e4ae46e816d7c07f&130978323ec75d4d6998cf0cf9951045&634839b7046e09e41a5e217d6ad51580,https://v16m.tiktokcdn-us.com/34f3ab9e11c15e79bb76826c9193d735/61e5428a/video/tos/useast2a/tos-useast2a-ve-0068c003/f5ab0881c8614d2997fc3563a380cca5/?a=1233&br=1666&bt=833&cd=0%7C0%7C0&ch=0&cr=3&cs=2&cv=1&dr=0&ds=6&er=&ft=c~.Zm4L-gXoInz7T&l=202201170418350101130060692659CDF4&lr=all&mime_type=video_mp4&net=0&pl=0&qs=11&rc=MzVtOmg6Zjd0NzMzNzczM0ApZ2lnPGlkPDw8NzM6aGQ4aGczay1ocjRfcV5gLS1kMTZzcy0tX2JjX18yMzM2LmFhNTM6Yw%3D%3D&vl=&vr=
59,v09044g40000c3vdmejc77u7uoaiehrg,11330,566505&438577&226220&162988,4a6d97d8acb563f980c87238ef6f1f16&8bd0bb23db23482e4b6205ad34ca5f60&3d300eb92eba814d18b62fbe135a3971&a0f2bb38f6b48ae3dfa1f694b317ab63&1674926c4013adf46d918d30c58ccd68&2da9819cbf31e4aa785c62db15cb21b3&13f4e503da342e616c259b45703dfbcf&6a0e924f856ef2f857f3ba3bb267dba2,https://v16m.tiktokcdn-us.com/4a6d97d8acb563f980c87238ef6f1f16/61e54287/video/tos/useast2a/tos-useast2a-pve-0068/dd6af54476d34c538cb4008e341b415b/?a=1233&br=1106&bt=553&cd=0%7C0%7C0&ch=0&cr=3&cs=2&cv=1&dr=0&ds=3&er=&ft=c~.Zm4L-gXoInz7T&l=202201170418350101130060692659CDF4&lr=all&mime_type=video_mp4&net=0&pl=0&qs=14&rc=amtscjo6ZmhnNjMzNzczM0ApOzVmNDg0Ojs8N2g7OWk2ZmdvYl5ycjRnanNgLS1kMTZzc2A0YTQ2NDMtMjExNDQwLS06Yw%3D%3D&vl=&vr=
