video/mp4, bytes 0-1504969/1504970, 1642389150.836478, 1642389150.8379588, 1642389150.8683174, 1642389152.3464682, v25-us.tiktokcdn.com, 22e9628e58126f0eb5b3c9768f418bbd, /22e9628e58126f0eb5b3c9768f418bbd/61e5330d/video/tos/useast2a/tos-useast2a-pve-0068/6b5a04f2ff2343669a6ee8c6ab47d902/?a=1233&br=1548&bt=774&cd=0%7C0%7C0&ch=0&cr=3&cs=2&cv=1&dr=0&ds=3&er=&ft=xo5uS4L-gXoInz7T&l=202201170312290102231200161AB094A6&lr=all&mime_type=video_mp4&net=0&pl=0&qs=14&rc=MzluNDo6ZmtvOjMzNzczM0ApNzNoZmdlZTs5N2c1ZDQ2M2dwLi5hcjRnZDFgLS1kMTZzc2NjMl4zM2FfMGA0MTRjLV86Yw%3D%3D&vl=&vr=
video/mp4, bytesbytes 0-636250/636251, 1642389157.0865924, 1642389157.0879319, 1642389157.1003363, 1642389157.78269, v19-us.tiktokcdn.com, ab595cf2a7d3a34f29dd3729743fec40, /ab595cf2a7d3a34f29dd3729743fec40/61e5330d/video/tos/maliva/tos-maliva-ve-0068c799-us/b8eae08854054c35aabe9e4b239ed064/?a=1233&br=906&bt=453&cd=0%7C0%7C0&ch=0&cr=3&cs=2&cv=1&dr=0&ds=6&er=&ft=.NpOiIFh7KNWH6BaiamiLo&l=20220117031234010190186038212C7738&lr=all&mime_type=video_mp4&net=0&pl=0&qs=4&rc=M2RtaTs6ZnY0OjMzZzczNEApNmRmOjw6Ojw5Nzo5ZjM1ZWc0cW1wcjQwMTZgLS1kMS9zc141NS8xXmI2LmE0LmJgYzQ6Yw%3D%3D&vl=&vr=
video/mp4, bytesbytes 0-1025727/1025728, 1642389161.6340516, 1642389161.6349804, 1642389161.6437078, 1642389163.189964, v19-us.tiktokcdn.com, cda4fb1f99759c389f8bb7852ec48800, /cda4fb1f99759c389f8bb7852ec48800/61e53311/video/tos/maliva/tos-maliva-ve-0068c799-us/f01f89120c22420785cecc81b787ec53/?a=1233&br=1070&bt=535&cd=0%7C0%7C0&ch=0&cr=3&cs=2&cv=1&dr=0&ds=6&er=&ft=.NpOiIFh7KNWH6BaiamiLo&l=20220117031234010190186038212C7738&lr=all&mime_type=video_mp4&net=0&pl=0&qs=5&rc=M21sbDs6ZnFkOjMzZzczNEApNTk6OGdnOjs1N2k0NzU0NGdrcC5ocjQwamZgLS1kMS9zc2IwYV80LTNhMWJhLzYuMGA6Yw%3D%3D&vl=&vr=
video/mp4, bytes, 1642389198.3832626, 1642389198.3841615, 1642389198.3979917, 1642389198.6997027, v19.tiktokcdn-us.com, 6baa89dc8c1b8a432284a91b6663cd3a, /6baa89dc8c1b8a432284a91b6663cd3a/61e53323/video/tos/useast2a/tos-useast2a-pve-0068/1ff73ed8995540e392ee5ef1f90c1730/?a=1233&br=726&bt=363&cd=0%7C0%7C0&ch=0&cr=3&cs=2&cv=1&dr=0&ds=6&er=&ft=c~.Zm4L-gXoInz7T&l=202201170313000101131351540F4BB18D&lr=all&mime_type=video_mp4&net=0&pl=0&qs=5&rc=anRuNnZvNHNodzMzODczM0ApN2k1OTw3NWVlNzg2Omc6OGdtYnJpNTJzXnJfLS1iMTZzczBhNC4yX2IuYmMuMWBjLzE6Yw%3D%3D&vl=&vr=
video/mp4, bytesbytes 0-766503/766504, 1642389199.0225503, 1642389199.024023, 1642389199.0354364, 1642389199.6573036, v19.tiktokcdn-us.com, 158da47151b087df79bcae4ecb5c6059, /158da47151b087df79bcae4ecb5c6059/61e53328/video/tos/useast5/tos-useast5-ve-0068c001-tx/e0b5935a00244a96a26e97757fa0313d/?a=1233&br=952&bt=476&cd=0%7C0%7C0&ch=0&cr=3&cs=2&cv=1&dr=0&ds=3&er=&ft=c~.Zm4L-gXoInz7T&l=202201170313000101131351540F4BB18D&lr=all&mime_type=video_mp4&net=0&pl=0&qs=14&rc=M2RmZGQ6ZjNzOjMzZzczNEApOTtoZWk4ZTxpN2UzNzpnOWdrLWxocjRnc19gLS1kMS9zczRhMmNhYDE2YTQyMS5gMS86Yw%3D%3D&vl=&vr=
video/mp4, bytesbytes 0-1024000/2209343, 1642389200.03432, 1642389200.0357234, 1642389200.046404, 1642389201.0482216, v19.tiktokcdn-us.com, 16bc7dea0ff7f01fc4635f47ca0bbc52, /16bc7dea0ff7f01fc4635f47ca0bbc52/61e53330/video/tos/useast2a/tos-useast2a-ve-0068c003/a3916a82751449e5bc996d3ea4c44e77/?a=1233&br=1710&bt=855&cd=0%7C0%7C0&ch=0&cr=3&cs=2&cv=1&dr=0&ds=6&er=&ft=c~.Zm4L-gXoInz7T&l=202201170313000101131351540F4BB18D&lr=all&mime_type=video_mp4&net=0&pl=0&qs=5&rc=ajx1NTU6ZmdqOTMzNzczM0ApZmk0NjlpOGQ4N2U4NTg8aGcwcTEucjQwbnJgLS1kMTZzc2EzYGBjLTYyNTNgYi1fNTY6Yw%3D%3D&vl=&vr=
video/mp4, bytesbytes 0-878633/878634, 1642389201.5085258, 1642389201.5101519, 1642389201.5229428, 1642389202.4209073, v19.tiktokcdn-us.com, 74fd4307909e7924cd4cddeda5224743, /74fd4307909e7924cd4cddeda5224743/61e5332d/video/tos/useast2a/tos-useast2a-pve-0068/52bbbd3d4f604a6c82a0b217a8755c8c/?a=1233&br=770&bt=385&cd=0%7C0%7C0&ch=0&cr=3&cs=2&cv=1&dr=0&ds=6&er=&ft=c~.Zm4L-gXoInz7T&l=202201170313000101131351540F4BB18D&lr=all&mime_type=video_mp4&net=0&pl=0&qs=4&rc=anZ3NmhraW1tNDMzNzczM0ApNzY5ZzdlZDs5NzRpNWU7Nmdubmg0Ml9oYGhgLS1kMTZzczE1NmMyNWJjX2JhMS8xNC46Yw%3D%3D&vl=&vr=
video/mp4, bytes 0-1024000/3199001, 1642389203.2054913, 1642389203.2062206, 1642389203.2415843, 1642389204.2060313, v25.tiktokcdn-us.com, f917572154523b00700517a9c08533dc, /f917572154523b00700517a9c08533dc/61e53349/video/tos/useast2a/tos-useast2a-pve-0068/d71c0e8d4bdd441cb28765ca3433472b/?a=1233&br=1084&bt=542&cd=0%7C0%7C0&ch=0&cr=3&cs=2&cv=1&dr=0&ds=3&er=&ft=c~.Zm4L-gXoInz7T&l=202201170313000101131351540F4BB18D&lr=all&mime_type=video_mp4&net=0&pl=0&qs=14&rc=M25oMzw6ZjhqNjMzNzczM0ApN2kzaWQ4NDtmN2c6ZTg8aWdrYjJlcjRfNmlgLS1kMTZzczA0YmNjY2AtYDI2MDBfNjY6Yw%3D%3D&vl=&vr=
video/mp4, bytesbytes 0-1024000/1181632, 1642389204.6442378, 1642389204.6457922, 1642389204.6844492, 1642389205.7815576, v19.tiktokcdn-us.com, c56ec1a63734e88619a724a7619f421a, /c56ec1a63734e88619a724a7619f421a/61e5332c/video/tos/useast2a/tos-useast2a-pve-0068/353eea5c512a4e96bf4aed8f1a7c9fe9/?a=1233&br=1108&bt=554&cd=0%7C0%7C0&ch=0&cr=3&cs=2&cv=1&dr=0&ds=3&er=&ft=c~.Zm4L-gXoInz7T&l=202201170313000101131351540F4BB18D&lr=all&mime_type=video_mp4&net=0&pl=0&qs=14&rc=MzZ4bjQ6ZmtoNzMzNzczM0ApODc0NGk0NmVlN2Q7OjczM2c0MGRjcjQwci9gLS1kMTZzcy8tMWFiYS5fMzIyNTUxXy06Yw%3D%3D&vl=&vr=
video/mp4, bytes, 1642389219.7771976, 1642389219.77809, 1642389219.8073478, 1642389220.0265105, sf16-sg.tiktokcdn.com, obj, /obj/tiktok-obj/benchmark_video_2s.mp4?73a925431aac3cf511e0fb73158c9be8
video/mp4, bytes, 1642389220.211688, 1642389220.2170553, 1642389220.2520924, 1642389220.5286603, sf16-sg.tiktokcdn.com, obj, /obj/tiktok-obj/benchmark_video_720_bytevc1_2s.mp4?c6b2f994c3b532d088af631d1b6c09e3
video/mp4, bytesbytes 0-1024000/1492687, 1642389220.202739, 1642389220.2039115, 1642389220.2195783, 1642389221.4304867, v19.tiktokcdn-us.com, 54cacf7350efc883aeefae1d561da12a, /54cacf7350efc883aeefae1d561da12a/61e53333/video/tos/useast2a/tos-useast2a-ve-0068c004/02c11bae6e0c4bbaa3a6e4b386e22249/?a=1233&br=980&bt=490&cd=0%7C0%7C0&ch=0&cr=3&cs=2&cv=1&dr=0&ds=6&er=&ft=c~.Zm4L-gXoInz7T&l=202201170313000101131351540F4BB18D&lr=all&mime_type=video_mp4&net=0&pl=0&qs=4&rc=amQ1NTN2aDpmNjMzNzczM0ApNmg5OTw2ODtnNzhoO2RlNWc0LmVxZWpmNjBgLS1kMTZzczQyLy8wYjAyLl9jL2JjXjQ6Yw%3D%3D&vl=&vr=
video/mp4, bytesbytes 1024000-2209342/2209343, 1642389222.973801, 1642389222.9765716, 1642389223.0144038, 1642389225.1566167, v19.tiktokcdn-us.com, 16bc7dea0ff7f01fc4635f47ca0bbc52, /16bc7dea0ff7f01fc4635f47ca0bbc52/61e53330/video/tos/useast2a/tos-useast2a-ve-0068c003/a3916a82751449e5bc996d3ea4c44e77/?a=1233&br=1710&bt=855&cd=0%7C0%7C0&ch=0&cr=3&cs=2&cv=1&dr=0&ds=6&er=&ft=c~.Zm4L-gXoInz7T&l=202201170313000101131351540F4BB18D&lr=all&mime_type=video_mp4&net=0&pl=0&qs=5&rc=ajx1NTU6ZmdqOTMzNzczM0ApZmk0NjlpOGQ4N2U4NTg8aGcwcTEucjQwbnJgLS1kMTZzc2EzYGBjLTYyNTNgYi1fNTY6Yw%3D%3D&vl=&vr=
video/mp4, bytesbytes 0-1024000/3653700, 1642389225.6918156, 1642389225.7055373, 1642389225.7200592, 1642389227.7654135, v19.tiktokcdn-us.com, bc3a739c072951ad974afac20d2dc0c4, /bc3a739c072951ad974afac20d2dc0c4/61e5334e/video/tos/useast2a/tos-useast2a-ve-0068c001/5bc95ee24c964e9b933f7770c02b2951/?a=1233&br=1136&bt=568&cd=0%7C0%7C0&ch=0&cr=3&cs=2&cv=1&dr=0&ds=6&er=&ft=c~.Zm4L-gXoInz7T&l=202201170313000101131351540F4BB18D&lr=all&mime_type=video_mp4&net=0&pl=0&qs=5&rc=M2plODQ6ZjllNjMzNzczM0ApNWUzOGQ7NTw4Nzg8ZWU8O2drLmJucjQwLnBgLS1kMTZzczBjNjQvMDZeYS8xNGEvMDA6Yw%3D%3D&vl=&vr=
video/mp4, bytesbytes 0-283561/283562, 1642389228.2782817, 1642389228.2806578, 1642389228.3071022, 1642389228.7147827, v19.tiktokcdn-us.com, b14edf97df06c49625831e0ebd8a5d17, /b14edf97df06c49625831e0ebd8a5d17/61e53322/video/tos/useast2a/tos-useast2a-ve-0068c003/c82291f2f7744bbabb097f3a38918c6a/?a=1233&br=666&bt=333&cd=0%7C0%7C0&ch=0&cr=3&cs=2&cv=1&dr=0&ds=6&er=&ft=c~.Zm4L-gXoInz7T&l=202201170313000101131351540F4BB18D&lr=all&mime_type=video_mp4&net=0&pl=0&qs=4&rc=anVseHJvbmdtdTMzZjczM0ApZWc2M2g4PDs6N2g5ZDdkaWdwNDYwcnM0L3BfLS0yMTZzczE1MmBgYDNfYDYuMWM2YTE6Yw%3D%3D&vl=&vr=
video/mp4, bytes 1024000-3199000/3199001, 1642389230.8504121, 1642389230.8555388, 1642389230.930838, 1642389233.4249613, v25.tiktokcdn-us.com, f917572154523b00700517a9c08533dc, /f917572154523b00700517a9c08533dc/61e53349/video/tos/useast2a/tos-useast2a-pve-0068/d71c0e8d4bdd441cb28765ca3433472b/?a=1233&br=1084&bt=542&cd=0%7C0%7C0&ch=0&cr=3&cs=2&cv=1&dr=0&ds=3&er=&ft=c~.Zm4L-gXoInz7T&l=202201170313000101131351540F4BB18D&lr=all&mime_type=video_mp4&net=0&pl=0&qs=14&rc=M25oMzw6ZjhqNjMzNzczM0ApN2kzaWQ4NDtmN2c6ZTg8aWdrYjJlcjRfNmlgLS1kMTZzczA0YmNjY2AtYDI2MDBfNjY6Yw%3D%3D&vl=&vr=
video/mp4, bytes 0-1024000/1412515, 1642389234.2507148, 1642389234.2527225, 1642389234.3027968, 1642389235.619756, v25.tiktokcdn-us.com, faedf08b5551ef9d524f23c2c2179729, /faedf08b5551ef9d524f23c2c2179729/61e53330/video/tos/useast2a/tos-useast2a-ve-0068c003/b2a74e92317c41a98ff396e61f505581/?a=1233&br=1092&bt=546&cd=0%7C0%7C0&ch=0&cr=3&cs=2&cv=1&dr=0&ds=6&er=&ft=c~.Zm4L-gXoInz7T&l=202201170313000101131351540F4BB18D&lr=all&mime_type=video_mp4&net=0&pl=0&qs=5&rc=MzhxNTo7OmluNTMzNzczM0ApaDNlODRpZzszNzc3NDk2NWdqYzQ1Z2RibzBgLS1kMTZzc2JjMmItYy5fLi9gY2EyM2A6Yw%3D%3D&vl=&vr=
video/mp4, bytesbytes 1024000-1181631/1181632, 1642389248.4958177, 1642389248.49976, 1642389248.5249157, 1642389248.9632928, v19.tiktokcdn-us.com, c56ec1a63734e88619a724a7619f421a, /c56ec1a63734e88619a724a7619f421a/61e5332c/video/tos/useast2a/tos-useast2a-pve-0068/353eea5c512a4e96bf4aed8f1a7c9fe9/?a=1233&br=1108&bt=554&cd=0%7C0%7C0&ch=0&cr=3&cs=2&cv=1&dr=0&ds=3&er=&ft=c~.Zm4L-gXoInz7T&l=202201170313000101131351540F4BB18D&lr=all&mime_type=video_mp4&net=0&pl=0&qs=14&rc=MzZ4bjQ6ZmtoNzMzNzczM0ApODc0NGk0NmVlN2Q7OjczM2c0MGRjcjQwci9gLS1kMTZzcy8tMWFiYS5fMzIyNTUxXy06Yw%3D%3D&vl=&vr=
video/mp4, bytesbytes 1024000-1492686/1492687, 1642389254.338194, 1642389254.3391936, 1642389254.35925, 1642389255.2468553, v19.tiktokcdn-us.com, 54cacf7350efc883aeefae1d561da12a, /54cacf7350efc883aeefae1d561da12a/61e53333/video/tos/useast2a/tos-useast2a-ve-0068c004/02c11bae6e0c4bbaa3a6e4b386e22249/?a=1233&br=980&bt=490&cd=0%7C0%7C0&ch=0&cr=3&cs=2&cv=1&dr=0&ds=6&er=&ft=c~.Zm4L-gXoInz7T&l=202201170313000101131351540F4BB18D&lr=all&mime_type=video_mp4&net=0&pl=0&qs=4&rc=amQ1NTN2aDpmNjMzNzczM0ApNmg5OTw2ODtnNzhoO2RlNWc0LmVxZWpmNjBgLS1kMTZzczQyLy8wYjAyLl9jL2JjXjQ6Yw%3D%3D&vl=&vr=
video/mp4, bytesbytes 1024000-3653699/3653700, 1642389265.2531621, 1642389265.255286, 1642389265.266705, 1642389270.5095406, v19.tiktokcdn-us.com, bc3a739c072951ad974afac20d2dc0c4, /bc3a739c072951ad974afac20d2dc0c4/61e5334e/video/tos/useast2a/tos-useast2a-ve-0068c001/5bc95ee24c964e9b933f7770c02b2951/?a=1233&br=1136&bt=568&cd=0%7C0%7C0&ch=0&cr=3&cs=2&cv=1&dr=0&ds=6&er=&ft=c~.Zm4L-gXoInz7T&l=202201170313000101131351540F4BB18D&lr=all&mime_type=video_mp4&net=0&pl=0&qs=5&rc=M2plODQ6ZjllNjMzNzczM0ApNWUzOGQ7NTw4Nzg8ZWU8O2drLmJucjQwLnBgLS1kMTZzczBjNjQvMDZeYS8xNGEvMDA6Yw%3D%3D&vl=&vr=
video/mp4, bytesbytes 0-1024000/1093114, 1642389271.52138, 1642389271.54352, 1642389271.567392, 1642389273.6350203, v19.tiktokcdn-us.com, a82b78d13c18d3e9685c6220aa6451f1, /a82b78d13c18d3e9685c6220aa6451f1/61e53382/video/tos/useast2a/tos-useast2a-ve-0068c004/ebeda0edfad943b88c11b94bd99d0786/?a=1233&br=976&bt=488&cd=0%7C0%7C0&ch=0&cr=3&cs=2&cv=1&dr=0&ds=3&er=&ft=c~.Zm4L-gXoInz7T&l=20220117031425010113006209074A48F7&lr=all&mime_type=video_mp4&net=0&pl=0&qs=14&rc=amo3a2g6ZnJoNzMzNzczM0ApNGhpNzppNmQ2NzRoNGk0OWcvb2IzcjRfZzBgLS1kMTZzczM1YzIvYWIzYC5iM2AvYDE6Yw%3D%3D&vl=&vr=
video/mp4, bytesbytes 0-1024000/2492421, 1642389274.270235, 1642389274.2753913, 1642389274.3246424, 1642389276.897328, v19.tiktokcdn-us.com, 32071e4804a59dbda65120f16b1f7739, /32071e4804a59dbda65120f16b1f7739/61e53398/video/tos/useast2a/tos-useast2a-pve-0068/85f26dad7c324228908ebbb101ade411/?a=1233&br=978&bt=489&cd=0%7C0%7C0&ch=0&cr=3&cs=2&cv=1&dr=0&ds=6&er=&ft=c~.Zm4L-gXoInz7T&l=20220117031425010113006209074A48F7&lr=all&mime_type=video_mp4&net=0&pl=0&qs=5&rc=am5zdDw6ZmhqNjMzNzczM0ApOWRnZ2k2NmU0NzRoaGg5O2dtNGtncjRnb2hgLS1kMTZzczQxYF81MjRgM18wNjAxYV86Yw%3D%3D&vl=&vr=
video/mp4, bytesbytes 0-1024000/1130687, 1642389277.4307845, 1642389277.4327707, 1642389277.4509225, 1642389278.878691, v19.tiktokcdn-us.com, 3d9a2bc4bf27fb13d16cdfcda9e01d6b, /3d9a2bc4bf27fb13d16cdfcda9e01d6b/61e53380/video/tos/useast2a/tos-useast2a-ve-0068c004/4dd3485cb1714c11939fbdd0790ecb0f/?a=1233&br=1160&bt=580&cd=0%7C0%7C0&ch=0&cr=3&cs=2&cv=1&dr=0&ds=6&er=&ft=c~.Zm4L-gXoInz7T&l=20220117031425010113006209074A48F7&lr=all&mime_type=video_mp4&net=0&pl=0&qs=5&rc=MzlqN214NThwNTMzNzczM0ApNmQ5PGZnO2Q8N2VoN2ZkM2cubjNkcWZyam5gLS1kMTZzc2MyYTY2Yy4yLjYyXzMvMDA6Yw%3D%3D&vl=&vr=
video/mp4, bytesbytes 0-875044/875045, 1642389315.8524628, 1642389315.854106, 1642389315.8653314, 1642389316.9239435, v19.tiktokcdn-us.com, 4107acdd330fb4746e98435f5225170e, /4107acdd330fb4746e98435f5225170e/61e5337f/video/tos/useast5/tos-useast5-ve-0068c002-tx/0aa462b0cc9e4571a40dc25f2481c9e5/?a=1233&br=906&bt=453&cd=0%7C0%7C0&ch=0&cr=3&cs=2&cv=1&dr=0&ds=6&er=&ft=c~.Zm4L-gXoInz7T&l=20220117031425010113006209074A48F7&lr=all&mime_type=video_mp4&net=0&pl=0&qs=4&rc=amkzdjo6ZnY6OjMzZzczNEApOTdkZzQ4NGQ8NzY3aWRnO2doXnNtcjRnNTVgLS1kMS9zcy5jLy8tYTA0NmMxMzY2LS86Yw%3D%3D&vl=&vr=
video/mp4, bytes 1024000-1412514/1412515, 1642389322.720137, 1642389322.721556, 1642389322.7582886, 1642389323.2308815, v25.tiktokcdn-us.com, faedf08b5551ef9d524f23c2c2179729, /faedf08b5551ef9d524f23c2c2179729/61e53330/video/tos/useast2a/tos-useast2a-ve-0068c003/b2a74e92317c41a98ff396e61f505581/?a=1233&br=1092&bt=546&cd=0%7C0%7C0&ch=0&cr=3&cs=2&cv=1&dr=0&ds=6&er=&ft=c~.Zm4L-gXoInz7T&l=202201170313000101131351540F4BB18D&lr=all&mime_type=video_mp4&net=0&pl=0&qs=5&rc=MzhxNTo7OmluNTMzNzczM0ApaDNlODRpZzszNzc3NDk2NWdqYzQ1Z2RibzBgLS1kMTZzc2JjMmItYy5fLi9gY2EyM2A6Yw%3D%3D&vl=&vr=
video/mp4, bytesbytes 0-1024000/1069291, 1642389323.4359899, 1642389323.4380965, 1642389323.4516222, 1642389324.547372, v19.tiktokcdn-us.com, f89dd71fa7e3a3cfaf2724508579faa8, /f89dd71fa7e3a3cfaf2724508579faa8/61e5338a/video/tos/alisg/tos-alisg-pve-0037c001/4a0a9e195fa24116ac3ca1661083a252/?a=1233&br=658&bt=329&cd=0%7C0%7C0&ch=0&cr=3&cs=2&cv=1&dr=0&ds=6&er=&ft=c~.Zm4L-gXoInz7T&l=20220117031425010113006209074A48F7&lr=all&mime_type=video_mp4&net=0&pl=0&qs=4&rc=ajY3Njk6ZmU2OTMzODczNEApaDZmNjs7NWQ0NzlmM2g2ZGdsb25ucjRvM2BgLS1kMS1zczQ0MC9jNC5jMWMzNmMtLy46Yw%3D%3D&vl=&vr=
video/mp4, bytesbytes 1024000-1093113/1093114, 1642389333.9030573, 1642389333.9043026, 1642389333.9151237, 1642389333.993293, v19.tiktokcdn-us.com, a82b78d13c18d3e9685c6220aa6451f1, /a82b78d13c18d3e9685c6220aa6451f1/61e53382/video/tos/useast2a/tos-useast2a-ve-0068c004/ebeda0edfad943b88c11b94bd99d0786/?a=1233&br=976&bt=488&cd=0%7C0%7C0&ch=0&cr=3&cs=2&cv=1&dr=0&ds=3&er=&ft=c~.Zm4L-gXoInz7T&l=20220117031425010113006209074A48F7&lr=all&mime_type=video_mp4&net=0&pl=0&qs=14&rc=amo3a2g6ZnJoNzMzNzczM0ApNGhpNzppNmQ2NzRoNGk0OWcvb2IzcjRfZzBgLS1kMTZzczM1YzIvYWIzYC5iM2AvYDE6Yw%3D%3D&vl=&vr=
video/mp4, bytesbytes 0-557503/557504, 1642389334.0762901, 1642389334.0801432, 1642389334.0931456, 1642389335.0656404, v19.tiktokcdn-us.com, 101bcf623bb97e53ef3f19aebb5e4e91, /101bcf623bb97e53ef3f19aebb5e4e91/61e5337b/video/tos/useast2a/tos-useast2a-ve-0068c002/3b04e783681a450b960ddb8446dd3c3b/?a=1233&br=814&bt=407&cd=0%7C0%7C0&ch=0&cr=3&cs=2&cv=1&dr=0&ds=6&er=&ft=c~.Zm4L-gXoInz7T&l=20220117031425010113006209074A48F7&lr=all&mime_type=video_mp4&net=0&pl=0&qs=4&rc=am53bnBmZ2Z2NDMzNzczM0ApOzU6ZGhlOmQ0Nzk6NmU2ZWduZmtiZy5pNG5gLS1kMTZzc18wMl9fNTAuMF9eMmMvNC06Yw%3D%3D&vl=&vr=
video/mp4, bytesbytes 1024000-2492420/2492421, 1642389347.962005, 1642389347.963019, 1642389347.9748695, 1642389349.726979, v19.tiktokcdn-us.com, 32071e4804a59dbda65120f16b1f7739, /32071e4804a59dbda65120f16b1f7739/61e53398/video/tos/useast2a/tos-useast2a-pve-0068/85f26dad7c324228908ebbb101ade411/?a=1233&br=978&bt=489&cd=0%7C0%7C0&ch=0&cr=3&cs=2&cv=1&dr=0&ds=6&er=&ft=c~.Zm4L-gXoInz7T&l=20220117031425010113006209074A48F7&lr=all&mime_type=video_mp4&net=0&pl=0&qs=5&rc=am5zdDw6ZmhqNjMzNzczM0ApOWRnZ2k2NmU0NzRoaGg5O2dtNGtncjRnb2hgLS1kMTZzczQxYF81MjRgM18wNjAxYV86Yw%3D%3D&vl=&vr=
video/mp4, bytesbytes 0-573921/573922, 1642389350.3271716, 1642389350.328532, 1642389350.3386972, 1642389350.9724996, v19.tiktokcdn-us.com, 8a39ab3a6d0e3fe5795895407a4e20a4, /8a39ab3a6d0e3fe5795895407a4e20a4/61e5337c/video/tos/useast5/tos-useast5-ve-0068c004-tx/d967a4df34444b62921fc5ac80467075/?a=1233&br=760&bt=380&cd=0%7C0%7C0&ch=0&cr=3&cs=2&cv=1&dr=0&ds=6&er=&ft=c~.Zm4L-gXoInz7T&l=20220117031425010113006209074A48F7&lr=all&mime_type=video_mp4&net=0&pl=0&qs=4&rc=M29saWg6ZjczOjMzZzczNEApNDQ8MzQ1aGQ8N2lmMzQ3NmcyNGBocjRfX2FgLS1kMS9zczI2LTUxYWBeLzAwM2JfYC06Yw%3D%3D&vl=&vr=
video/mp4, bytesbytes 1024000-1130686/1130687, 1642389388.062705, 1642389388.0635648, 1642389388.073412, 1642389388.3208976, v19.tiktokcdn-us.com, 3d9a2bc4bf27fb13d16cdfcda9e01d6b, /3d9a2bc4bf27fb13d16cdfcda9e01d6b/61e53380/video/tos/useast2a/tos-useast2a-ve-0068c004/4dd3485cb1714c11939fbdd0790ecb0f/?a=1233&br=1160&bt=580&cd=0%7C0%7C0&ch=0&cr=3&cs=2&cv=1&dr=0&ds=6&er=&ft=c~.Zm4L-gXoInz7T&l=20220117031425010113006209074A48F7&lr=all&mime_type=video_mp4&net=0&pl=0&qs=5&rc=MzlqN214NThwNTMzNzczM0ApNmQ5PGZnO2Q8N2VoN2ZkM2cubjNkcWZyam5gLS1kMTZzc2MyYTY2Yy4yLjYyXzMvMDA6Yw%3D%3D&vl=&vr=
video/mp4, bytesbytes 0-1024000/2121440, 1642389388.4313083, 1642389388.4332345, 1642389388.448901, 1642389389.8069758, v19.tiktokcdn-us.com, fcad9d1fe3f812c157fa8ce99513d795, /fcad9d1fe3f812c157fa8ce99513d795/61e53386/video/tos/useast2a/tos-useast2a-pve-0068/bce660f83b4044319aeab83ae5a264f6/?a=1233&br=1562&bt=781&cd=0%7C0%7C0&ch=0&cr=3&cs=2&cv=1&dr=0&ds=6&er=&ft=c~.Zm4L-gXoInz7T&l=20220117031425010113006209074A48F7&lr=all&mime_type=video_mp4&net=0&pl=0&qs=5&rc=ajtwaW9vZGt5NTMzNzczM0ApMzo0ZTNlNWQ4N2Y4Zjg5Z2djaTZlczNkM2dgLS1kMTZzc2A2MC4wYy9iYTQtMmBjNl46Yw%3D%3D&vl=&vr=
video/mp4, bytesbytes 0-1024000/1092150, 1642389390.2082548, 1642389390.2095923, 1642389390.2216601, 1642389391.071259, v19.tiktokcdn-us.com, 92fa14df71db3c179f30a0447c60345b, /92fa14df71db3c179f30a0447c60345b/61e53380/video/tos/useast2a/tos-useast2a-ve-0068c003/611da05dff2541bba24506d504120187/?a=1233&br=1106&bt=553&cd=0%7C0%7C0&ch=0&cr=3&cs=2&cv=1&dr=0&ds=6&er=&ft=c~.Zm4L-gXoInz7T&l=20220117031425010113006209074A48F7&lr=all&mime_type=video_mp4&net=0&pl=0&qs=11&rc=ajo6ZzZyOmt2dDMzNzczM0ApaGc0OzY6N2VlNzM1OTw3aWdfbmYzbDAvYzBfLS1jMTZzc2NjNmA1NS0zLTE0MF80MGI6Yw%3D%3D&vl=&vr=
video/mp4, bytesbytes 1024000-1069290/1069291, 1642389392.0387022, 1642389392.0400977, 1642389392.0521083, 1642389392.0917177, v19.tiktokcdn-us.com, f89dd71fa7e3a3cfaf2724508579faa8, /f89dd71fa7e3a3cfaf2724508579faa8/61e5338a/video/tos/alisg/tos-alisg-pve-0037c001/4a0a9e195fa24116ac3ca1661083a252/?a=1233&br=658&bt=329&cd=0%7C0%7C0&ch=0&cr=3&cs=2&cv=1&dr=0&ds=6&er=&ft=c~.Zm4L-gXoInz7T&l=20220117031425010113006209074A48F7&lr=all&mime_type=video_mp4&net=0&pl=0&qs=4&rc=ajY3Njk6ZmU2OTMzODczNEApaDZmNjs7NWQ0NzlmM2g2ZGdsb25ucjRvM2BgLS1kMS1zczQ0MC9jNC5jMWMzNmMtLy46Yw%3D%3D&vl=&vr=
video/mp4, bytesbytes 0-558138/558139, 1642389392.180904, 1642389392.1904569, 1642389392.2134087, 1642389392.8289082, v19.tiktokcdn-us.com, eadfb367100fd34aa6e8ce8d5fb8ca1d, /eadfb367100fd34aa6e8ce8d5fb8ca1d/61e53379/video/tos/useast2a/tos-useast2a-pve-0068/060bd750fbeb462c8e674263b1a14cc8/?a=1233&br=1054&bt=527&cd=0%7C0%7C0&ch=0&cr=3&cs=2&cv=1&dr=0&ds=3&er=&ft=c~.Zm4L-gXoInz7T&l=20220117031425010113006209074A48F7&lr=all&mime_type=video_mp4&net=0&pl=0&qs=14&rc=ajlncnh0bXY7NTMzNzczM0ApPDs8Nzk0ZmVmN2c3M2lkO2deNjU1MjFhZl5gLS1kMTZzcy8uXjMtYTJiX2BjMjIuNjQ6Yw%3D%3D&vl=&vr=
video/mp4, bytesbytes 1024000-2121439/2121440, 1642389418.8670597, 1642389418.8689175, 1642389418.8960621, 1642389420.2133164, v19.tiktokcdn-us.com, fcad9d1fe3f812c157fa8ce99513d795, /fcad9d1fe3f812c157fa8ce99513d795/61e53386/video/tos/useast2a/tos-useast2a-pve-0068/bce660f83b4044319aeab83ae5a264f6/?a=1233&br=1562&bt=781&cd=0%7C0%7C0&ch=0&cr=3&cs=2&cv=1&dr=0&ds=6&er=&ft=c~.Zm4L-gXoInz7T&l=20220117031425010113006209074A48F7&lr=all&mime_type=video_mp4&net=0&pl=0&qs=5&rc=ajtwaW9vZGt5NTMzNzczM0ApMzo0ZTNlNWQ4N2Y4Zjg5Z2djaTZlczNkM2dgLS1kMTZzc2A2MC4wYy9iYTQtMmBjNl46Yw%3D%3D&vl=&vr=
video/mp4, bytesbytes 0-572369/572370, 1642389420.9501405, 1642389420.9518046, 1642389420.9651256, 1642389421.4378743, v39.tiktokcdn-us.com, bf2777456c81bc489f9db0fe4ebb9adc, /bf2777456c81bc489f9db0fe4ebb9adc/61e53412/video/tos/useast2a/tos-useast2a-ve-0068c002/9a2794aa230541308cc5eca4e5bafa23/?a=1233&br=1170&bt=585&cd=0%7C0%7C0&ch=0&cr=3&cs=2&cv=1&dr=0&ds=3&er=&ft=c~.Zm4L-gXoInz7T&l=2022011703165801011313520701482245&lr=all&mime_type=video_mp4&net=0&pl=0&qs=14&rc=M3kzcms1NHd0NDMzOjczM0ApZGc7OjU6PGQ3Nzg4aTozZGc1a3NhbGowbDJgLS02MTZzcy82YjItMV9iLV8vYjEwNF86Yw%3D%3D&vl=&vr=
video/mp4, bytesbytes 0-1024000/1115179, 1642389421.7591805, 1642389421.7602744, 1642389421.7903333, 1642389422.6397786, v39.tiktokcdn-us.com, 387771fd22b711fae3c2b3bd55410c93, /387771fd22b711fae3c2b3bd55410c93/61e5341b/video/tos/useast2a/tos-useast2a-pve-0068/b7bce4a37804449f9d2183c5933ac52d/?a=1233&br=1022&bt=511&cd=0%7C0%7C0&ch=0&cr=3&cs=2&cv=1&dr=0&ds=6&er=&ft=c~.Zm4L-gXoInz7T&l=2022011703165801011313520701482245&lr=all&mime_type=video_mp4&net=0&pl=0&qs=5&rc=M2k6OHV0cm5yNjMzNzczM0ApOTU1N2lpNjtmNzo2NTc4aWdtcC01azE1bzZgLS1kMTZzc2I0LTI0YjI1LmA0Ni4xYS86Yw%3D%3D&vl=&vr=
video/mp4, bytesbytes 0-785126/785127, 1642389423.067375, 1642389423.0704546, 1642389423.0949845, 1642389423.7909565, v39.tiktokcdn-us.com, f60c3ad6a6e45ff6807cff9777746530, /f60c3ad6a6e45ff6807cff9777746530/61e53419/video/tos/useast2a/tos-useast2a-ve-0068c002/6a64302591914e788873b4fa55cd0878/?a=1233&br=820&bt=410&cd=0%7C0%7C0&ch=0&cr=3&cs=2&cv=1&dr=0&ds=6&er=&ft=c~.Zm4L-gXoInz7T&l=2022011703165801011313520701482245&lr=all&mime_type=video_mp4&net=0&pl=0&qs=5&rc=ajhkeTtyNjM1NDMzNzczM0ApN2c3ODU4NmRnN2Y7ZWQ1OmcvamRjNGE2LmtgLS1kMTZzc2NiX2BiNi8uNTVeYzAtXjI6Yw%3D%3D&vl=&vr=
video/mp4, bytesbytes 1024000-1092149/1092150, 1642389440.4739954, 1642389440.4875476, 1642389440.6490998, 1642389441.0942729, v19.tiktokcdn-us.com, 92fa14df71db3c179f30a0447c60345b, /92fa14df71db3c179f30a0447c60345b/61e53380/video/tos/useast2a/tos-useast2a-ve-0068c003/611da05dff2541bba24506d504120187/?a=1233&br=1106&bt=553&cd=0%7C0%7C0&ch=0&cr=3&cs=2&cv=1&dr=0&ds=6&er=&ft=c~.Zm4L-gXoInz7T&l=20220117031425010113006209074A48F7&lr=all&mime_type=video_mp4&net=0&pl=0&qs=11&rc=ajo6ZzZyOmt2dDMzNzczM0ApaGc0OzY6N2VlNzM1OTw3aWdfbmYzbDAvYzBfLS1jMTZzc2NjNmA1NS0zLTE0MF80MGI6Yw%3D%3D&vl=&vr=
video/mp4, bytesbytes 0-444670/444671, 1642389441.6700575, 1642389441.6719847, 1642389441.7102652, 1642389442.6423078, v39.tiktokcdn-us.com, f07cec6dbf48f4f1c7cfacf2fda876fb, /f07cec6dbf48f4f1c7cfacf2fda876fb/61e53412/video/tos/alisg/tos-alisg-pve-0037c001/483cae1dd53b40d999040db9dcbd2da8/?a=1233&br=864&bt=432&cd=0%7C0%7C0&ch=0&cr=3&cs=2&cv=1&dr=0&ds=6&er=&ft=c~.Zm4L-gXoInz7T&l=2022011703165801011313520701482245&lr=all&mime_type=video_mp4&net=0&pl=0&qs=4&rc=MzQzPHNnNjg8NDMzNTczM0ApZzo7OTg8OWVnN2dkM2Y6OmdnYW5ibTJwcjZgLS0xMTRzc2I0NWBfLmIwXi0vLTMxYTE6Yw%3D%3D&vl=&vr=
video/mp4, bytesbytes 0-1024000/1417688, 1642389445.6966534, 1642389445.7014124, 1642389445.7211, 1642389446.681954, v39.tiktokcdn-us.com, 12b8dc49cfdf341b0bff735d8da8ab34, /12b8dc49cfdf341b0bff735d8da8ab34/61e5341f/video/tos/useast2a/tos-useast2a-ve-0068c003/ea7de911776840ddb16332a908d46e62/?a=1233&br=1060&bt=530&cd=0%7C0%7C0&ch=0&cr=3&cs=2&cv=1&dr=0&ds=6&er=&ft=c~.Zm4L-gXoInz7T&l=2022011703165801011313520701482245&lr=all&mime_type=video_mp4&net=0&pl=0&qs=5&rc=anZ0aGhoNG0zNTMzNzczM0ApNDRoOmc0ZGVpNzdnM2QzOWcvbGZhM3BoLm5gLS1kMTZzcy1fYDBeNS00NF8yYjZgYWE6Yw%3D%3D&vl=&vr=
video/mp4, bytesbytes 1024000-1115178/1115179, 1642389448.683567, 1642389448.6950564, 1642389448.7213435, 1642389448.8327832, v39.tiktokcdn-us.com, 387771fd22b711fae3c2b3bd55410c93, /387771fd22b711fae3c2b3bd55410c93/61e5341b/video/tos/useast2a/tos-useast2a-pve-0068/b7bce4a37804449f9d2183c5933ac52d/?a=1233&br=1022&bt=511&cd=0%7C0%7C0&ch=0&cr=3&cs=2&cv=1&dr=0&ds=6&er=&ft=c~.Zm4L-gXoInz7T&l=2022011703165801011313520701482245&lr=all&mime_type=video_mp4&net=0&pl=0&qs=5&rc=M2k6OHV0cm5yNjMzNzczM0ApOTU1N2lpNjtmNzo2NTc4aWdtcC01azE1bzZgLS1kMTZzc2I0LTI0YjI1LmA0Ni4xYS86Yw%3D%3D&vl=&vr=
video/mp4, bytesbytes 0-621511/621512, 1642389448.9430952, 1642389448.9457872, 1642389448.9844701, 1642389449.520399, v39.tiktokcdn-us.com, d3ed7da709c7fda51b0b746f3bbb32b7, /d3ed7da709c7fda51b0b746f3bbb32b7/61e53419/video/tos/useast2a/tos-useast2a-ve-0068c003/8a331142577249c1871010195fd4a5f3/?a=1233&br=682&bt=341&cd=0%7C0%7C0&ch=0&cr=3&cs=2&cv=1&dr=0&ds=6&er=&ft=c~.Zm4L-gXoInz7T&l=2022011703165801011313520701482245&lr=all&mime_type=video_mp4&net=0&pl=0&qs=4&rc=MzRoaGV1czhxMzMzZzczM0ApMzZnPDZpNmRmN2RlZ2RkOGcvZDQxcDU1ZW5gLS1eMTZzczNgNGBhYl5jYzMyMzJgNDM6Yw%3D%3D&vl=&vr=
video/mp4, bytesbytes 0-435841/435842, 1642389449.7789073, 1642389449.780093, 1642389449.7970114, 1642389450.1665833, v39.tiktokcdn-us.com, b1b717f95b6a5595ea7d70faf7bf90b6, /b1b717f95b6a5595ea7d70faf7bf90b6/61e53412/video/tos/useast2a/tos-useast2a-ve-0068c003/68d322896df040509a8850930ec1b841/?a=1233&br=856&bt=428&cd=0%7C0%7C0&ch=0&cr=3&cs=2&cv=1&dr=0&ds=6&er=&ft=c~.Zm4L-gXoInz7T&l=2022011703165801011313520701482245&lr=all&mime_type=video_mp4&net=0&pl=0&qs=11&rc=M2dvcmg6ZmZtOTMzNzczM0ApOjZmOzVpOjw6NzdkaWQzPGdsaGEucjRvZV9gLS1kMTZzc2JeMWIyYDBjNC81NjY1LV46Yw%3D%3D&vl=&vr=
video/mp4, bytesbytes 0-473870/473871, 1642389450.3946133, 1642389450.3973677, 1642389450.414505, 1642389450.910387, v39.tiktokcdn-us.com, 5d7421eee102c87dd578396a887828ce, /5d7421eee102c87dd578396a887828ce/61e5340f/video/tos/useast2a/tos-useast2a-ve-0068c004/e99cb9d5a11d4ac7a496622b02f8a9ad/?a=1233&br=1476&bt=738&cd=0%7C0%7C0&ch=0&cr=3&cs=0&dr=0&ds=2&er=&ft=c~.Zm4L-gXoInz7T&l=2022011703165801011313520701482245&lr=all&mime_type=video_mp4&net=0&pl=0&qs=0&rc=MzN1NmdkcnU2NTMzNzczM0ApNjk0Z2c7Zzs4NzRmMzYzM2dwYmtrai5laXFgLS1kMTZzc2BiNV4zNTEyNjQ0XmEzMS86Yw%3D%3D&vl=&vr=
video/mp4, bytesbytes 0-1024000/1492445, 1642389458.1888747, 1642389458.1915543, 1642389458.2148256, 1642389459.3066347, v39.tiktokcdn-us.com, 479db8414c80f36d929b9ea237998856, /479db8414c80f36d929b9ea237998856/61e5341e/video/tos/useast2a/tos-useast2a-ve-0068c001/c5de9ff6392249969411ec47d9e78136/?a=1233&br=1208&bt=604&cd=0%7C0%7C0&ch=0&cr=3&cs=2&cv=1&dr=0&ds=6&er=&ft=c~.Zm4L-gXoInz7T&l=2022011703165801011313520701482245&lr=all&mime_type=video_mp4&net=0&pl=0&qs=4&rc=ampneXc6ZTR3NTMzNzczM0ApPDo7OjtpZzs6N2Y8ZWdmZGdzLWgwNmMtNGNgLS1kMTZzc2M0NTU2MDUyYDExXmE2Y146Yw%3D%3D&vl=&vr=
video/mp4, bytesbytes 1024000-1417687/1417688, 1642389461.8759866, 1642389461.8777869, 1642389461.896277, 1642389462.2926714, v39.tiktokcdn-us.com, 12b8dc49cfdf341b0bff735d8da8ab34, /12b8dc49cfdf341b0bff735d8da8ab34/61e5341f/video/tos/useast2a/tos-useast2a-ve-0068c003/ea7de911776840ddb16332a908d46e62/?a=1233&br=1060&bt=530&cd=0%7C0%7C0&ch=0&cr=3&cs=2&cv=1&dr=0&ds=6&er=&ft=c~.Zm4L-gXoInz7T&l=2022011703165801011313520701482245&lr=all&mime_type=video_mp4&net=0&pl=0&qs=5&rc=anZ0aGhoNG0zNTMzNzczM0ApNDRoOmc0ZGVpNzdnM2QzOWcvbGZhM3BoLm5gLS1kMTZzcy1fYDBeNS00NF8yYjZgYWE6Yw%3D%3D&vl=&vr=
video/mp4, bytesbytes 0-633979/633980, 1642389462.5080159, 1642389462.5106192, 1642389462.5303302, 1642389463.1169615, v39.tiktokcdn-us.com, b26f7312dedc0df02f9ddc89d69d45c8, /b26f7312dedc0df02f9ddc89d69d45c8/61e5341b/video/tos/useast5/tos-useast5-pve-0068-tx/f62e02f024c540c89a00998f535a6845/?a=1233&br=582&bt=291&cd=0%7C0%7C0&ch=0&cr=3&cs=2&cv=1&dr=0&ds=3&er=&ft=c~.Zm4L-gXoInz7T&l=2022011703165801011313520701482245&lr=all&mime_type=video_mp4&net=0&pl=0&qs=14&rc=anhtOmY6Zmo6OjMzZzczNEApOjM6NDc4aWRkNzVlODRpOWdybmZucjRfbTZgLS1kMS9zcy4vYmFhMV5jMzZeNjY1XjY6Yw%3D%3D&vl=&vr=
video/mp4, bytesbytes 1024000-1492444/1492445, 1642389477.3957944, 1642389477.3976119, 1642389477.416355, 1642389477.9664927, v39.tiktokcdn-us.com, 479db8414c80f36d929b9ea237998856, /479db8414c80f36d929b9ea237998856/61e5341e/video/tos/useast2a/tos-useast2a-ve-0068c001/c5de9ff6392249969411ec47d9e78136/?a=1233&br=1208&bt=604&cd=0%7C0%7C0&ch=0&cr=3&cs=2&cv=1&dr=0&ds=6&er=&ft=c~.Zm4L-gXoInz7T&l=2022011703165801011313520701482245&lr=all&mime_type=video_mp4&net=0&pl=0&qs=4&rc=ampneXc6ZTR3NTMzNzczM0ApPDo7OjtpZzs6N2Y8ZWdmZGdzLWgwNmMtNGNgLS1kMTZzc2M0NTU2MDUyYDExXmE2Y146Yw%3D%3D&vl=&vr=
video/mp4, bytesbytes 0-1024000/1696741, 1642389478.1634257, 1642389478.1652637, 1642389478.1772392, 1642389479.0971184, v19.tiktokcdn-us.com, de27cac039a0f64082fd7722a5c7c138, /de27cac039a0f64082fd7722a5c7c138/61e53456/video/tos/useast2a/tos-useast2a-ve-0068c003/f348836467bc49eaa857075d7c4a121e/?a=1233&br=1382&bt=691&cd=0%7C0%7C0&ch=0&cr=3&cs=2&cv=1&dr=0&ds=6&er=&ft=c~.Zm4L-gXoInz7T&l=2022011703175501011300602913538414&lr=all&mime_type=video_mp4&net=0&pl=0&qs=5&rc=anhwMzw6ZnRqNzMzNzczM0ApZmRlNzpnaGQ0NzloO2k6OWctZ2sycjQwLWpgLS1kMTZzczZeMzE0YWAzLTMuXi8xYWM6Yw%3D%3D&vl=&vr=
video/mp4, bytesbytes 0-1024000/1086827, 1642389479.532637, 1642389479.5338476, 1642389479.5456874, 1642389480.4795594, v19.tiktokcdn-us.com, c4729f53cf56c36ec5d2150e4772dede, /c4729f53cf56c36ec5d2150e4772dede/61e53453/video/tos/useast2a/tos-useast2a-ve-0068c001/295b332c110d4d928a200669b9671d6c/?a=1233&br=1022&bt=511&cd=0%7C0%7C0&ch=0&cr=3&cs=2&cv=1&dr=0&ds=6&er=&ft=c~.Zm4L-gXoInz7T&l=2022011703175501011300602913538414&lr=all&mime_type=video_mp4&net=0&pl=0&qs=4&rc=anA2NDg6Zmt2NzMzNzczM0ApPGc1Omg2ZWU3N2hmMzc4OWdhMXI2cjRfZy9gLS1kMTZzcy1eX14zLTUzYGNeYi9fNjE6Yw%3D%3D&vl=&vr=
video/mp4, bytesbytes 0-265347/265348, 1642389480.922009, 1642389480.9237037, 1642389480.9387167, 1642389481.1916966, v19.tiktokcdn-us.com, 7eac7dd1d3ab61329ac8082feb8d0973, /7eac7dd1d3ab61329ac8082feb8d0973/61e5344b/video/tos/alisg/tos-alisg-pve-0037c001/88d0a2f0d8fd40f699e281a9c3b021f0/?a=1233&br=482&bt=241&cd=0%7C0%7C0&ch=0&cr=3&cs=2&cv=1&dr=0&ds=6&er=&ft=c~.Zm4L-gXoInz7T&l=2022011703175501011300602913538414&lr=all&mime_type=video_mp4&net=0&pl=0&qs=11&rc=ajdzOXE6bDNyMzMzODczM0ApNTk1aTU8OGRoNzdoM2Y5aWdgMzExMm9rcDRgLS0yMTRzcy0zMTEyXmAvYi81MzAxLWI6Yw%3D%3D&vl=&vr=
video/mp4, bytesbytes 0-803992/803993, 1642389481.3566444, 1642389481.3608763, 1642389481.38021, 1642389482.147771, v19.tiktokcdn-us.com, 5e10607694fedf08bb38e93e0afdaefc, /5e10607694fedf08bb38e93e0afdaefc/61e5344b/video/tos/useast2a/tos-useast2a-ve-0068c002/9f8b042b7f53483aa647f371a57a33a3/?a=1233&br=1438&bt=719&cd=0%7C0%7C0&ch=0&cr=3&cs=2&cv=1&dr=0&ds=6&er=&ft=c~.Zm4L-gXoInz7T&l=2022011703175501011300602913538414&lr=all&mime_type=video_mp4&net=0&pl=0&qs=4&rc=amRzOzp5aHRneDMzPDczM0ApNTVlaDxmOGU1N2lkOjxlO2dyaGs0YWpnLWRfLS0zMTZzc2JiMDJgNTMyNC5fLjVgMV46Yw%3D%3D&vl=&vr=
video/mp4, bytesbytes 0-1024000/3512906, 1642389496.9983985, 1642389497.0000484, 1642389497.0148554, 1642389498.8442569, v19.tiktokcdn-us.com, 85c9966c2904e8a01dc497c4e189162d, /85c9966c2904e8a01dc497c4e189162d/61e5346b/video/tos/useast5/tos-useast5-ve-0068c001-tx/38bf562383a74abdb674e88e1fafda47/?a=1233&br=1342&bt=671&cd=0%7C0%7C0&ch=0&cr=3&cs=2&cv=1&dr=0&ds=6&er=&ft=c~.Zm4L-gXoInz7T&l=2022011703175501011300602913538414&lr=all&mime_type=video_mp4&net=0&pl=0&qs=11&rc=M3JsZGQ6Zjg5OjMzZzczNEApaDpoNTRlNzszNzU4OGg0OGdxY3BocjRfZTBgLS1kMS9zc18xMjItMTMtNjRgXzMwX2I6Yw%3D%3D&vl=&vr=
video/mp4, bytesbytes 1024000-1696740/1696741, 1642389514.2714136, 1642389514.273213, 1642389514.3233254, 1642389515.397567, v19.tiktokcdn-us.com, de27cac039a0f64082fd7722a5c7c138, /de27cac039a0f64082fd7722a5c7c138/61e53456/video/tos/useast2a/tos-useast2a-ve-0068c003/f348836467bc49eaa857075d7c4a121e/?a=1233&br=1382&bt=691&cd=0%7C0%7C0&ch=0&cr=3&cs=2&cv=1&dr=0&ds=6&er=&ft=c~.Zm4L-gXoInz7T&l=2022011703175501011300602913538414&lr=all&mime_type=video_mp4&net=0&pl=0&qs=5&rc=anhwMzw6ZnRqNzMzNzczM0ApZmRlNzpnaGQ0NzloO2k6OWctZ2sycjQwLWpgLS1kMTZzczZeMzE0YWAzLTMuXi8xYWM6Yw%3D%3D&vl=&vr=
video/mp4, bytesbytes 1024000-1086826/1086827, 1642389515.4700184, 1642389515.4716918, 1642389515.4903677, 1642389515.5553713, v19.tiktokcdn-us.com, c4729f53cf56c36ec5d2150e4772dede, /c4729f53cf56c36ec5d2150e4772dede/61e53453/video/tos/useast2a/tos-useast2a-ve-0068c001/295b332c110d4d928a200669b9671d6c/?a=1233&br=1022&bt=511&cd=0%7C0%7C0&ch=0&cr=3&cs=2&cv=1&dr=0&ds=6&er=&ft=c~.Zm4L-gXoInz7T&l=2022011703175501011300602913538414&lr=all&mime_type=video_mp4&net=0&pl=0&qs=4&rc=anA2NDg6Zmt2NzMzNzczM0ApPGc1Omg2ZWU3N2hmMzc4OWdhMXI2cjRfZy9gLS1kMTZzcy1eX14zLTUzYGNeYi9fNjE6Yw%3D%3D&vl=&vr=
video/mp4, bytesbytes 0-1024000/1218626, 1642389515.6571796, 1642389515.6590886, 1642389515.6723173, 1642389516.8297296, v19.tiktokcdn-us.com, cd64a6169eee7b5851c0126683350c26, /cd64a6169eee7b5851c0126683350c26/61e53452/video/tos/useast2a/tos-useast2a-ve-0068c003/747444f35516410996c8d053f099c6cf/?a=1233&br=1246&bt=623&cd=0%7C0%7C0&ch=0&cr=3&cs=2&cv=1&dr=0&ds=6&er=&ft=c~.Zm4L-gXoInz7T&l=2022011703175501011300602913538414&lr=all&mime_type=video_mp4&net=0&pl=0&qs=4&rc=ajZ5OTtzbGo5NDMzNzczM0ApOmRmNzc0ZDs4NzszZ2RpZ2dqXjFga3NvY2tgLS1kMTZzczQzLTZjMV8uYS4wLmFgXjA6Yw%3D%3D&vl=&vr=
video/mp4, bytesbytes 0-533647/533648, 1642389517.2742896, 1642389517.2763295, 1642389517.298026, 1642389517.9292006, v19.tiktokcdn-us.com, 14693c719f05a77b0ca6b637820e2bb1, /14693c719f05a77b0ca6b637820e2bb1/61e5344c/video/tos/useast2a/tos-useast2a-ve-0068c002/3de104e8920c42b783312742acf07bdb/?a=1233&br=872&bt=436&cd=0%7C0%7C0&ch=0&cr=3&cs=2&cv=1&dr=0&ds=6&er=&ft=c~.Zm4L-gXoInz7T&l=2022011703175501011300602913538414&lr=all&mime_type=video_mp4&net=0&pl=0&qs=4&rc=am52Zzs6ZndrNzMzNzczM0ApOGk2ZWU4Zzs1N2RoOmVpZ2dnZGk1cjQwXmxgLS1kMTZzczRgMWAyYmBeY2BhMWIxLl46Yw%3D%3D&vl=&vr=
video/mp4, bytesbytes 0-1024000/1215615, 1642389532.021317, 1642389532.0237138, 1642389532.040697, 1642389533.3930583, v19.tiktokcdn-us.com, 971f9d35798e4b5096c38f3101c10034, /971f9d35798e4b5096c38f3101c10034/61e53452/video/tos/useast2a/tos-useast2a-pve-0068/c7fd5b4282c54119b97e1a44f00b8f4c/?a=1233&br=1220&bt=610&cd=0%7C0%7C0&ch=0&cr=3&cs=2&cv=1&dr=0&ds=6&er=&ft=c~.Zm4L-gXoInz7T&l=2022011703175501011300602913538414&lr=all&mime_type=video_mp4&net=0&pl=0&qs=4&rc=ajVyZzt5dGlreDMzZTczM0ApPGU1Z2U0NTs6NzQ8aWdnZWcuZWYxL3BuaDRfLS0wMTZzczBeY2ExMmNiXy5gLl8vNF86Yw%3D%3D&vl=&vr=
video/mp4, bytesbytes 0-1024000/1468106, 1642389533.8643448, 1642389533.8658004, 1642389533.8818374, 1642389534.9474437, v19.tiktokcdn-us.com, 40c2733dfd89b7ab1ca3a51f21ced49e, /40c2733dfd89b7ab1ca3a51f21ced49e/61e53451/video/tos/useast2a/tos-useast2a-ve-0068c001/b21486bb7d81477baabd50d3c947dcf1/?a=1233&br=1530&bt=765&cd=0%7C0%7C0&ch=0&cr=3&cs=2&cv=1&dr=0&ds=6&er=&ft=c~.Zm4L-gXoInz7T&l=2022011703175501011300602913538414&lr=all&mime_type=video_mp4&net=0&pl=0&qs=5&rc=ajRwZTw7bGR2NjMzNzczM0ApaWhnOWZlO2U7N2ZoZDg5M2dvNmFvMXBvYGRgLS1kMTZzcy8xNmJfXzItNC42Yy5gXzQ6Yw%3D%3D&vl=&vr=
video/mp4, bytesbytes 1024000-3512905/3512906, 1642389541.8501341, 1642389541.851374, 1642389541.860124, 1642389544.2178862, v19.tiktokcdn-us.com, 85c9966c2904e8a01dc497c4e189162d, /85c9966c2904e8a01dc497c4e189162d/61e5346b/video/tos/useast5/tos-useast5-ve-0068c001-tx/38bf562383a74abdb674e88e1fafda47/?a=1233&br=1342&bt=671&cd=0%7C0%7C0&ch=0&cr=3&cs=2&cv=1&dr=0&ds=6&er=&ft=c~.Zm4L-gXoInz7T&l=2022011703175501011300602913538414&lr=all&mime_type=video_mp4&net=0&pl=0&qs=11&rc=M3JsZGQ6Zjg5OjMzZzczNEApaDpoNTRlNzszNzU4OGg0OGdxY3BocjRfZTBgLS1kMS9zc18xMjItMTMtNjRgXzMwX2I6Yw%3D%3D&vl=&vr=
video/mp4, bytesbytes 0-693192/693193, 1642389545.2304087, 1642389545.2316315, 1642389545.243271, 1642389545.9401731, v19.tiktokcdn-us.com, a5565620e3687de843075f5839b47e33, /a5565620e3687de843075f5839b47e33/61e5344b/video/tos/useast2a/tos-useast2a-ve-0068c004/a9eb81410a7f48f794f98e82aae77edb/?a=1233&br=1254&bt=627&cd=0%7C0%7C0&ch=0&cr=3&cs=2&cv=1&dr=0&ds=6&er=&ft=c~.Zm4L-gXoInz7T&l=2022011703175501011300602913538414&lr=all&mime_type=video_mp4&net=0&pl=0&qs=5&rc=M3V0ZDxmOjtuNDMzMzczM0ApOmdmZGg3OGQ3N2VnZzQ5NWduZGVtNmVzMWRgLS02MTZzc2EyLi4xYmEuMzU1YzFeNWI6Yw%3D%3D&vl=&vr=
video/mp4, bytesbytes 1024000-1218625/1218626, 1642389554.4468255, 1642389554.4488258, 1642389554.4694686, 1642389554.913159, v19.tiktokcdn-us.com, cd64a6169eee7b5851c0126683350c26, /cd64a6169eee7b5851c0126683350c26/61e53452/video/tos/useast2a/tos-useast2a-ve-0068c003/747444f35516410996c8d053f099c6cf/?a=1233&br=1246&bt=623&cd=0%7C0%7C0&ch=0&cr=3&cs=2&cv=1&dr=0&ds=6&er=&ft=c~.Zm4L-gXoInz7T&l=2022011703175501011300602913538414&lr=all&mime_type=video_mp4&net=0&pl=0&qs=4&rc=ajZ5OTtzbGo5NDMzNzczM0ApOmRmNzc0ZDs4NzszZ2RpZ2dqXjFga3NvY2tgLS1kMTZzczQzLTZjMV8uYS4wLmFgXjA6Yw%3D%3D&vl=&vr=
video/mp4, bytesbytes 1024000-1215614/1215615, 1642389572.263152, 1642389572.2643554, 1642389572.2744749, 1642389572.629737, v19.tiktokcdn-us.com, 971f9d35798e4b5096c38f3101c10034, /971f9d35798e4b5096c38f3101c10034/61e53452/video/tos/useast2a/tos-useast2a-pve-0068/c7fd5b4282c54119b97e1a44f00b8f4c/?a=1233&br=1220&bt=610&cd=0%7C0%7C0&ch=0&cr=3&cs=2&cv=1&dr=0&ds=6&er=&ft=c~.Zm4L-gXoInz7T&l=2022011703175501011300602913538414&lr=all&mime_type=video_mp4&net=0&pl=0&qs=4&rc=ajVyZzt5dGlreDMzZTczM0ApPGU1Z2U0NTs6NzQ8aWdnZWcuZWYxL3BuaDRfLS0wMTZzczBeY2ExMmNiXy5gLl8vNF86Yw%3D%3D&vl=&vr=
video/mp4, bytesbytes 1024000-1468105/1468106, 1642389575.8482327, 1642389575.8499799, 1642389575.8594286, 1642389576.387299, v19.tiktokcdn-us.com, 40c2733dfd89b7ab1ca3a51f21ced49e, /40c2733dfd89b7ab1ca3a51f21ced49e/61e53451/video/tos/useast2a/tos-useast2a-ve-0068c001/b21486bb7d81477baabd50d3c947dcf1/?a=1233&br=1530&bt=765&cd=0%7C0%7C0&ch=0&cr=3&cs=2&cv=1&dr=0&ds=6&er=&ft=c~.Zm4L-gXoInz7T&l=2022011703175501011300602913538414&lr=all&mime_type=video_mp4&net=0&pl=0&qs=5&rc=ajRwZTw7bGR2NjMzNzczM0ApaWhnOWZlO2U7N2ZoZDg5M2dvNmFvMXBvYGRgLS1kMTZzcy8xNmJfXzItNC42Yy5gXzQ6Yw%3D%3D&vl=&vr=
video/mp4, bytesbytes 0-980941/980942, 1642389576.6349292, 1642389576.6359396, 1642389576.7311857, 1642389577.6653657, v39.tiktokcdn-us.com, 1749bd6ce26a1bde8261fcb158678ec5, /1749bd6ce26a1bde8261fcb158678ec5/61e534b6/video/tos/useast2a/tos-useast2a-ve-0068c003/e03dc43dab0a4436b4e65c3f1e1c5f17/?a=1233&br=814&bt=407&cd=0%7C0%7C0&ch=0&cr=3&cs=2&cv=1&dr=0&ds=6&er=&ft=c~.Zm4L-gXoInz7T&l=20220117031932010113135187214574D6&lr=all&mime_type=video_mp4&net=0&pl=0&qs=5&rc=amxzNWg6Zm1pNzMzNzczM0ApMzs1aWZlOTw4NzM4OzdkNWc0M2YzcjQwaWxgLS1kMTZzcy1eNDFfNV41NDJeMi1eYjI6Yw%3D%3D&vl=&vr=
video/mp4, bytesbytes 0-1024000/1385717, 1642389578.060765, 1642389578.0620818, 1642389578.0802965, 1642389579.1983058, v39.tiktokcdn-us.com, 7e58e312923f820ac01f69a3937910f0, /7e58e312923f820ac01f69a3937910f0/61e534b7/video/tos/useast2a/tos-useast2a-pve-0068/a27f7933c7584a20ab3fd6eb8b24a7cc/?a=1233&br=1110&bt=555&cd=0%7C0%7C0&ch=0&cr=3&cs=2&cv=1&dr=0&ds=6&er=&ft=c~.Zm4L-gXoInz7T&l=20220117031932010113135187214574D6&lr=all&mime_type=video_mp4&net=0&pl=0&qs=11&rc=anU4aW94PDRpeDMzZzczM0ApZ2U2ZTU7ZDw5NzNoZDg5NGcyZmYtY2Znc2VfLS1jMTZzc2MxMmJeL2BeMzM2XmIvMTQ6Yw%3D%3D&vl=&vr=
video/mp4, bytesbytes 0-419481/419482, 1642389579.578638, 1642389579.5802414, 1642389579.5952144, 1642389580.0520618, v39.tiktokcdn-us.com, 37a28b8620d800600ac003731407096f, /37a28b8620d800600ac003731407096f/61e534aa/video/tos/useast2a/tos-useast2a-pve-0068/46543e7d809d430f8c7b431197bb09bf/?a=1233&br=916&bt=458&cd=0%7C0%7C0&ch=0&cr=3&cs=2&cv=1&dr=0&ds=6&er=&ft=c~.Zm4L-gXoInz7T&l=20220117031932010113135187214574D6&lr=all&mime_type=video_mp4&net=0&pl=0&qs=4&rc=ajc1ZWQ6Zml1NjMzNzczM0ApNDs7OWhnaDtoNzlkOTk4aWdnai1lcjRfcWpgLS1kMTZzc2M0YGBiYF8tYmA2Y2EuL2M6Yw%3D%3D&vl=&vr=
video/mp4, bytesbytes 0-716769/716770, 1642389580.3227487, 1642389580.3243997, 1642389580.3508825, 1642389580.9833665, v39.tiktokcdn-us.com, 87f6257e936f445cf975472efc03fa32, /87f6257e936f445cf975472efc03fa32/61e534ae/video/tos/useast2a/tos-useast2a-ve-0068c004/8ef5572352a949ec98150aec8025dd70/?a=1233&br=1038&bt=519&cd=0%7C0%7C0&ch=0&cr=3&cs=2&cv=1&dr=0&ds=6&er=&ft=c~.Zm4L-gXoInz7T&l=20220117031932010113135187214574D6&lr=all&mime_type=video_mp4&net=0&pl=0&qs=11&rc=M3Fxczs6Zmc1NzMzNzczM0ApOWdkPDllaDtlNzs0aDdmNmdvNV4vcjRncjFgLS1kMTZzczFiXzQzNjU0NV9fLWBfXl86Yw%3D%3D&vl=&vr=
video/mp4, bytesbytes 0-1024000/1589872, 1642389586.0871232, 1642389586.0880592, 1642389586.108776, 1642389587.2173848, v39.tiktokcdn-us.com, 13381258814ea90822980f95dd32a807, /13381258814ea90822980f95dd32a807/61e534b0/video/tos/useast2a/tos-useast2a-ve-0068c003/91c724bf933b40f5903e337d94f8f6a7/?a=1233&br=1944&bt=972&cd=0%7C0%7C0&ch=0&cr=3&cs=2&cv=1&dr=0&ds=6&er=&ft=c~.Zm4L-gXoInz7T&l=20220117031932010113135187214574D6&lr=all&mime_type=video_mp4&net=0&pl=0&qs=5&rc=M2VqbzM6ZmQ7NjMzNzczM0ApZGU1aGc7ZGU2NzhoZTNoZ2dkZGFncjRfaG9gLS1kMTZzcy4zYmA1MmE0NmEzLV8tYjQ6Yw%3D%3D&vl=&vr=
video/mp4, bytesbytes 0-568988/568989, 1642389588.8552208, 1642389588.8632662, 1642389588.8819559, 1642389589.5715098, v39.tiktokcdn-us.com, 4d21e2662647dada0cbf959afbd59083, /4d21e2662647dada0cbf959afbd59083/61e534af/video/tos/useast2a/tos-useast2a-pve-0068/0db5a52be4814ca482755ba7b47a0966/?a=1233&br=764&bt=382&cd=0%7C0%7C0&ch=0&cr=3&cs=2&cv=1&dr=0&ds=6&er=&ft=c~.Zm4L-gXoInz7T&l=20220117031932010113135187214574D6&lr=all&mime_type=video_mp4&net=0&pl=0&qs=11&rc=M204cjw6Zm1zODMzNzgzM0ApZmZkOGdkaTs0NztmODk3aGdecmtrcjQwZXFgLS1kLzZzc2BjMWAwLTRfMC8wYmAuNGI6Yw%3D%3D&vl=&vr=
video/mp4, bytesbytes 1024000-1385716/1385717, 1642389607.855177, 1642389607.8568053, 1642389607.897571, 1642389608.2501574, v39.tiktokcdn-us.com, 7e58e312923f820ac01f69a3937910f0, /7e58e312923f820ac01f69a3937910f0/61e534b7/video/tos/useast2a/tos-useast2a-pve-0068/a27f7933c7584a20ab3fd6eb8b24a7cc/?a=1233&br=1110&bt=555&cd=0%7C0%7C0&ch=0&cr=3&cs=2&cv=1&dr=0&ds=6&er=&ft=c~.Zm4L-gXoInz7T&l=20220117031932010113135187214574D6&lr=all&mime_type=video_mp4&net=0&pl=0&qs=11&rc=anU4aW94PDRpeDMzZzczM0ApZ2U2ZTU7ZDw5NzNoZDg5NGcyZmYtY2Znc2VfLS1jMTZzc2MxMmJeL2BeMzM2XmIvMTQ6Yw%3D%3D&vl=&vr=
video/mp4, bytesbytes 0-1024000/1511927, 1642389608.4476755, 1642389608.449322, 1642389608.4758587, 1642389609.404479, v39.tiktokcdn-us.com, 6e4c95683e38ff2b1a82899324b0c3a9, /6e4c95683e38ff2b1a82899324b0c3a9/61e534b8/video/tos/useast2a/tos-useast2a-pve-0068/fcb55ec68264411daa7a8140759786fd/?a=1233&br=1140&bt=570&cd=0%7C0%7C0&ch=0&cr=3&cs=2&cv=1&dr=0&ds=6&er=&ft=c~.Zm4L-gXoInz7T&l=20220117031932010113135187214574D6&lr=all&mime_type=video_mp4&net=0&pl=0&qs=11&rc=MzY0NTY6ZjhrNzMzNzczM0ApaWQzOTZlNzw2NzQ6aWloaWdjYnFmcjQwLmhgLS1kMTZzcy1jX2FfYDFhNGEtX2E1LS46Yw%3D%3D&vl=&vr=
video/mp4, bytesbytes 0-418386/418387, 1642389615.1698065, 1642389615.175822, 1642389615.2026472, 1642389615.6397245, v39.tiktokcdn-us.com, b70c4bc315bf421088b8cff28daee6f9, /b70c4bc315bf421088b8cff28daee6f9/61e534ab/video/tos/useast5/tos-useast5-ve-0068c004-tx/76d2b8ec07e045ac97babd32e7849b66/?a=1233&br=856&bt=428&cd=0%7C0%7C0&ch=0&cr=3&cs=2&cv=1&dr=0&ds=3&er=&ft=c~.Zm4L-gXoInz7T&l=20220117031932010113135187214574D6&lr=all&mime_type=video_mp4&net=0&pl=0&qs=14&rc=anY1dmk6Zmk2OTMzZzczNEApNTM7PDplZDs3N2k3NTQ0NGdtbl8ycjQwNTFgLS1kMS9zcy1iMTNhMjVgXzFhX2MvNWI6Yw%3D%3D&vl=&vr=
video/mp4, bytesbytes 0-493479/493480, 1642389615.933474, 1642389615.94099, 1642389615.9687133, 1642389616.4736986, v39.tiktokcdn-us.com, 8d98750e87513f6488dcf9f069f3ab0d, /8d98750e87513f6488dcf9f069f3ab0d/61e534ab/video/tos/useast2a/tos-useast2a-ve-0068c001/2e99d8cb79244ae99f25ae3ac8163fed/?a=1233&br=1044&bt=522&cd=0%7C0%7C0&ch=0&cr=3&cs=2&cv=1&dr=0&ds=6&er=&ft=c~.Zm4L-gXoInz7T&l=20220117031932010113135187214574D6&lr=all&mime_type=video_mp4&net=0&pl=0&qs=4&rc=M3hxczRra3FwNjMzNzczM0ApZWVkM2lnaWVmNzk0OjVoZmctaGdqMTVxcTFgLS1kMTZzcy1eMDQ0YTVgNl8yLTMvMGE6Yw%3D%3D&vl=&vr=
video/mp4, bytesbytes 1024000-1589871/1589872, 1642389626.8445792, 1642389626.8467834, 1642389626.8646286, 1642389627.6655338, v39.tiktokcdn-us.com, 13381258814ea90822980f95dd32a807, /13381258814ea90822980f95dd32a807/61e534b0/video/tos/useast2a/tos-useast2a-ve-0068c003/91c724bf933b40f5903e337d94f8f6a7/?a=1233&br=1944&bt=972&cd=0%7C0%7C0&ch=0&cr=3&cs=2&cv=1&dr=0&ds=6&er=&ft=c~.Zm4L-gXoInz7T&l=20220117031932010113135187214574D6&lr=all&mime_type=video_mp4&net=0&pl=0&qs=5&rc=M2VqbzM6ZmQ7NjMzNzczM0ApZGU1aGc7ZGU2NzhoZTNoZ2dkZGFncjRfaG9gLS1kMTZzcy4zYmA1MmE0NmEzLV8tYjQ6Yw%3D%3D&vl=&vr=
video/mp4, bytesbytes 0-638227/638228, 1642389628.038524, 1642389628.043437, 1642389628.0802417, 1642389629.2988331, v39.tiktokcdn-us.com, a73ff6874b03bed64de51e7af99e8d45, /a73ff6874b03bed64de51e7af99e8d45/61e534af/video/tos/useast2a/tos-useast2a-pve-0068/757a2f8b19044ed39ac6674811366bc1/?a=1233&br=852&bt=426&cd=0%7C0%7C0&ch=0&cr=3&cs=2&cv=1&dr=0&ds=6&er=&ft=c~.Zm4L-gXoInz7T&l=20220117031932010113135187214574D6&lr=all&mime_type=video_mp4&net=0&pl=0&qs=4&rc=ampkM21rdWVrNjMzNzczM0ApOztlZjVkZWQ1N2UzaTRnNWdqM2luaWliMS5gLS1kMTZzczEzYzQ0NS4uLjUvYDQxLjU6Yw%3D%3D&vl=&vr=
video/mp4, bytesbytes 1024000-1511926/1511927, 1642389635.6503255, 1642389635.6521559, 1642389635.672461, 1642389636.2982552, v39.tiktokcdn-us.com, 6e4c95683e38ff2b1a82899324b0c3a9, /6e4c95683e38ff2b1a82899324b0c3a9/61e534b8/video/tos/useast2a/tos-useast2a-pve-0068/fcb55ec68264411daa7a8140759786fd/?a=1233&br=1140&bt=570&cd=0%7C0%7C0&ch=0&cr=3&cs=2&cv=1&dr=0&ds=6&er=&ft=c~.Zm4L-gXoInz7T&l=20220117031932010113135187214574D6&lr=all&mime_type=video_mp4&net=0&pl=0&qs=11&rc=MzY0NTY6ZjhrNzMzNzczM0ApaWQzOTZlNzw2NzQ6aWloaWdjYnFmcjQwLmhgLS1kMTZzcy1jX2FfYDFhNGEtX2E1LS46Yw%3D%3D&vl=&vr=
video/mp4, bytesbytes 0-888812/888813, 1642389642.1201932, 1642389642.1222503, 1642389642.1443594, 1642389643.2315025, v16m.tiktokcdn-us.com, a26e40dd635ee3bc05ef8e56c9f79634, /a26e40dd635ee3bc05ef8e56c9f79634/61e534f8/video/tos/alisg/tos-alisg-pve-0037c001/528ecdee582c401d94082a44d9ece479/?a=1233&br=898&bt=449&cd=0%7C0%7C0&ch=0&cr=3&cs=2&cv=1&dr=0&ds=6&er=&ft=c~.Zm4L-gXoInz7T&l=20220117032041010113006164134AC539&lr=all&mime_type=video_mp4&net=0&pl=0&qs=5&rc=M3E3eTY6ZjNsNzMzODczNEApOjRnNjNpO2U2NzxkMzU6OWdncGlwcjRfZDNgLS1kMS1zczUuNGEwLzEzXzAyYC00LjQ6Yw%3D%3D&vl=&vr=
video/mp4, bytesbytes 0-587184/587185, 1642389643.7320197, 1642389643.733116, 1642389643.7842565, 1642389644.3387215, v16m.tiktokcdn-us.com, 54a69a112e3a2c91da431afe0d283bb6, /54a69a112e3a2c91da431afe0d283bb6/61e534ef/video/tos/useast2a/tos-useast2a-ve-0068c001/0c2f08bc79c247508bee147852570e44/?a=1233&br=1376&bt=688&cd=0%7C0%7C0&ch=0&cr=3&cs=2&cv=1&dr=0&ds=6&er=&ft=c~.Zm4L-gXoInz7T&l=20220117032041010113006164134AC539&lr=all&mime_type=video_mp4&net=0&pl=0&qs=5&rc=amdzcjk6ZjpnNjMzNzczM0ApNDdoMzwzNjtkNztnNjc5ZWczNmBkcjRfbWxgLS1kMTZzc2IvYF41M2AtLS4wXl9iLzM6Yw%3D%3D&vl=&vr=
video/mp4, bytesbytes 0-951005/951006, 1642389644.68098, 1642389644.682712, 1642389644.7502217, 1642389645.7496452, v16m.tiktokcdn-us.com, 8fdd18612fdfd72deed5ed8f3ea93e25, /8fdd18612fdfd72deed5ed8f3ea93e25/61e534f4/video/tos/useast2a/tos-useast2a-ve-0068c001/5f3422e45d71461f903cd1d7b939af71/?a=1233&br=1316&bt=658&cd=0%7C0%7C0&ch=0&cr=3&cs=2&cv=1&dr=0&ds=6&er=&ft=c~.Zm4L-gXoInz7T&l=20220117032041010113006164134AC539&lr=all&mime_type=video_mp4&net=0&pl=0&qs=5&rc=M3dyOjM6ZmtqNzMzNzczM0ApODszNGY3PDw4N2Y0O2g4ZGcyaGAycjRvY2xgLS1kMTZzc2JjXy8wX14xYWEyYjAxXy86Yw%3D%3D&vl=&vr=
video/mp4, bytesbytes 0-569747/569748, 1642389646.2992039, 1642389646.3004842, 1642389646.3160336, 1642389646.9431155, v16m.tiktokcdn-us.com, c4d9065cf568390dff066678e44762a1, /c4d9065cf568390dff066678e44762a1/61e534f1/video/tos/useast2a/tos-useast2a-ve-0068/ca60c61655f549038fb6212a2048fcff/?a=1233&br=1076&bt=538&cd=0%7C0%7C0&ch=0&cr=3&cs=2&cv=1&dr=0&ds=6&er=&ft=c~.Zm4L-gXoInz7T&l=20220117032041010113006164134AC539&lr=all&mime_type=video_mp4&net=0&pl=0&qs=4&rc=M2Q4cXI5azpscDMzNDczM0ApPDRkNjtnNTtmN2dpaTk4O2dnZ3NeY2w0aWxfLS0wMTZzc18yYzQyLTRhX14tNDNgMjA6Yw%3D%3D&vl=&vr=
video/mp4, bytesbytes 0-327184/327185, 1642389647.324465, 1642389647.3255744, 1642389647.3429973, 1642389647.702387, v16m.tiktokcdn-us.com, 1e835259ded47aa05da71b7a78f2e51b, /1e835259ded47aa05da71b7a78f2e51b/61e534ef/video/tos/useast2a/tos-useast2a-pve-0068/8523120659db42c49ab822b089c08837/?a=1233&br=794&bt=397&cd=0%7C0%7C0&ch=0&cr=3&cs=2&cv=1&dr=0&ds=6&er=&ft=c~.Zm4L-gXoInz7T&l=20220117032041010113006164134AC539&lr=all&mime_type=video_mp4&net=0&pl=0&qs=5&rc=MzhyNDU8ZHF2NTMzNzczM0ApZWVkZjg5aWQ3N2dpOjhmNGdtMG1yM2lmZ2RgLS1kMTZzc18xMDM0MGAwYGA2LTM2XzM6Yw%3D%3D&vl=&vr=
