video/mp4, bytes, 1642393159.048404, 1642393159.0500832, 1642393159.185705, 1642393161.1565394, v25-us.tiktokcdn.com, 9b047d2b5a501f02e0de303801540cc0, /9b047d2b5a501f02e0de303801540cc0/61e542a9/video/tos/maliva/tos-maliva-ve-0068c799-us/b5478b75b1a042e1a83f52ac845dfe33/?a=1233&br=2002&bt=1001&cd=0%7C0%7C0&ch=0&cr=3&cs=2&cv=1&dr=0&ds=3&er=&ft=xo5uS4L-gXoInz7T&l=202201170419120101901851541A305C6B&lr=all&mime_type=video_mp4&net=0&pl=0&qs=14&rc=M2o1bWQ6Zjl0OjMzZzczNEApNDk8Mzo7NTw4N2U3ZWRpNWc2Z20vcjRvYmVgLS1kMS9zc181LWA1YzA2LTEzNV4vYTM6Yw%3D%3D&vl=&vr=
video/mp4, bytes 0-956488/956489, 1642393161.8507328, 1642393161.8532226, 1642393162.0543945, 1642393163.7127733, v25-us.tiktokcdn.com, a6f16a02e9d202e13f7d56c973b6143a, /a6f16a02e9d202e13f7d56c973b6143a/61e542b1/video/tos/useast2a/tos-useast2a-pve-0068/ed8d695487da4473907df07219012260/?a=1233&br=854&bt=427&cd=0%7C0%7C0&ch=0&cr=3&cs=2&cv=1&dr=0&ds=6&er=&ft=xo5uS4L-gXoInz7T&l=202201170419120101901851541A305C6B&lr=all&mime_type=video_mp4&net=0&pl=0&qs=4&rc=M3ZuZWY6ZmxkOjMzNzczM0ApZzxoOmU5NTxmNzZmZDY7OWdvMjBpcjRncWZgLS1kMTZzczAwYjEzYDJiMy80Xy1gLjM6Yw%3D%3D&vl=&vr=
video/mp4, bytes, 1642393174.6435313, 1642393174.6444418, 1642393174.6825259, 1642393184.178918, v25-us.tiktokcdn.com, 17a7c032e61c5e4317ef0d9c1c578a0d, /17a7c032e61c5e4317ef0d9c1c578a0d/61e542f1/video/tos/maliva/tos-maliva-ve-0068c799-us/689e39058ff7499bbed1d518edb3b74a/?a=1233&br=2548&bt=1274&cd=0%7C0%7C0&ch=0&cr=0&cs=2&cv=1&dr=0&ds=3&er=&ft=.NpOiIFh7KNWH6Bc88miLo&l=&lr=&mime_type=video_mp4&net=0&pl=0&qs=14&rc=M3lxbDc6Zmo6OTMzZzczNEApPDw7Omg4ZWVnNzo8OWk4Nmdfa2VycjRvZS9gLS1kMS9zczFhXy1hLjBgMV9hXjUzXl86Yw%3D%3D&vl=&vr=
video/mp4, bytes, 1642393195.6356912, 1642393195.6364903, 1642393195.6763868, 1642393195.9028277, v16m.tiktokcdn-us.com, 1a89d2cf1438d6297c23961f2f0ef326, /1a89d2cf1438d6297c23961f2f0ef326/61e542c0/video/tos/useast2a/tos-useast2a-pve-0068/1ff73ed8995540e392ee5ef1f90c1730/?a=1233&br=726&bt=363&cd=0%7C0%7C0&ch=0&cr=3&cs=2&cv=1&dr=0&ds=6&er=&ft=c~.Zm4L-gXoInz7T&l=20220117041937010113135214165998DD&lr=all&mime_type=video_mp4&net=0&pl=0&qs=5&rc=anRuNnZvNHNodzMzODczM0ApN2k1OTw3NWVlNzg2Omc6OGdtYnJpNTJzXnJfLS1iMTZzczBhNC4yX2IuYmMuMWBjLzE6Yw%3D%3D&vl=&vr=
video/mp4, bytesbytes 0-388322/388323, 1642393196.125103, 1642393196.1263175, 1642393196.173383, 1642393196.4010458, v16m.tiktokcdn-us.com, 630181d55f7e5940df4f8e7ef75909d7, /630181d55f7e5940df4f8e7ef75909d7/61e542c5/video/tos/useast5/tos-useast5-pve-0068-tx/7f390b6056b34dfaad417a55d3f276de/?a=1233&br=482&bt=241&cd=0%7C0%7C0&ch=0&cr=3&cs=2&cv=1&dr=0&ds=6&er=&ft=c~.Zm4L-gXoInz7T&l=20220117041937010113135214165998DD&lr=all&mime_type=video_mp4&net=0&pl=0&qs=4&rc=M2RmZGQ6ZjNzOjMzZzczNEApPGU2NTw4Ozw5N2VoZTU1PGdrLWxocjRnc19gLS1kMS9zczAuNDQvNDIyLTA0My1eL2I6Yw%3D%3D&vl=&vr=
video/mp4, bytesbytes 0-1024000/2209343, 1642393196.621189, 1642393196.6223931, 1642393196.6438112, 1642393197.2364616, v16m.tiktokcdn-us.com, aadcf6a409f47f74640f77ea6210fa6c, /aadcf6a409f47f74640f77ea6210fa6c/61e542cd/video/tos/useast2a/tos-useast2a-ve-0068c003/a3916a82751449e5bc996d3ea4c44e77/?a=1233&br=1710&bt=855&cd=0%7C0%7C0&ch=0&cr=3&cs=2&cv=1&dr=0&ds=6&er=&ft=c~.Zm4L-gXoInz7T&l=20220117041937010113135214165998DD&lr=all&mime_type=video_mp4&net=0&pl=0&qs=5&rc=ajx1NTU6ZmdqOTMzNzczM0ApZmk0NjlpOGQ4N2U4NTg8aGcwcTEucjQwbnJgLS1kMTZzc2EzYGBjLTYyNTNgYi1fNTY6Yw%3D%3D&vl=&vr=
video/mp4, bytesbytes 0-1024000/2389680, 1642393197.6506884, 1642393197.652784, 1642393197.6857474, 1642393198.4605317, v16m.tiktokcdn-us.com, 071d41359cd9c3b72a59ae52452f425d, /071d41359cd9c3b72a59ae52452f425d/61e542e6/video/tos/useast2a/tos-useast2a-ve-0068c003/c55f43b17e504c7bbf092aa4cbaf43fc/?a=1233&br=810&bt=405&cd=0%7C0%7C0&ch=0&cr=3&cs=2&cv=1&dr=0&ds=6&er=&ft=c~.Zm4L-gXoInz7T&l=20220117041937010113135214165998DD&lr=all&mime_type=video_mp4&net=0&pl=0&qs=11&rc=M25oMzw6ZjhqNjMzNzczM0ApOjM4Nzg4ZjszN2lpPDYzaWdrYjJlcjRfNmlgLS1kMTZzc2JiNDEtNS8vLjAvMzM1MzA6Yw%3D%3D&vl=&vr=
video/mp4, bytesbytes 0-878633/878634, 1642393198.9824827, 1642393198.983466, 1642393199.005839, 1642393199.6629367, v16m.tiktokcdn-us.com, b428400fe047aa115e8160385eea2af3, /b428400fe047aa115e8160385eea2af3/61e542ca/video/tos/useast2a/tos-useast2a-pve-0068/52bbbd3d4f604a6c82a0b217a8755c8c/?a=1233&br=770&bt=385&cd=0%7C0%7C0&ch=0&cr=3&cs=2&cv=1&dr=0&ds=6&er=&ft=c~.Zm4L-gXoInz7T&l=20220117041937010113135214165998DD&lr=all&mime_type=video_mp4&net=0&pl=0&qs=4&rc=anZ3NmhraW1tNDMzNzczM0ApNzY5ZzdlZDs5NzRpNWU7Nmdubmg0Ml9oYGhgLS1kMTZzczE1NmMyNWJjX2JhMS8xNC46Yw%3D%3D&vl=&vr=
video/mp4, bytesbytes 0-1024000/1181632, 1642393200.3150895, 1642393200.3163576, 1642393200.3374345, 1642393201.0936255, v16m.tiktokcdn-us.com, 053c49b79f7524667ef4f133b46a0d28, /053c49b79f7524667ef4f133b46a0d28/61e542c9/video/tos/useast2a/tos-useast2a-pve-0068/353eea5c512a4e96bf4aed8f1a7c9fe9/?a=1233&br=1108&bt=554&cd=0%7C0%7C0&ch=0&cr=3&cs=2&cv=1&dr=0&ds=3&er=&ft=c~.Zm4L-gXoInz7T&l=20220117041937010113135214165998DD&lr=all&mime_type=video_mp4&net=0&pl=0&qs=14&rc=MzZ4bjQ6ZmtoNzMzNzczM0ApODc0NGk0NmVlN2Q7OjczM2c0MGRjcjQwci9gLS1kMTZzcy8tMWFiYS5fMzIyNTUxXy06Yw%3D%3D&vl=&vr=
video/mp4, bytesbytes 0-1024000/3653700, 1642393217.4191184, 1642393217.4238932, 1642393217.4947278, 1642393218.3943212, v16m.tiktokcdn-us.com, fb37b6512731a7cfa77e16336834f63d, /fb37b6512731a7cfa77e16336834f63d/61e542eb/video/tos/useast2a/tos-useast2a-ve-0068c001/5bc95ee24c964e9b933f7770c02b2951/?a=1233&br=1136&bt=568&cd=0%7C0%7C0&ch=0&cr=3&cs=2&cv=1&dr=0&ds=6&er=&ft=c~.Zm4L-gXoInz7T&l=20220117041937010113135214165998DD&lr=all&mime_type=video_mp4&net=0&pl=0&qs=5&rc=M2plODQ6ZjllNjMzNzczM0ApNWUzOGQ7NTw4Nzg8ZWU8O2drLmJucjQwLnBgLS1kMTZzczBjNjQvMDZeYS8xNGEvMDA6Yw%3D%3D&vl=&vr=
video/mp4, bytesbytes 1024000-2209342/2209343, 1642393220.1809182, 1642393220.182125, 1642393220.1962655, 1642393221.6665628, v16m.tiktokcdn-us.com, aadcf6a409f47f74640f77ea6210fa6c, /aadcf6a409f47f74640f77ea6210fa6c/61e542cd/video/tos/useast2a/tos-useast2a-ve-0068c003/a3916a82751449e5bc996d3ea4c44e77/?a=1233&br=1710&bt=855&cd=0%7C0%7C0&ch=0&cr=3&cs=2&cv=1&dr=0&ds=6&er=&ft=c~.Zm4L-gXoInz7T&l=20220117041937010113135214165998DD&lr=all&mime_type=video_mp4&net=0&pl=0&qs=5&rc=ajx1NTU6ZmdqOTMzNzczM0ApZmk0NjlpOGQ4N2U4NTg8aGcwcTEucjQwbnJgLS1kMTZzc2EzYGBjLTYyNTNgYi1fNTY6Yw%3D%3D&vl=&vr=
video/mp4, bytesbytes 0-1024000/1492687, 1642393222.1799636, 1642393222.1812031, 1642393222.200754, 1642393223.027189, v16m.tiktokcdn-us.com, 2db62369fae9106f832a4f15f8c6bc0c, /2db62369fae9106f832a4f15f8c6bc0c/61e542d0/video/tos/useast2a/tos-useast2a-ve-0068c004/02c11bae6e0c4bbaa3a6e4b386e22249/?a=1233&br=980&bt=490&cd=0%7C0%7C0&ch=0&cr=3&cs=2&cv=1&dr=0&ds=6&er=&ft=c~.Zm4L-gXoInz7T&l=20220117041937010113135214165998DD&lr=all&mime_type=video_mp4&net=0&pl=0&qs=4&rc=amQ1NTN2aDpmNjMzNzczM0ApNmg5OTw2ODtnNzhoO2RlNWc0LmVxZWpmNjBgLS1kMTZzczQyLy8wYjAyLl9jL2JjXjQ6Yw%3D%3D&vl=&vr=
video/mp4, bytes, 1642393224.1544101, 1642393224.1570761, 1642393224.2061882, 1642393224.4007673, sf16-sg.tiktokcdn.com, obj, /obj/tiktok-obj/benchmark_video_2s.mp4?73a925431aac3cf511e0fb73158c9be8
video/mp4, bytesbytes 1024000-2389679/2389680, 1642393223.3966267, 1642393223.397858, 1642393223.4228368, 1642393224.7692442, v16m.tiktokcdn-us.com, 071d41359cd9c3b72a59ae52452f425d, /071d41359cd9c3b72a59ae52452f425d/61e542e6/video/tos/useast2a/tos-useast2a-ve-0068c003/c55f43b17e504c7bbf092aa4cbaf43fc/?a=1233&br=810&bt=405&cd=0%7C0%7C0&ch=0&cr=3&cs=2&cv=1&dr=0&ds=6&er=&ft=c~.Zm4L-gXoInz7T&l=20220117041937010113135214165998DD&lr=all&mime_type=video_mp4&net=0&pl=0&qs=11&rc=M25oMzw6ZjhqNjMzNzczM0ApOjM4Nzg4ZjszN2lpPDYzaWdrYjJlcjRfNmlgLS1kMTZzc2JiNDEtNS8vLjAvMzM1MzA6Yw%3D%3D&vl=&vr=
video/mp4, bytes, 1642393224.7357304, 1642393224.7374346, 1642393224.780322, 1642393224.933636, sf16-sg.tiktokcdn.com, obj, /obj/tiktok-obj/benchmark_video_720_bytevc1_2s.mp4?c6b2f994c3b532d088af631d1b6c09e3
video/mp4, bytesbytes 0-283561/283562, 1642393225.4850926, 1642393225.4860458, 1642393225.5341208, 1642393225.745479, v16m.tiktokcdn-us.com, 58164330d5a46b403431ca524d9270b7, /58164330d5a46b403431ca524d9270b7/61e542bf/video/tos/useast2a/tos-useast2a-ve-0068c003/c82291f2f7744bbabb097f3a38918c6a/?a=1233&br=666&bt=333&cd=0%7C0%7C0&ch=0&cr=3&cs=2&cv=1&dr=0&ds=6&er=&ft=c~.Zm4L-gXoInz7T&l=20220117041937010113135214165998DD&lr=all&mime_type=video_mp4&net=0&pl=0&qs=4&rc=anVseHJvbmdtdTMzZjczM0ApZWc2M2g4PDs6N2g5ZDdkaWdwNDYwcnM0L3BfLS0yMTZzczE1MmBgYDNfYDYuMWM2YTE6Yw%3D%3D&vl=&vr=
video/mp4, bytesbytes 0-1024000/1412515, 1642393234.7288084, 1642393234.7307477, 1642393234.8272338, 1642393235.7913666, v16m.tiktokcdn-us.com, b29590d3f7b3346b3de74d04b0556515, /b29590d3f7b3346b3de74d04b0556515/61e542cd/video/tos/useast2a/tos-useast2a-ve-0068c003/b2a74e92317c41a98ff396e61f505581/?a=1233&br=1092&bt=546&cd=0%7C0%7C0&ch=0&cr=3&cs=2&cv=1&dr=0&ds=6&er=&ft=c~.Zm4L-gXoInz7T&l=20220117041937010113135214165998DD&lr=all&mime_type=video_mp4&net=0&pl=0&qs=5&rc=MzhxNTo7OmluNTMzNzczM0ApaDNlODRpZzszNzc3NDk2NWdqYzQ1Z2RibzBgLS1kMTZzc2JjMmItYy5fLi9gY2EyM2A6Yw%3D%3D&vl=&vr=
video/mp4, bytesbytes 1024000-1181631/1181632, 1642393241.6611626, 1642393241.6635954, 1642393241.700743, 1642393241.8894124, v16m.tiktokcdn-us.com, 053c49b79f7524667ef4f133b46a0d28, /053c49b79f7524667ef4f133b46a0d28/61e542c9/video/tos/useast2a/tos-useast2a-pve-0068/353eea5c512a4e96bf4aed8f1a7c9fe9/?a=1233&br=1108&bt=554&cd=0%7C0%7C0&ch=0&cr=3&cs=2&cv=1&dr=0&ds=3&er=&ft=c~.Zm4L-gXoInz7T&l=20220117041937010113135214165998DD&lr=all&mime_type=video_mp4&net=0&pl=0&qs=14&rc=MzZ4bjQ6ZmtoNzMzNzczM0ApODc0NGk0NmVlN2Q7OjczM2c0MGRjcjQwci9gLS1kMTZzcy8tMWFiYS5fMzIyNTUxXy06Yw%3D%3D&vl=&vr=
video/mp4, bytesbytes 1024000-3653699/3653700, 1642393247.5089989, 1642393247.5108302, 1642393247.525964, 1642393250.392009, v16m.tiktokcdn-us.com, fb37b6512731a7cfa77e16336834f63d, /fb37b6512731a7cfa77e16336834f63d/61e542eb/video/tos/useast2a/tos-useast2a-ve-0068c001/5bc95ee24c964e9b933f7770c02b2951/?a=1233&br=1136&bt=568&cd=0%7C0%7C0&ch=0&cr=3&cs=2&cv=1&dr=0&ds=6&er=&ft=c~.Zm4L-gXoInz7T&l=20220117041937010113135214165998DD&lr=all&mime_type=video_mp4&net=0&pl=0&qs=5&rc=M2plODQ6ZjllNjMzNzczM0ApNWUzOGQ7NTw4Nzg8ZWU8O2drLmJucjQwLnBgLS1kMTZzczBjNjQvMDZeYS8xNGEvMDA6Yw%3D%3D&vl=&vr=
video/mp4, bytesbytes 1024000-1492686/1492687, 1642393270.3491073, 1642393270.351031, 1642393270.4289813, 1642393271.1285415, v16m.tiktokcdn-us.com, 2db62369fae9106f832a4f15f8c6bc0c, /2db62369fae9106f832a4f15f8c6bc0c/61e542d0/video/tos/useast2a/tos-useast2a-ve-0068c004/02c11bae6e0c4bbaa3a6e4b386e22249/?a=1233&br=980&bt=490&cd=0%7C0%7C0&ch=0&cr=3&cs=2&cv=1&dr=0&ds=6&er=&ft=c~.Zm4L-gXoInz7T&l=20220117041937010113135214165998DD&lr=all&mime_type=video_mp4&net=0&pl=0&qs=4&rc=amQ1NTN2aDpmNjMzNzczM0ApNmg5OTw2ODtnNzhoO2RlNWc0LmVxZWpmNjBgLS1kMTZzczQyLy8wYjAyLl9jL2JjXjQ6Yw%3D%3D&vl=&vr=
video/mp4, bytes 0-1024000/1093114, 1642393271.744815, 1642393271.7489367, 1642393271.8001394, 1642393272.8365662, v25.tiktokcdn-us.com, 51145d194edaa381dc89dee852ff87d5, /51145d194edaa381dc89dee852ff87d5/61e54327/video/tos/useast2a/tos-useast2a-ve-0068c004/ebeda0edfad943b88c11b94bd99d0786/?a=1233&br=976&bt=488&cd=0%7C0%7C0&ch=0&cr=3&cs=2&cv=1&dr=0&ds=3&er=&ft=c~.Zm4L-gXoInz7T&l=202201170421100101131350680356CE6F&lr=all&mime_type=video_mp4&net=0&pl=0&qs=14&rc=amo3a2g6ZnJoNzMzNzczM0ApNGhpNzppNmQ2NzRoNGk0OWcvb2IzcjRfZzBgLS1kMTZzczM1YzIvYWIzYC5iM2AvYDE6Yw%3D%3D&vl=&vr=
video/mp4, bytes 0-1024000/2492421, 1642393273.3391218, 1642393273.343871, 1642393273.4122212, 1642393274.8348913, v25.tiktokcdn-us.com, 1d47c0896ca1ac640e68d2858656bc53, /1d47c0896ca1ac640e68d2858656bc53/61e5433d/video/tos/useast2a/tos-useast2a-pve-0068/85f26dad7c324228908ebbb101ade411/?a=1233&br=978&bt=489&cd=0%7C0%7C0&ch=0&cr=3&cs=2&cv=1&dr=0&ds=6&er=&ft=c~.Zm4L-gXoInz7T&l=202201170421100101131350680356CE6F&lr=all&mime_type=video_mp4&net=0&pl=0&qs=5&rc=am5zdDw6ZmhqNjMzNzczM0ApOWRnZ2k2NmU0NzRoaGg5O2dtNGtncjRnb2hgLS1kMTZzczQxYF81MjRgM18wNjAxYV86Yw%3D%3D&vl=&vr=
video/mp4, bytes 0-1024000/1130687, 1642393275.2932084, 1642393275.3073473, 1642393275.399022, 1642393276.9306211, v25.tiktokcdn-us.com, 5b482238378a970c5d2ca3f9c84b9aae, /5b482238378a970c5d2ca3f9c84b9aae/61e54325/video/tos/useast2a/tos-useast2a-ve-0068c004/4dd3485cb1714c11939fbdd0790ecb0f/?a=1233&br=1160&bt=580&cd=0%7C0%7C0&ch=0&cr=3&cs=2&cv=1&dr=0&ds=6&er=&ft=c~.Zm4L-gXoInz7T&l=202201170421100101131350680356CE6F&lr=all&mime_type=video_mp4&net=0&pl=0&qs=5&rc=MzlqN214NThwNTMzNzczM0ApNmQ5PGZnO2Q8N2VoN2ZkM2cubjNkcWZyam5gLS1kMTZzc2MyYTY2Yy4yLjYyXzMvMDA6Yw%3D%3D&vl=&vr=
video/mp4, bytes 0-557503/557504, 1642393294.4247398, 1642393294.4270587, 1642393294.4592044, 1642393294.9463477, v25.tiktokcdn-us.com, d8e4c66d011b1fa89d487a4bc04dbeec, /d8e4c66d011b1fa89d487a4bc04dbeec/61e54320/video/tos/useast2a/tos-useast2a-ve-0068c002/3b04e783681a450b960ddb8446dd3c3b/?a=1233&br=814&bt=407&cd=0%7C0%7C0&ch=0&cr=3&cs=2&cv=1&dr=0&ds=6&er=&ft=c~.Zm4L-gXoInz7T&l=202201170421100101131350680356CE6F&lr=all&mime_type=video_mp4&net=0&pl=0&qs=4&rc=am53bnBmZ2Z2NDMzNzczM0ApOzU6ZGhlOmQ0Nzk6NmU2ZWduZmtiZy5pNG5gLS1kMTZzc18wMl9fNTAuMF9eMmMvNC06Yw%3D%3D&vl=&vr=
video/mp4, bytesbytes 1024000-1412514/1412515, 1642393301.2863019, 1642393301.2872179, 1642393301.308806, 1642393301.6381476, v16m.tiktokcdn-us.com, b29590d3f7b3346b3de74d04b0556515, /b29590d3f7b3346b3de74d04b0556515/61e542cd/video/tos/useast2a/tos-useast2a-ve-0068c003/b2a74e92317c41a98ff396e61f505581/?a=1233&br=1092&bt=546&cd=0%7C0%7C0&ch=0&cr=3&cs=2&cv=1&dr=0&ds=6&er=&ft=c~.Zm4L-gXoInz7T&l=20220117041937010113135214165998DD&lr=all&mime_type=video_mp4&net=0&pl=0&qs=5&rc=MzhxNTo7OmluNTMzNzczM0ApaDNlODRpZzszNzc3NDk2NWdqYzQ1Z2RibzBgLS1kMTZzc2JjMmItYy5fLi9gY2EyM2A6Yw%3D%3D&vl=&vr=
video/mp4, bytes 0-1024000/2121440, 1642393301.844227, 1642393301.8456898, 1642393302.1102147, 1642393302.7736742, v25.tiktokcdn-us.com, ff00fcbbd36098e6529b62eaf63039f7, /ff00fcbbd36098e6529b62eaf63039f7/61e5432b/video/tos/useast2a/tos-useast2a-pve-0068/bce660f83b4044319aeab83ae5a264f6/?a=1233&br=1562&bt=781&cd=0%7C0%7C0&ch=0&cr=3&cs=2&cv=1&dr=0&ds=6&er=&ft=c~.Zm4L-gXoInz7T&l=202201170421100101131350680356CE6F&lr=all&mime_type=video_mp4&net=0&pl=0&qs=5&rc=ajtwaW9vZGt5NTMzNzczM0ApMzo0ZTNlNWQ4N2Y4Zjg5Z2djaTZlczNkM2dgLS1kMTZzc2A2MC4wYy9iYTQtMmBjNl46Yw%3D%3D&vl=&vr=
video/mp4, bytes 1024000-1093113/1093114, 1642393312.4446278, 1642393312.4464808, 1642393312.477805, 1642393312.5224762, v25.tiktokcdn-us.com, 51145d194edaa381dc89dee852ff87d5, /51145d194edaa381dc89dee852ff87d5/61e54327/video/tos/useast2a/tos-useast2a-ve-0068c004/ebeda0edfad943b88c11b94bd99d0786/?a=1233&br=976&bt=488&cd=0%7C0%7C0&ch=0&cr=3&cs=2&cv=1&dr=0&ds=3&er=&ft=c~.Zm4L-gXoInz7T&l=202201170421100101131350680356CE6F&lr=all&mime_type=video_mp4&net=0&pl=0&qs=14&rc=amo3a2g6ZnJoNzMzNzczM0ApNGhpNzppNmQ2NzRoNGk0OWcvb2IzcjRfZzBgLS1kMTZzczM1YzIvYWIzYC5iM2AvYDE6Yw%3D%3D&vl=&vr=
video/mp4, bytes 0-1001318/1001319, 1642393312.6383517, 1642393312.640769, 1642393312.7246022, 1642393314.0295472, v25.tiktokcdn-us.com, 2ff38702e799476e4c0718b274bd5f24, /2ff38702e799476e4c0718b274bd5f24/61e54321/video/tos/useast5/tos-useast5-ve-0068c003-tx/724514e92b8043a6947f02201f7c50ab/?a=1233&br=1328&bt=664&cd=0%7C0%7C0&ch=0&cr=3&cs=2&cv=1&dr=0&ds=3&er=&ft=c~.Zm4L-gXoInz7T&l=202201170421100101131350680356CE6F&lr=all&mime_type=video_mp4&net=0&pl=0&qs=14&rc=M29saWg6ZjczOjMzZzczNEApZ2hkaDY8NmQ7N2hnNjplaGcyNGBocjRfX2FgLS1kMS9zc2I2YzFeNTYyMTAyL2ItMmA6Yw%3D%3D&vl=&vr=
video/mp4, bytes 1024000-2492420/2492421, 1642393326.5146832, 1642393326.5158231, 1642393326.542574, 1642393327.6033049, v25.tiktokcdn-us.com, 1d47c0896ca1ac640e68d2858656bc53, /1d47c0896ca1ac640e68d2858656bc53/61e5433d/video/tos/useast2a/tos-useast2a-pve-0068/85f26dad7c324228908ebbb101ade411/?a=1233&br=978&bt=489&cd=0%7C0%7C0&ch=0&cr=3&cs=2&cv=1&dr=0&ds=6&er=&ft=c~.Zm4L-gXoInz7T&l=202201170421100101131350680356CE6F&lr=all&mime_type=video_mp4&net=0&pl=0&qs=5&rc=am5zdDw6ZmhqNjMzNzczM0ApOWRnZ2k2NmU0NzRoaGg5O2dtNGtncjRnb2hgLS1kMTZzczQxYF81MjRgM18wNjAxYV86Yw%3D%3D&vl=&vr=
video/mp4, bytes 0-1024000/1849898, 1642393328.12616, 1642393328.1273518, 1642393328.1586926, 1642393328.8903942, v25.tiktokcdn-us.com, 9aea3ae2807179b02bb9286bda00df1e, /9aea3ae2807179b02bb9286bda00df1e/61e5432f/video/tos/alisg/tos-alisg-pve-0037c001/0fcd2e46f8c24166a41b1a8f9f5a534e/?a=1233&br=1140&bt=570&cd=0%7C0%7C0&ch=0&cr=3&cs=2&cv=1&dr=0&ds=6&er=&ft=c~.Zm4L-gXoInz7T&l=202201170421100101131350680356CE6F&lr=all&mime_type=video_mp4&net=0&pl=0&qs=11&rc=ajY3Njk6ZmU2OTMzODczNEApaDU1ODpnZzxmNzNmZGg4M2dsb25ucjRvM2BgLS1kMS1zczEuMDQxM2M0NS9jMWA0My46Yw%3D%3D&vl=&vr=
video/mp4, bytes 1024000-1130686/1130687, 1642393366.7151036, 1642393366.716454, 1642393366.7981672, 1642393366.8955765, v25.tiktokcdn-us.com, 5b482238378a970c5d2ca3f9c84b9aae, /5b482238378a970c5d2ca3f9c84b9aae/61e54325/video/tos/useast2a/tos-useast2a-ve-0068c004/4dd3485cb1714c11939fbdd0790ecb0f/?a=1233&br=1160&bt=580&cd=0%7C0%7C0&ch=0&cr=3&cs=2&cv=1&dr=0&ds=6&er=&ft=c~.Zm4L-gXoInz7T&l=202201170421100101131350680356CE6F&lr=all&mime_type=video_mp4&net=0&pl=0&qs=5&rc=MzlqN214NThwNTMzNzczM0ApNmQ5PGZnO2Q8N2VoN2ZkM2cubjNkcWZyam5gLS1kMTZzc2MyYTY2Yy4yLjYyXzMvMDA6Yw%3D%3D&vl=&vr=
video/mp4, bytes 1024000-2121439/2121440, 1642393370.066326, 1642393370.0671923, 1642393370.0996444, 1642393370.8327644, v25.tiktokcdn-us.com, ff00fcbbd36098e6529b62eaf63039f7, /ff00fcbbd36098e6529b62eaf63039f7/61e5432b/video/tos/useast2a/tos-useast2a-pve-0068/bce660f83b4044319aeab83ae5a264f6/?a=1233&br=1562&bt=781&cd=0%7C0%7C0&ch=0&cr=3&cs=2&cv=1&dr=0&ds=6&er=&ft=c~.Zm4L-gXoInz7T&l=202201170421100101131350680356CE6F&lr=all&mime_type=video_mp4&net=0&pl=0&qs=5&rc=ajtwaW9vZGt5NTMzNzczM0ApMzo0ZTNlNWQ4N2Y4Zjg5Z2djaTZlczNkM2dgLS1kMTZzc2A2MC4wYy9iYTQtMmBjNl46Yw%3D%3D&vl=&vr=
video/mp4, bytes 0-1024000/1245961, 1642393371.2231293, 1642393371.224482, 1642393371.2600658, 1642393371.9000618, v25.tiktokcdn-us.com, 05f5cc7bff12d3afe93f83e00b13a33c, /05f5cc7bff12d3afe93f83e00b13a33c/61e54324/video/tos/useast5/tos-useast5-ve-0068c004-tx/288c2e7eff49415ba3911a0c11c53285/?a=1233&br=1292&bt=646&cd=0%7C0%7C0&ch=0&cr=3&cs=2&cv=1&dr=0&ds=3&er=&ft=c~.Zm4L-gXoInz7T&l=202201170421100101131350680356CE6F&lr=all&mime_type=video_mp4&net=0&pl=0&qs=14&rc=amkzdjo6ZnY6OjMzZzczNEApODloODVnOmU6N2k8NzQ6OGdoXnNtcjRnNTVgLS1kMS9zc2NeMzYvYl8tXy4tM19gXjY6Yw%3D%3D&vl=&vr=
video/mp4, bytes 0-1024000/1418000, 1642393372.3286304, 1642393372.3300414, 1642393372.367295, 1642393373.6832519, v25.tiktokcdn-us.com, 7ab971002f6dcc39c317ced1b8e148da, /7ab971002f6dcc39c317ced1b8e148da/61e54325/video/tos/useast2a/tos-useast2a-pve-0068/1a4eb2b04b464350bb484bfe194ad9cb/?a=1233&br=1436&bt=718&cd=0%7C0%7C0&ch=0&cr=3&cs=2&cv=1&dr=0&ds=3&er=&ft=c~.Zm4L-gXoInz7T&l=202201170421100101131350680356CE6F&lr=all&mime_type=video_mp4&net=0&pl=0&qs=14&rc=ajo6ZzZyOmt2dDMzNzczM0ApZGkzNmk6MzszNzs8NGRlOGdfbmYzbDAvYzBfLS1jMTZzczEyLy9fMDFjMWBiXmFjM2A6Yw%3D%3D&vl=&vr=
video/mp4, bytes 0-558138/558139, 1642393374.2193396, 1642393374.2210906, 1642393374.3482487, 1642393374.9609914, v25.tiktokcdn-us.com, 17a6b06ee1cd757da7e5afbe1013d66d, /17a6b06ee1cd757da7e5afbe1013d66d/61e5431e/video/tos/useast2a/tos-useast2a-pve-0068/060bd750fbeb462c8e674263b1a14cc8/?a=1233&br=1054&bt=527&cd=0%7C0%7C0&ch=0&cr=3&cs=2&cv=1&dr=0&ds=3&er=&ft=c~.Zm4L-gXoInz7T&l=202201170421100101131350680356CE6F&lr=all&mime_type=video_mp4&net=0&pl=0&qs=14&rc=ajlncnh0bXY7NTMzNzczM0ApPDs8Nzk0ZmVmN2c3M2lkO2deNjU1MjFhZl5gLS1kMTZzcy8uXjMtYTJiX2BjMjIuNjQ6Yw%3D%3D&vl=&vr=
video/mp4, bytes 1024000-1849897/1849898, 1642393385.297891, 1642393385.299536, 1642393385.332077, 1642393385.978746, v25.tiktokcdn-us.com, 9aea3ae2807179b02bb9286bda00df1e, /9aea3ae2807179b02bb9286bda00df1e/61e5432f/video/tos/alisg/tos-alisg-pve-0037c001/0fcd2e46f8c24166a41b1a8f9f5a534e/?a=1233&br=1140&bt=570&cd=0%7C0%7C0&ch=0&cr=3&cs=2&cv=1&dr=0&ds=6&er=&ft=c~.Zm4L-gXoInz7T&l=202201170421100101131350680356CE6F&lr=all&mime_type=video_mp4&net=0&pl=0&qs=11&rc=ajY3Njk6ZmU2OTMzODczNEApaDU1ODpnZzxmNzNmZGg4M2dsb25ucjRvM2BgLS1kMS1zczEuMDQxM2M0NS9jMWA0My46Yw%3D%3D&vl=&vr=
video/mp4, bytes 1024000-1245960/1245961, 1642393410.9075236, 1642393410.9094822, 1642393410.9627123, 1642393411.155936, v25.tiktokcdn-us.com, 05f5cc7bff12d3afe93f83e00b13a33c, /05f5cc7bff12d3afe93f83e00b13a33c/61e54324/video/tos/useast5/tos-useast5-ve-0068c004-tx/288c2e7eff49415ba3911a0c11c53285/?a=1233&br=1292&bt=646&cd=0%7C0%7C0&ch=0&cr=3&cs=2&cv=1&dr=0&ds=3&er=&ft=c~.Zm4L-gXoInz7T&l=202201170421100101131350680356CE6F&lr=all&mime_type=video_mp4&net=0&pl=0&qs=14&rc=amkzdjo6ZnY6OjMzZzczNEApODloODVnOmU6N2k8NzQ6OGdoXnNtcjRnNTVgLS1kMS9zc2NeMzYvYl8tXy4tM19gXjY6Yw%3D%3D&vl=&vr=
video/mp4, bytes 1024000-1417999/1418000, 1642393426.3806674, 1642393426.390454, 1642393426.4420834, 1642393427.2742205, v25.tiktokcdn-us.com, 7ab971002f6dcc39c317ced1b8e148da, /7ab971002f6dcc39c317ced1b8e148da/61e54325/video/tos/useast2a/tos-useast2a-pve-0068/1a4eb2b04b464350bb484bfe194ad9cb/?a=1233&br=1436&bt=718&cd=0%7C0%7C0&ch=0&cr=3&cs=2&cv=1&dr=0&ds=3&er=&ft=c~.Zm4L-gXoInz7T&l=202201170421100101131350680356CE6F&lr=all&mime_type=video_mp4&net=0&pl=0&qs=14&rc=ajo6ZzZyOmt2dDMzNzczM0ApZGkzNmk6MzszNzs8NGRlOGdfbmYzbDAvYzBfLS1jMTZzczEyLy9fMDFjMWBiXmFjM2A6Yw%3D%3D&vl=&vr=
video/mp4, bytesbytes 0-572369/572370, 1642393427.7624059, 1642393427.763153, 1642393427.7832012, 1642393428.153998, v39.tiktokcdn-us.com, bfab7f626a3596744a68fb59c44ea1a1, /bfab7f626a3596744a68fb59c44ea1a1/61e543aa/video/tos/useast2a/tos-useast2a-ve-0068c002/9a2794aa230541308cc5eca4e5bafa23/?a=1233&br=1170&bt=585&cd=0%7C0%7C0&ch=0&cr=3&cs=2&cv=1&dr=0&ds=3&er=&ft=c~.Zm4L-gXoInz7T&l=202201170423310101131351490B55ED51&lr=all&mime_type=video_mp4&net=0&pl=0&qs=14&rc=M3kzcms1NHd0NDMzOjczM0ApZGc7OjU6PGQ3Nzg4aTozZGc1a3NhbGowbDJgLS02MTZzcy82YjItMV9iLV8vYjEwNF86Yw%3D%3D&vl=&vr=
video/mp4, bytesbytes 0-1024000/1219030, 1642393428.3794875, 1642393428.3814745, 1642393428.3963828, 1642393429.061736, v39.tiktokcdn-us.com, 783613a88119e8644f556c656e5058fa, /783613a88119e8644f556c656e5058fa/61e543b1/video/tos/useast2a/tos-useast2a-ve-0068c004/634f17cf046d4f1ea70aa47fb2057d65/?a=1233&br=1274&bt=637&cd=0%7C0%7C0&ch=0&cr=3&cs=2&cv=1&dr=0&ds=6&er=&ft=c~.Zm4L-gXoInz7T&l=202201170423310101131351490B55ED51&lr=all&mime_type=video_mp4&net=0&pl=0&qs=4&rc=ajhkeTtyNjM1NDMzNzczM0ApMzk8aTU5NmQ4NzM5Njk2aWcvamRjNGE2LmtgLS1kMTZzczMwYC9jYWIuXy9iMGMzNS86Yw%3D%3D&vl=&vr=
video/mp4, bytesbytes 0-1024000/2075918, 1642393429.5324059, 1642393429.5336545, 1642393429.5499663, 1642393430.3232496, v39.tiktokcdn-us.com, 3b7f9d35d82ad02fda081407c482c98e, /3b7f9d35d82ad02fda081407c482c98e/61e543b7/video/tos/useast2a/tos-useast2a-ve-0068c004/9022c2054809424bb750f349852e89c3/?a=1233&br=1552&bt=776&cd=0%7C0%7C0&ch=0&cr=3&cs=2&cv=1&dr=0&ds=6&er=&ft=c~.Zm4L-gXoInz7T&l=202201170423310101131351490B55ED51&lr=all&mime_type=video_mp4&net=0&pl=0&qs=4&rc=anZ0aGhoNG0zNTMzNzczM0ApaDdnaWRlPGQ8N2Y1NzRlZmcvbGZhM3BoLm5gLS1kMTZzcy8yXzJiL14yL2JgXmJgYTY6Yw%3D%3D&vl=&vr=
video/mp4, bytesbytes 0-702867/702868, 1642393430.7755697, 1642393430.777085, 1642393430.79183, 1642393431.3782167, v39.tiktokcdn-us.com, e62eccb19fc5ad9dc51affa32cfaaa6d, /e62eccb19fc5ad9dc51affa32cfaaa6d/61e543aa/video/tos/alisg/tos-alisg-pve-0037c001/202e295a089748c1b884ab25998a2b3a/?a=1233&br=1366&bt=683&cd=0%7C0%7C0&ch=0&cr=3&cs=2&cv=1&dr=0&ds=6&er=&ft=c~.Zm4L-gXoInz7T&l=202201170423310101131351490B55ED51&lr=all&mime_type=video_mp4&net=0&pl=0&qs=11&rc=MzQzPHNnNjg8NDMzNTczM0ApOTk5aGRlOjw6Nzg7NTxnZmdnYW5ibTJwcjZgLS0xMTRzczZfMTZjMGEyYDA0LmJfMWM6Yw%3D%3D&vl=&vr=
video/mp4, bytesbytes 0-1024000/1143962, 1642393431.7327888, 1642393431.7340589, 1642393431.7558393, 1642393432.5514476, v39.tiktokcdn-us.com, e48795caafb5bfb9ff51d1da02d804a8, /e48795caafb5bfb9ff51d1da02d804a8/61e543b1/video/tos/useast2a/tos-useast2a-pve-0068/b637ca2b83ce47c2ac2e48d883388487/?a=1233&br=1258&bt=629&cd=0%7C0%7C0&ch=0&cr=3&cs=2&cv=1&dr=0&ds=6&er=&ft=c~.Zm4L-gXoInz7T&l=202201170423310101131351490B55ED51&lr=all&mime_type=video_mp4&net=0&pl=0&qs=11&rc=MzRoaGV1czhxMzMzZzczM0ApZjM0ZztmOmRnN2ZkOjw4PGcvZDQxcDU1ZW5gLS1eMTZzczRgYWE1MzNeLjYxXmFgMWA6Yw%3D%3D&vl=&vr=
video/mp4, bytesbytes 0-599629/599630, 1642393433.976648, 1642393433.9783893, 1642393433.9972234, 1642393434.4505434, v39.tiktokcdn-us.com, 6eddd90ed20c2c1f417e39c9b9f7ac7c, /6eddd90ed20c2c1f417e39c9b9f7ac7c/61e543aa/video/tos/useast2a/tos-useast2a-ve-0068c004/53037072e7ea46719f71503983e53896/?a=1233&br=1180&bt=590&cd=0%7C0%7C0&ch=0&cr=3&cs=2&cv=1&dr=0&ds=3&er=&ft=c~.Zm4L-gXoInz7T&l=202201170423310101131351490B55ED51&lr=all&mime_type=video_mp4&net=0&pl=0&qs=14&rc=M2dvcmg6ZmZtOTMzNzczM0ApNWg6aWY2aGU8NzdpOWc7OWdsaGEucjRvZV9gLS1kMTZzc15hLjIzXmIxNWNeYjUwYGA6Yw%3D%3D&vl=&vr=
video/mp4, bytesbytes 1024000-1219029/1219030, 1642393434.567431, 1642393434.5716324, 1642393434.5922368, 1642393434.7450106, v39.tiktokcdn-us.com, 783613a88119e8644f556c656e5058fa, /783613a88119e8644f556c656e5058fa/61e543b1/video/tos/useast2a/tos-useast2a-ve-0068c004/634f17cf046d4f1ea70aa47fb2057d65/?a=1233&br=1274&bt=637&cd=0%7C0%7C0&ch=0&cr=3&cs=2&cv=1&dr=0&ds=6&er=&ft=c~.Zm4L-gXoInz7T&l=202201170423310101131351490B55ED51&lr=all&mime_type=video_mp4&net=0&pl=0&qs=4&rc=ajhkeTtyNjM1NDMzNzczM0ApMzk8aTU5NmQ4NzM5Njk2aWcvamRjNGE2LmtgLS1kMTZzczMwYC9jYWIuXy9iMGMzNS86Yw%3D%3D&vl=&vr=
video/mp4, bytesbytes 1024000-2075917/2075918, 1642393435.285809, 1642393435.288623, 1642393435.303522, 1642393436.1447127, v39.tiktokcdn-us.com, 3b7f9d35d82ad02fda081407c482c98e, /3b7f9d35d82ad02fda081407c482c98e/61e543b7/video/tos/useast2a/tos-useast2a-ve-0068c004/9022c2054809424bb750f349852e89c3/?a=1233&br=1552&bt=776&cd=0%7C0%7C0&ch=0&cr=3&cs=2&cv=1&dr=0&ds=6&er=&ft=c~.Zm4L-gXoInz7T&l=202201170423310101131351490B55ED51&lr=all&mime_type=video_mp4&net=0&pl=0&qs=4&rc=anZ0aGhoNG0zNTMzNzczM0ApaDdnaWRlPGQ8N2Y1NzRlZmcvbGZhM3BoLm5gLS1kMTZzcy8yXzJiL14yL2JgXmJgYTY6Yw%3D%3D&vl=&vr=
video/mp4, bytesbytes 0-599629/599630, 1642393436.6542091, 1642393436.6556728, 1642393436.669666, 1642393437.1162946, v39.tiktokcdn-us.com, 6eddd90ed20c2c1f417e39c9b9f7ac7c, /6eddd90ed20c2c1f417e39c9b9f7ac7c/61e543aa/video/tos/useast2a/tos-useast2a-ve-0068c004/53037072e7ea46719f71503983e53896/?a=1233&br=1180&bt=590&cd=0%7C0%7C0&ch=0&cr=3&cs=2&cv=1&dr=0&ds=3&er=&ft=c~.Zm4L-gXoInz7T&l=202201170423310101131351490B55ED51&lr=all&mime_type=video_mp4&net=0&pl=0&qs=14&rc=M2dvcmg6ZmZtOTMzNzczM0ApNWg6aWY2aGU8NzdpOWc7OWdsaGEucjRvZV9gLS1kMTZzc15hLjIzXmIxNWNeYjUwYGA6Yw%3D%3D&vl=&vr=
video/mp4, bytesbytes 0-473870/473871, 1642393437.4141917, 1642393437.4162138, 1642393437.4323013, 1642393437.7805908, v39.tiktokcdn-us.com, 7b4fbc1855e2274c4e8484ef015c109f, /7b4fbc1855e2274c4e8484ef015c109f/61e543a7/video/tos/useast2a/tos-useast2a-ve-0068c004/e99cb9d5a11d4ac7a496622b02f8a9ad/?a=1233&br=1476&bt=738&cd=0%7C0%7C0&ch=0&cr=3&cs=0&dr=0&ds=2&er=&ft=c~.Zm4L-gXoInz7T&l=202201170423310101131351490B55ED51&lr=all&mime_type=video_mp4&net=0&pl=0&qs=0&rc=MzN1NmdkcnU2NTMzNzczM0ApNjk0Z2c7Zzs4NzRmMzYzM2dwYmtrai5laXFgLS1kMTZzc2BiNV4zNTEyNjQ0XmEzMS86Yw%3D%3D&vl=&vr=
video/mp4, bytesbytes 0-1024000/1115179, 1642393437.9864876, 1642393437.9876788, 1642393438.0020545, 1642393438.7538364, v39.tiktokcdn-us.com, a8204a89905eb95035f8c7a840e65915, /a8204a89905eb95035f8c7a840e65915/61e543b3/video/tos/useast2a/tos-useast2a-pve-0068/b7bce4a37804449f9d2183c5933ac52d/?a=1233&br=1022&bt=511&cd=0%7C0%7C0&ch=0&cr=3&cs=2&cv=1&dr=0&ds=6&er=&ft=c~.Zm4L-gXoInz7T&l=202201170423310101131351490B55ED51&lr=all&mime_type=video_mp4&net=0&pl=0&qs=5&rc=M2k6OHV0cm5yNjMzNzczM0ApOTU1N2lpNjtmNzo2NTc4aWdtcC01azE1bzZgLS1kMTZzc2I0LTI0YjI1LmA0Ni4xYS86Yw%3D%3D&vl=&vr=
video/mp4, bytesbytes 0-533647/533648, 1642393447.5101063, 1642393447.5114832, 1642393447.5325809, 1642393447.911419, v39.tiktokcdn-us.com, e4251c9c5ed6754312e8440fb45405a2, /e4251c9c5ed6754312e8440fb45405a2/61e543ac/video/tos/useast2a/tos-useast2a-ve-0068c002/3de104e8920c42b783312742acf07bdb/?a=1233&br=872&bt=436&cd=0%7C0%7C0&ch=0&cr=3&cs=2&cv=1&dr=0&ds=6&er=&ft=c~.Zm4L-gXoInz7T&l=202201170423310101131351490B55ED51&lr=all&mime_type=video_mp4&net=0&pl=0&qs=4&rc=am52Zzs6ZndrNzMzNzczM0ApOGk2ZWU4Zzs1N2RoOmVpZ2dnZGk1cjQwXmxgLS1kMTZzczRgMWAyYmBeY2BhMWIxLl46Yw%3D%3D&vl=&vr=
video/mp4, bytesbytes 1024000-1143961/1143962, 1642393451.1581807, 1642393451.1593623, 1642393451.175687, 1642393451.2613754, v39.tiktokcdn-us.com, e48795caafb5bfb9ff51d1da02d804a8, /e48795caafb5bfb9ff51d1da02d804a8/61e543b1/video/tos/useast2a/tos-useast2a-pve-0068/b637ca2b83ce47c2ac2e48d883388487/?a=1233&br=1258&bt=629&cd=0%7C0%7C0&ch=0&cr=3&cs=2&cv=1&dr=0&ds=6&er=&ft=c~.Zm4L-gXoInz7T&l=202201170423310101131351490B55ED51&lr=all&mime_type=video_mp4&net=0&pl=0&qs=11&rc=MzRoaGV1czhxMzMzZzczM0ApZjM0ZztmOmRnN2ZkOjw4PGcvZDQxcDU1ZW5gLS1eMTZzczRgYWE1MzNeLjYxXmFgMWA6Yw%3D%3D&vl=&vr=
video/mp4, bytesbytes 0-1024000/1492445, 1642393451.3695295, 1642393451.3732243, 1642393451.392062, 1642393452.159969, v39.tiktokcdn-us.com, 17de493dc85b0e276cb4d869babc5709, /17de493dc85b0e276cb4d869babc5709/61e543b6/video/tos/useast2a/tos-useast2a-ve-0068c001/c5de9ff6392249969411ec47d9e78136/?a=1233&br=1208&bt=604&cd=0%7C0%7C0&ch=0&cr=3&cs=2&cv=1&dr=0&ds=6&er=&ft=c~.Zm4L-gXoInz7T&l=202201170423310101131351490B55ED51&lr=all&mime_type=video_mp4&net=0&pl=0&qs=4&rc=ampneXc6ZTR3NTMzNzczM0ApPDo7OjtpZzs6N2Y8ZWdmZGdzLWgwNmMtNGNgLS1kMTZzc2M0NTU2MDUyYDExXmE2Y146Yw%3D%3D&vl=&vr=
video/mp4, bytesbytes 1024000-1115178/1115179, 1642393459.7988272, 1642393459.805632, 1642393459.8312936, 1642393459.9895892, v39.tiktokcdn-us.com, a8204a89905eb95035f8c7a840e65915, /a8204a89905eb95035f8c7a840e65915/61e543b3/video/tos/useast2a/tos-useast2a-pve-0068/b7bce4a37804449f9d2183c5933ac52d/?a=1233&br=1022&bt=511&cd=0%7C0%7C0&ch=0&cr=3&cs=2&cv=1&dr=0&ds=6&er=&ft=c~.Zm4L-gXoInz7T&l=202201170423310101131351490B55ED51&lr=all&mime_type=video_mp4&net=0&pl=0&qs=5&rc=M2k6OHV0cm5yNjMzNzczM0ApOTU1N2lpNjtmNzo2NTc4aWdtcC01azE1bzZgLS1kMTZzc2I0LTI0YjI1LmA0Ni4xYS86Yw%3D%3D&vl=&vr=
video/mp4, bytesbytes 0-265347/265348, 1642393466.86439, 1642393466.8740084, 1642393466.8943768, 1642393467.2154694, v39.tiktokcdn-us.com, fabfacb3b1d712bd80db155749a72753, /fabfacb3b1d712bd80db155749a72753/61e543db/video/tos/alisg/tos-alisg-pve-0037c001/88d0a2f0d8fd40f699e281a9c3b021f0/?a=1233&br=482&bt=241&cd=0%7C0%7C0&ch=0&cr=3&cs=2&cv=1&dr=0&ds=6&er=&ft=c~.Zm4L-gXoInz7T&l=20220117042419010113006207235E1522&lr=all&mime_type=video_mp4&net=0&pl=0&qs=11&rc=ajdzOXE6bDNyMzMzODczM0ApNTk1aTU8OGRoNzdoM2Y5aWdgMzExMm9rcDRgLS0yMTRzcy0zMTEyXmAvYi81MzAxLWI6Yw%3D%3D&vl=&vr=
video/mp4, bytesbytes 0-1024000/1696741, 1642393467.3420298, 1642393467.343876, 1642393467.3627298, 1642393468.0832586, v39.tiktokcdn-us.com, f6db9f7db866bf14e4c00a02ff7a9fcb, /f6db9f7db866bf14e4c00a02ff7a9fcb/61e543e6/video/tos/useast2a/tos-useast2a-ve-0068c003/f348836467bc49eaa857075d7c4a121e/?a=1233&br=1382&bt=691&cd=0%7C0%7C0&ch=0&cr=3&cs=2&cv=1&dr=0&ds=6&er=&ft=c~.Zm4L-gXoInz7T&l=20220117042419010113006207235E1522&lr=all&mime_type=video_mp4&net=0&pl=0&qs=5&rc=anhwMzw6ZnRqNzMzNzczM0ApZmRlNzpnaGQ0NzloO2k6OWctZ2sycjQwLWpgLS1kMTZzczZeMzE0YWAzLTMuXi8xYWM6Yw%3D%3D&vl=&vr=
video/mp4, bytesbytes 0-1024000/3512906, 1642393468.5009851, 1642393468.5038683, 1642393468.5313993, 1642393469.2527022, v39.tiktokcdn-us.com, e9c3a43304e627aac1bd03b11e839666, /e9c3a43304e627aac1bd03b11e839666/61e543fb/video/tos/useast5/tos-useast5-ve-0068c001-tx/38bf562383a74abdb674e88e1fafda47/?a=1233&br=1342&bt=671&cd=0%7C0%7C0&ch=0&cr=3&cs=2&cv=1&dr=0&ds=6&er=&ft=c~.Zm4L-gXoInz7T&l=20220117042419010113006207235E1522&lr=all&mime_type=video_mp4&net=0&pl=0&qs=11&rc=M3JsZGQ6Zjg5OjMzZzczNEApaDpoNTRlNzszNzU4OGg0OGdxY3BocjRfZTBgLS1kMS9zc18xMjItMTMtNjRgXzMwX2I6Yw%3D%3D&vl=&vr=
video/mp4, bytesbytes 0-633979/633980, 1642393469.7299333, 1642393469.7311456, 1642393469.7448812, 1642393470.2466474, v39.tiktokcdn-us.com, 0e76db523ebead2829b5ca8ca1beadb9, /0e76db523ebead2829b5ca8ca1beadb9/61e543e3/video/tos/useast5/tos-useast5-pve-0068-tx/f62e02f024c540c89a00998f535a6845/?a=1233&br=582&bt=291&cd=0%7C0%7C0&ch=0&cr=3&cs=2&cv=1&dr=0&ds=3&er=&ft=c~.Zm4L-gXoInz7T&l=20220117042419010113006207235E1522&lr=all&mime_type=video_mp4&net=0&pl=0&qs=14&rc=anhtOmY6Zmo6OjMzZzczNEApOjM6NDc4aWRkNzVlODRpOWdybmZucjRfbTZgLS1kMS9zcy4vYmFhMV5jMzZeNjY1XjY6Yw%3D%3D&vl=&vr=
video/mp4, bytesbytes 1024000-1492444/1492445, 1642393476.5466754, 1642393476.548157, 1642393476.581243, 1642393479.0245788, v39.tiktokcdn-us.com, 17de493dc85b0e276cb4d869babc5709, /17de493dc85b0e276cb4d869babc5709/61e543b6/video/tos/useast2a/tos-useast2a-ve-0068c001/c5de9ff6392249969411ec47d9e78136/?a=1233&br=1208&bt=604&cd=0%7C0%7C0&ch=0&cr=3&cs=2&cv=1&dr=0&ds=6&er=&ft=c~.Zm4L-gXoInz7T&l=202201170423310101131351490B55ED51&lr=all&mime_type=video_mp4&net=0&pl=0&qs=4&rc=ampneXc6ZTR3NTMzNzczM0ApPDo7OjtpZzs6N2Y8ZWdmZGdzLWgwNmMtNGNgLS1kMTZzc2M0NTU2MDUyYDExXmE2Y146Yw%3D%3D&vl=&vr=
video/mp4, bytesbytes 0-1024000/1086827, 1642393479.3594744, 1642393479.3618293, 1642393479.3943477, 1642393482.5308113, v39.tiktokcdn-us.com, 67bc4568862ab79d720ba010eaf3fce3, /67bc4568862ab79d720ba010eaf3fce3/61e543e3/video/tos/useast2a/tos-useast2a-ve-0068c001/295b332c110d4d928a200669b9671d6c/?a=1233&br=1022&bt=511&cd=0%7C0%7C0&ch=0&cr=3&cs=2&cv=1&dr=0&ds=6&er=&ft=c~.Zm4L-gXoInz7T&l=20220117042419010113006207235E1522&lr=all&mime_type=video_mp4&net=0&pl=0&qs=4&rc=anA2NDg6Zmt2NzMzNzczM0ApPGc1Omg2ZWU3N2hmMzc4OWdhMXI2cjRfZy9gLS1kMTZzcy1eX14zLTUzYGNeYi9fNjE6Yw%3D%3D&vl=&vr=
video/mp4, bytesbytes 1024000-1696740/1696741, 1642393496.9380639, 1642393496.9433544, 1642393496.96987, 1642393497.575896, v39.tiktokcdn-us.com, f6db9f7db866bf14e4c00a02ff7a9fcb, /f6db9f7db866bf14e4c00a02ff7a9fcb/61e543e6/video/tos/useast2a/tos-useast2a-ve-0068c003/f348836467bc49eaa857075d7c4a121e/?a=1233&br=1382&bt=691&cd=0%7C0%7C0&ch=0&cr=3&cs=2&cv=1&dr=0&ds=6&er=&ft=c~.Zm4L-gXoInz7T&l=20220117042419010113006207235E1522&lr=all&mime_type=video_mp4&net=0&pl=0&qs=5&rc=anhwMzw6ZnRqNzMzNzczM0ApZmRlNzpnaGQ0NzloO2k6OWctZ2sycjQwLWpgLS1kMTZzczZeMzE0YWAzLTMuXi8xYWM6Yw%3D%3D&vl=&vr=
video/mp4, bytesbytes 0-803992/803993, 1642393497.8907933, 1642393497.892559, 1642393497.9105084, 1642393498.5818384, v39.tiktokcdn-us.com, 55733a0b14fb0f6373d2cf14d8d140c3, /55733a0b14fb0f6373d2cf14d8d140c3/61e543db/video/tos/useast2a/tos-useast2a-ve-0068c002/9f8b042b7f53483aa647f371a57a33a3/?a=1233&br=1438&bt=719&cd=0%7C0%7C0&ch=0&cr=3&cs=2&cv=1&dr=0&ds=6&er=&ft=c~.Zm4L-gXoInz7T&l=20220117042419010113006207235E1522&lr=all&mime_type=video_mp4&net=0&pl=0&qs=4&rc=amRzOzp5aHRneDMzPDczM0ApNTVlaDxmOGU1N2lkOjxlO2dyaGs0YWpnLWRfLS0zMTZzc2JiMDJgNTMyNC5fLjVgMV46Yw%3D%3D&vl=&vr=
video/mp4, bytesbytes 0-1024000/1218626, 1642393499.0164957, 1642393499.018189, 1642393499.035451, 1642393499.895368, v39.tiktokcdn-us.com, 296a765e5bd0e933ed671059d6aa5f5c, /296a765e5bd0e933ed671059d6aa5f5c/61e543e2/video/tos/useast2a/tos-useast2a-ve-0068c003/747444f35516410996c8d053f099c6cf/?a=1233&br=1246&bt=623&cd=0%7C0%7C0&ch=0&cr=3&cs=2&cv=1&dr=0&ds=6&er=&ft=c~.Zm4L-gXoInz7T&l=20220117042419010113006207235E1522&lr=all&mime_type=video_mp4&net=0&pl=0&qs=4&rc=ajZ5OTtzbGo5NDMzNzczM0ApOmRmNzc0ZDs4NzszZ2RpZ2dqXjFga3NvY2tgLS1kMTZzczQzLTZjMV8uYS4wLmFgXjA6Yw%3D%3D&vl=&vr=
video/mp4, bytesbytes 1024000-3512905/3512906, 1642393515.9644456, 1642393515.9653125, 1642393515.9881334, 1642393518.6406274, v39.tiktokcdn-us.com, e9c3a43304e627aac1bd03b11e839666, /e9c3a43304e627aac1bd03b11e839666/61e543fb/video/tos/useast5/tos-useast5-ve-0068c001-tx/38bf562383a74abdb674e88e1fafda47/?a=1233&br=1342&bt=671&cd=0%7C0%7C0&ch=0&cr=3&cs=2&cv=1&dr=0&ds=6&er=&ft=c~.Zm4L-gXoInz7T&l=20220117042419010113006207235E1522&lr=all&mime_type=video_mp4&net=0&pl=0&qs=11&rc=M3JsZGQ6Zjg5OjMzZzczNEApaDpoNTRlNzszNzU4OGg0OGdxY3BocjRfZTBgLS1kMS9zc18xMjItMTMtNjRgXzMwX2I6Yw%3D%3D&vl=&vr=
video/mp4, bytesbytes 0-693192/693193, 1642393519.4156961, 1642393519.4179952, 1642393519.4509823, 1642393520.3242111, v39.tiktokcdn-us.com, 654ad93d5a6be96c591d281e1596a822, /654ad93d5a6be96c591d281e1596a822/61e543db/video/tos/useast2a/tos-useast2a-ve-0068c004/a9eb81410a7f48f794f98e82aae77edb/?a=1233&br=1254&bt=627&cd=0%7C0%7C0&ch=0&cr=3&cs=2&cv=1&dr=0&ds=6&er=&ft=c~.Zm4L-gXoInz7T&l=20220117042419010113006207235E1522&lr=all&mime_type=video_mp4&net=0&pl=0&qs=5&rc=M3V0ZDxmOjtuNDMzMzczM0ApOmdmZGg3OGQ3N2VnZzQ5NWduZGVtNmVzMWRgLS02MTZzc2EyLi4xYmEuMzU1YzFeNWI6Yw%3D%3D&vl=&vr=
video/mp4, bytesbytes 0-1024000/1341214, 1642393520.6527567, 1642393520.65445, 1642393520.6761262, 1642393521.6145709, v39.tiktokcdn-us.com, 77247be055bd6f4350d35c23abe4dfae, /77247be055bd6f4350d35c23abe4dfae/61e543e2/video/tos/useast2a/tos-useast2a-ve-0068c002/9e8ed43555484c4b83d5257edb9435d0/?a=1233&br=1346&bt=673&cd=0%7C0%7C0&ch=0&cr=3&cs=2&cv=1&dr=0&ds=6&er=&ft=c~.Zm4L-gXoInz7T&l=20220117042419010113006207235E1522&lr=all&mime_type=video_mp4&net=0&pl=0&qs=11&rc=ajVyZzt5dGlreDMzZTczM0ApZzw0Ozk2OmQ0NzVoOWRnZmcuZWYxL3BuaDRfLS0wMTZzc2IyMC1jNF40XjY2LTAwLzQ6Yw%3D%3D&vl=&vr=
video/mp4, bytesbytes 1024000-1086826/1086827, 1642393536.533479, 1642393536.5348496, 1642393536.5600057, 1642393536.628355, v39.tiktokcdn-us.com, 67bc4568862ab79d720ba010eaf3fce3, /67bc4568862ab79d720ba010eaf3fce3/61e543e3/video/tos/useast2a/tos-useast2a-ve-0068c001/295b332c110d4d928a200669b9671d6c/?a=1233&br=1022&bt=511&cd=0%7C0%7C0&ch=0&cr=3&cs=2&cv=1&dr=0&ds=6&er=&ft=c~.Zm4L-gXoInz7T&l=20220117042419010113006207235E1522&lr=all&mime_type=video_mp4&net=0&pl=0&qs=4&rc=anA2NDg6Zmt2NzMzNzczM0ApPGc1Omg2ZWU3N2hmMzc4OWdhMXI2cjRfZy9gLS1kMTZzcy1eX14zLTUzYGNeYi9fNjE6Yw%3D%3D&vl=&vr=
video/mp4, bytesbytes 0-1024000/1468106, 1642393536.7019231, 1642393536.7029352, 1642393536.7922935, 1642393537.7784436, v39.tiktokcdn-us.com, 6f88e9bc197414f926d4db4acecded7b, /6f88e9bc197414f926d4db4acecded7b/61e543e1/video/tos/useast2a/tos-useast2a-ve-0068c001/b21486bb7d81477baabd50d3c947dcf1/?a=1233&br=1530&bt=765&cd=0%7C0%7C0&ch=0&cr=3&cs=2&cv=1&dr=0&ds=6&er=&ft=c~.Zm4L-gXoInz7T&l=20220117042419010113006207235E1522&lr=all&mime_type=video_mp4&net=0&pl=0&qs=5&rc=ajRwZTw7bGR2NjMzNzczM0ApaWhnOWZlO2U7N2ZoZDg5M2dvNmFvMXBvYGRgLS1kMTZzcy8xNmJfXzItNC42Yy5gXzQ6Yw%3D%3D&vl=&vr=
video/mp4, bytesbytes 1024000-1218625/1218626, 1642393546.5309606, 1642393546.532893, 1642393546.5505397, 1642393546.7415342, v39.tiktokcdn-us.com, 296a765e5bd0e933ed671059d6aa5f5c, /296a765e5bd0e933ed671059d6aa5f5c/61e543e2/video/tos/useast2a/tos-useast2a-ve-0068c003/747444f35516410996c8d053f099c6cf/?a=1233&br=1246&bt=623&cd=0%7C0%7C0&ch=0&cr=3&cs=2&cv=1&dr=0&ds=6&er=&ft=c~.Zm4L-gXoInz7T&l=20220117042419010113006207235E1522&lr=all&mime_type=video_mp4&net=0&pl=0&qs=4&rc=ajZ5OTtzbGo5NDMzNzczM0ApOmRmNzc0ZDs4NzszZ2RpZ2dqXjFga3NvY2tgLS1kMTZzczQzLTZjMV8uYS4wLmFgXjA6Yw%3D%3D&vl=&vr=
video/mp4, bytesbytes 1024000-1341213/1341214, 1642393564.143659, 1642393564.1453962, 1642393564.1699638, 1642393564.4314678, v39.tiktokcdn-us.com, 77247be055bd6f4350d35c23abe4dfae, /77247be055bd6f4350d35c23abe4dfae/61e543e2/video/tos/useast2a/tos-useast2a-ve-0068c002/9e8ed43555484c4b83d5257edb9435d0/?a=1233&br=1346&bt=673&cd=0%7C0%7C0&ch=0&cr=3&cs=2&cv=1&dr=0&ds=6&er=&ft=c~.Zm4L-gXoInz7T&l=20220117042419010113006207235E1522&lr=all&mime_type=video_mp4&net=0&pl=0&qs=11&rc=ajVyZzt5dGlreDMzZTczM0ApZzw0Ozk2OmQ0NzVoOWRnZmcuZWYxL3BuaDRfLS0wMTZzc2IyMC1jNF40XjY2LTAwLzQ6Yw%3D%3D&vl=&vr=
video/mp4, bytesbytes 0-1024000/1385717, 1642393564.6158872, 1642393564.617867, 1642393564.63613, 1642393565.458625, v39.tiktokcdn-us.com, a6786c97fbab6413a79c16176a951012, /a6786c97fbab6413a79c16176a951012/61e5444d/video/tos/useast2a/tos-useast2a-pve-0068/a27f7933c7584a20ab3fd6eb8b24a7cc/?a=1233&br=1110&bt=555&cd=0%7C0%7C0&ch=0&cr=3&cs=2&cv=1&dr=0&ds=6&er=&ft=c~.Zm4L-gXoInz7T&l=20220117042602010113135043135FBF9A&lr=all&mime_type=video_mp4&net=0&pl=0&qs=11&rc=anU4aW94PDRpeDMzZzczM0ApZ2U2ZTU7ZDw5NzNoZDg5NGcyZmYtY2Znc2VfLS1jMTZzc2MxMmJeL2BeMzM2XmIvMTQ6Yw%3D%3D&vl=&vr=
video/mp4, bytesbytes 0-1024000/1595991, 1642393565.8663774, 1642393565.8676524, 1642393565.8870866, 1642393566.7561488, v39.tiktokcdn-us.com, dd7fb7b3bfce03a4f5913eff878df9e9, /dd7fb7b3bfce03a4f5913eff878df9e9/61e5444c/video/tos/useast2a/tos-useast2a-pve-0068/59f74a14d5854557a633d10b19cb8dd1/?a=1233&br=1324&bt=662&cd=0%7C0%7C0&ch=0&cr=3&cs=2&cv=1&dr=0&ds=6&er=&ft=c~.Zm4L-gXoInz7T&l=20220117042602010113135043135FBF9A&lr=all&mime_type=video_mp4&net=0&pl=0&qs=4&rc=amxzNWg6Zm1pNzMzNzczM0ApZDo8MzxmZWVnN2g2MzQ0O2c0M2YzcjQwaWxgLS1kMTZzczQ2NWAzXzJiNDUvNjIuNjE6Yw%3D%3D&vl=&vr=
video/mp4, bytesbytes 0-419481/419482, 1642393567.2169445, 1642393567.2178745, 1642393567.2403848, 1642393567.6184804, v39.tiktokcdn-us.com, 4d6eaade757c8f1620423f76e2eb391f, /4d6eaade757c8f1620423f76e2eb391f/61e54440/video/tos/useast2a/tos-useast2a-pve-0068/46543e7d809d430f8c7b431197bb09bf/?a=1233&br=916&bt=458&cd=0%7C0%7C0&ch=0&cr=3&cs=2&cv=1&dr=0&ds=6&er=&ft=c~.Zm4L-gXoInz7T&l=20220117042602010113135043135FBF9A&lr=all&mime_type=video_mp4&net=0&pl=0&qs=4&rc=ajc1ZWQ6Zml1NjMzNzczM0ApNDs7OWhnaDtoNzlkOTk4aWdnai1lcjRfcWpgLS1kMTZzc2M0YGBiYF8tYmA2Y2EuL2M6Yw%3D%3D&vl=&vr=
video/mp4, bytesbytes 0-716769/716770, 1642393567.8509715, 1642393567.8537629, 1642393567.8718019, 1642393568.519091, v39.tiktokcdn-us.com, a43dc849cb409c38b069a54b5ba59b8f, /a43dc849cb409c38b069a54b5ba59b8f/61e54444/video/tos/useast2a/tos-useast2a-ve-0068c004/8ef5572352a949ec98150aec8025dd70/?a=1233&br=1038&bt=519&cd=0%7C0%7C0&ch=0&cr=3&cs=2&cv=1&dr=0&ds=6&er=&ft=c~.Zm4L-gXoInz7T&l=20220117042602010113135043135FBF9A&lr=all&mime_type=video_mp4&net=0&pl=0&qs=11&rc=M3Fxczs6Zmc1NzMzNzczM0ApOWdkPDllaDtlNzs0aDdmNmdvNV4vcjRncjFgLS1kMTZzczFiXzQzNjU0NV9fLWBfXl86Yw%3D%3D&vl=&vr=
video/mp4, bytesbytes 1024000-1468105/1468106, 1642393574.7970343, 1642393574.798664, 1642393574.813764, 1642393575.1742067, v39.tiktokcdn-us.com, 6f88e9bc197414f926d4db4acecded7b, /6f88e9bc197414f926d4db4acecded7b/61e543e1/video/tos/useast2a/tos-useast2a-ve-0068c001/b21486bb7d81477baabd50d3c947dcf1/?a=1233&br=1530&bt=765&cd=0%7C0%7C0&ch=0&cr=3&cs=2&cv=1&dr=0&ds=6&er=&ft=c~.Zm4L-gXoInz7T&l=20220117042419010113006207235E1522&lr=all&mime_type=video_mp4&net=0&pl=0&qs=5&rc=ajRwZTw7bGR2NjMzNzczM0ApaWhnOWZlO2U7N2ZoZDg5M2dvNmFvMXBvYGRgLS1kMTZzcy8xNmJfXzItNC42Yy5gXzQ6Yw%3D%3D&vl=&vr=
video/mp4, bytesbytes 0-418386/418387, 1642393575.3962016, 1642393575.3983545, 1642393575.4251094, 1642393575.7215402, v39.tiktokcdn-us.com, 2211f9ffaaf00904c9f704d522225e0b, /2211f9ffaaf00904c9f704d522225e0b/61e54441/video/tos/useast5/tos-useast5-ve-0068c004-tx/76d2b8ec07e045ac97babd32e7849b66/?a=1233&br=856&bt=428&cd=0%7C0%7C0&ch=0&cr=3&cs=2&cv=1&dr=0&ds=3&er=&ft=c~.Zm4L-gXoInz7T&l=20220117042602010113135043135FBF9A&lr=all&mime_type=video_mp4&net=0&pl=0&qs=14&rc=anY1dmk6Zmk2OTMzZzczNEApNTM7PDplZDs3N2k3NTQ0NGdtbl8ycjQwNTFgLS1kMS9zcy1iMTNhMjVgXzFhX2MvNWI6Yw%3D%3D&vl=&vr=
video/mp4, bytesbytes 1024000-1385716/1385717, 1642393579.2991068, 1642393579.3013227, 1642393579.3145106, 1642393579.5768192, v39.tiktokcdn-us.com, a6786c97fbab6413a79c16176a951012, /a6786c97fbab6413a79c16176a951012/61e5444d/video/tos/useast2a/tos-useast2a-pve-0068/a27f7933c7584a20ab3fd6eb8b24a7cc/?a=1233&br=1110&bt=555&cd=0%7C0%7C0&ch=0&cr=3&cs=2&cv=1&dr=0&ds=6&er=&ft=c~.Zm4L-gXoInz7T&l=20220117042602010113135043135FBF9A&lr=all&mime_type=video_mp4&net=0&pl=0&qs=11&rc=anU4aW94PDRpeDMzZzczM0ApZ2U2ZTU7ZDw5NzNoZDg5NGcyZmYtY2Znc2VfLS1jMTZzc2MxMmJeL2BeMzM2XmIvMTQ6Yw%3D%3D&vl=&vr=
video/mp4, bytesbytes 0-1024000/1589872, 1642393579.7564237, 1642393579.7572742, 1642393579.7722845, 1642393580.4665813, v39.tiktokcdn-us.com, 31cbbffee80403bd5b61f6c4b3211e46, /31cbbffee80403bd5b61f6c4b3211e46/61e54446/video/tos/useast2a/tos-useast2a-ve-0068c003/91c724bf933b40f5903e337d94f8f6a7/?a=1233&br=1944&bt=972&cd=0%7C0%7C0&ch=0&cr=3&cs=2&cv=1&dr=0&ds=6&er=&ft=c~.Zm4L-gXoInz7T&l=20220117042602010113135043135FBF9A&lr=all&mime_type=video_mp4&net=0&pl=0&qs=5&rc=M2VqbzM6ZmQ7NjMzNzczM0ApZGU1aGc7ZGU2NzhoZTNoZ2dkZGFncjRfaG9gLS1kMTZzcy4zYmA1MmE0NmEzLV8tYjQ6Yw%3D%3D&vl=&vr=
video/mp4, bytesbytes 1024000-1595990/1595991, 1642393599.1647265, 1642393599.1682844, 1642393599.1853344, 1642393599.6647823, v39.tiktokcdn-us.com, dd7fb7b3bfce03a4f5913eff878df9e9, /dd7fb7b3bfce03a4f5913eff878df9e9/61e5444c/video/tos/useast2a/tos-useast2a-pve-0068/59f74a14d5854557a633d10b19cb8dd1/?a=1233&br=1324&bt=662&cd=0%7C0%7C0&ch=0&cr=3&cs=2&cv=1&dr=0&ds=6&er=&ft=c~.Zm4L-gXoInz7T&l=20220117042602010113135043135FBF9A&lr=all&mime_type=video_mp4&net=0&pl=0&qs=4&rc=amxzNWg6Zm1pNzMzNzczM0ApZDo8MzxmZWVnN2g2MzQ0O2c0M2YzcjQwaWxgLS1kMTZzczQ2NWAzXzJiNDUvNjIuNjE6Yw%3D%3D&vl=&vr=
video/mp4, bytesbytes 0-568988/568989, 1642393599.984685, 1642393599.9857345, 1642393599.9975333, 1642393600.4793324, v39.tiktokcdn-us.com, 9dd2d7395321f4bf697653d3a392ced1, /9dd2d7395321f4bf697653d3a392ced1/61e54445/video/tos/useast2a/tos-useast2a-pve-0068/0db5a52be4814ca482755ba7b47a0966/?a=1233&br=764&bt=382&cd=0%7C0%7C0&ch=0&cr=3&cs=2&cv=1&dr=0&ds=6&er=&ft=c~.Zm4L-gXoInz7T&l=20220117042602010113135043135FBF9A&lr=all&mime_type=video_mp4&net=0&pl=0&qs=11&rc=M204cjw6Zm1zODMzNzgzM0ApZmZkOGdkaTs0NztmODk3aGdecmtrcjQwZXFgLS1kLzZzc2BjMWAwLTRfMC8wYmAuNGI6Yw%3D%3D&vl=&vr=
video/mp4, bytesbytes 0-1024000/1511927, 1642393606.1309035, 1642393606.1371117, 1642393606.1562872, 1642393606.9643726, v39.tiktokcdn-us.com, fa9927edd117c980a5c64b5340a8b50c, /fa9927edd117c980a5c64b5340a8b50c/61e5444e/video/tos/useast2a/tos-useast2a-pve-0068/fcb55ec68264411daa7a8140759786fd/?a=1233&br=1140&bt=570&cd=0%7C0%7C0&ch=0&cr=3&cs=2&cv=1&dr=0&ds=6&er=&ft=c~.Zm4L-gXoInz7T&l=20220117042602010113135043135FBF9A&lr=all&mime_type=video_mp4&net=0&pl=0&qs=11&rc=MzY0NTY6ZjhrNzMzNzczM0ApaWQzOTZlNzw2NzQ6aWloaWdjYnFmcjQwLmhgLS1kMTZzcy1jX2FfYDFhNGEtX2E1LS46Yw%3D%3D&vl=&vr=
video/mp4, bytesbytes 0-638227/638228, 1642393607.4566805, 1642393607.4586957, 1642393607.4771042, 1642393608.0512922, v39.tiktokcdn-us.com, bfa19ad390e62d89708f3e8b745659fa, /bfa19ad390e62d89708f3e8b745659fa/61e54445/video/tos/useast2a/tos-useast2a-pve-0068/757a2f8b19044ed39ac6674811366bc1/?a=1233&br=852&bt=426&cd=0%7C0%7C0&ch=0&cr=3&cs=2&cv=1&dr=0&ds=6&er=&ft=c~.Zm4L-gXoInz7T&l=20220117042602010113135043135FBF9A&lr=all&mime_type=video_mp4&net=0&pl=0&qs=4&rc=ampkM21rdWVrNjMzNzczM0ApOztlZjVkZWQ1N2UzaTRnNWdqM2luaWliMS5gLS1kMTZzczEzYzQ0NS4uLjUvYDQxLjU6Yw%3D%3D&vl=&vr=
video/mp4, bytesbytes 0-587184/587185, 1642393617.8013024, 1642393617.8025892, 1642393617.8256416, 1642393618.3284822, v39.tiktokcdn-us.com, 43224eac98be9589a07c5ae69297f5ca, /43224eac98be9589a07c5ae69297f5ca/61e54440/video/tos/useast2a/tos-useast2a-ve-0068c001/0c2f08bc79c247508bee147852570e44/?a=1233&br=1376&bt=688&cd=0%7C0%7C0&ch=0&cr=3&cs=2&cv=1&dr=0&ds=6&er=&ft=c~.Zm4L-gXoInz7T&l=20220117042602010113135043135FBF9A&lr=all&mime_type=video_mp4&net=0&pl=0&qs=5&rc=amdzcjk6ZjpnNjMzNzczM0ApNDdoMzwzNjtkNztnNjc5ZWczNmBkcjRfbWxgLS1kMTZzc2IvYF41M2AtLS4wXl9iLzM6Yw%3D%3D&vl=&vr=
video/mp4, bytesbytes 1024000-1589871/1589872, 1642393622.7169995, 1642393622.718182, 1642393622.7335486, 1642393623.3700163, v39.tiktokcdn-us.com, 31cbbffee80403bd5b61f6c4b3211e46, /31cbbffee80403bd5b61f6c4b3211e46/61e54446/video/tos/useast2a/tos-useast2a-ve-0068c003/91c724bf933b40f5903e337d94f8f6a7/?a=1233&br=1944&bt=972&cd=0%7C0%7C0&ch=0&cr=3&cs=2&cv=1&dr=0&ds=6&er=&ft=c~.Zm4L-gXoInz7T&l=20220117042602010113135043135FBF9A&lr=all&mime_type=video_mp4&net=0&pl=0&qs=5&rc=M2VqbzM6ZmQ7NjMzNzczM0ApZGU1aGc7ZGU2NzhoZTNoZ2dkZGFncjRfaG9gLS1kMTZzcy4zYmA1MmE0NmEzLV8tYjQ6Yw%3D%3D&vl=&vr=
video/mp4, bytesbytes 1024000-1511926/1511927, 1642393626.7334607, 1642393626.7356262, 1642393626.7519112, 1642393627.2928174, v39.tiktokcdn-us.com, fa9927edd117c980a5c64b5340a8b50c, /fa9927edd117c980a5c64b5340a8b50c/61e5444e/video/tos/useast2a/tos-useast2a-pve-0068/fcb55ec68264411daa7a8140759786fd/?a=1233&br=1140&bt=570&cd=0%7C0%7C0&ch=0&cr=3&cs=2&cv=1&dr=0&ds=6&er=&ft=c~.Zm4L-gXoInz7T&l=20220117042602010113135043135FBF9A&lr=all&mime_type=video_mp4&net=0&pl=0&qs=11&rc=MzY0NTY6ZjhrNzMzNzczM0ApaWQzOTZlNzw2NzQ6aWloaWdjYnFmcjQwLmhgLS1kMTZzcy1jX2FfYDFhNGEtX2E1LS46Yw%3D%3D&vl=&vr=
video/mp4, bytesbytes 0-1024000/1372285, 1642393627.6633205, 1642393627.6655872, 1642393627.684857, 1642393628.4260936, v19.tiktokcdn-us.com, 4d0c64d78118373569109f479d2bf10f, /4d0c64d78118373569109f479d2bf10f/61e54489/video/tos/alisg/tos-alisg-pve-0037c001/4242047feefd45b696d1513549a41a93/?a=1233&br=1388&bt=694&cd=0%7C0%7C0&ch=0&cr=3&cs=2&cv=1&dr=0&ds=6&er=&ft=c~.Zm4L-gXoInz7T&l=20220117042706010113006040205ADB9B&lr=all&mime_type=video_mp4&net=0&pl=0&qs=4&rc=M3E3eTY6ZjNsNzMzODczNEApZjM7ZmZmNGQ3N2RkNWQ7aWdncGlwcjRfZDNgLS1kMS1zczEzYV9iXl8xNWNfLV42Li86Yw%3D%3D&vl=&vr=
video/mp4, bytesbytes 0-493479/493480, 1642393628.8618703, 1642393628.8634782, 1642393628.8746336, 1642393629.230262, v19.tiktokcdn-us.com, b47353d00f8fde798acec77091733d21, /b47353d00f8fde798acec77091733d21/61e54481/video/tos/useast2a/tos-useast2a-ve-0068c001/2e99d8cb79244ae99f25ae3ac8163fed/?a=1233&br=1044&bt=522&cd=0%7C0%7C0&ch=0&cr=3&cs=2&cv=1&dr=0&ds=6&er=&ft=c~.Zm4L-gXoInz7T&l=20220117042706010113006040205ADB9B&lr=all&mime_type=video_mp4&net=0&pl=0&qs=4&rc=M3hxczRra3FwNjMzNzczM0ApZWVkM2lnaWVmNzk0OjVoZmctaGdqMTVxcTFgLS1kMTZzcy1eMDQ0YTVgNl8yLTMvMGE6Yw%3D%3D&vl=&vr=
video/mp4, bytesbytes 0-951005/951006, 1642393629.4679666, 1642393629.4692483, 1642393629.480596, 1642393630.1453118, v19.tiktokcdn-us.com, 1be2fa05da0e8a35863e579a8ca08dde, /1be2fa05da0e8a35863e579a8ca08dde/61e54485/video/tos/useast2a/tos-useast2a-ve-0068c001/5f3422e45d71461f903cd1d7b939af71/?a=1233&br=1316&bt=658&cd=0%7C0%7C0&ch=0&cr=3&cs=2&cv=1&dr=0&ds=6&er=&ft=c~.Zm4L-gXoInz7T&l=20220117042706010113006040205ADB9B&lr=all&mime_type=video_mp4&net=0&pl=0&qs=5&rc=M3dyOjM6ZmtqNzMzNzczM0ApODszNGY3PDw4N2Y0O2g4ZGcyaGAycjRvY2xgLS1kMTZzc2JjXy8wX14xYWEyYjAxXy86Yw%3D%3D&vl=&vr=
video/mp4, bytesbytes 0-569747/569748, 1642393630.5695128, 1642393630.571194, 1642393630.5849988, 1642393631.0065842, v19.tiktokcdn-us.com, f8cdd4ccd4a9df4f27db85121e380370, /f8cdd4ccd4a9df4f27db85121e380370/61e54482/video/tos/useast2a/tos-useast2a-ve-0068/ca60c61655f549038fb6212a2048fcff/?a=1233&br=1076&bt=538&cd=0%7C0%7C0&ch=0&cr=3&cs=2&cv=1&dr=0&ds=6&er=&ft=c~.Zm4L-gXoInz7T&l=20220117042706010113006040205ADB9B&lr=all&mime_type=video_mp4&net=0&pl=0&qs=4&rc=M2Q4cXI5azpscDMzNDczM0ApPDRkNjtnNTtmN2dpaTk4O2dnZ3NeY2w0aWxfLS0wMTZzc18yYzQyLTRhX14tNDNgMjA6Yw%3D%3D&vl=&vr=
video/mp4, bytesbytes 1024000-1372284/1372285, 1642393631.4740794, 1642393631.4926367, 1642393631.5351949, 1642393631.8408396, v19.tiktokcdn-us.com, 4d0c64d78118373569109f479d2bf10f, /4d0c64d78118373569109f479d2bf10f/61e54489/video/tos/alisg/tos-alisg-pve-0037c001/4242047feefd45b696d1513549a41a93/?a=1233&br=1388&bt=694&cd=0%7C0%7C0&ch=0&cr=3&cs=2&cv=1&dr=0&ds=6&er=&ft=c~.Zm4L-gXoInz7T&l=20220117042706010113006040205ADB9B&lr=all&mime_type=video_mp4&net=0&pl=0&qs=4&rc=M3E3eTY6ZjNsNzMzODczNEApZjM7ZmZmNGQ3N2RkNWQ7aWdncGlwcjRfZDNgLS1kMS1zczEzYV9iXl8xNWNfLV42Li86Yw%3D%3D&vl=&vr=
video/mp4, bytesbytes 0-619331/619332, 1642393632.086621, 1642393632.0880082, 1642393632.107547, 1642393632.5292575, v19.tiktokcdn-us.com, 66faf76472663ccc4438989d074b696f, /66faf76472663ccc4438989d074b696f/61e54480/video/tos/useast2a/tos-useast2a-ve-0068c003/c87454664ebb4e1a9171e23979c58e98/?a=1233&br=1504&bt=752&cd=0%7C0%7C0&ch=0&cr=3&cs=2&cv=1&dr=0&ds=6&er=&ft=c~.Zm4L-gXoInz7T&l=20220117042706010113006040205ADB9B&lr=all&mime_type=video_mp4&net=0&pl=0&qs=11&rc=MzhyNDU8ZHF2NTMzNzczM0ApZzg8Mzc7OjtmN2g4ZGdkOmdtMG1yM2lmZ2RgLS1kMTZzczAxMDY2LjI1Nl4zNS5iYDU6Yw%3D%3D&vl=&vr=
video/mp4, bytesbytes 0-753029/753030, 1642393632.8576214, 1642393632.8590708, 1642393632.871025, 1642393633.4079514, v19.tiktokcdn-us.com, 5cc797b742494c5089119bfbfc62de99, /5cc797b742494c5089119bfbfc62de99/61e54482/video/tos/useast2a/tos-useast2a-pve-0068/631008cbb021410e9a05d0ff85d95e96/?a=1233&br=1362&bt=681&cd=0%7C0%7C0&ch=0&cr=3&cs=2&cv=1&dr=0&ds=6&er=&ft=c~.Zm4L-gXoInz7T&l=20220117042706010113006040205ADB9B&lr=all&mime_type=video_mp4&net=0&pl=0&qs=5&rc=M2lneWk6ZjozNzMzNzczM0ApZmlkPGQ4aDw8NzQ2ZzY7aWdgcmUucjQwZC5gLS1kMTZzczQvMmAzY14wYTU2MTI0YDM6Yw%3D%3D&vl=&vr=
