0,v09044e50000btueapv15l8sl3ukeqpg,8077,1038069&571816&372444,8e279418b48a181e50d6b65e9f01df50&e16328cf2f924d130977da2f24b7f4f9&3930b5b03647aae63b85e9b349a3245e&a392144074bf489f9b302c7a97311653&1a89d2cf1438d6297c23961f2f0ef326&4cf0b6551b2363cca62921ea17ea6a9b,https://v16m.tiktokcdn-us.com/8e279418b48a181e50d6b65e9f01df50/61e542c0/video/tos/useast2a/tos-useast2a-ve-0068c004/13370ab11f50451d9ac6b44b0fed7e9d/?a=1233&br=2026&bt=1013&cd=0%7C0%7C0&ch=0&cr=3&cs=2&cv=1&dr=0&ds=6&er=&ft=c~.Zm4L-gXoInz7T&l=20220117041937010113135214165998DD&lr=all&mime_type=video_mp4&net=0&pl=0&qs=11&rc=anRuNnZvNHNodzMzODczM0ApOGQ1aDlnM2U6N2k4ZjRmZ2dtYnJpNTJzXnJfLS1iMTZzcy0zMzQvYy81MmM1LS8uYzQ6Yw%3D%3D&vl=&vr=
1,v12044gd0000c7bpv0jc77uakaoc0an0,12560,640394&488219&247339&213602,d779eb77dacc3229595ae01680b17bbe&dc125eed0ba0a1aa4671ac670421b600&693b78711443b82b129e22e1d69bfba9&f3457ac1c6e114c6790dacdac8e84cd6&630181d55f7e5940df4f8e7ef75909d7&1bc0e681ea6d9dc3f21a665bc6849b94&7dede429bc29c967af713943c55b2161&6cb450dae0494c4d015b26d8958d7131,https://v16m.tiktokcdn-us.com/d779eb77dacc3229595ae01680b17bbe/61e542c5/video/tos/useast5/tos-useast5-ve-0068c004-tx/7fb7755292e94b97ae2acf9bbfa03fe3/?a=1233&br=1250&bt=625&cd=0%7C0%7C0&ch=0&cr=3&cs=2&cv=1&dr=0&ds=6&er=&ft=c~.Zm4L-gXoInz7T&l=20220117041937010113135214165998DD&lr=all&mime_type=video_mp4&net=0&pl=0&qs=11&rc=M2RmZGQ6ZjNzOjMzZzczNEApMzY7PDVoNWVlNzQ5aTppN2drLWxocjRnc19gLS1kMS9zcy4vYF5hMDA0NjI2MzNhYC86Yw%3D%3D&vl=&vr=
2,v09044g40000c6ugqd3c77u2124rt93g,20176,2319302&1902672&1030452&876028,7c5ec7501c376444f8720e45ff6d2322&c31cdf1f1156350d2af2e14f367563a2&5164541d6811906a070ecff710182004&2b72b752ee37e45a58fbcb449cb5a759&8db8e18e5de72c66ae3bead1918cc7b6&ecfa5272000dad780aa24e9d758e9a2b&aadcf6a409f47f74640f77ea6210fa6c&872b1b13cb6e3e209e4673870bc155b4,https://v16m.tiktokcdn-us.com/7c5ec7501c376444f8720e45ff6d2322/61e542cd/video/tos/useast2a/tos-useast2a-pve-0068/9cf3926d23504f68ba3b97edcdc97826/?a=1233&br=4528&bt=2264&cd=0%7C0%7C0&ch=0&cr=3&cs=2&cv=1&dr=0&ds=3&er=&ft=c~.Zm4L-gXoInz7T&l=20220117041937010113135214165998DD&lr=all&mime_type=video_mp4&net=0&pl=0&qs=14&rc=ajx1NTU6ZmdqOTMzNzczM0ApNGkzaWQ1Nzs2NzU3NTQ6OmcwcTEucjQwbnJgLS1kMTZzczM2YjVgLy01YC0tXl40LWM6Yw%3D%3D&vl=&vr=
3,v09044g40000c3lg95bc77u9h05eekn0,46089,555273&414793&370651&261713,d3378e436a3cb4445142b120be7ca4cf&07aaa3fd69b1a9a1a0fb36ea5d3ddeb4&071d41359cd9c3b72a59ae52452f425d&6ac92f779a4f4ad52ac3c32cdc411b3a&63e16ffccd6dbf5d4bb94323c99bc616&73eac55ded5647a1fec78d321c4abac8&3440749b33c608ab00167e89b1168e85&92874187aa90e5359b535c134f7411d8,https://v16m.tiktokcdn-us.com/d3378e436a3cb4445142b120be7ca4cf/61e542e6/video/tos/useast2a/tos-useast2a-pve-0068/d71c0e8d4bdd441cb28765ca3433472b/?a=1233&br=1084&bt=542&cd=0%7C0%7C0&ch=0&cr=3&cs=2&cv=1&dr=0&ds=3&er=&ft=c~.Zm4L-gXoInz7T&l=20220117041937010113135214165998DD&lr=all&mime_type=video_mp4&net=0&pl=0&qs=14&rc=M25oMzw6ZjhqNjMzNzczM0ApN2kzaWQ4NDtmN2c6ZTg8aWdrYjJlcjRfNmlgLS1kMTZzczA0YmNjY2AtYDI2MDBfNjY6Yw%3D%3D&vl=&vr=
4,v09044g40000c1kjcjkfbh5e73ktqsqg,17807,788255&644665&394736&273289,6f127dbe52bd6760de260ebdc09b44db&f7665a673fc9799c7cf01f23a4d3f674&6c366c4a5adf412fe1bf72d71b7201c2&756b4eb0566156e61e9c0099aea8698d&b428400fe047aa115e8160385eea2af3&6ce1f64c101e90dc8790edae55a05fb8&b976270a60aebed2a8e91f1c00da6910&ef692ba91dd30c6b6bf7720abd4443d3,https://v16m.tiktokcdn-us.com/6f127dbe52bd6760de260ebdc09b44db/61e542ca/video/tos/useast2a/tos-useast2a-pve-0068/28e9383b8a8843d19cdf71afb36ba310/?a=1233&br=1538&bt=769&cd=0%7C0%7C0&ch=0&cr=3&cs=2&cv=1&dr=0&ds=3&er=&ft=c~.Zm4L-gXoInz7T&l=20220117041937010113135214165998DD&lr=all&mime_type=video_mp4&net=0&pl=0&qs=14&rc=anZ3NmhraW1tNDMzNzczM0ApZGQ8ZzZkNDxkN2QzNzg7ZWdubmg0Ml9oYGhgLS1kMTZzczYyYV8zNS0vMC9hX2M1Y2E6Yw%3D%3D&vl=&vr=
5,v09044g40000c42euh3c77u1fkgu3370,16646,567887&444282&223592&160019,053c49b79f7524667ef4f133b46a0d28&c857556d2c8dae9feba6b6cfd49d641a&ec0aab49995604eed1aa63485d04ed3a&6865907d0fe8150872f3825a073a68e2&f93eb7671d251708d2ce14b939c4088b&daa13da5fa3c754cd7a4bd5e7a6a00a0&680b2799265833dc436f4f23694f1cc7&0e12bc4ee943572187916b1d10ed7533,https://v16m.tiktokcdn-us.com/053c49b79f7524667ef4f133b46a0d28/61e542c9/video/tos/useast2a/tos-useast2a-pve-0068/353eea5c512a4e96bf4aed8f1a7c9fe9/?a=1233&br=1108&bt=554&cd=0%7C0%7C0&ch=0&cr=3&cs=2&cv=1&dr=0&ds=3&er=&ft=c~.Zm4L-gXoInz7T&l=20220117041937010113135214165998DD&lr=all&mime_type=video_mp4&net=0&pl=0&qs=14&rc=MzZ4bjQ6ZmtoNzMzNzczM0ApODc0NGk0NmVlN2Q7OjczM2c0MGRjcjQwci9gLS1kMTZzcy8tMWFiYS5fMzIyNTUxXy06Yw%3D%3D&vl=&vr=
6,v09044g40000c3sb163c77u1q5eb1gn0,50199,2384648&1679789&1035368&582274,feb63b833c121761b239653803fd6148&a01711e59823c8c910db2ffce8d5e6cc&108ba2238b89eb2cec376a72b8fb7425&71ccac26872ff42afa608c7592d69bbc&f1660ffb173b9c01ef100757e1a928f1&033826e4bc20c9fe9fe0db07b5fbd632&fb37b6512731a7cfa77e16336834f63d&5411afa70e61448efde16df88835b645,https://v16m.tiktokcdn-us.com/feb63b833c121761b239653803fd6148/61e542eb/video/tos/useast2a/tos-useast2a-pve-0068/f8286e158fda4ed7bdaec686e27037e0/?a=1233&br=4656&bt=2328&cd=0%7C0%7C0&ch=0&cr=3&cs=2&cv=1&dr=0&ds=3&er=&ft=c~.Zm4L-gXoInz7T&l=20220117041937010113135214165998DD&lr=all&mime_type=video_mp4&net=0&pl=0&qs=14&rc=M2plODQ6ZjllNjMzNzczM0ApZTtmM2Y4ZmU4Nzg0ZTxlOGdrLmJucjQwLnBgLS1kMTZzc2AwYWAzNjBfNDEzXy8uLjU6Yw%3D%3D&vl=&vr=
7,v09044g40000c33c97iemsh0t2h21a7g,23752,1481860&967805&502757&322580&298757,0c2da8574b0b4fd6850c6d6de661b2ec&6dfae7c764e4514229b34afd93449d9e&6d422b2d0cc0f829d88a758c46a0a46d&915bab9f2bb23549ef421cdacbe61719&2db62369fae9106f832a4f15f8c6bc0c&cf278090d03c566da61c7dfde8dd507f&ec0381c9c4595709dd97e5c609d087ac&2d106679354cd79a46269984f04bfcbd&d0e601e687f480dddef3dca3a8b10696&81f29fa31ce68974bccb03bdf8dceae5,https://v16m.tiktokcdn-us.com/0c2da8574b0b4fd6850c6d6de661b2ec/61e542d0/video/tos/useast2a/tos-useast2a-pve-0068/6db60453f1e54ed6a6763c05f1e88f44/?a=1233&br=2894&bt=1447&cd=0%7C0%7C0&ch=0&cr=3&cs=2&cv=1&dr=0&ds=3&er=&ft=c~.Zm4L-gXoInz7T&l=20220117041937010113135214165998DD&lr=all&mime_type=video_mp4&net=0&pl=0&qs=14&rc=amQ1NTN2aDpmNjMzNzczM0ApZjRkZzc6NzxkN2U4Ozg4O2c0LmVxZWpmNjBgLS1kMTZzczEvYWE1NDVhMjUvMTMyMzY6Yw%3D%3D&vl=&vr=
8,v090445c0000brsj2d7kvluo3u9i7rsg,6639,1025429&793373&341692&224755,9347c1da5c376401cbb3a56a7d741966&a18da6cacc23ae37d69d3cdadecee110&a6abadeec822636259e1d7fb37ef08ce&168710974faf416cf4e9e852b44dd5b4&58164330d5a46b403431ca524d9270b7&17ac7a467162c5f27398d4597a38f4e0&a07cfecee381abf8df80dc9aba6e6b41&8c0aef61ac789a4e10b7d948d38e970e,https://v16m.tiktokcdn-us.com/9347c1da5c376401cbb3a56a7d741966/61e542bf/video/tos/useast2a/tos-useast2a-ve-0068c003/a61a2fdecc7f4812a7e9dcb661f65801/?a=1233&br=2002&bt=1001&cd=0%7C0%7C0&ch=0&cr=3&cs=2&cv=1&dr=0&ds=3&er=&ft=c~.Zm4L-gXoInz7T&l=20220117041937010113135214165998DD&lr=all&mime_type=video_mp4&net=0&pl=0&qs=14&rc=anVseHJvbmdtdTMzZjczM0ApaDZpNzQ0ZTw1N2YzOGk7OmdwNDYwcnM0L3BfLS0yMTZzc2IvYzAvMC8yNDJgNWBhYF86Yw%3D%3D&vl=&vr=
9,v09044g40000c23krfe7g8j7827nf5m0,20176,1391827&955897&832763&560077,ece8382be642c8085443893184a7d6d7&a0e89593f54bded36b547d98e413b9bf&7f78ba88bb44b9c937bd4d58344ffbc2&0352fa589a6b5cd519c1861d27bd81d2&c92e61676dbdda1af7aa0d9315184a14&968545df7fdf905ba4c473950b15ea39&b29590d3f7b3346b3de74d04b0556515&0b941d86799093ec2a361a62500a1e92,https://v16m.tiktokcdn-us.com/ece8382be642c8085443893184a7d6d7/61e542cd/video/tos/useast2a/tos-useast2a-ve-0068c003/0ed2412d233a49eba49e4af52e6d8eb1/?a=1233&br=2718&bt=1359&cd=0%7C0%7C0&ch=0&cr=3&cs=2&cv=1&dr=0&ds=3&er=&ft=c~.Zm4L-gXoInz7T&l=20220117041937010113135214165998DD&lr=all&mime_type=video_mp4&net=0&pl=0&qs=14&rc=MzhxNTo7OmluNTMzNzczM0ApZGY3OjgzaTw0NzU7Z2k7OWdqYzQ1Z2RibzBgLS1kMTZzczNjYl4xXmNiXmEvMl9hMWE6Yw%3D%3D&vl=&vr=
10,v09044g40000c43ejobc77ue6he4rg2g,17482,500223&416016&227615&166397,51145d194edaa381dc89dee852ff87d5&b5ad61509548719968d1592ac781bff9&629860829d9eee81cc16ed65b85a174b&a9203d2162d83c5e8531049efe91906c&0170f8d50b4d8b56ca88439da23bb5ab&126e331b0774a174aa0f673d3ed025a1&55a750d764a8027331091673166c7242&759e543baad45a8a72be3f3100f4e645,https://v25.tiktokcdn-us.com/51145d194edaa381dc89dee852ff87d5/61e54327/video/tos/useast2a/tos-useast2a-ve-0068c004/ebeda0edfad943b88c11b94bd99d0786/?a=1233&br=976&bt=488&cd=0%7C0%7C0&ch=0&cr=3&cs=2&cv=1&dr=0&ds=3&er=&ft=c~.Zm4L-gXoInz7T&l=202201170421100101131350680356CE6F&lr=all&mime_type=video_mp4&net=0&pl=0&qs=14&rc=amo3a2g6ZnJoNzMzNzczM0ApNGhpNzppNmQ2NzRoNGk0OWcvb2IzcjRfZzBgLS1kMTZzczM1YzIvYWIzYC5iM2AvYDE6Yw%3D%3D&vl=&vr=
11,v09044g40000c3kgrejc77u9jqnp7kpg,39820,1450795&1047947&813997&500737,7775694d6eb21e711d7c5bddf4138e52&532658a25437f589e3ec1044ccf7fdfe&d37c5f5e59edb8ae33760084d512e72e&cb207724d9a293b13fff0271c7a84b76&dcf3077374a8535e85e4b176b5d65d31&f722f8324184057e92a2e5b51c8a393c&1d47c0896ca1ac640e68d2858656bc53&57f9f690fab4001d8b6e805d23146832,https://v25.tiktokcdn-us.com/7775694d6eb21e711d7c5bddf4138e52/61e5433d/video/tos/useast2a/tos-useast2a-ve-0068c001/99d27d54a7b143af86fa5f55f0b033eb/?a=1233&br=2832&bt=1416&cd=0%7C0%7C0&ch=0&cr=3&cs=2&cv=1&dr=0&ds=3&er=&ft=c~.Zm4L-gXoInz7T&l=202201170421100101131350680356CE6F&lr=all&mime_type=video_mp4&net=0&pl=0&qs=14&rc=am5zdDw6ZmhqNjMzNzczM0ApNGk2aTVmZWU7N2U7Zzk7O2dtNGtncjRnb2hgLS1kMTZzc2I2LS8vNDUwX2A0My8xLjU6Yw%3D%3D&vl=&vr=
12,v09044g40000c2qmm5u2iutjg46gq610,15230,1793520&1235045&889186&593926,6f202d6f1bc970c8a1ffc9a02ed86a3c&2d4016d89e861e02ef878bcc834de3a9&a6ce2ad1eb7a8b99f75ece78909e4cb1&2875a678d6882e65276d16d590c1540a&0ce7c50fe1d16787c0d408498e9bc3e4&7d5ab036c8f9ab2440214ad453c7daf7&5b482238378a970c5d2ca3f9c84b9aae&0cb781b94e2601d41f3bffa247d7fc7c,https://v25.tiktokcdn-us.com/6f202d6f1bc970c8a1ffc9a02ed86a3c/61e54325/video/tos/useast2a/tos-useast2a-ve-0068c004/8c2392560472467faadd751cb7757143/?a=1233&br=3502&bt=1751&cd=0%7C0%7C0&ch=0&cr=3&cs=2&cv=1&dr=0&ds=3&er=&ft=c~.Zm4L-gXoInz7T&l=202201170421100101131350680356CE6F&lr=all&mime_type=video_mp4&net=0&pl=0&qs=14&rc=MzlqN214NThwNTMzNzczM0ApZGdlO2c7O2VpNzRnZWYzNGcubjNkcWZyam5gLS1kMTZzc14yXzNgLS1gYzI2NjY2YzY6Yw%3D%3D&vl=&vr=
13,v09044g40000c1qs7cld1cjmekntikqg,10679,864376&417645&264892,ef5846fdb4f7a214cd7154659f765238&a8decd8e0081dd5d6cdbc44e7958b585&d8e4c66d011b1fa89d487a4bc04dbeec&75f6b86b36a4637cd850148cc4fa6b28&dffadd8000ec601554238d0c337ed6fb&a353a16da170082dfb59cb2a765c1020,https://v25.tiktokcdn-us.com/ef5846fdb4f7a214cd7154659f765238/61e54320/video/tos/useast2a/tos-useast2a-pve-0068/250df16a02a94b9187bfb0c9e76bfd7c/?a=1233&br=1688&bt=844&cd=0%7C0%7C0&ch=0&cr=3&cs=2&cv=1&dr=0&ds=6&er=&ft=c~.Zm4L-gXoInz7T&l=202201170421100101131350680356CE6F&lr=all&mime_type=video_mp4&net=0&pl=0&qs=11&rc=am53bnBmZ2Z2NDMzNzczM0ApNTY0Z2ZoNWVoN2U8NWhoNGduZmtiZy5pNG5gLS1kMTZzczUzMF5jNTYxNl8tLTIuNl86Yw%3D%3D&vl=&vr=
14,v09044g40000c2jv6hga6lvlhf9ml8fg,21221,1844886&1518566&799751,961ea40899ae52bd751e8d8d92cb590e&0c20d520a0117859caf2714a731f419d&3e547d626ce4e35c0301c3f947943fde&07d7aadb95b06c234ccfd1bbc4f5a448&ff00fcbbd36098e6529b62eaf63039f7&e4441486734d7464037aaca478b70117,https://v25.tiktokcdn-us.com/961ea40899ae52bd751e8d8d92cb590e/61e5432b/video/tos/useast2a/tos-useast2a-ve-0068c001/5b760373d72949838db6ae7478a36a43/?a=1233&br=3602&bt=1801&cd=0%7C0%7C0&ch=0&cr=3&cs=2&cv=1&dr=0&ds=6&er=&ft=c~.Zm4L-gXoInz7T&l=202201170421100101131350680356CE6F&lr=all&mime_type=video_mp4&net=0&pl=0&qs=11&rc=ajtwaW9vZGt5NTMzNzczM0ApNGZmZmg1aGU3Nzk2PDo8ZWdjaTZlczNkM2dgLS1kMTZzczY2YGAyMzAwMjIzMWBjYDY6Yw%3D%3D&vl=&vr=
15,v12044gd0000c7d0b4bc77uekfci7l50,11770,680590&563748&390091&298756,2ff38702e799476e4c0718b274bd5f24&832475684dd832349c92d5138db13fd7&c6818de188491dfa32f36b15ccbaa46d&da517bea362afadbeddcf095e0a9a7fd&561518e7a23fdbaf373dd398f76abfec&bc4858dd76346ddc478eed419b47aebc&cf0d17094251a5fdd6324c028dcd4142&212cc06c2f1629caa91272c3e4101351,https://v25.tiktokcdn-us.com/2ff38702e799476e4c0718b274bd5f24/61e54321/video/tos/useast5/tos-useast5-ve-0068c003-tx/724514e92b8043a6947f02201f7c50ab/?a=1233&br=1328&bt=664&cd=0%7C0%7C0&ch=0&cr=3&cs=2&cv=1&dr=0&ds=3&er=&ft=c~.Zm4L-gXoInz7T&l=202201170421100101131350680356CE6F&lr=all&mime_type=video_mp4&net=0&pl=0&qs=14&rc=M29saWg6ZjczOjMzZzczNEApZ2hkaDY8NmQ7N2hnNjplaGcyNGBocjRfX2FgLS1kMS9zc2I2YzFeNTYyMTAyL2ItMmA6Yw%3D%3D&vl=&vr=
16,v10044g50000c6c36brc77u6q3q4r3og,25354,583702&337395&211799,9aea3ae2807179b02bb9286bda00df1e&55fc76b33f4085bd288101e903f350de&7fabbe2f88c2f6d731f459c546b39d0e&6d54d40b570b4f74fc6d8fcab9cf9794&51282554ed97592717652f4df763a167&c403b426fc44b5de2c079ca691283477,https://v25.tiktokcdn-us.com/9aea3ae2807179b02bb9286bda00df1e/61e5432f/video/tos/alisg/tos-alisg-pve-0037c001/0fcd2e46f8c24166a41b1a8f9f5a534e/?a=1233&br=1140&bt=570&cd=0%7C0%7C0&ch=0&cr=3&cs=2&cv=1&dr=0&ds=6&er=&ft=c~.Zm4L-gXoInz7T&l=202201170421100101131350680356CE6F&lr=all&mime_type=video_mp4&net=0&pl=0&qs=11&rc=ajY3Njk6ZmU2OTMzODczNEApaDU1ODpnZzxmNzNmZGg4M2dsb25ucjRvM2BgLS1kMS1zczEuMDQxM2M0NS9jMWA0My46Yw%3D%3D&vl=&vr=
17,v12044gd0000c7878sjc77u7psv0afkg,15067,661557&552707&464615&385418,05f5cc7bff12d3afe93f83e00b13a33c&5cc6016adcb59b954b4988308adbdb4a&1cd81d4e901b24022751e3ef0d8c3a0a&dd6ca60c266b773cfd020b2ff1f5e82a&22b5c85fb19afa65a8c5dac0bcb30a84&3cfe3d17fe32ffd248ee25dd9b1512c6&e0c38a4468442a9320583fae1cc073ce&c55810ded2434c9b3acb3e702a22fd8b,https://v25.tiktokcdn-us.com/05f5cc7bff12d3afe93f83e00b13a33c/61e54324/video/tos/useast5/tos-useast5-ve-0068c004-tx/288c2e7eff49415ba3911a0c11c53285/?a=1233&br=1292&bt=646&cd=0%7C0%7C0&ch=0&cr=3&cs=2&cv=1&dr=0&ds=3&er=&ft=c~.Zm4L-gXoInz7T&l=202201170421100101131350680356CE6F&lr=all&mime_type=video_mp4&net=0&pl=0&qs=14&rc=amkzdjo6ZnY6OjMzZzczNEApODloODVnOmU6N2k8NzQ6OGdoXnNtcjRnNTVgLS1kMS9zc2NeMzYvYl8tXy4tM19gXjY6Yw%3D%3D&vl=&vr=
18,v09044f40000bq3sfh273oo36di7q7bg,15416,735858&566761&327403,7ab971002f6dcc39c317ced1b8e148da&16aec4f850150bedc2f04a8aa97db99a&ef4a3e761055db4b62f39df61b810b5c&a455cb8b930ce57035d88131509fa8f4&c941327defb5010112a6b1bf553cf934&8bda1e9ddad1feea0d562513d443888b,https://v25.tiktokcdn-us.com/7ab971002f6dcc39c317ced1b8e148da/61e54325/video/tos/useast2a/tos-useast2a-pve-0068/1a4eb2b04b464350bb484bfe194ad9cb/?a=1233&br=1436&bt=718&cd=0%7C0%7C0&ch=0&cr=3&cs=2&cv=1&dr=0&ds=3&er=&ft=c~.Zm4L-gXoInz7T&l=202201170421100101131350680356CE6F&lr=all&mime_type=video_mp4&net=0&pl=0&qs=14&rc=ajo6ZzZyOmt2dDMzNzczM0ApZGkzNmk6MzszNzs8NGRlOGdfbmYzbDAvYzBfLS1jMTZzczEyLy9fMDFjMWBiXmFjM2A6Yw%3D%3D&vl=&vr=
19,v09044g40000c2a8isdj4q5u8o8d96ag,8264,540308&478499&311419&223721,17a6b06ee1cd757da7e5afbe1013d66d&13b2ea1440f13fac826eda9e2845ac55&92f87c7c90635baaf073d3906b9706f8&6137acf73553231ec458fbb57e0b5ad6&b6af66b5b91b114e309c22d9c4f90fac&1aef664c07f5522b7e058af4192ced9f&09cec312eae821093683c5c73165fa7b&f87de71aca3aa0e4e8f987ee5529b2d2,https://v25.tiktokcdn-us.com/17a6b06ee1cd757da7e5afbe1013d66d/61e5431e/video/tos/useast2a/tos-useast2a-pve-0068/060bd750fbeb462c8e674263b1a14cc8/?a=1233&br=1054&bt=527&cd=0%7C0%7C0&ch=0&cr=3&cs=2&cv=1&dr=0&ds=3&er=&ft=c~.Zm4L-gXoInz7T&l=202201170421100101131350680356CE6F&lr=all&mime_type=video_mp4&net=0&pl=0&qs=14&rc=ajlncnh0bXY7NTMzNzczM0ApPDs8Nzk0ZmVmN2c3M2lkO2deNjU1MjFhZl5gLS1kMTZzcy8uXjMtYTJiX2BjMjIuNjQ6Yw%3D%3D&vl=&vr=
20,v09044970000c15qot31m2ohdov0nv80,7637,599575&441121&262117&179080,bfab7f626a3596744a68fb59c44ea1a1&7b876b2e52af9ac8e5933ec4e0be6b9d&f12917a2d9c80ecd306805cc0d8cdd2a&6ca254e1ae7a20f187236df0e40e4165&291cd369ceb44e68bb201663255f145d&c61d786c00eeed530388da0d7ef84b83&586a5cf2523c1a5d8584a95e44b6e8cc&2481a3aa0893b8626b3b6375d690fb4b,https://v39.tiktokcdn-us.com/bfab7f626a3596744a68fb59c44ea1a1/61e543aa/video/tos/useast2a/tos-useast2a-ve-0068c002/9a2794aa230541308cc5eca4e5bafa23/?a=1233&br=1170&bt=585&cd=0%7C0%7C0&ch=0&cr=3&cs=2&cv=1&dr=0&ds=3&er=&ft=c~.Zm4L-gXoInz7T&l=202201170423310101131351490B55ED51&lr=all&mime_type=video_mp4&net=0&pl=0&qs=14&rc=M3kzcms1NHd0NDMzOjczM0ApZGc7OjU6PGQ3Nzg4aTozZGc1a3NhbGowbDJgLS02MTZzcy82YjItMV9iLV8vYjEwNF86Yw%3D%3D&vl=&vr=
21,v09044g40000c1n21093do78fvgam52g,14928,1985159&1630658&653285&420754,411e7405acca70e803a5e08484c90e03&1bea5e14231104381c4416c690fc5d93&11c9c22ebde1494cec90d610e778b7f5&5b43dfbea1fa5ffaebb92ff948764663&783613a88119e8644f556c656e5058fa&cf359baeac38945f7d7f1f337d96cdd0&0392799d41038d5f4234906d86e0b34e&39e8766d7f478fda9ff610ab64c77e5e,https://v39.tiktokcdn-us.com/411e7405acca70e803a5e08484c90e03/61e543b1/video/tos/useast2a/tos-useast2a-pve-0068/21c531d693a240fbb4c2d8a41a8caa19/?a=1233&br=3876&bt=1938&cd=0%7C0%7C0&ch=0&cr=3&cs=2&cv=1&dr=0&ds=3&er=&ft=c~.Zm4L-gXoInz7T&l=202201170423310101131351490B55ED51&lr=all&mime_type=video_mp4&net=0&pl=0&qs=14&rc=ajhkeTtyNjM1NDMzNzczM0ApZjY7NmdpO2U3N2c0ZWlnZWcvamRjNGE2LmtgLS1kMTZzc18xMmMuLzMuLy4xMGMwYWI6Yw%3D%3D&vl=&vr=
22,v09044g40000c2q01jk1se6edeiqos2g,20896,1262211&1035288&794761&542759,4ebea24f4183c3d436f40fd6b7989707&d603de69d2988b264dfc5a6cf7a8e720&51242f33a1da783d996723948ff1d005&fbcd3dd4a827e5f65fa7cb2c9c3c9d64&3b7f9d35d82ad02fda081407c482c98e&aff7810e7741b31fa16b693ba86f55e6&3af589d80b5b39b2540275c4877c0580&eb6804d75805bced11cb6e740bbfff1a,https://v39.tiktokcdn-us.com/4ebea24f4183c3d436f40fd6b7989707/61e543b7/video/tos/useast2a/tos-useast2a-ve-0068c001/032f2f8815304c9394dd37c63db334a2/?a=1233&br=2464&bt=1232&cd=0%7C0%7C0&ch=0&cr=3&cs=2&cv=1&dr=0&ds=3&er=&ft=c~.Zm4L-gXoInz7T&l=202201170423310101131351490B55ED51&lr=all&mime_type=video_mp4&net=0&pl=0&qs=14&rc=anZ0aGhoNG0zNTMzNzczM0ApOWRpPDxnOGVoN2Y3OTVmO2cvbGZhM3BoLm5gLS1kMTZzczFhYjU2NWAzXjAuLS8uLi46Yw%3D%3D&vl=&vr=
23,v07044420000c199u5s35dppe9q0d1j0,8032,700067&442899&309569,e62eccb19fc5ad9dc51affa32cfaaa6d&b3e7234ea50f1c78e9f4c5ccfeb2c627&1951a854164c569cbabdc2b99cbbf63c&6a555407b4e2b03250b88b07be5a6f86&30725c54c9c1dfa7be7ae9a09b3aaedc&6458e9400ec1237ff677184632a2188b,https://v39.tiktokcdn-us.com/e62eccb19fc5ad9dc51affa32cfaaa6d/61e543aa/video/tos/alisg/tos-alisg-pve-0037c001/202e295a089748c1b884ab25998a2b3a/?a=1233&br=1366&bt=683&cd=0%7C0%7C0&ch=0&cr=3&cs=2&cv=1&dr=0&ds=6&er=&ft=c~.Zm4L-gXoInz7T&l=202201170423310101131351490B55ED51&lr=all&mime_type=video_mp4&net=0&pl=0&qs=11&rc=MzQzPHNnNjg8NDMzNTczM0ApOTk5aGRlOjw6Nzg7NTxnZmdnYW5ibTJwcjZgLS0xMTRzczZfMTZjMGEyYDA0LmJfMWM6Yw%3D%3D&vl=&vr=
24,v09044ad0000c0qnh58p8rsb4e7eg120,14208,881638&644122&349950&209351,7a1deb0310b17e334f8577c5a20330f5&d1e3bb7d5ed6cfcb02a8996dff219ec3&e48795caafb5bfb9ff51d1da02d804a8&2aaccb55df1690294233878b94ba9979&1279fc7004384b79cf93031ee1c9a310&05fb3eb4c218a746496d36cb45cf6d76&14ec50bab83c8aeafd59b3a8cc504591&402b942c43153b4fb70c4d40207b6d52,https://v39.tiktokcdn-us.com/7a1deb0310b17e334f8577c5a20330f5/61e543b1/video/tos/useast2a/tos-useast2a-ve-0068c002/78aa8b14fb054a35b79487b137b29b3c/?a=1233&br=1720&bt=860&cd=0%7C0%7C0&ch=0&cr=3&cs=2&cv=1&dr=0&ds=3&er=&ft=c~.Zm4L-gXoInz7T&l=202201170423310101131351490B55ED51&lr=all&mime_type=video_mp4&net=0&pl=0&qs=14&rc=MzRoaGV1czhxMzMzZzczM0ApO2Y3aDtkPDxpNzQ5ZmQ3OGcvZDQxcDU1ZW5gLS1eMTZzcy5gMS4wXzJiLWM0MDAvMTI6Yw%3D%3D&vl=&vr=
25,v09044g40000c6bjhcrc77ue1odlkdo0,7940,604161&439135&296553&183383,6eddd90ed20c2c1f417e39c9b9f7ac7c&41982868ae3768214a132adbb0335988&69cc2a3324d1b5d56929839a0a85b01b&a549cd7de960550f4306e7a4671757fb&1bfbc4a8804147f440c0c5566a4bfe32&54c874b8e1dd5dd5dc4a32fafd3c2281&4bd08dfa38be247c0f33c9d248fc5d0e&25c555a0c60d94e3ccb8062909537ecf,https://v39.tiktokcdn-us.com/6eddd90ed20c2c1f417e39c9b9f7ac7c/61e543aa/video/tos/useast2a/tos-useast2a-ve-0068c004/53037072e7ea46719f71503983e53896/?a=1233&br=1180&bt=590&cd=0%7C0%7C0&ch=0&cr=3&cs=2&cv=1&dr=0&ds=3&er=&ft=c~.Zm4L-gXoInz7T&l=202201170423310101131351490B55ED51&lr=all&mime_type=video_mp4&net=0&pl=0&qs=14&rc=M2dvcmg6ZmZtOTMzNzczM0ApNWg6aWY2aGU8NzdpOWc7OWdsaGEucjRvZV9gLS1kMTZzc15hLjIzXmIxNWNeYjUwYGA6Yw%3D%3D&vl=&vr=
26,v09044g40000c2t3lrho1amdn3nre0s0,5013,756227,7b4fbc1855e2274c4e8484ef015c109f&2b209cace3cd2796017cc79faefadf37,https://v39.tiktokcdn-us.com/7b4fbc1855e2274c4e8484ef015c109f/61e543a7/video/tos/useast2a/tos-useast2a-ve-0068c004/e99cb9d5a11d4ac7a496622b02f8a9ad/?a=1233&br=1476&bt=738&cd=0%7C0%7C0&ch=0&cr=3&cs=0&dr=0&ds=2&er=&ft=c~.Zm4L-gXoInz7T&l=202201170423310101131351490B55ED51&lr=all&mime_type=video_mp4&net=0&pl=0&qs=0&rc=MzN1NmdkcnU2NTMzNzczM0ApNjk0Z2c7Zzs4NzRmMzYzM2dwYmtrai5laXFgLS1kMTZzc2BiNV4zNTEyNjQ0XmEzMS86Yw%3D%3D&vl=&vr=
27,v09044g40000c39ork8o4qnr8507sfp0,17019,2400024&1680624&812197&524204,61965f1967ae86163ded2b60e5c1aa78&28a3a00761b5845135045eb0051e8048&6063dd1e47ac95e5d47ef00838921a7d&80f02e933a6c0fd054c20e022a8f0e7d&cffb99ed24205dab3ab413858cdceb32&3fe4fad25bc0eaa1acfe23371f770107&a8204a89905eb95035f8c7a840e65915&8e0986c7913b77e5ed632950bd048cd0,https://v39.tiktokcdn-us.com/61965f1967ae86163ded2b60e5c1aa78/61e543b3/video/tos/useast2a/tos-useast2a-ve-0068c003/b2f1a5a1d3f0448f9fb4b5a037c92027/?a=1233&br=4686&bt=2343&cd=0%7C0%7C0&ch=0&cr=3&cs=2&cv=1&dr=0&ds=3&er=&ft=c~.Zm4L-gXoInz7T&l=202201170423310101131351490B55ED51&lr=all&mime_type=video_mp4&net=0&pl=0&qs=14&rc=M2k6OHV0cm5yNjMzNzczM0ApZWg8aDs6N2Q1NzYzOzk5NmdtcC01azE1bzZgLS1kMTZzcy82LzUtNjIxLWJiY141Ly46Yw%3D%3D&vl=&vr=
28,v09044g40000c4ohat3c77u88dlsgkjg,9542,942322&447409&317248,08ec795effc38ba64cbd186b76eec809&e558ee4b621d5f758c60ad28561387fb&e4251c9c5ed6754312e8440fb45405a2&e4fa080527ef3a0d97ee4efe68d0b225&c0f0a0d6955824a8eec1b10b445a16be&51572bc648f3b3a891e0b46cb0b7334a,https://v39.tiktokcdn-us.com/08ec795effc38ba64cbd186b76eec809/61e543ac/video/tos/useast2a/tos-useast2a-ve-0068c004/c54e4db20e74481fa121eb15af5f85e5/?a=1233&br=1840&bt=920&cd=0%7C0%7C0&ch=0&cr=3&cs=2&cv=1&dr=0&ds=6&er=&ft=c~.Zm4L-gXoInz7T&l=202201170423310101131351490B55ED51&lr=all&mime_type=video_mp4&net=0&pl=0&qs=11&rc=am52Zzs6ZndrNzMzNzczM0ApaTU3PGc5N2U1NzM1Nzk1OmdnZGk1cjQwXmxgLS1kMTZzc2AtXjAxXy8yMGIwNS5jXzA6Yw%3D%3D&vl=&vr=
29,v09044g40000c2ft710bf79t3vkd0gvg,19293,1718431&1264133&618854&381743,4ea6153ba4eb1a54316b4e52c71e9ced&dde9d42fd694b89c78826de32f97c0f1&b28720458d21a3e0c569d9b54815752b&c0336daccbc7ecc6821324c28a54f41d&17de493dc85b0e276cb4d869babc5709&f9038205848d384bd5c96298551746e5&40b355684cd719a919cdecf970b9f19a&31da88fbebf375aeda1e3ed91991110d,https://v39.tiktokcdn-us.com/4ea6153ba4eb1a54316b4e52c71e9ced/61e543b6/video/tos/useast2a/tos-useast2a-pve-0068/4b429b6507504a9cba99f12e0d4afe8a/?a=1233&br=3356&bt=1678&cd=0%7C0%7C0&ch=0&cr=3&cs=2&cv=1&dr=0&ds=3&er=&ft=c~.Zm4L-gXoInz7T&l=202201170423310101131351490B55ED51&lr=all&mime_type=video_mp4&net=0&pl=0&qs=14&rc=ampneXc6ZTR3NTMzNzczM0ApN2ZlPDdlaGUzNzM2OmU6PGdzLWgwNmMtNGNgLS1kMTZzcy8uMDEtLTJiMWAyM181LTU6Yw%3D%3D&vl=&vr=
30,v07044550000c07os0nir75n464p64cg,8589,247151&169174&126295,fabfacb3b1d712bd80db155749a72753&bd40171e3d970a2112e36620cd3a66e3&ff8077c6daffafd8911bf4c0a3cc37dd&b5a41abe2c7ed3e7543716203d6ba416&97c21e1e9180725be4f40df59e91e1e5&692468801a369e667befd03b98f9492c,https://v39.tiktokcdn-us.com/fabfacb3b1d712bd80db155749a72753/61e543db/video/tos/alisg/tos-alisg-pve-0037c001/88d0a2f0d8fd40f699e281a9c3b021f0/?a=1233&br=482&bt=241&cd=0%7C0%7C0&ch=0&cr=3&cs=2&cv=1&dr=0&ds=6&er=&ft=c~.Zm4L-gXoInz7T&l=20220117042419010113006207235E1522&lr=all&mime_type=video_mp4&net=0&pl=0&qs=11&rc=ajdzOXE6bDNyMzMzODczM0ApNTk1aTU8OGRoNzdoM2Y5aWdgMzExMm9rcDRgLS0yMTRzcy0zMTEyXmAvYi81MzAxLWI6Yw%3D%3D&vl=&vr=
31,v09044g40000c4mg0q3c77u950nmju0g,19177,3191109&1932525&1342438&707823,26e1d4246feb278893666e0c6d035344&cdae9a1ef1c20d61d0c3958e55e08ba0&152ad367e6f72d1e0e6816b59644e548&1dbffa36191f36410bd1e56040e9e858&158f32388ef26cbc4c915a00d1b4b46c&cbe72ed840c092ce09437ae89c7bd34f&f6db9f7db866bf14e4c00a02ff7a9fcb&bf8cf1ccfb6d3eb26aadb8a8c234bc2a,https://v39.tiktokcdn-us.com/26e1d4246feb278893666e0c6d035344/61e543e6/video/tos/useast2a/tos-useast2a-ve-0068c003/1578429937b3407ab574c8a84355dafb/?a=1233&br=6232&bt=3116&cd=0%7C0%7C0&ch=0&cr=3&cs=2&cv=1&dr=0&ds=3&er=&ft=c~.Zm4L-gXoInz7T&l=20220117042419010113006207235E1522&lr=all&mime_type=video_mp4&net=0&pl=0&qs=14&rc=anhwMzw6ZnRqNzMzNzczM0ApOTxoaWhlOjs6NzM3OzQzO2ctZ2sycjQwLWpgLS1kMTZzcy1hXy9jXmIyMjFjXzIyMS06Yw%3D%3D&vl=&vr=
32,v12044gd0000c736h5bc77uakasifot0,40843,832150&688079&457089&341092,18471bb7a4d8c210052160ea49dd4c39&87087487a0ebf0158da1e47efe18b069&e9c3a43304e627aac1bd03b11e839666&aded772e125d02f3295fb21eb3667963&15ba8171fbbdbab714683139cf22c8b1&94acee97d1d67a37d575deba77c7263f&37f9d53456d269a353714c214b955db3&ad158076faddee6c3504ef5c71f2f99d,https://v39.tiktokcdn-us.com/18471bb7a4d8c210052160ea49dd4c39/61e543fb/video/tos/useast5/tos-useast5-pve-0068-tx/967c907d787f47d1ba726183ac03a2a0/?a=1233&br=1624&bt=812&cd=0%7C0%7C0&ch=0&cr=3&cs=2&cv=1&dr=0&ds=3&er=&ft=c~.Zm4L-gXoInz7T&l=20220117042419010113006207235E1522&lr=all&mime_type=video_mp4&net=0&pl=0&qs=14&rc=M3JsZGQ6Zjg5OjMzZzczNEApNDlkOjo5ZjxmNzc8NjVpOGdxY3BocjRfZTBgLS1kMS9zczY2NjAyXjBfYi8xLzIuY2A6Yw%3D%3D&vl=&vr=
33,v12044gd0000c797pgbc77ucq7ijquug,16995,298431&235242&154197&125184,0e76db523ebead2829b5ca8ca1beadb9&30f129dca895234b3eb39d672acfdb0c&6d773184643250a2510cbaa7a463bcb7&ccd4e8c14f101e154e60385e42b7a0d8&c987d4d7d7a185d6377ac5eede1fda5e&56d67b7de2e9811d91deaef5be3e87a8&3ec43efeb89aac47623d7f0fc4ce72ec&bc7eae9e19ea99d9a812f18e76281716,https://v39.tiktokcdn-us.com/0e76db523ebead2829b5ca8ca1beadb9/61e543e3/video/tos/useast5/tos-useast5-pve-0068-tx/f62e02f024c540c89a00998f535a6845/?a=1233&br=582&bt=291&cd=0%7C0%7C0&ch=0&cr=3&cs=2&cv=1&dr=0&ds=3&er=&ft=c~.Zm4L-gXoInz7T&l=20220117042419010113006207235E1522&lr=all&mime_type=video_mp4&net=0&pl=0&qs=14&rc=anhtOmY6Zmo6OjMzZzczNEApOjM6NDc4aWRkNzVlODRpOWdybmZucjRfbTZgLS1kMS9zcy4vYmFhMV5jMzZeNjY1XjY6Yw%3D%3D&vl=&vr=
34,v09044g40000c42sjhbc77u591u34mdg,16600,1143137&860555&523772&365504,a6d5d2226b298df51b1dc10335eeba6e&e957e9f6e355647be591e5a490450316&d584607da598249e40dcf902da6f0376&ff5c9df48e37b99271d36678605065cd&67bc4568862ab79d720ba010eaf3fce3&bcbe591d0b40293b0ea9d8a828354b2c&96ffd81f28b226300c182117d2629c71&bd8e0ea68b51c58a535e27c69c2fd618,https://v39.tiktokcdn-us.com/a6d5d2226b298df51b1dc10335eeba6e/61e543e3/video/tos/useast2a/tos-useast2a-ve-0068c002/7da2afaad80f404fb164f84d77c8ba4d/?a=1233&br=2232&bt=1116&cd=0%7C0%7C0&ch=0&cr=3&cs=2&cv=1&dr=0&ds=3&er=&ft=c~.Zm4L-gXoInz7T&l=20220117042419010113006207235E1522&lr=all&mime_type=video_mp4&net=0&pl=0&qs=14&rc=anA2NDg6Zmt2NzMzNzczM0ApOzs7ZGQ5ZzxkNztlNTlnaGdhMXI2cjRfZy9gLS1kMTZzczUuLjJjMTFeNTIyMC0vYy46Yw%3D%3D&vl=&vr=
35,v09044690000bugd0qjemvd778npkaug,8728,1625869&1015423&736932&474604,636e8645fec2cdf758aa42abcffd3c48&d5d312f7c7352e8bbb1fe5534b9ebafd&f5c7fadf35760dfc44f9d9d8a7a3ee16&4063c1a3444795f2b5085d142ff3da10&55733a0b14fb0f6373d2cf14d8d140c3&3e2dc8e987e1425f962b00392a9001ff&b765b62cf356bea55b3331c21bc5df10&3971aa997ada139d0fdcf6ac6d0d13d3,https://v39.tiktokcdn-us.com/636e8645fec2cdf758aa42abcffd3c48/61e543db/video/tos/useast2a/tos-useast2a-ve-0068c003/577f7868462848419672cfb56e32c139/?a=1233&br=3174&bt=1587&cd=0%7C0%7C0&ch=0&cr=3&cs=2&cv=1&dr=0&ds=3&er=&ft=c~.Zm4L-gXoInz7T&l=20220117042419010113006207235E1522&lr=all&mime_type=video_mp4&net=0&pl=0&qs=14&rc=amRzOzp5aHRneDMzPDczM0ApZGc2NmRoZDxpN2hlOTw1NWdyaGs0YWpnLWRfLS0zMTZzc2IzYV8xMmBiLTAuMC4wNC86Yw%3D%3D&vl=&vr=
36,v09044g40000c1n6fgrivpn8c64va3mg,15276,1055778&904129&638191&402855,befebdb3ab99d6650c611216b78bf8d5&f46194467405e89d2a55c617a1a09eb7&eed2b9c12ef0bf0c7318252e25a741e3&492c3f070fd1f340bfdedce1ed752d9e&296a765e5bd0e933ed671059d6aa5f5c&97c914feb9df3bf6c27cb075071b8f92&9088c4f9ae724431c16e4c4d4bfab6f7&c862bb706adee7968ee0657ae836564b,https://v39.tiktokcdn-us.com/befebdb3ab99d6650c611216b78bf8d5/61e543e2/video/tos/useast2a/tos-useast2a-pve-0068/0d6b12d875944f93abce543a86449ffc/?a=1233&br=2062&bt=1031&cd=0%7C0%7C0&ch=0&cr=3&cs=2&cv=1&dr=0&ds=3&er=&ft=c~.Zm4L-gXoInz7T&l=20220117042419010113006207235E1522&lr=all&mime_type=video_mp4&net=0&pl=0&qs=14&rc=ajZ5OTtzbGo5NDMzNzczM0ApPDc3ZTw6OzszN2UzO2Q1ZWdqXjFga3NvY2tgLS1kMTZzcy8wNTQwLy41L2BiYjEzMzI6Yw%3D%3D&vl=&vr=
37,v09044900000c1gk48v7hc99pahqgrq0,8637,2052471&1561356&980982&642068,004ababb3aab8c50c19e9808c8ee1be3&6ea186852f7d403ce3e2d4490e748926&3e8cf53e61e2fa76c3c1371488212bf3&eebcb989ef1c2068e6f884fcd4af700a&fff17b908db01dc914bed9844cd29e1d&f78ff082f0382b8e333fb67bfc7d5bc5&654ad93d5a6be96c591d281e1596a822&ea033cf77a9772a7ef7eee7eb526c6ec,https://v39.tiktokcdn-us.com/004ababb3aab8c50c19e9808c8ee1be3/61e543db/video/tos/useast2a/tos-useast2a-ve-0068c002/7eeeb48d29a048fb8a43c2e4f44e7786/?a=1233&br=4008&bt=2004&cd=0%7C0%7C0&ch=0&cr=3&cs=2&cv=1&dr=0&ds=3&er=&ft=c~.Zm4L-gXoInz7T&l=20220117042419010113006207235E1522&lr=all&mime_type=video_mp4&net=0&pl=0&qs=14&rc=M3V0ZDxmOjtuNDMzMzczM0ApOmUzOjc6aGQ5N2k2O2c2ZmduZGVtNmVzMWRgLS02MTZzc2FeM2MtMTEvMy8uNDA2NmI6Yw%3D%3D&vl=&vr=
38,v090443b0000bu7hkfqqsv284dioh21g,15555,689791&625195&437373,77247be055bd6f4350d35c23abe4dfae&89f66641e2c7974b562385ac42aa0310&df398b8e236dff71736d5856bafb3667&d83274d5bdb67f08510ceb5853046bf1&87aa314cb381d326b704dd342537bc62&009b0dbef4e9c011903f6f7a6062b744,https://v39.tiktokcdn-us.com/77247be055bd6f4350d35c23abe4dfae/61e543e2/video/tos/useast2a/tos-useast2a-ve-0068c002/9e8ed43555484c4b83d5257edb9435d0/?a=1233&br=1346&bt=673&cd=0%7C0%7C0&ch=0&cr=3&cs=2&cv=1&dr=0&ds=6&er=&ft=c~.Zm4L-gXoInz7T&l=20220117042419010113006207235E1522&lr=all&mime_type=video_mp4&net=0&pl=0&qs=11&rc=ajVyZzt5dGlreDMzZTczM0ApZzw0Ozk2OmQ0NzVoOWRnZmcuZWYxL3BuaDRfLS0wMTZzc2IyMC1jNF40XjY2LTAwLzQ6Yw%3D%3D&vl=&vr=
39,v09044g40000c3gscaris849rbdm91rg,14975,1649189&1352918&1157202&784297,2029b4341de20877ea0b7a96ff2d09ac&d8a6ac58e8932c66a62ffca518bbdc13&f2fc5bb01f42cd334240eead1af53921&9ab256aba9ee321d7867367de03c6a38&a2dcb7ef69e28efa1ebee2e08faf705a&8a62b8fe298059d81a8236de21a3a515&6f88e9bc197414f926d4db4acecded7b&4ca193b359e7d69c92bc8bb1ecfad349,https://v39.tiktokcdn-us.com/2029b4341de20877ea0b7a96ff2d09ac/61e543e1/video/tos/useast2a/tos-useast2a-pve-0068/9d511f5263d34272a97a3e7ab284c1ce/?a=1233&br=3220&bt=1610&cd=0%7C0%7C0&ch=0&cr=3&cs=2&cv=1&dr=0&ds=3&er=&ft=c~.Zm4L-gXoInz7T&l=20220117042419010113006207235E1522&lr=all&mime_type=video_mp4&net=0&pl=0&qs=14&rc=ajRwZTw7bGR2NjMzNzczM0ApNGg7ODYzNTxpNzw8aTllNGdvNmFvMXBvYGRgLS1kMTZzczIxXi1hNmJeNS02YS1gXjU6Yw%3D%3D&vl=&vr=
40,v09044fd0000buhfv1j9iufl0fi5ir5g,19502,568440&460718&327550,a6786c97fbab6413a79c16176a951012&929489ba022e14dbb21057a7d295c69c&4f71b61b55346bacd3bb20cb99fe20a8&acbe3d6c6653c5b844f5abf331a34932&5374a3df656aff79eb28fde662ded0ad&e71996addb36f7ec0a0d0644cd653082,https://v39.tiktokcdn-us.com/a6786c97fbab6413a79c16176a951012/61e5444d/video/tos/useast2a/tos-useast2a-pve-0068/a27f7933c7584a20ab3fd6eb8b24a7cc/?a=1233&br=1110&bt=555&cd=0%7C0%7C0&ch=0&cr=3&cs=2&cv=1&dr=0&ds=6&er=&ft=c~.Zm4L-gXoInz7T&l=20220117042602010113135043135FBF9A&lr=all&mime_type=video_mp4&net=0&pl=0&qs=11&rc=anU4aW94PDRpeDMzZzczM0ApZ2U2ZTU7ZDw5NzNoZDg5NGcyZmYtY2Znc2VfLS1jMTZzc2MxMmJeL2BeMzM2XmIvMTQ6Yw%3D%3D&vl=&vr=
41,v09044g40000c4oflj3c77ue62ip6i7g,18829,1005587&678099&416779,8cebdf0506ee86533eee5b2558e9c883&90a3337ffe3a771494243112db0b3999&dd7fb7b3bfce03a4f5913eff878df9e9&4f3236d35b3a58d49456461308d57009&b6d69380968ab023dff64ed97204fb7b&2f6e2f838f6866c1e12d015f0dc8d28b,https://v39.tiktokcdn-us.com/8cebdf0506ee86533eee5b2558e9c883/61e5444c/video/tos/useast2a/tos-useast2a-ve-0068c004/ba81bb2590184a42916525640ac6a34f/?a=1233&br=1964&bt=982&cd=0%7C0%7C0&ch=0&cr=3&cs=2&cv=1&dr=0&ds=6&er=&ft=c~.Zm4L-gXoInz7T&l=20220117042602010113135043135FBF9A&lr=all&mime_type=video_mp4&net=0&pl=0&qs=11&rc=amxzNWg6Zm1pNzMzNzczM0ApOTpnNDZkZ2U3Nzc7Zzg4OWc0M2YzcjQwaWxgLS1kMTZzc2AyNmA1MTRgNS40LjViM186Yw%3D%3D&vl=&vr=
42,v09044g40000c3mrtfbc77uahb02m4jg,7149,1009186&814846&469416&322285,4aba3dc59c6841f3a07bacfe95689b5f&39a2ae80c783043d55556d374c1d4e87&956bbdfe9e142a480dda3ca3e80eb83c&7c1c2bd00915c66cd5ff95afe1e2aa3e&4d6eaade757c8f1620423f76e2eb391f&1995d29af224921fd3bbd8de37ffbec2&b209a302480260a11ad7ec1f65d95e57&522e846d84a136d54576bfc62ebf135b,https://v39.tiktokcdn-us.com/4aba3dc59c6841f3a07bacfe95689b5f/61e54440/video/tos/useast2a/tos-useast2a-pve-0068/3ebc7ee2989f443883330b31dfab49f4/?a=1233&br=1970&bt=985&cd=0%7C0%7C0&ch=0&cr=3&cs=2&cv=1&dr=0&ds=3&er=&ft=c~.Zm4L-gXoInz7T&l=20220117042602010113135043135FBF9A&lr=all&mime_type=video_mp4&net=0&pl=0&qs=14&rc=ajc1ZWQ6Zml1NjMzNzczM0ApOWg2NjxmNDw2NzY8OTg4Z2dnai1lcjRfcWpgLS1kMTZzczA1LWJgYy9jYi9eMGIvXjY6Yw%3D%3D&vl=&vr=
43,v09044g40000c442udjc77u82pan8nr0,10773,532271&468564&315901,a43dc849cb409c38b069a54b5ba59b8f&d6958bf0794d66957b00cf22a9d0f4af&0dbb681bc5df3b28ff16ecfb36dbc396&7e869b25c5237ab275b66fec44e46ccb&7e5decfd1775740ec452033b773da04c&e6759a60a832dbde1c6ced42eb89cda8,https://v39.tiktokcdn-us.com/a43dc849cb409c38b069a54b5ba59b8f/61e54444/video/tos/useast2a/tos-useast2a-ve-0068c004/8ef5572352a949ec98150aec8025dd70/?a=1233&br=1038&bt=519&cd=0%7C0%7C0&ch=0&cr=3&cs=2&cv=1&dr=0&ds=6&er=&ft=c~.Zm4L-gXoInz7T&l=20220117042602010113135043135FBF9A&lr=all&mime_type=video_mp4&net=0&pl=0&qs=11&rc=M3Fxczs6Zmc1NzMzNzczM0ApOWdkPDllaDtlNzs0aDdmNmdvNV4vcjRncjFgLS1kMTZzczFiXzQzNjU0NV9fLWBfXl86Yw%3D%3D&vl=&vr=
44,v12044gd0000c6438f3c77uf5sb2qspg,7637,438273&308591&211521&145661,2211f9ffaaf00904c9f704d522225e0b&226f75695a79c5223b2f3197e4c209c7&c44714c2b530df3ef313684f069b22a7&357b272925494698cb281d0ee93f8005&797473fd03b2d10e94d6813e51f1287d&1e1f7791632ef428cf88a48696268b6f&98c073f1b46fb144b05624c87095bed4&8d53a3572dd90f91b9c4360da0d64e07,https://v39.tiktokcdn-us.com/2211f9ffaaf00904c9f704d522225e0b/61e54441/video/tos/useast5/tos-useast5-ve-0068c004-tx/76d2b8ec07e045ac97babd32e7849b66/?a=1233&br=856&bt=428&cd=0%7C0%7C0&ch=0&cr=3&cs=2&cv=1&dr=0&ds=3&er=&ft=c~.Zm4L-gXoInz7T&l=20220117042602010113135043135FBF9A&lr=all&mime_type=video_mp4&net=0&pl=0&qs=14&rc=anY1dmk6Zmk2OTMzZzczNEApNTM7PDplZDs3N2k3NTQ0NGdtbl8ycjQwNTFgLS1kMS9zcy1iMTNhMjVgXzFhX2MvNWI6Yw%3D%3D&vl=&vr=
45,v09044g40000c3r8kabc77u0jldggbg0,12769,2330361&1704943&1469448&996082,b15e562262d4271ba0e220255927057a&17d8c590d258568fda04bc27c3b1a4e3&18c7379498244af418e021a17af4dbb7&067f17493e7c9e37ae60ff47fd8b51bd&269bdf468dad28769810968246f26169&5d0df3e42944b0c15eb69f8e5835cde4&31cbbffee80403bd5b61f6c4b3211e46&ba31ab8b8e18caa79090d9c99956557d,https://v39.tiktokcdn-us.com/b15e562262d4271ba0e220255927057a/61e54446/video/tos/useast2a/tos-useast2a-pve-0068/8cab7da36e664048988304d7ef7a47b7/?a=1233&br=4550&bt=2275&cd=0%7C0%7C0&ch=0&cr=3&cs=2&cv=1&dr=0&ds=3&er=&ft=c~.Zm4L-gXoInz7T&l=20220117042602010113135043135FBF9A&lr=all&mime_type=video_mp4&net=0&pl=0&qs=14&rc=M2VqbzM6ZmQ7NjMzNzczM0ApaDY2PGk8aTs8NzhpPDg8OmdkZGFncjRfaG9gLS1kMTZzcy1jY2BgMF5iMjQwLS8wYGA6Yw%3D%3D&vl=&vr=
46,v09025g40000c5tphj3c77u9non5uja0,11632,391326&216922&156694,9dd2d7395321f4bf697653d3a392ced1&898447952b421a59bd4ada0adc61c76e&a0883ff3979b52abdc32432e8299dcb2&eee5089bea37340953df6ec0d3c1ea52&1b61d4d7d1e4f333306c46339bf4adbf&b387d4f4f0cc7373ecf6f44f8dfa0806,https://v39.tiktokcdn-us.com/9dd2d7395321f4bf697653d3a392ced1/61e54445/video/tos/useast2a/tos-useast2a-pve-0068/0db5a52be4814ca482755ba7b47a0966/?a=1233&br=764&bt=382&cd=0%7C0%7C0&ch=0&cr=3&cs=2&cv=1&dr=0&ds=6&er=&ft=c~.Zm4L-gXoInz7T&l=20220117042602010113135043135FBF9A&lr=all&mime_type=video_mp4&net=0&pl=0&qs=11&rc=M204cjw6Zm1zODMzNzgzM0ApZmZkOGdkaTs0NztmODk3aGdecmtrcjQwZXFgLS1kLzZzc2BjMWAwLTRfMC8wYmAuNGI6Yw%3D%3D&vl=&vr=
47,v09044g40000c4kh153c77u3i2t1e3f0,20710,790267&584037&389756&259282,d0422588fdbb0710980657583eac7c8c&ea264a89edac5f03b0b63b2af8044538&fa9927edd117c980a5c64b5340a8b50c&29213c12da139d6a9f5aa4531fec2975&ccbd59a3d8e054b8d5a1cadd40acd3eb&29e68f2860f096ba45b3d67f041af3ec&71504a333027f755275ed8713d2144e0&daf9df05897d96bb34fd9af9831e3bcc,https://v39.tiktokcdn-us.com/d0422588fdbb0710980657583eac7c8c/61e5444e/video/tos/useast2a/tos-useast2a-ve-0068c004/fc7e9f17e2344ce89e8aa991b7d0e895/?a=1233&br=1542&bt=771&cd=0%7C0%7C0&ch=0&cr=3&cs=2&cv=1&dr=0&ds=3&er=&ft=c~.Zm4L-gXoInz7T&l=20220117042602010113135043135FBF9A&lr=all&mime_type=video_mp4&net=0&pl=0&qs=14&rc=MzY0NTY6ZjhrNzMzNzczM0ApOGY1OzNoNjs2NzZlM2UzOWdjYnFmcjQwLmhgLS1kMTZzc2IzLy1iNjNeYC4uMTIuLTA6Yw%3D%3D&vl=&vr=
48,v09044g40000c31h4berlhljq0la6gmg,11702,1276937&955175&436320&297005,8caedca416d3e2440268cbf302825952&bebb4b90d701a74c57cf628cfdbc1007&59776415f27102024132b37fb009b58c&a26dae3f8c5b4b81ec311f62ab998f83&bfa19ad390e62d89708f3e8b745659fa&c2bc41de1e35804eb90d93114420d510&daf189d3b1a327a10759ec2f893b7791&5d438778c9a516d228b6a3b3403df104,https://v39.tiktokcdn-us.com/8caedca416d3e2440268cbf302825952/61e54445/video/tos/useast2a/tos-useast2a-ve-0068c001/c3efc14c6e3045bb9d9a7123d0c5447d/?a=1233&br=2494&bt=1247&cd=0%7C0%7C0&ch=0&cr=3&cs=2&cv=1&dr=0&ds=3&er=&ft=c~.Zm4L-gXoInz7T&l=20220117042602010113135043135FBF9A&lr=all&mime_type=video_mp4&net=0&pl=0&qs=14&rc=ampkM21rdWVrNjMzNzczM0ApZ2g5Njs0PGVoNzNkNzdoPGdqM2luaWliMS5gLS1kMTZzczBjYGMyLjQ2My4uLTYyMjE6Yw%3D%3D&vl=&vr=
49,v09044g40000c3odp7bc77u6gocp9d6g,6662,1213038&1048223&705115,d54c2032ee0206dfe5231ccca3d5d4b0&25f45cdceb54d9fa28e799f42dc08a2f&8051b3be7634cbc2cc1cfaf98a097073&432f050f691e0ad3d3aa1789f3fa6b7f&43224eac98be9589a07c5ae69297f5ca&caae8c89c9d8b21beca5c56f5e9b1374,https://v39.tiktokcdn-us.com/d54c2032ee0206dfe5231ccca3d5d4b0/61e54440/video/tos/useast2a/tos-useast2a-ve-0068c003/de59c410050643d6ae007381bedffa4e/?a=1233&br=2368&bt=1184&cd=0%7C0%7C0&ch=0&cr=3&cs=2&cv=1&dr=0&ds=6&er=&ft=c~.Zm4L-gXoInz7T&l=20220117042602010113135043135FBF9A&lr=all&mime_type=video_mp4&net=0&pl=0&qs=11&rc=amdzcjk6ZjpnNjMzNzczM0ApOTQ2NzdlPDs1N2Q8ZWc4N2czNmBkcjRfbWxgLS1kMTZzc2MvNS8tMy8zYDItXzIvLWA6Yw%3D%3D&vl=&vr=
50,v10044g50000c46ig0bc77u3svl4snj0,15439,1003742&711074&460554,779e97311ec79abde116d84e68a8bdc1&f9149160080550859df636c581ff1808&4d0c64d78118373569109f479d2bf10f&67ba2ee3263909b82bd1f91709f977fb&09d0bde5dab3c63ef55ce82b74956acf&7b3f2d7dce219dc397707788a0af06d1,https://v19.tiktokcdn-us.com/779e97311ec79abde116d84e68a8bdc1/61e54489/video/tos/alisg/tos-alisg-pve-0037c001/e423ff66fd7745cca108a9f2edb90248/?a=1233&br=1960&bt=980&cd=0%7C0%7C0&ch=0&cr=3&cs=2&cv=1&dr=0&ds=6&er=&ft=c~.Zm4L-gXoInz7T&l=20220117042706010113006040205ADB9B&lr=all&mime_type=video_mp4&net=0&pl=0&qs=11&rc=M3E3eTY6ZjNsNzMzODczNEApOzk4M2Q2OTtoNzxpOWhoZGdncGlwcjRfZDNgLS1kMS1zczItY19iMzNhYzJfYTExYTI6Yw%3D%3D&vl=&vr=
51,v09044g40000c34mtnth8h41mpjnku00,7382,1175019&925927&534792&327161,c13a62cb8d7d628ae3af34cabbc9e618&435ed0d30d9074b034b0de171b2d05cc&8524d5f25bd8310c8c4ecef197864561&b0dc796172cf4bda354a74381e25547a&b47353d00f8fde798acec77091733d21&58cc3a2c5cfb159c384a700046e7b7cb&e5ddced5b05efca9777c7c8cacbb9ac5&145202aa3c0d9119c5d035d50abcf50d,https://v19.tiktokcdn-us.com/c13a62cb8d7d628ae3af34cabbc9e618/61e54481/video/tos/useast2a/tos-useast2a-ve-0068c002/18dc538910c34b97b0ba2334398c0c1c/?a=1233&br=2294&bt=1147&cd=0%7C0%7C0&ch=0&cr=3&cs=2&cv=1&dr=0&ds=3&er=&ft=c~.Zm4L-gXoInz7T&l=20220117042706010113006040205ADB9B&lr=all&mime_type=video_mp4&net=0&pl=0&qs=14&rc=M3hxczRra3FwNjMzNzczM0ApOmVnZTNmPGVkNzg5OjMzZmctaGdqMTVxcTFgLS1kMTZzczBeYDMyMS1iXjE2L2BgYjU6Yw%3D%3D&vl=&vr=
52,v09044g40000c4ogfhrc77u057cokt50,11283,1788582&1332930&1009342&674293,6f81f58264e3d52b1002b82efd8b46c4&9c06fd0620b3b3d3c941b37c4073d74a&7552f99002617357af22e3d8817a2000&471d6dc30d0ebb616f998789c74514fc&eef84d60dfb1d1e8293fcdcf37f6cd47&23e688d1f17cf90ef4d10c573e66dd89&1be2fa05da0e8a35863e579a8ca08dde&0154628212000462a68032f1104ed622,https://v19.tiktokcdn-us.com/6f81f58264e3d52b1002b82efd8b46c4/61e54485/video/tos/useast2a/tos-useast2a-ve-0068c004/37fdace7ea5e47a28e67f8ddd291d8cf/?a=1233&br=3492&bt=1746&cd=0%7C0%7C0&ch=0&cr=3&cs=2&cv=1&dr=0&ds=3&er=&ft=c~.Zm4L-gXoInz7T&l=20220117042706010113006040205ADB9B&lr=all&mime_type=video_mp4&net=0&pl=0&qs=14&rc=M3dyOjM6ZmtqNzMzNzczM0ApNTQ1PGg2NTxmN2dkOzc6ZGcyaGAycjRvY2xgLS1kMTZzczA1Xy9gMC5gXzZjMC9eMl86Yw%3D%3D&vl=&vr=
53,v09044310000bmoil77ho6foanv5jaj0,8267,1413832&978032&948578&551346,f10da7974caf8f592469e5b51a81fdbf&beafd090ca37daebfea53bdec12de838&af33737ac2b9057f97427ef4580abbf4&16d14c3a582a41174200e66e127ffa6b&d030b80d3688250ab9afb870f689a632&1ba0d34fc5771ef8a61735137fd2690c&f8cdd4ccd4a9df4f27db85121e380370&07e2f203bbccc89df29747912b5507d2,https://v19.tiktokcdn-us.com/f10da7974caf8f592469e5b51a81fdbf/61e54482/video/tos/useast2a/tos-useast2a-ve-0068/ddd5955b873440ed8f5b7bf11392250d/?a=1233&br=2760&bt=1380&cd=0%7C0%7C0&ch=0&cr=3&cs=2&cv=1&dr=0&ds=3&er=&ft=c~.Zm4L-gXoInz7T&l=20220117042706010113006040205ADB9B&lr=all&mime_type=video_mp4&net=0&pl=0&qs=14&rc=M2Q4cXI5azpscDMzNDczM0ApaWVmNDQ3NztoNztlODY4OWdnZ3NeY2w0aWxfLS0wMTZzc19fMi00Nl8zMTVjYy0yY146Yw%3D%3D&vl=&vr=
54,v09044g40000c2gsjnial962u1po35p0,6430,770553&599707&407073,66faf76472663ccc4438989d074b696f&737313b66ef1fa7e41499498d76a7e18&6e0d9267227fd7bd495a01a09c1aeb4f&3180a033cf344847c46bfa1480396842&7e71deacc0b21756ba2e9fecf14ea615&53f4e352bfc55129ed51a23fbfc613dd,https://v19.tiktokcdn-us.com/66faf76472663ccc4438989d074b696f/61e54480/video/tos/useast2a/tos-useast2a-ve-0068c003/c87454664ebb4e1a9171e23979c58e98/?a=1233&br=1504&bt=752&cd=0%7C0%7C0&ch=0&cr=3&cs=2&cv=1&dr=0&ds=6&er=&ft=c~.Zm4L-gXoInz7T&l=20220117042706010113006040205ADB9B&lr=all&mime_type=video_mp4&net=0&pl=0&qs=11&rc=MzhyNDU8ZHF2NTMzNzczM0ApZzg8Mzc7OjtmN2g4ZGdkOmdtMG1yM2lmZ2RgLS1kMTZzczAxMDY2LjI1Nl4zNS5iYDU6Yw%3D%3D&vl=&vr=
55,v09044g40000c410g73c77uf1vhdufc0,8635,1640421&1292537&1074754&697653,77a9bea0b27d009a212fd578f845fb5c&027491f11c012d33f304ff6f080803e5&cca8e216c0e46a76a3a8679c69a27829&34d84a5ec809db829eb960fe91bcc04e&3de6ef3b5b4848ca39e0fc5520422501&33021a1926f95a69d33a723c60ea0285&5cc797b742494c5089119bfbfc62de99&a570d354cbc517a5baa40bee93ff6ffc,https://v19.tiktokcdn-us.com/77a9bea0b27d009a212fd578f845fb5c/61e54482/video/tos/useast2a/tos-useast2a-pve-0068/186f2293eddc429e855872f618200d52/?a=1233&br=3202&bt=1601&cd=0%7C0%7C0&ch=0&cr=3&cs=2&cv=1&dr=0&ds=3&er=&ft=c~.Zm4L-gXoInz7T&l=20220117042706010113006040205ADB9B&lr=all&mime_type=video_mp4&net=0&pl=0&qs=14&rc=M2lneWk6ZjozNzMzNzczM0ApaGc8OTNmNGU7NzUzODU8M2dgcmUucjQwZC5gLS1kMTZzczAyMS4zYjFgMC00M2AyLWA6Yw%3D%3D&vl=&vr=
56,v09044g40000c3ai05e0nro67dgk3fbg,9286,1284202&756360&437868&275058,1cba43729283435f8b4b6f48a61c8b1f&936e99431259621467828e44dac1d991&a710b1ddf99ef1c1b1a779b83711b3df&a773ad2f6293f2cf50bd22d5d26ecddd&101816ad9568cd5484008fd155aba3cb&ef6f90702e1a0defeb28c59f93c2416e&467c42cb09e92b56bba115570ea7d27b&7cee963f6a17631be44decacf7b09152,https://v19.tiktokcdn-us.com/1cba43729283435f8b4b6f48a61c8b1f/61e54483/video/tos/useast2a/tos-useast2a-pve-0068/e6e3a6962bc94b55b4ea6c5013954c7f/?a=1233&br=2508&bt=1254&cd=0%7C0%7C0&ch=0&cr=3&cs=2&cv=1&dr=0&ds=3&er=&ft=c~.Zm4L-gXoInz7T&l=20220117042706010113006040205ADB9B&lr=all&mime_type=video_mp4&net=0&pl=0&qs=14&rc=amluZzl1MzhsNjMzNzczM0ApNGc3Zmk5Zjw2NzxlZ2RnPGdfMGQ0bGtiLV5gLS1kMTZzczJjNS8tYGIvLmI1Y180YS86Yw%3D%3D&vl=&vr=
57,v09044g40000c45clkjc77u4160srdj0,19781,594321&416882&283318&196864,b1374c67b6bdb5d4107dedec1d9a6f35&8bb452b673b79c1ec37193e30c7ddf1b&ccec8ddfbc4a4adee2dc38a5f311e601&7a35d6a61291697f406e31bdfd5c6ee2&de80c4ef8ef73bd27cdc42b8c023ea37&2be0e0a15e98d1b23f1d601017f86a05&5cd015ee0ec33571a269f7670947917b&8ea0f31f9fa760ad0a95ba13b3aeac0d,https://v19.tiktokcdn-us.com/b1374c67b6bdb5d4107dedec1d9a6f35/61e5448d/video/tos/useast2a/tos-useast2a-ve-0068c001/f9d901e8f28941f9bfce8994d038f273/?a=1233&br=1160&bt=580&cd=0%7C0%7C0&ch=0&cr=3&cs=2&cv=1&dr=0&ds=3&er=&ft=c~.Zm4L-gXoInz7T&l=20220117042706010113006040205ADB9B&lr=all&mime_type=video_mp4&net=0&pl=0&qs=14&rc=M2d2OTc6Zm5mNzMzNzczM0ApZDw6PDg8OTw6NzpoOztmPGdnby0ucjRnaTJgLS1kMTZzc2ItYzZiMjQvXi8zYy4uNjA6Yw%3D%3D&vl=&vr=
58,v09044g40000c4aqt4bc77uek70jn260,14603,853714&490562&304377,124af587337ee14f43cce83b87f60982&0faf45339aeee5bdfd6cb15a3ce61f57&344051c68af401e0ebbfb7748611b31f&e8dd19196f69e217a5a65e541b8c684a&82dfee0ecbcb82ee6742027cbd0b898b&ba536d74bec41a0b1d1218e9921eaa8a,https://v19.tiktokcdn-us.com/124af587337ee14f43cce83b87f60982/61e54488/video/tos/useast2a/tos-useast2a-ve-0068c003/f5ab0881c8614d2997fc3563a380cca5/?a=1233&br=1666&bt=833&cd=0%7C0%7C0&ch=0&cr=3&cs=2&cv=1&dr=0&ds=6&er=&ft=c~.Zm4L-gXoInz7T&l=20220117042706010113006040205ADB9B&lr=all&mime_type=video_mp4&net=0&pl=0&qs=11&rc=MzVtOmg6Zjd0NzMzNzczM0ApZ2lnPGlkPDw8NzM6aGQ4aGczay1ocjRfcV5gLS1kMTZzcy0tX2JjX18yMzM2LmFhNTM6Yw%3D%3D&vl=&vr=
59,v09044g40000c3vdmejc77u7uoaiehrg,11330,566505&438577&226220&162988,c5f226a56dabf6c1e75622e444420cc4&9a79a3185386e508923c13abc18c76c6&6ab56d5a1cf1b0d74c895bd7a9e070d0&b5b210ad0b222b0d2188bdddbee951a8&82541c8eacbae394e6a78aaec8ff2378&7561ce3e664b6efce98eca022adfcb8f&03cd5f713196b72b9d84520bce7901c2&93bafb5105d3ea295fe1275307c5b70c,https://v19.tiktokcdn-us.com/c5f226a56dabf6c1e75622e444420cc4/61e54485/video/tos/useast2a/tos-useast2a-pve-0068/dd6af54476d34c538cb4008e341b415b/?a=1233&br=1106&bt=553&cd=0%7C0%7C0&ch=0&cr=3&cs=2&cv=1&dr=0&ds=3&er=&ft=c~.Zm4L-gXoInz7T&l=20220117042706010113006040205ADB9B&lr=all&mime_type=video_mp4&net=0&pl=0&qs=14&rc=amtscjo6ZmhnNjMzNzczM0ApOzVmNDg0Ojs8N2g7OWk2ZmdvYl5ycjRnanNgLS1kMTZzc2A0YTQ2NDMtMjExNDQwLS06Yw%3D%3D&vl=&vr=
