video/mp4, bytesbytes 0-633809/633810, 1642386534.7705116, 1642386534.7714317, 1642386534.7895367, 1642386535.5496926, v39-us.tiktokcdn.com, 425627475e626ce85b8d76d7584b4a59, /425627475e626ce85b8d76d7584b4a59/61e528cc/video/tos/useast2a/tos-useast2a-pve-0068/d4e11ee63d9f4d969abed8dcea740c25/?a=1233&br=1440&bt=720&cd=0%7C0%7C0&ch=0&cr=3&cs=2&cv=1&dr=0&ds=3&er=&ft=xo5uS4L-gXoInz7T&l=202201170228530102230222101CAB0184&lr=all&mime_type=video_mp4&net=0&pl=0&qs=14&rc=M285ODs6Zmo6OjMzNzczM0ApOzdpOzppOmU4NztpZWhlNmdxYGYucjRfb2RgLS1kMTZzczE2Yy8xLjEyLjFgMTJgY146Yw%3D%3D&vl=&vr=
video/mp4, bytesbytes 0-1909644/1909645, 1642386540.5417852, 1642386540.5490324, 1642386540.5770617, 1642386542.4729607, v39-us.tiktokcdn.com, c681d77540cafe4480576cd158a1040d, /c681d77540cafe4480576cd158a1040d/61e528e7/video/tos/maliva/tos-maliva-ve-0068c799-us/bf1d18ae638d4de7924a01e310baf379/?a=1233&br=1044&bt=522&cd=0%7C0%7C0&ch=0&cr=3&cs=2&cv=1&dr=0&ds=6&er=&ft=xo5uS4L-gXoInz7T&l=20220117022858010192045155002758EE&lr=all&mime_type=video_mp4&net=0&pl=0&qs=5&rc=ajQ8NDM6ZmxxOjMzZzczNEApOzRmMzRoOWQ4NzM3ZDo1Z2cwczMycjRfZGRgLS1kMS9zczNeYTI1NC0yMzBfLy9jNS46Yw%3D%3D&vl=&vr=
video/mp4, bytesbytes 0-506694/506695, 1642386545.1841705, 1642386545.1858222, 1642386545.2884133, 1642386545.7326038, v39-us.tiktokcdn.com, 226b832ce567c47d1132097766837c8a, /226b832ce567c47d1132097766837c8a/61e528d3/video/tos/maliva/tos-maliva-ve-0068c799-us/e171647d603749fb8871c6f8184cf92f/?a=1233&br=930&bt=465&cd=0%7C0%7C0&ch=0&cr=3&cs=0&dr=0&ds=6&er=&ft=xo5uS4L-gXoInz7T&l=20220117022858010192045155002758EE&lr=all&mime_type=video_mp4&net=0&pl=0&qs=5&rc=anAzZTQ6ZmU7OjMzZzczNEApaDtlODk5NzxoNzVpaTU8NWcwLWJgcjQwc2ZgLS1kMS9zc141MGJeLmMvY2EtMzQxYmE6Yw%3D%3D&vl=&vr=
video/mp4, bytes, 1642386582.1451838, 1642386582.1462977, 1642386582.1565344, 1642386582.7197583, v19.tiktokcdn-us.com, 8f1269a0d7cf33f7ae5ec3236fb0a2d8, /8f1269a0d7cf33f7ae5ec3236fb0a2d8/61e528eb/video/tos/useast2a/tos-useast2a-ve-0068c004/c0f25d1b31ba4b86a90cb22cfe1b1294/?a=1233&br=1116&bt=558&cd=0%7C0%7C0&ch=0&cr=3&cs=2&cv=1&dr=0&ds=6&er=&ft=c~.Zm4L-gXoInz7T&l=202201170229240101131351541842D2F0&lr=all&mime_type=video_mp4&net=0&pl=0&qs=4&rc=anRuNnZvNHNodzMzODczM0ApZjk8NWg5PGVoNzZlZGQ3OmdtYnJpNTJzXnJfLS1iMTZzczMuMF5hMmBhM2NfMi1gYTY6Yw%3D%3D&vl=&vr=
video/mp4, bytesbytes 0-1005419/1005420, 1642386583.1748755, 1642386583.1757126, 1642386583.1890707, 1642386584.1651175, v19.tiktokcdn-us.com, 593151161a1e1125a45cbafbb3ebce0e, /593151161a1e1125a45cbafbb3ebce0e/61e528f0/video/tos/useast5/tos-useast5-ve-0068c004-tx/7fb7755292e94b97ae2acf9bbfa03fe3/?a=1233&br=1250&bt=625&cd=0%7C0%7C0&ch=0&cr=3&cs=2&cv=1&dr=0&ds=6&er=&ft=c~.Zm4L-gXoInz7T&l=202201170229240101131351541842D2F0&lr=all&mime_type=video_mp4&net=0&pl=0&qs=11&rc=M2RmZGQ6ZjNzOjMzZzczNEApMzY7PDVoNWVlNzQ5aTppN2drLWxocjRnc19gLS1kMS9zcy4vYF5hMDA0NjI2MzNhYC86Yw%3D%3D&vl=&vr=
video/mp4, bytesbytes 0-1024000/2209343, 1642386584.8150592, 1642386584.8159518, 1642386584.8317401, 1642386585.8227222, v19.tiktokcdn-us.com, 53fa2222d8f6f283816eaeee0035c047, /53fa2222d8f6f283816eaeee0035c047/61e528f8/video/tos/useast2a/tos-useast2a-ve-0068c003/a3916a82751449e5bc996d3ea4c44e77/?a=1233&br=1710&bt=855&cd=0%7C0%7C0&ch=0&cr=3&cs=2&cv=1&dr=0&ds=6&er=&ft=c~.Zm4L-gXoInz7T&l=202201170229240101131351541842D2F0&lr=all&mime_type=video_mp4&net=0&pl=0&qs=5&rc=ajx1NTU6ZmdqOTMzNzczM0ApZmk0NjlpOGQ4N2U4NTg8aGcwcTEucjQwbnJgLS1kMTZzc2EzYGBjLTYyNTNgYi1fNTY6Yw%3D%3D&vl=&vr=
video/mp4, bytesbytes 0-1024000/1434945, 1642386586.5547836, 1642386586.5559313, 1642386586.569412, 1642386587.5396326, v19.tiktokcdn-us.com, 8ca6cf9bf954f853cf63d68b7f4c44cb, /8ca6cf9bf954f853cf63d68b7f4c44cb/61e528f5/video/tos/useast2a/tos-useast2a-ve-0068c003/50066f8f4d2b488ba152414c82b60e3c/?a=1233&br=1258&bt=629&cd=0%7C0%7C0&ch=0&cr=3&cs=2&cv=1&dr=0&ds=6&er=&ft=c~.Zm4L-gXoInz7T&l=202201170229240101131351541842D2F0&lr=all&mime_type=video_mp4&net=0&pl=0&qs=11&rc=anZ3NmhraW1tNDMzNzczM0ApZjw7NmQ1OWQ8N2hoZjU2OGdubmg0Ml9oYGhgLS1kMTZzczZhNi8tMDJiMzRfMTRiNTY6Yw%3D%3D&vl=&vr=
video/mp4, bytesbytes 0-1024000/3199001, 1642386587.9119253, 1642386587.9129019, 1642386587.9236286, 1642386588.8968177, v19.tiktokcdn-us.com, a5e11bb872e8db07d86028cfaea8d411, /a5e11bb872e8db07d86028cfaea8d411/61e52911/video/tos/useast2a/tos-useast2a-pve-0068/d71c0e8d4bdd441cb28765ca3433472b/?a=1233&br=1084&bt=542&cd=0%7C0%7C0&ch=0&cr=3&cs=2&cv=1&dr=0&ds=3&er=&ft=c~.Zm4L-gXoInz7T&l=202201170229240101131351541842D2F0&lr=all&mime_type=video_mp4&net=0&pl=0&qs=14&rc=M25oMzw6ZjhqNjMzNzczM0ApN2kzaWQ4NDtmN2c6ZTg8aWdrYjJlcjRfNmlgLS1kMTZzczA0YmNjY2AtYDI2MDBfNjY6Yw%3D%3D&vl=&vr=
video/mp4, bytesbytes 0-1024000/1181632, 1642386589.626466, 1642386589.6284997, 1642386589.6386662, 1642386590.63019, v19.tiktokcdn-us.com, adf3768c197265e7a366b6d5b3ed5fdb, /adf3768c197265e7a366b6d5b3ed5fdb/61e528f4/video/tos/useast2a/tos-useast2a-pve-0068/353eea5c512a4e96bf4aed8f1a7c9fe9/?a=1233&br=1108&bt=554&cd=0%7C0%7C0&ch=0&cr=3&cs=2&cv=1&dr=0&ds=3&er=&ft=c~.Zm4L-gXoInz7T&l=202201170229240101131351541842D2F0&lr=all&mime_type=video_mp4&net=0&pl=0&qs=14&rc=MzZ4bjQ6ZmtoNzMzNzczM0ApODc0NGk0NmVlN2Q7OjczM2c0MGRjcjQwci9gLS1kMTZzcy8tMWFiYS5fMzIyNTUxXy06Yw%3D%3D&vl=&vr=
video/mp4, bytesbytes 0-1024000/1492687, 1642386604.1672866, 1642386604.1745076, 1642386604.1886737, 1642386605.279105, v19.tiktokcdn-us.com, 8e1d48cca0a1e38462f591e8c3a64a09, /8e1d48cca0a1e38462f591e8c3a64a09/61e528fb/video/tos/useast2a/tos-useast2a-ve-0068c004/02c11bae6e0c4bbaa3a6e4b386e22249/?a=1233&br=980&bt=490&cd=0%7C0%7C0&ch=0&cr=3&cs=2&cv=1&dr=0&ds=6&er=&ft=c~.Zm4L-gXoInz7T&l=202201170229240101131351541842D2F0&lr=all&mime_type=video_mp4&net=0&pl=0&qs=4&rc=amQ1NTN2aDpmNjMzNzczM0ApNmg5OTw2ODtnNzhoO2RlNWc0LmVxZWpmNjBgLS1kMTZzczQyLy8wYjAyLl9jL2JjXjQ6Yw%3D%3D&vl=&vr=
video/mp4, bytesbytes 1024000-2209342/2209343, 1642386608.019738, 1642386608.021609, 1642386608.032995, 1642386609.8463871, v19.tiktokcdn-us.com, 53fa2222d8f6f283816eaeee0035c047, /53fa2222d8f6f283816eaeee0035c047/61e528f8/video/tos/useast2a/tos-useast2a-ve-0068c003/a3916a82751449e5bc996d3ea4c44e77/?a=1233&br=1710&bt=855&cd=0%7C0%7C0&ch=0&cr=3&cs=2&cv=1&dr=0&ds=6&er=&ft=c~.Zm4L-gXoInz7T&l=202201170229240101131351541842D2F0&lr=all&mime_type=video_mp4&net=0&pl=0&qs=5&rc=ajx1NTU6ZmdqOTMzNzczM0ApZmk0NjlpOGQ4N2U4NTg8aGcwcTEucjQwbnJgLS1kMTZzc2EzYGBjLTYyNTNgYi1fNTY6Yw%3D%3D&vl=&vr=
video/mp4, bytesbytes 0-1024000/3653700, 1642386610.354371, 1642386610.357495, 1642386610.3874028, 1642386612.3176186, v19.tiktokcdn-us.com, 151425c175655929a94bf82f5f2a8f0a, /151425c175655929a94bf82f5f2a8f0a/61e52916/video/tos/useast2a/tos-useast2a-ve-0068c001/5bc95ee24c964e9b933f7770c02b2951/?a=1233&br=1136&bt=568&cd=0%7C0%7C0&ch=0&cr=3&cs=2&cv=1&dr=0&ds=6&er=&ft=c~.Zm4L-gXoInz7T&l=202201170229240101131351541842D2F0&lr=all&mime_type=video_mp4&net=0&pl=0&qs=5&rc=M2plODQ6ZjllNjMzNzczM0ApNWUzOGQ7NTw4Nzg8ZWU8O2drLmJucjQwLnBgLS1kMTZzczBjNjQvMDZeYS8xNGEvMDA6Yw%3D%3D&vl=&vr=
video/mp4, bytesbytes 1024000-1434944/1434945, 1642386612.8823686, 1642386612.8850932, 1642386612.9213052, 1642386613.790814, v19.tiktokcdn-us.com, 8ca6cf9bf954f853cf63d68b7f4c44cb, /8ca6cf9bf954f853cf63d68b7f4c44cb/61e528f5/video/tos/useast2a/tos-useast2a-ve-0068c003/50066f8f4d2b488ba152414c82b60e3c/?a=1233&br=1258&bt=629&cd=0%7C0%7C0&ch=0&cr=3&cs=2&cv=1&dr=0&ds=6&er=&ft=c~.Zm4L-gXoInz7T&l=202201170229240101131351541842D2F0&lr=all&mime_type=video_mp4&net=0&pl=0&qs=11&rc=anZ3NmhraW1tNDMzNzczM0ApZjw7NmQ1OWQ8N2hoZjU2OGdubmg0Ml9oYGhgLS1kMTZzczZhNi8tMDJiMzRfMTRiNTY6Yw%3D%3D&vl=&vr=
video/mp4, bytesbytes 0-283561/283562, 1642386614.0263321, 1642386614.0292299, 1642386614.0741227, 1642386614.5231323, v19.tiktokcdn-us.com, 716fb822df25703dea626cb4fdb27eb0, /716fb822df25703dea626cb4fdb27eb0/61e528ea/video/tos/useast2a/tos-useast2a-ve-0068c003/c82291f2f7744bbabb097f3a38918c6a/?a=1233&br=666&bt=333&cd=0%7C0%7C0&ch=0&cr=3&cs=2&cv=1&dr=0&ds=6&er=&ft=c~.Zm4L-gXoInz7T&l=202201170229240101131351541842D2F0&lr=all&mime_type=video_mp4&net=0&pl=0&qs=4&rc=anVseHJvbmdtdTMzZjczM0ApZWc2M2g4PDs6N2g5ZDdkaWdwNDYwcnM0L3BfLS0yMTZzczE1MmBgYDNfYDYuMWM2YTE6Yw%3D%3D&vl=&vr=
video/mp4, bytesbytes 1024000-3199000/3199001, 1642386619.5611072, 1642386619.5625453, 1642386619.5922048, 1642386622.8910258, v19.tiktokcdn-us.com, a5e11bb872e8db07d86028cfaea8d411, /a5e11bb872e8db07d86028cfaea8d411/61e52911/video/tos/useast2a/tos-useast2a-pve-0068/d71c0e8d4bdd441cb28765ca3433472b/?a=1233&br=1084&bt=542&cd=0%7C0%7C0&ch=0&cr=3&cs=2&cv=1&dr=0&ds=3&er=&ft=c~.Zm4L-gXoInz7T&l=202201170229240101131351541842D2F0&lr=all&mime_type=video_mp4&net=0&pl=0&qs=14&rc=M25oMzw6ZjhqNjMzNzczM0ApN2kzaWQ4NDtmN2c6ZTg8aWdrYjJlcjRfNmlgLS1kMTZzczA0YmNjY2AtYDI2MDBfNjY6Yw%3D%3D&vl=&vr=
video/mp4, bytesbytes 0-1024000/1412515, 1642386623.7122626, 1642386623.7140694, 1642386623.7496576, 1642386625.3207252, v19.tiktokcdn-us.com, 5da9ad9bd953fd44f56b01ef2eb67bdc, /5da9ad9bd953fd44f56b01ef2eb67bdc/61e528f8/video/tos/useast2a/tos-useast2a-ve-0068c003/b2a74e92317c41a98ff396e61f505581/?a=1233&br=1092&bt=546&cd=0%7C0%7C0&ch=0&cr=3&cs=2&cv=1&dr=0&ds=6&er=&ft=c~.Zm4L-gXoInz7T&l=202201170229240101131351541842D2F0&lr=all&mime_type=video_mp4&net=0&pl=0&qs=5&rc=MzhxNTo7OmluNTMzNzczM0ApaDNlODRpZzszNzc3NDk2NWdqYzQ1Z2RibzBgLS1kMTZzc2JjMmItYy5fLi9gY2EyM2A6Yw%3D%3D&vl=&vr=
video/mp4, bytesbytes 1024000-1181631/1181632, 1642386645.9140697, 1642386645.9153345, 1642386645.9478395, 1642386646.4606402, v19.tiktokcdn-us.com, adf3768c197265e7a366b6d5b3ed5fdb, /adf3768c197265e7a366b6d5b3ed5fdb/61e528f4/video/tos/useast2a/tos-useast2a-pve-0068/353eea5c512a4e96bf4aed8f1a7c9fe9/?a=1233&br=1108&bt=554&cd=0%7C0%7C0&ch=0&cr=3&cs=2&cv=1&dr=0&ds=3&er=&ft=c~.Zm4L-gXoInz7T&l=202201170229240101131351541842D2F0&lr=all&mime_type=video_mp4&net=0&pl=0&qs=14&rc=MzZ4bjQ6ZmtoNzMzNzczM0ApODc0NGk0NmVlN2Q7OjczM2c0MGRjcjQwci9gLS1kMTZzcy8tMWFiYS5fMzIyNTUxXy06Yw%3D%3D&vl=&vr=
video/mp4, bytesbytes 1024000-1492686/1492687, 1642386654.6292098, 1642386654.63969, 1642386654.681472, 1642386655.569001, v19.tiktokcdn-us.com, 8e1d48cca0a1e38462f591e8c3a64a09, /8e1d48cca0a1e38462f591e8c3a64a09/61e528fb/video/tos/useast2a/tos-useast2a-ve-0068c004/02c11bae6e0c4bbaa3a6e4b386e22249/?a=1233&br=980&bt=490&cd=0%7C0%7C0&ch=0&cr=3&cs=2&cv=1&dr=0&ds=6&er=&ft=c~.Zm4L-gXoInz7T&l=202201170229240101131351541842D2F0&lr=all&mime_type=video_mp4&net=0&pl=0&qs=4&rc=amQ1NTN2aDpmNjMzNzczM0ApNmg5OTw2ODtnNzhoO2RlNWc0LmVxZWpmNjBgLS1kMTZzczQyLy8wYjAyLl9jL2JjXjQ6Yw%3D%3D&vl=&vr=
video/mp4, bytesbytes 1024000-3653699/3653700, 1642386670.9340224, 1642386670.9388628, 1642386670.9599733, 1642386673.3732352, v19.tiktokcdn-us.com, 151425c175655929a94bf82f5f2a8f0a, /151425c175655929a94bf82f5f2a8f0a/61e52916/video/tos/useast2a/tos-useast2a-ve-0068c001/5bc95ee24c964e9b933f7770c02b2951/?a=1233&br=1136&bt=568&cd=0%7C0%7C0&ch=0&cr=3&cs=2&cv=1&dr=0&ds=6&er=&ft=c~.Zm4L-gXoInz7T&l=202201170229240101131351541842D2F0&lr=all&mime_type=video_mp4&net=0&pl=0&qs=5&rc=M2plODQ6ZjllNjMzNzczM0ApNWUzOGQ7NTw4Nzg8ZWU8O2drLmJucjQwLnBgLS1kMTZzczBjNjQvMDZeYS8xNGEvMDA6Yw%3D%3D&vl=&vr=
video/mp4, bytes 0-1024000/1093114, 1642386674.658719, 1642386674.6603549, 1642386674.6895344, 1642386675.6991549, v25.tiktokcdn-us.com, a5e701c389c456f6ace353075021e2d6, /a5e701c389c456f6ace353075021e2d6/61e52960/video/tos/useast2a/tos-useast2a-ve-0068c004/ebeda0edfad943b88c11b94bd99d0786/?a=1233&br=976&bt=488&cd=0%7C0%7C0&ch=0&cr=3&cs=2&cv=1&dr=0&ds=3&er=&ft=c~.Zm4L-gXoInz7T&l=20220117023110010113135050103E4B2F&lr=all&mime_type=video_mp4&net=0&pl=0&qs=14&rc=amo3a2g6ZnJoNzMzNzczM0ApNGhpNzppNmQ2NzRoNGk0OWcvb2IzcjRfZzBgLS1kMTZzczM1YzIvYWIzYC5iM2AvYDE6Yw%3D%3D&vl=&vr=
video/mp4, bytes 0-1024000/2492421, 1642386676.156134, 1642386676.1579072, 1642386676.1955614, 1642386677.1186442, v25.tiktokcdn-us.com, 7e70aaab24bd032b3552b73be5f25357, /7e70aaab24bd032b3552b73be5f25357/61e52976/video/tos/useast2a/tos-useast2a-pve-0068/85f26dad7c324228908ebbb101ade411/?a=1233&br=978&bt=489&cd=0%7C0%7C0&ch=0&cr=3&cs=2&cv=1&dr=0&ds=6&er=&ft=c~.Zm4L-gXoInz7T&l=20220117023110010113135050103E4B2F&lr=all&mime_type=video_mp4&net=0&pl=0&qs=5&rc=am5zdDw6ZmhqNjMzNzczM0ApOWRnZ2k2NmU0NzRoaGg5O2dtNGtncjRnb2hgLS1kMTZzczQxYF81MjRgM18wNjAxYV86Yw%3D%3D&vl=&vr=
video/mp4, bytes 0-1024000/1130687, 1642386677.5334384, 1642386677.5349374, 1642386677.5692782, 1642386678.4846375, v25.tiktokcdn-us.com, a2dc3cdc906db231547c7f4a008740bb, /a2dc3cdc906db231547c7f4a008740bb/61e5295e/video/tos/useast2a/tos-useast2a-ve-0068c004/4dd3485cb1714c11939fbdd0790ecb0f/?a=1233&br=1160&bt=580&cd=0%7C0%7C0&ch=0&cr=3&cs=2&cv=1&dr=0&ds=6&er=&ft=c~.Zm4L-gXoInz7T&l=20220117023110010113135050103E4B2F&lr=all&mime_type=video_mp4&net=0&pl=0&qs=5&rc=MzlqN214NThwNTMzNzczM0ApNmQ5PGZnO2Q8N2VoN2ZkM2cubjNkcWZyam5gLS1kMTZzc2MyYTY2Yy4yLjYyXzMvMDA6Yw%3D%3D&vl=&vr=
video/mp4, bytes 0-1024000/1040955, 1642386721.5212476, 1642386721.5304656, 1642386721.5841336, 1642386722.5089269, v25.tiktokcdn-us.com, afc810b08b54e3209a92b96a9308b278, /afc810b08b54e3209a92b96a9308b278/61e5295d/video/tos/useast5/tos-useast5-ve-0068c002-tx/81d5a7de49db427a8ee34e83ff2f209c/?a=1233&br=1078&bt=539&cd=0%7C0%7C0&ch=0&cr=3&cs=2&cv=1&dr=0&ds=6&er=&ft=c~.Zm4L-gXoInz7T&l=20220117023110010113135050103E4B2F&lr=all&mime_type=video_mp4&net=0&pl=0&qs=11&rc=amkzdjo6ZnY6OjMzZzczNEApPDU4OGk3M2VmN2U8OTQ3aGdoXnNtcjRnNTVgLS1kMS9zczU2NDU1MDZhMTEyYC9fM2I6Yw%3D%3D&vl=&vr=
video/mp4, bytesbytes 1024000-1412514/1412515, 1642386728.3806245, 1642386728.384826, 1642386728.3991642, 1642386728.9504473, v19.tiktokcdn-us.com, 5da9ad9bd953fd44f56b01ef2eb67bdc, /5da9ad9bd953fd44f56b01ef2eb67bdc/61e528f8/video/tos/useast2a/tos-useast2a-ve-0068c003/b2a74e92317c41a98ff396e61f505581/?a=1233&br=1092&bt=546&cd=0%7C0%7C0&ch=0&cr=3&cs=2&cv=1&dr=0&ds=6&er=&ft=c~.Zm4L-gXoInz7T&l=202201170229240101131351541842D2F0&lr=all&mime_type=video_mp4&net=0&pl=0&qs=5&rc=MzhxNTo7OmluNTMzNzczM0ApaDNlODRpZzszNzc3NDk2NWdqYzQ1Z2RibzBgLS1kMTZzc2JjMmItYy5fLi9gY2EyM2A6Yw%3D%3D&vl=&vr=
video/mp4, bytes 0-1024000/1849898, 1642386729.17305, 1642386729.1743073, 1642386729.2126408, 1642386730.1731803, v25.tiktokcdn-us.com, c622f83acb47eda9975fc5add8d96be6, /c622f83acb47eda9975fc5add8d96be6/61e52968/video/tos/alisg/tos-alisg-pve-0037c001/0fcd2e46f8c24166a41b1a8f9f5a534e/?a=1233&br=1140&bt=570&cd=0%7C0%7C0&ch=0&cr=3&cs=2&cv=1&dr=0&ds=6&er=&ft=c~.Zm4L-gXoInz7T&l=20220117023110010113135050103E4B2F&lr=all&mime_type=video_mp4&net=0&pl=0&qs=11&rc=ajY3Njk6ZmU2OTMzODczNEApaDU1ODpnZzxmNzNmZGg4M2dsb25ucjRvM2BgLS1kMS1zczEuMDQxM2M0NS9jMWA0My46Yw%3D%3D&vl=&vr=
video/mp4, bytes 1024000-1093113/1093114, 1642386744.92449, 1642386744.9260147, 1642386744.9594445, 1642386745.012602, v25.tiktokcdn-us.com, a5e701c389c456f6ace353075021e2d6, /a5e701c389c456f6ace353075021e2d6/61e52960/video/tos/useast2a/tos-useast2a-ve-0068c004/ebeda0edfad943b88c11b94bd99d0786/?a=1233&br=976&bt=488&cd=0%7C0%7C0&ch=0&cr=3&cs=2&cv=1&dr=0&ds=3&er=&ft=c~.Zm4L-gXoInz7T&l=20220117023110010113135050103E4B2F&lr=all&mime_type=video_mp4&net=0&pl=0&qs=14&rc=amo3a2g6ZnJoNzMzNzczM0ApNGhpNzppNmQ2NzRoNGk0OWcvb2IzcjRfZzBgLS1kMTZzczM1YzIvYWIzYC5iM2AvYDE6Yw%3D%3D&vl=&vr=
video/mp4, bytes 0-557503/557504, 1642386745.1365979, 1642386745.1417608, 1642386745.3494897, 1642386746.4805443, v25.tiktokcdn-us.com, 8dfab0990fb216780fb54f453b1ee7b0, /8dfab0990fb216780fb54f453b1ee7b0/61e52959/video/tos/useast2a/tos-useast2a-ve-0068c002/3b04e783681a450b960ddb8446dd3c3b/?a=1233&br=814&bt=407&cd=0%7C0%7C0&ch=0&cr=3&cs=2&cv=1&dr=0&ds=6&er=&ft=c~.Zm4L-gXoInz7T&l=20220117023110010113135050103E4B2F&lr=all&mime_type=video_mp4&net=0&pl=0&qs=4&rc=am53bnBmZ2Z2NDMzNzczM0ApOzU6ZGhlOmQ0Nzk6NmU2ZWduZmtiZy5pNG5gLS1kMTZzc18wMl9fNTAuMF9eMmMvNC06Yw%3D%3D&vl=&vr=
video/mp4, bytes 1024000-2492420/2492421, 1642386762.7928247, 1642386762.7998583, 1642386762.9041634, 1642386767.511252, v25.tiktokcdn-us.com, 7e70aaab24bd032b3552b73be5f25357, /7e70aaab24bd032b3552b73be5f25357/61e52976/video/tos/useast2a/tos-useast2a-pve-0068/85f26dad7c324228908ebbb101ade411/?a=1233&br=978&bt=489&cd=0%7C0%7C0&ch=0&cr=3&cs=2&cv=1&dr=0&ds=6&er=&ft=c~.Zm4L-gXoInz7T&l=20220117023110010113135050103E4B2F&lr=all&mime_type=video_mp4&net=0&pl=0&qs=5&rc=am5zdDw6ZmhqNjMzNzczM0ApOWRnZ2k2NmU0NzRoaGg5O2dtNGtncjRnb2hgLS1kMTZzczQxYF81MjRgM18wNjAxYV86Yw%3D%3D&vl=&vr=
video/mp4, bytes 0-1001318/1001319, 1642386768.2150254, 1642386768.21624, 1642386768.2454984, 1642386769.16557, v25.tiktokcdn-us.com, 1483a2d5bdb97f62be6bb72c085973b0, /1483a2d5bdb97f62be6bb72c085973b0/61e5295a/video/tos/useast5/tos-useast5-ve-0068c003-tx/724514e92b8043a6947f02201f7c50ab/?a=1233&br=1328&bt=664&cd=0%7C0%7C0&ch=0&cr=3&cs=2&cv=1&dr=0&ds=3&er=&ft=c~.Zm4L-gXoInz7T&l=20220117023110010113135050103E4B2F&lr=all&mime_type=video_mp4&net=0&pl=0&qs=14&rc=M29saWg6ZjczOjMzZzczNEApZ2hkaDY8NmQ7N2hnNjplaGcyNGBocjRfX2FgLS1kMS9zc2I2YzFeNTYyMTAyL2ItMmA6Yw%3D%3D&vl=&vr=
video/mp4, bytes 1024000-1130686/1130687, 1642386802.8272395, 1642386802.8289948, 1642386802.8627687, 1642386802.9435503, v25.tiktokcdn-us.com, a2dc3cdc906db231547c7f4a008740bb, /a2dc3cdc906db231547c7f4a008740bb/61e5295e/video/tos/useast2a/tos-useast2a-ve-0068c004/4dd3485cb1714c11939fbdd0790ecb0f/?a=1233&br=1160&bt=580&cd=0%7C0%7C0&ch=0&cr=3&cs=2&cv=1&dr=0&ds=6&er=&ft=c~.Zm4L-gXoInz7T&l=20220117023110010113135050103E4B2F&lr=all&mime_type=video_mp4&net=0&pl=0&qs=5&rc=MzlqN214NThwNTMzNzczM0ApNmQ5PGZnO2Q8N2VoN2ZkM2cubjNkcWZyam5gLS1kMTZzc2MyYTY2Yy4yLjYyXzMvMDA6Yw%3D%3D&vl=&vr=
video/mp4, bytes 0-1024000/2121440, 1642386803.0609546, 1642386803.0648682, 1642386803.149647, 1642386804.0488691, v25.tiktokcdn-us.com, 316c80e9914dac9a3731e7e8336e3489, /316c80e9914dac9a3731e7e8336e3489/61e52964/video/tos/useast2a/tos-useast2a-pve-0068/bce660f83b4044319aeab83ae5a264f6/?a=1233&br=1562&bt=781&cd=0%7C0%7C0&ch=0&cr=3&cs=2&cv=1&dr=0&ds=6&er=&ft=c~.Zm4L-gXoInz7T&l=20220117023110010113135050103E4B2F&lr=all&mime_type=video_mp4&net=0&pl=0&qs=5&rc=ajtwaW9vZGt5NTMzNzczM0ApMzo0ZTNlNWQ4N2Y4Zjg5Z2djaTZlczNkM2dgLS1kMTZzc2A2MC4wYy9iYTQtMmBjNl46Yw%3D%3D&vl=&vr=
video/mp4, bytes 1024000-1040954/1040955, 1642386805.1478002, 1642386805.1490302, 1642386805.1780734, 1642386805.180452, v25.tiktokcdn-us.com, afc810b08b54e3209a92b96a9308b278, /afc810b08b54e3209a92b96a9308b278/61e5295d/video/tos/useast5/tos-useast5-ve-0068c002-tx/81d5a7de49db427a8ee34e83ff2f209c/?a=1233&br=1078&bt=539&cd=0%7C0%7C0&ch=0&cr=3&cs=2&cv=1&dr=0&ds=6&er=&ft=c~.Zm4L-gXoInz7T&l=20220117023110010113135050103E4B2F&lr=all&mime_type=video_mp4&net=0&pl=0&qs=11&rc=amkzdjo6ZnY6OjMzZzczNEApPDU4OGk3M2VmN2U8OTQ3aGdoXnNtcjRnNTVgLS1kMS9zczU2NDU1MDZhMTEyYC9fM2I6Yw%3D%3D&vl=&vr=
video/mp4, bytes 0-1024000/1092150, 1642386805.2621162, 1642386805.2634795, 1642386805.3398335, 1642386806.3007, v25.tiktokcdn-us.com, aa3b5893a53bcf6e350ee4566760d672, /aa3b5893a53bcf6e350ee4566760d672/61e5295e/video/tos/useast2a/tos-useast2a-ve-0068c003/611da05dff2541bba24506d504120187/?a=1233&br=1106&bt=553&cd=0%7C0%7C0&ch=0&cr=3&cs=2&cv=1&dr=0&ds=6&er=&ft=c~.Zm4L-gXoInz7T&l=20220117023110010113135050103E4B2F&lr=all&mime_type=video_mp4&net=0&pl=0&qs=11&rc=ajo6ZzZyOmt2dDMzNzczM0ApaGc0OzY6N2VlNzM1OTw3aWdfbmYzbDAvYzBfLS1jMTZzc2NjNmA1NS0zLTE0MF80MGI6Yw%3D%3D&vl=&vr=
video/mp4, bytes 1024000-1849897/1849898, 1642386808.3684654, 1642386808.37048, 1642386808.4263783, 1642386809.8536835, v25.tiktokcdn-us.com, c622f83acb47eda9975fc5add8d96be6, /c622f83acb47eda9975fc5add8d96be6/61e52968/video/tos/alisg/tos-alisg-pve-0037c001/0fcd2e46f8c24166a41b1a8f9f5a534e/?a=1233&br=1140&bt=570&cd=0%7C0%7C0&ch=0&cr=3&cs=2&cv=1&dr=0&ds=6&er=&ft=c~.Zm4L-gXoInz7T&l=20220117023110010113135050103E4B2F&lr=all&mime_type=video_mp4&net=0&pl=0&qs=11&rc=ajY3Njk6ZmU2OTMzODczNEApaDU1ODpnZzxmNzNmZGg4M2dsb25ucjRvM2BgLS1kMS1zczEuMDQxM2M0NS9jMWA0My46Yw%3D%3D&vl=&vr=
video/mp4, bytes 0-558138/558139, 1642386810.302988, 1642386810.3046985, 1642386810.4565432, 1642386811.3692012, v25.tiktokcdn-us.com, f9d9cfd2141fc157bcce260113952acf, /f9d9cfd2141fc157bcce260113952acf/61e52957/video/tos/useast2a/tos-useast2a-pve-0068/060bd750fbeb462c8e674263b1a14cc8/?a=1233&br=1054&bt=527&cd=0%7C0%7C0&ch=0&cr=3&cs=2&cv=1&dr=0&ds=3&er=&ft=c~.Zm4L-gXoInz7T&l=20220117023110010113135050103E4B2F&lr=all&mime_type=video_mp4&net=0&pl=0&qs=14&rc=ajlncnh0bXY7NTMzNzczM0ApPDs8Nzk0ZmVmN2c3M2lkO2deNjU1MjFhZl5gLS1kMTZzcy8uXjMtYTJiX2BjMjIuNjQ6Yw%3D%3D&vl=&vr=
video/mp4, bytes 1024000-2121439/2121440, 1642386837.0282514, 1642386837.0306134, 1642386837.0682044, 1642386838.007024, v25.tiktokcdn-us.com, 316c80e9914dac9a3731e7e8336e3489, /316c80e9914dac9a3731e7e8336e3489/61e52964/video/tos/useast2a/tos-useast2a-pve-0068/bce660f83b4044319aeab83ae5a264f6/?a=1233&br=1562&bt=781&cd=0%7C0%7C0&ch=0&cr=3&cs=2&cv=1&dr=0&ds=6&er=&ft=c~.Zm4L-gXoInz7T&l=20220117023110010113135050103E4B2F&lr=all&mime_type=video_mp4&net=0&pl=0&qs=5&rc=ajtwaW9vZGt5NTMzNzczM0ApMzo0ZTNlNWQ4N2Y4Zjg5Z2djaTZlczNkM2dgLS1kMTZzc2A2MC4wYy9iYTQtMmBjNl46Yw%3D%3D&vl=&vr=
video/mp4, bytes 1024000-1092149/1092150, 1642386858.5331974, 1642386858.535123, 1642386858.8014758, 1642386858.893423, v25.tiktokcdn-us.com, aa3b5893a53bcf6e350ee4566760d672, /aa3b5893a53bcf6e350ee4566760d672/61e5295e/video/tos/useast2a/tos-useast2a-ve-0068c003/611da05dff2541bba24506d504120187/?a=1233&br=1106&bt=553&cd=0%7C0%7C0&ch=0&cr=3&cs=2&cv=1&dr=0&ds=6&er=&ft=c~.Zm4L-gXoInz7T&l=20220117023110010113135050103E4B2F&lr=all&mime_type=video_mp4&net=0&pl=0&qs=11&rc=ajo6ZzZyOmt2dDMzNzczM0ApaGc0OzY6N2VlNzM1OTw3aWdfbmYzbDAvYzBfLS1jMTZzc2NjNmA1NS0zLTE0MF80MGI6Yw%3D%3D&vl=&vr=
video/mp4, bytesbytes 0-572369/572370, 1642386859.1355898, 1642386859.1369598, 1642386859.1592457, 1642386859.6255972, v16m.tiktokcdn-us.com, e1c1d48e5cfe2fb58929793dca392294, /e1c1d48e5cfe2fb58929793dca392294/61e529fd/video/tos/useast2a/tos-useast2a-ve-0068c002/9a2794aa230541308cc5eca4e5bafa23/?a=1233&br=1170&bt=585&cd=0%7C0%7C0&ch=0&cr=3&cs=2&cv=1&dr=0&ds=3&er=&ft=c~.Zm4L-gXoInz7T&l=20220117023357010113006207063D08F0&lr=all&mime_type=video_mp4&net=0&pl=0&qs=14&rc=M3kzcms1NHd0NDMzOjczM0ApZGc7OjU6PGQ3Nzg4aTozZGc1a3NhbGowbDJgLS02MTZzcy82YjItMV9iLV8vYjEwNF86Yw%3D%3D&vl=&vr=
video/mp4, bytesbytes 0-1024000/1115179, 1642386859.878835, 1642386859.8804224, 1642386859.9306054, 1642386860.7596655, v16m.tiktokcdn-us.com, a06823eb80fbb509bab3b94dd56ce7fc, /a06823eb80fbb509bab3b94dd56ce7fc/61e52a06/video/tos/useast2a/tos-useast2a-pve-0068/b7bce4a37804449f9d2183c5933ac52d/?a=1233&br=1022&bt=511&cd=0%7C0%7C0&ch=0&cr=3&cs=2&cv=1&dr=0&ds=6&er=&ft=c~.Zm4L-gXoInz7T&l=20220117023357010113006207063D08F0&lr=all&mime_type=video_mp4&net=0&pl=0&qs=5&rc=M2k6OHV0cm5yNjMzNzczM0ApOTU1N2lpNjtmNzo2NTc4aWdtcC01azE1bzZgLS1kMTZzc2I0LTI0YjI1LmA0Ni4xYS86Yw%3D%3D&vl=&vr=
video/mp4, bytesbytes 0-1024000/1219030, 1642386861.1953573, 1642386861.1969237, 1642386861.224771, 1642386862.1188245, v16m.tiktokcdn-us.com, 2c2e799c01d020be4a1146ff90134962, /2c2e799c01d020be4a1146ff90134962/61e52a04/video/tos/useast2a/tos-useast2a-ve-0068c004/634f17cf046d4f1ea70aa47fb2057d65/?a=1233&br=1274&bt=637&cd=0%7C0%7C0&ch=0&cr=3&cs=2&cv=1&dr=0&ds=6&er=&ft=c~.Zm4L-gXoInz7T&l=20220117023357010113006207063D08F0&lr=all&mime_type=video_mp4&net=0&pl=0&qs=4&rc=ajhkeTtyNjM1NDMzNzczM0ApMzk8aTU5NmQ4NzM5Njk2aWcvamRjNGE2LmtgLS1kMTZzczMwYC9jYWIuXy9iMGMzNS86Yw%3D%3D&vl=&vr=
video/mp4, bytesbytes 0-702867/702868, 1642386862.628904, 1642386862.6301868, 1642386862.661546, 1642386863.2783864, v16m.tiktokcdn-us.com, 0f3807042209816629ddd4c2798073e5, /0f3807042209816629ddd4c2798073e5/61e529fd/video/tos/alisg/tos-alisg-pve-0037c001/202e295a089748c1b884ab25998a2b3a/?a=1233&br=1366&bt=683&cd=0%7C0%7C0&ch=0&cr=3&cs=2&cv=1&dr=0&ds=6&er=&ft=c~.Zm4L-gXoInz7T&l=20220117023357010113006207063D08F0&lr=all&mime_type=video_mp4&net=0&pl=0&qs=11&rc=MzQzPHNnNjg8NDMzNTczM0ApOTk5aGRlOjw6Nzg7NTxnZmdnYW5ibTJwcjZgLS0xMTRzczZfMTZjMGEyYDA0LmJfMWM6Yw%3D%3D&vl=&vr=
video/mp4, bytesbytes 0-1024000/1417688, 1642386866.3152673, 1642386866.3242831, 1642386866.3704355, 1642386867.2678518, v16m.tiktokcdn-us.com, 2feea0398cd26577bff7e0e923e9cbca, /2feea0398cd26577bff7e0e923e9cbca/61e52a0a/video/tos/useast2a/tos-useast2a-ve-0068c003/ea7de911776840ddb16332a908d46e62/?a=1233&br=1060&bt=530&cd=0%7C0%7C0&ch=0&cr=3&cs=2&cv=1&dr=0&ds=6&er=&ft=c~.Zm4L-gXoInz7T&l=20220117023357010113006207063D08F0&lr=all&mime_type=video_mp4&net=0&pl=0&qs=5&rc=anZ0aGhoNG0zNTMzNzczM0ApNDRoOmc0ZGVpNzdnM2QzOWcvbGZhM3BoLm5gLS1kMTZzcy1fYDBeNS00NF8yYjZgYWE6Yw%3D%3D&vl=&vr=
video/mp4, bytesbytes 1024000-1115178/1115179, 1642386870.4407055, 1642386870.4470432, 1642386870.487095, 1642386870.5608034, v16m.tiktokcdn-us.com, a06823eb80fbb509bab3b94dd56ce7fc, /a06823eb80fbb509bab3b94dd56ce7fc/61e52a06/video/tos/useast2a/tos-useast2a-pve-0068/b7bce4a37804449f9d2183c5933ac52d/?a=1233&br=1022&bt=511&cd=0%7C0%7C0&ch=0&cr=3&cs=2&cv=1&dr=0&ds=6&er=&ft=c~.Zm4L-gXoInz7T&l=20220117023357010113006207063D08F0&lr=all&mime_type=video_mp4&net=0&pl=0&qs=5&rc=M2k6OHV0cm5yNjMzNzczM0ApOTU1N2lpNjtmNzo2NTc4aWdtcC01azE1bzZgLS1kMTZzc2I0LTI0YjI1LmA0Ni4xYS86Yw%3D%3D&vl=&vr=
video/mp4, bytesbytes 1024000-1219029/1219030, 1642386871.3731961, 1642386871.376523, 1642386871.3946528, 1642386871.5985687, v16m.tiktokcdn-us.com, 2c2e799c01d020be4a1146ff90134962, /2c2e799c01d020be4a1146ff90134962/61e52a04/video/tos/useast2a/tos-useast2a-ve-0068c004/634f17cf046d4f1ea70aa47fb2057d65/?a=1233&br=1274&bt=637&cd=0%7C0%7C0&ch=0&cr=3&cs=2&cv=1&dr=0&ds=6&er=&ft=c~.Zm4L-gXoInz7T&l=20220117023357010113006207063D08F0&lr=all&mime_type=video_mp4&net=0&pl=0&qs=4&rc=ajhkeTtyNjM1NDMzNzczM0ApMzk8aTU5NmQ4NzM5Njk2aWcvamRjNGE2LmtgLS1kMTZzczMwYC9jYWIuXy9iMGMzNS86Yw%3D%3D&vl=&vr=
video/mp4, bytesbytes 0-1024000/1143962, 1642386871.7192407, 1642386871.7220697, 1642386871.7463796, 1642386872.793278, v16m.tiktokcdn-us.com, d78699fba63f886abca88369520f430e, /d78699fba63f886abca88369520f430e/61e52a04/video/tos/useast2a/tos-useast2a-pve-0068/b637ca2b83ce47c2ac2e48d883388487/?a=1233&br=1258&bt=629&cd=0%7C0%7C0&ch=0&cr=3&cs=2&cv=1&dr=0&ds=6&er=&ft=c~.Zm4L-gXoInz7T&l=20220117023357010113006207063D08F0&lr=all&mime_type=video_mp4&net=0&pl=0&qs=11&rc=MzRoaGV1czhxMzMzZzczM0ApZjM0ZztmOmRnN2ZkOjw4PGcvZDQxcDU1ZW5gLS1eMTZzczRgYWE1MzNeLjYxXmFgMWA6Yw%3D%3D&vl=&vr=
video/mp4, bytesbytes 0-599629/599630, 1642386873.2807455, 1642386873.2827077, 1642386873.3377237, 1642386873.9366112, v16m.tiktokcdn-us.com, 1b2718c18663a133fa70e3e3e0a53d3b, /1b2718c18663a133fa70e3e3e0a53d3b/61e529fd/video/tos/useast2a/tos-useast2a-ve-0068c004/53037072e7ea46719f71503983e53896/?a=1233&br=1180&bt=590&cd=0%7C0%7C0&ch=0&cr=3&cs=2&cv=1&dr=0&ds=3&er=&ft=c~.Zm4L-gXoInz7T&l=20220117023357010113006207063D08F0&lr=all&mime_type=video_mp4&net=0&pl=0&qs=14&rc=M2dvcmg6ZmZtOTMzNzczM0ApNWg6aWY2aGU8NzdpOWc7OWdsaGEucjRvZV9gLS1kMTZzc15hLjIzXmIxNWNeYjUwYGA6Yw%3D%3D&vl=&vr=
video/mp4, bytesbytes 0-473870/473871, 1642386874.1990747, 1642386874.2000651, 1642386874.218851, 1642386874.6581635, v16m.tiktokcdn-us.com, 97c86daf93cb658623dc8ab6ae84afa1, /97c86daf93cb658623dc8ab6ae84afa1/61e529fa/video/tos/useast2a/tos-useast2a-ve-0068c004/e99cb9d5a11d4ac7a496622b02f8a9ad/?a=1233&br=1476&bt=738&cd=0%7C0%7C0&ch=0&cr=3&cs=0&dr=0&ds=2&er=&ft=c~.Zm4L-gXoInz7T&l=20220117023357010113006207063D08F0&lr=all&mime_type=video_mp4&net=0&pl=0&qs=0&rc=MzN1NmdkcnU2NTMzNzczM0ApNjk0Z2c7Zzs4NzRmMzYzM2dwYmtrai5laXFgLS1kMTZzc2BiNV4zNTEyNjQ0XmEzMS86Yw%3D%3D&vl=&vr=
video/mp4, bytesbytes 0-1024000/1492445, 1642386884.4700284, 1642386884.4718893, 1642386884.5285904, 1642386885.5695417, v16m.tiktokcdn-us.com, 3a4862c91510ffa6d3653fa76dd7d59a, /3a4862c91510ffa6d3653fa76dd7d59a/61e52a09/video/tos/useast2a/tos-useast2a-ve-0068c001/c5de9ff6392249969411ec47d9e78136/?a=1233&br=1208&bt=604&cd=0%7C0%7C0&ch=0&cr=3&cs=2&cv=1&dr=0&ds=6&er=&ft=c~.Zm4L-gXoInz7T&l=20220117023357010113006207063D08F0&lr=all&mime_type=video_mp4&net=0&pl=0&qs=4&rc=ampneXc6ZTR3NTMzNzczM0ApPDo7OjtpZzs6N2Y8ZWdmZGdzLWgwNmMtNGNgLS1kMTZzc2M0NTU2MDUyYDExXmE2Y146Yw%3D%3D&vl=&vr=
video/mp4, bytesbytes 1024000-1417687/1417688, 1642386889.8684127, 1642386889.8731115, 1642386889.894538, 1642386890.3781126, v16m.tiktokcdn-us.com, 2feea0398cd26577bff7e0e923e9cbca, /2feea0398cd26577bff7e0e923e9cbca/61e52a0a/video/tos/useast2a/tos-useast2a-ve-0068c003/ea7de911776840ddb16332a908d46e62/?a=1233&br=1060&bt=530&cd=0%7C0%7C0&ch=0&cr=3&cs=2&cv=1&dr=0&ds=6&er=&ft=c~.Zm4L-gXoInz7T&l=20220117023357010113006207063D08F0&lr=all&mime_type=video_mp4&net=0&pl=0&qs=5&rc=anZ0aGhoNG0zNTMzNzczM0ApNDRoOmc0ZGVpNzdnM2QzOWcvbGZhM3BoLm5gLS1kMTZzcy1fYDBeNS00NF8yYjZgYWE6Yw%3D%3D&vl=&vr=
video/mp4, bytesbytes 0-633979/633980, 1642386890.5840514, 1642386890.5852675, 1642386890.6083357, 1642386891.2539926, v16m.tiktokcdn-us.com, ed5467b6a7646a9db488c97f9802dde7, /ed5467b6a7646a9db488c97f9802dde7/61e52a06/video/tos/useast5/tos-useast5-pve-0068-tx/f62e02f024c540c89a00998f535a6845/?a=1233&br=582&bt=291&cd=0%7C0%7C0&ch=0&cr=3&cs=2&cv=1&dr=0&ds=3&er=&ft=c~.Zm4L-gXoInz7T&l=20220117023357010113006207063D08F0&lr=all&mime_type=video_mp4&net=0&pl=0&qs=14&rc=anhtOmY6Zmo6OjMzZzczNEApOjM6NDc4aWRkNzVlODRpOWdybmZucjRfbTZgLS1kMS9zcy4vYmFhMV5jMzZeNjY1XjY6Yw%3D%3D&vl=&vr=
video/mp4, bytesbytes 1024000-1143961/1143962, 1642386892.1195092, 1642386892.1207452, 1642386892.1407144, 1642386892.2646472, v16m.tiktokcdn-us.com, d78699fba63f886abca88369520f430e, /d78699fba63f886abca88369520f430e/61e52a04/video/tos/useast2a/tos-useast2a-pve-0068/b637ca2b83ce47c2ac2e48d883388487/?a=1233&br=1258&bt=629&cd=0%7C0%7C0&ch=0&cr=3&cs=2&cv=1&dr=0&ds=6&er=&ft=c~.Zm4L-gXoInz7T&l=20220117023357010113006207063D08F0&lr=all&mime_type=video_mp4&net=0&pl=0&qs=11&rc=MzRoaGV1czhxMzMzZzczM0ApZjM0ZztmOmRnN2ZkOjw4PGcvZDQxcDU1ZW5gLS1eMTZzczRgYWE1MzNeLjYxXmFgMWA6Yw%3D%3D&vl=&vr=
video/mp4, bytesbytes 1024000-1492444/1492445, 1642386908.709051, 1642386908.7109222, 1642386908.7456837, 1642386909.309287, v16m.tiktokcdn-us.com, 3a4862c91510ffa6d3653fa76dd7d59a, /3a4862c91510ffa6d3653fa76dd7d59a/61e52a09/video/tos/useast2a/tos-useast2a-ve-0068c001/c5de9ff6392249969411ec47d9e78136/?a=1233&br=1208&bt=604&cd=0%7C0%7C0&ch=0&cr=3&cs=2&cv=1&dr=0&ds=6&er=&ft=c~.Zm4L-gXoInz7T&l=20220117023357010113006207063D08F0&lr=all&mime_type=video_mp4&net=0&pl=0&qs=4&rc=ampneXc6ZTR3NTMzNzczM0ApPDo7OjtpZzs6N2Y8ZWdmZGdzLWgwNmMtNGNgLS1kMTZzc2M0NTU2MDUyYDExXmE2Y146Yw%3D%3D&vl=&vr=
video/mp4, bytesbytes 0-1024000/1696741, 1642386909.5354981, 1642386909.5364773, 1642386909.5762053, 1642386910.5827277, v16m.tiktokcdn-us.com, 481f8c66f031d0fb7f4104e2a342d002, /481f8c66f031d0fb7f4104e2a342d002/61e52a4c/video/tos/useast2a/tos-useast2a-ve-0068c003/f348836467bc49eaa857075d7c4a121e/?a=1233&br=1382&bt=691&cd=0%7C0%7C0&ch=0&cr=3&cs=2&cv=1&dr=0&ds=6&er=&ft=c~.Zm4L-gXoInz7T&l=20220117023505010113006244143FD34D&lr=all&mime_type=video_mp4&net=0&pl=0&qs=5&rc=anhwMzw6ZnRqNzMzNzczM0ApZmRlNzpnaGQ0NzloO2k6OWctZ2sycjQwLWpgLS1kMTZzczZeMzE0YWAzLTMuXi8xYWM6Yw%3D%3D&vl=&vr=
video/mp4, bytesbytes 0-1024000/1086827, 1642386911.0641143, 1642386911.065492, 1642386911.090387, 1642386912.1638358, v16m.tiktokcdn-us.com, e54a36b0614c1db2236e038de42495e6, /e54a36b0614c1db2236e038de42495e6/61e52a49/video/tos/useast2a/tos-useast2a-ve-0068c001/295b332c110d4d928a200669b9671d6c/?a=1233&br=1022&bt=511&cd=0%7C0%7C0&ch=0&cr=3&cs=2&cv=1&dr=0&ds=6&er=&ft=c~.Zm4L-gXoInz7T&l=20220117023505010113006244143FD34D&lr=all&mime_type=video_mp4&net=0&pl=0&qs=4&rc=anA2NDg6Zmt2NzMzNzczM0ApPGc1Omg2ZWU3N2hmMzc4OWdhMXI2cjRfZy9gLS1kMTZzcy1eX14zLTUzYGNeYi9fNjE6Yw%3D%3D&vl=&vr=
video/mp4, bytesbytes 0-265347/265348, 1642386912.6012042, 1642386912.6020157, 1642386912.6239054, 1642386912.9063644, v16m.tiktokcdn-us.com, 50e8d3380eaf9ace83c644f367eb30b3, /50e8d3380eaf9ace83c644f367eb30b3/61e52a41/video/tos/alisg/tos-alisg-pve-0037c001/88d0a2f0d8fd40f699e281a9c3b021f0/?a=1233&br=482&bt=241&cd=0%7C0%7C0&ch=0&cr=3&cs=2&cv=1&dr=0&ds=6&er=&ft=c~.Zm4L-gXoInz7T&l=20220117023505010113006244143FD34D&lr=all&mime_type=video_mp4&net=0&pl=0&qs=11&rc=ajdzOXE6bDNyMzMzODczM0ApNTk1aTU8OGRoNzdoM2Y5aWdgMzExMm9rcDRgLS0yMTRzcy0zMTEyXmAvYi81MzAxLWI6Yw%3D%3D&vl=&vr=
video/mp4, bytesbytes 0-517792/517793, 1642386913.1431715, 1642386913.145319, 1642386913.1659863, 1642386913.7198029, v16m.tiktokcdn-us.com, f7e9fdeb71246f62cccd983d6e580980, /f7e9fdeb71246f62cccd983d6e580980/61e52a41/video/tos/useast2a/tos-useast2a-ve-0068c004/61ddc728cfd74da9806df42f9f1aa3a3/?a=1233&br=926&bt=463&cd=0%7C0%7C0&ch=0&cr=3&cs=2&cv=1&dr=0&ds=6&er=&ft=c~.Zm4L-gXoInz7T&l=20220117023505010113006244143FD34D&lr=all&mime_type=video_mp4&net=0&pl=0&qs=5&rc=amRzOzp5aHRneDMzPDczM0ApNzVmaTk2N2RoNzc7ZDQ3aWdyaGs0YWpnLWRfLS0zMTZzczJjNDMwXy1hYzVjYmA1Nl46Yw%3D%3D&vl=&vr=
video/mp4, bytesbytes 0-1024000/2333612, 1642386928.3706338, 1642386928.3791656, 1642386928.4577177, 1642386929.8397846, v16m.tiktokcdn-us.com, 8d8d74ef884492f5e15faacf8bde43ba, /8d8d74ef884492f5e15faacf8bde43ba/61e52a61/video/tos/useast5/tos-useast5-ve-0068c004-tx/178c4bb4832b4526b15de9a07d6089a6/?a=1233&br=892&bt=446&cd=0%7C0%7C0&ch=0&cr=3&cs=2&cv=1&dr=0&ds=6&er=&ft=c~.Zm4L-gXoInz7T&l=20220117023505010113006244143FD34D&lr=all&mime_type=video_mp4&net=0&pl=0&qs=4&rc=M3JsZGQ6Zjg5OjMzZzczNEApZGhnODs1N2U8NzNlZjRkNGdxY3BocjRfZTBgLS1kMS9zczAvMi1jNl8wLzMwY2MuLTI6Yw%3D%3D&vl=&vr=
video/mp4, bytesbytes 1024000-1696740/1696741, 1642386945.5736365, 1642386945.5756965, 1642386945.5981784, 1642386946.6237237, v16m.tiktokcdn-us.com, 481f8c66f031d0fb7f4104e2a342d002, /481f8c66f031d0fb7f4104e2a342d002/61e52a4c/video/tos/useast2a/tos-useast2a-ve-0068c003/f348836467bc49eaa857075d7c4a121e/?a=1233&br=1382&bt=691&cd=0%7C0%7C0&ch=0&cr=3&cs=2&cv=1&dr=0&ds=6&er=&ft=c~.Zm4L-gXoInz7T&l=20220117023505010113006244143FD34D&lr=all&mime_type=video_mp4&net=0&pl=0&qs=5&rc=anhwMzw6ZnRqNzMzNzczM0ApZmRlNzpnaGQ0NzloO2k6OWctZ2sycjQwLWpgLS1kMTZzczZeMzE0YWAzLTMuXi8xYWM6Yw%3D%3D&vl=&vr=
video/mp4, bytesbytes 1024000-1086826/1086827, 1642386947.104809, 1642386947.1094246, 1642386947.1408427, 1642386947.2028472, v16m.tiktokcdn-us.com, e54a36b0614c1db2236e038de42495e6, /e54a36b0614c1db2236e038de42495e6/61e52a49/video/tos/useast2a/tos-useast2a-ve-0068c001/295b332c110d4d928a200669b9671d6c/?a=1233&br=1022&bt=511&cd=0%7C0%7C0&ch=0&cr=3&cs=2&cv=1&dr=0&ds=6&er=&ft=c~.Zm4L-gXoInz7T&l=20220117023505010113006244143FD34D&lr=all&mime_type=video_mp4&net=0&pl=0&qs=4&rc=anA2NDg6Zmt2NzMzNzczM0ApPGc1Omg2ZWU3N2hmMzc4OWdhMXI2cjRfZy9gLS1kMTZzcy1eX14zLTUzYGNeYi9fNjE6Yw%3D%3D&vl=&vr=
video/mp4, bytesbytes 0-769252/769253, 1642386947.281062, 1642386947.2824218, 1642386947.310989, 1642386948.0933278, v16m.tiktokcdn-us.com, d59b3ba77bc7898af83e58b872032dc2, /d59b3ba77bc7898af83e58b872032dc2/61e52a48/video/tos/useast2a/tos-useast2a-ve-0068c004/efbfd78c2abf4559a766c6d6de5511bc/?a=1233&br=786&bt=393&cd=0%7C0%7C0&ch=0&cr=3&cs=2&cv=1&dr=0&ds=6&er=&ft=c~.Zm4L-gXoInz7T&l=20220117023505010113006244143FD34D&lr=all&mime_type=video_mp4&net=0&pl=0&qs=5&rc=ajZ5OTtzbGo5NDMzNzczM0ApMzc7PDo3OzxpNzQ8ZTc4NmdqXjFga3NvY2tgLS1kMTZzc2MuY180MzUuYjExLzI2LTE6Yw%3D%3D&vl=&vr=
video/mp4, bytesbytes 0-533647/533648, 1642386948.3936386, 1642386948.396621, 1642386948.449412, 1642386948.9729776, v16m.tiktokcdn-us.com, bd3a2750570386d8d3271f795bffc59e, /bd3a2750570386d8d3271f795bffc59e/61e52a42/video/tos/useast2a/tos-useast2a-ve-0068c002/3de104e8920c42b783312742acf07bdb/?a=1233&br=872&bt=436&cd=0%7C0%7C0&ch=0&cr=3&cs=2&cv=1&dr=0&ds=6&er=&ft=c~.Zm4L-gXoInz7T&l=20220117023505010113006244143FD34D&lr=all&mime_type=video_mp4&net=0&pl=0&qs=4&rc=am52Zzs6ZndrNzMzNzczM0ApOGk2ZWU4Zzs1N2RoOmVpZ2dnZGk1cjQwXmxgLS1kMTZzczRgMWAyYmBeY2BhMWIxLl46Yw%3D%3D&vl=&vr=
video/mp4, bytesbytes 0-1024000/1215615, 1642386963.9320254, 1642386963.9338403, 1642386963.9571242, 1642386964.933365, v16m.tiktokcdn-us.com, 3bbdcfb5d4d895994dafc81cddd44632, /3bbdcfb5d4d895994dafc81cddd44632/61e52a48/video/tos/useast2a/tos-useast2a-pve-0068/c7fd5b4282c54119b97e1a44f00b8f4c/?a=1233&br=1220&bt=610&cd=0%7C0%7C0&ch=0&cr=3&cs=2&cv=1&dr=0&ds=6&er=&ft=c~.Zm4L-gXoInz7T&l=20220117023505010113006244143FD34D&lr=all&mime_type=video_mp4&net=0&pl=0&qs=4&rc=ajVyZzt5dGlreDMzZTczM0ApPGU1Z2U0NTs6NzQ8aWdnZWcuZWYxL3BuaDRfLS0wMTZzczBeY2ExMmNiXy5gLl8vNF86Yw%3D%3D&vl=&vr=
video/mp4, bytesbytes 0-1024000/1468106, 1642386965.4782119, 1642386965.4790788, 1642386965.513979, 1642386966.3826246, v16m.tiktokcdn-us.com, 092e12a664fa8655cee50645250ee214, /092e12a664fa8655cee50645250ee214/61e52a47/video/tos/useast2a/tos-useast2a-ve-0068c001/b21486bb7d81477baabd50d3c947dcf1/?a=1233&br=1530&bt=765&cd=0%7C0%7C0&ch=0&cr=3&cs=2&cv=1&dr=0&ds=6&er=&ft=c~.Zm4L-gXoInz7T&l=20220117023505010113006244143FD34D&lr=all&mime_type=video_mp4&net=0&pl=0&qs=5&rc=ajRwZTw7bGR2NjMzNzczM0ApaWhnOWZlO2U7N2ZoZDg5M2dvNmFvMXBvYGRgLS1kMTZzcy8xNmJfXzItNC42Yy5gXzQ6Yw%3D%3D&vl=&vr=
video/mp4, bytesbytes 1024000-2333611/2333612, 1642386974.1432464, 1642386974.1455424, 1642386974.1838973, 1642386975.5881448, v16m.tiktokcdn-us.com, 8d8d74ef884492f5e15faacf8bde43ba, /8d8d74ef884492f5e15faacf8bde43ba/61e52a61/video/tos/useast5/tos-useast5-ve-0068c004-tx/178c4bb4832b4526b15de9a07d6089a6/?a=1233&br=892&bt=446&cd=0%7C0%7C0&ch=0&cr=3&cs=2&cv=1&dr=0&ds=6&er=&ft=c~.Zm4L-gXoInz7T&l=20220117023505010113006244143FD34D&lr=all&mime_type=video_mp4&net=0&pl=0&qs=4&rc=M3JsZGQ6Zjg5OjMzZzczNEApZGhnODs1N2U8NzNlZjRkNGdxY3BocjRfZTBgLS1kMS9zczAvMi1jNl8wLzMwY2MuLTI6Yw%3D%3D&vl=&vr=
video/mp4, bytesbytes 0-693192/693193, 1642386976.1908576, 1642386976.1921558, 1642386976.2100184, 1642386976.9993691, v16m.tiktokcdn-us.com, ee4a1a0d9ce58e135d0889ae73b15f98, /ee4a1a0d9ce58e135d0889ae73b15f98/61e52a41/video/tos/useast2a/tos-useast2a-ve-0068c004/a9eb81410a7f48f794f98e82aae77edb/?a=1233&br=1254&bt=627&cd=0%7C0%7C0&ch=0&cr=3&cs=2&cv=1&dr=0&ds=6&er=&ft=c~.Zm4L-gXoInz7T&l=20220117023505010113006244143FD34D&lr=all&mime_type=video_mp4&net=0&pl=0&qs=5&rc=M3V0ZDxmOjtuNDMzMzczM0ApOmdmZGg3OGQ3N2VnZzQ5NWduZGVtNmVzMWRgLS02MTZzc2EyLi4xYmEuMzU1YzFeNWI6Yw%3D%3D&vl=&vr=
video/mp4, bytesbytes 1024000-1215614/1215615, 1642387014.5456471, 1642387014.546881, 1642387014.568453, 1642387014.8159268, v16m.tiktokcdn-us.com, 3bbdcfb5d4d895994dafc81cddd44632, /3bbdcfb5d4d895994dafc81cddd44632/61e52a48/video/tos/useast2a/tos-useast2a-pve-0068/c7fd5b4282c54119b97e1a44f00b8f4c/?a=1233&br=1220&bt=610&cd=0%7C0%7C0&ch=0&cr=3&cs=2&cv=1&dr=0&ds=6&er=&ft=c~.Zm4L-gXoInz7T&l=20220117023505010113006244143FD34D&lr=all&mime_type=video_mp4&net=0&pl=0&qs=4&rc=ajVyZzt5dGlreDMzZTczM0ApPGU1Z2U0NTs6NzQ8aWdnZWcuZWYxL3BuaDRfLS0wMTZzczBeY2ExMmNiXy5gLl8vNF86Yw%3D%3D&vl=&vr=
video/mp4, bytesbytes 1024000-1468105/1468106, 1642387019.8146665, 1642387019.8166196, 1642387019.9112387, 1642387020.3341541, v16m.tiktokcdn-us.com, 092e12a664fa8655cee50645250ee214, /092e12a664fa8655cee50645250ee214/61e52a47/video/tos/useast2a/tos-useast2a-ve-0068c001/b21486bb7d81477baabd50d3c947dcf1/?a=1233&br=1530&bt=765&cd=0%7C0%7C0&ch=0&cr=3&cs=2&cv=1&dr=0&ds=6&er=&ft=c~.Zm4L-gXoInz7T&l=20220117023505010113006244143FD34D&lr=all&mime_type=video_mp4&net=0&pl=0&qs=5&rc=ajRwZTw7bGR2NjMzNzczM0ApaWhnOWZlO2U7N2ZoZDg5M2dvNmFvMXBvYGRgLS1kMTZzcy8xNmJfXzItNC42Yy5gXzQ6Yw%3D%3D&vl=&vr=
video/mp4, bytesbytes 0-980941/980942, 1642387020.520308, 1642387020.5232425, 1642387020.5372553, 1642387021.4165719, v19.tiktokcdn-us.com, 5a022ea6446acd88d9b223506a3cc043, /5a022ea6446acd88d9b223506a3cc043/61e52ab8/video/tos/useast2a/tos-useast2a-ve-0068c003/e03dc43dab0a4436b4e65c3f1e1c5f17/?a=1233&br=814&bt=407&cd=0%7C0%7C0&ch=0&cr=3&cs=2&cv=1&dr=0&ds=6&er=&ft=c~.Zm4L-gXoInz7T&l=202201170236540101131351361C403E95&lr=all&mime_type=video_mp4&net=0&pl=0&qs=5&rc=amxzNWg6Zm1pNzMzNzczM0ApMzs1aWZlOTw4NzM4OzdkNWc0M2YzcjQwaWxgLS1kMTZzcy1eNDFfNV41NDJeMi1eYjI6Yw%3D%3D&vl=&vr=
video/mp4, bytesbytes 0-1024000/1385717, 1642387021.8623116, 1642387021.865804, 1642387021.8798423, 1642387022.768051, v19.tiktokcdn-us.com, 975b5844a1ec62ab87c3a692c87289b3, /975b5844a1ec62ab87c3a692c87289b3/61e52ab9/video/tos/useast2a/tos-useast2a-pve-0068/a27f7933c7584a20ab3fd6eb8b24a7cc/?a=1233&br=1110&bt=555&cd=0%7C0%7C0&ch=0&cr=3&cs=2&cv=1&dr=0&ds=6&er=&ft=c~.Zm4L-gXoInz7T&l=202201170236540101131351361C403E95&lr=all&mime_type=video_mp4&net=0&pl=0&qs=11&rc=anU4aW94PDRpeDMzZzczM0ApZ2U2ZTU7ZDw5NzNoZDg5NGcyZmYtY2Znc2VfLS1jMTZzc2MxMmJeL2BeMzM2XmIvMTQ6Yw%3D%3D&vl=&vr=
video/mp4, bytesbytes 0-419481/419482, 1642387023.4093275, 1642387023.4108698, 1642387023.4245913, 1642387023.7911758, v19.tiktokcdn-us.com, 9ccccb4843c9fa551aafd7b989ce6a00, /9ccccb4843c9fa551aafd7b989ce6a00/61e52aac/video/tos/useast2a/tos-useast2a-pve-0068/46543e7d809d430f8c7b431197bb09bf/?a=1233&br=916&bt=458&cd=0%7C0%7C0&ch=0&cr=3&cs=2&cv=1&dr=0&ds=6&er=&ft=c~.Zm4L-gXoInz7T&l=202201170236540101131351361C403E95&lr=all&mime_type=video_mp4&net=0&pl=0&qs=4&rc=ajc1ZWQ6Zml1NjMzNzczM0ApNDs7OWhnaDtoNzlkOTk4aWdnai1lcjRfcWpgLS1kMTZzc2M0YGBiYF8tYmA2Y2EuL2M6Yw%3D%3D&vl=&vr=
video/mp4, bytesbytes 0-716769/716770, 1642387024.1094797, 1642387024.1104157, 1642387024.1217015, 1642387024.8186126, v19.tiktokcdn-us.com, 620b6ba250625fcd61bb92ec2495833c, /620b6ba250625fcd61bb92ec2495833c/61e52ab0/video/tos/useast2a/tos-useast2a-ve-0068c004/8ef5572352a949ec98150aec8025dd70/?a=1233&br=1038&bt=519&cd=0%7C0%7C0&ch=0&cr=3&cs=2&cv=1&dr=0&ds=6&er=&ft=c~.Zm4L-gXoInz7T&l=202201170236540101131351361C403E95&lr=all&mime_type=video_mp4&net=0&pl=0&qs=11&rc=M3Fxczs6Zmc1NzMzNzczM0ApOWdkPDllaDtlNzs0aDdmNmdvNV4vcjRncjFgLS1kMTZzczFiXzQzNjU0NV9fLWBfXl86Yw%3D%3D&vl=&vr=
video/mp4, bytesbytes 0-1024000/1589872, 1642387035.0732806, 1642387035.078059, 1642387035.096866, 1642387036.3510196, v19.tiktokcdn-us.com, ee150ae8ee05794cb8ba975dafa68363, /ee150ae8ee05794cb8ba975dafa68363/61e52ab2/video/tos/useast2a/tos-useast2a-ve-0068c003/91c724bf933b40f5903e337d94f8f6a7/?a=1233&br=1944&bt=972&cd=0%7C0%7C0&ch=0&cr=3&cs=2&cv=1&dr=0&ds=6&er=&ft=c~.Zm4L-gXoInz7T&l=202201170236540101131351361C403E95&lr=all&mime_type=video_mp4&net=0&pl=0&qs=5&rc=M2VqbzM6ZmQ7NjMzNzczM0ApZGU1aGc7ZGU2NzhoZTNoZ2dkZGFncjRfaG9gLS1kMTZzcy4zYmA1MmE0NmEzLV8tYjQ6Yw%3D%3D&vl=&vr=
video/mp4, bytesbytes 0-568988/568989, 1642387039.0660577, 1642387039.0740743, 1642387039.0917897, 1642387039.632576, v19.tiktokcdn-us.com, a92fd3251f86a087660d15ad13dc9158, /a92fd3251f86a087660d15ad13dc9158/61e52ab1/video/tos/useast2a/tos-useast2a-pve-0068/0db5a52be4814ca482755ba7b47a0966/?a=1233&br=764&bt=382&cd=0%7C0%7C0&ch=0&cr=3&cs=2&cv=1&dr=0&ds=6&er=&ft=c~.Zm4L-gXoInz7T&l=202201170236540101131351361C403E95&lr=all&mime_type=video_mp4&net=0&pl=0&qs=11&rc=M204cjw6Zm1zODMzNzgzM0ApZmZkOGdkaTs0NztmODk3aGdecmtrcjQwZXFgLS1kLzZzc2BjMWAwLTRfMC8wYmAuNGI6Yw%3D%3D&vl=&vr=
video/mp4, bytesbytes 1024000-1385716/1385717, 1642387058.111857, 1642387058.11363, 1642387058.1264112, 1642387058.6008792, v19.tiktokcdn-us.com, 975b5844a1ec62ab87c3a692c87289b3, /975b5844a1ec62ab87c3a692c87289b3/61e52ab9/video/tos/useast2a/tos-useast2a-pve-0068/a27f7933c7584a20ab3fd6eb8b24a7cc/?a=1233&br=1110&bt=555&cd=0%7C0%7C0&ch=0&cr=3&cs=2&cv=1&dr=0&ds=6&er=&ft=c~.Zm4L-gXoInz7T&l=202201170236540101131351361C403E95&lr=all&mime_type=video_mp4&net=0&pl=0&qs=11&rc=anU4aW94PDRpeDMzZzczM0ApZ2U2ZTU7ZDw5NzNoZDg5NGcyZmYtY2Znc2VfLS1jMTZzc2MxMmJeL2BeMzM2XmIvMTQ6Yw%3D%3D&vl=&vr=
video/mp4, bytesbytes 0-1024000/1511927, 1642387058.8062584, 1642387058.807487, 1642387058.8211973, 1642387059.9788208, v19.tiktokcdn-us.com, f8818804b9aa0fe9b069e68826478ddc, /f8818804b9aa0fe9b069e68826478ddc/61e52aba/video/tos/useast2a/tos-useast2a-pve-0068/fcb55ec68264411daa7a8140759786fd/?a=1233&br=1140&bt=570&cd=0%7C0%7C0&ch=0&cr=3&cs=2&cv=1&dr=0&ds=6&er=&ft=c~.Zm4L-gXoInz7T&l=202201170236540101131351361C403E95&lr=all&mime_type=video_mp4&net=0&pl=0&qs=11&rc=MzY0NTY6ZjhrNzMzNzczM0ApaWQzOTZlNzw2NzQ6aWloaWdjYnFmcjQwLmhgLS1kMTZzcy1jX2FfYDFhNGEtX2E1LS46Yw%3D%3D&vl=&vr=
video/mp4, bytesbytes 0-418386/418387, 1642387068.863964, 1642387068.8701673, 1642387068.8814383, 1642387069.4140763, v19.tiktokcdn-us.com, 59d7ee5b24634ccdb10d0a9243da63f0, /59d7ee5b24634ccdb10d0a9243da63f0/61e52aad/video/tos/maliva/tos-maliva-ve-0068c799-us/76d2b8ec07e045ac97babd32e7849b66/?a=1233&br=856&bt=428&cd=0%7C0%7C0&ch=0&cr=3&cs=2&cv=1&dr=0&ds=3&er=&ft=c~.Zm4L-gXoInz7T&l=202201170236540101131351361C403E95&lr=all&mime_type=video_mp4&net=0&pl=0&qs=14&rc=anY1dmk6Zmk2OTMzZzczNEApNTM7PDplZDs3N2k3NTQ0NGdtbl8ycjQwNTFgLS1kMS9zcy1iMTNhMjVgXzFhX2MvNWI6Yw%3D%3D&vl=&vr=
video/mp4, bytesbytes 0-493479/493480, 1642387069.7358649, 1642387069.7464466, 1642387069.7666724, 1642387070.250697, v19.tiktokcdn-us.com, 75760451459797e4ee2f5f001feacbfb, /75760451459797e4ee2f5f001feacbfb/61e52aad/video/tos/useast2a/tos-useast2a-ve-0068c001/2e99d8cb79244ae99f25ae3ac8163fed/?a=1233&br=1044&bt=522&cd=0%7C0%7C0&ch=0&cr=3&cs=2&cv=1&dr=0&ds=6&er=&ft=c~.Zm4L-gXoInz7T&l=202201170236540101131351361C403E95&lr=all&mime_type=video_mp4&net=0&pl=0&qs=4&rc=M3hxczRra3FwNjMzNzczM0ApZWVkM2lnaWVmNzk0OjVoZmctaGdqMTVxcTFgLS1kMTZzcy1eMDQ0YTVgNl8yLTMvMGE6Yw%3D%3D&vl=&vr=
video/mp4, bytesbytes 1024000-1589871/1589872, 1642387080.6419451, 1642387080.6435905, 1642387080.6609514, 1642387081.895481, v19.tiktokcdn-us.com, ee150ae8ee05794cb8ba975dafa68363, /ee150ae8ee05794cb8ba975dafa68363/61e52ab2/video/tos/useast2a/tos-useast2a-ve-0068c003/91c724bf933b40f5903e337d94f8f6a7/?a=1233&br=1944&bt=972&cd=0%7C0%7C0&ch=0&cr=3&cs=2&cv=1&dr=0&ds=6&er=&ft=c~.Zm4L-gXoInz7T&l=202201170236540101131351361C403E95&lr=all&mime_type=video_mp4&net=0&pl=0&qs=5&rc=M2VqbzM6ZmQ7NjMzNzczM0ApZGU1aGc7ZGU2NzhoZTNoZ2dkZGFncjRfaG9gLS1kMTZzcy4zYmA1MmE0NmEzLV8tYjQ6Yw%3D%3D&vl=&vr=
video/mp4, bytesbytes 0-638227/638228, 1642387082.3311322, 1642387082.3340034, 1642387082.3516483, 1642387083.6868668, v19.tiktokcdn-us.com, 22f6e2bac5bbd30bb52dd4bf78701b3a, /22f6e2bac5bbd30bb52dd4bf78701b3a/61e52ab1/video/tos/useast2a/tos-useast2a-pve-0068/757a2f8b19044ed39ac6674811366bc1/?a=1233&br=852&bt=426&cd=0%7C0%7C0&ch=0&cr=3&cs=2&cv=1&dr=0&ds=6&er=&ft=c~.Zm4L-gXoInz7T&l=202201170236540101131351361C403E95&lr=all&mime_type=video_mp4&net=0&pl=0&qs=4&rc=ampkM21rdWVrNjMzNzczM0ApOztlZjVkZWQ1N2UzaTRnNWdqM2luaWliMS5gLS1kMTZzczEzYzQ0NS4uLjUvYDQxLjU6Yw%3D%3D&vl=&vr=
video/mp4, bytesbytes 1024000-1511926/1511927, 1642387093.3391268, 1642387093.3410683, 1642387093.3584566, 1642387094.0123622, v19.tiktokcdn-us.com, f8818804b9aa0fe9b069e68826478ddc, /f8818804b9aa0fe9b069e68826478ddc/61e52aba/video/tos/useast2a/tos-useast2a-pve-0068/fcb55ec68264411daa7a8140759786fd/?a=1233&br=1140&bt=570&cd=0%7C0%7C0&ch=0&cr=3&cs=2&cv=1&dr=0&ds=6&er=&ft=c~.Zm4L-gXoInz7T&l=202201170236540101131351361C403E95&lr=all&mime_type=video_mp4&net=0&pl=0&qs=11&rc=MzY0NTY6ZjhrNzMzNzczM0ApaWQzOTZlNzw2NzQ6aWloaWdjYnFmcjQwLmhgLS1kMTZzcy1jX2FfYDFhNGEtX2E1LS46Yw%3D%3D&vl=&vr=
video/mp4, bytes 0-888812/888813, 1642387102.6578503, 1642387102.6592953, 1642387102.7401276, 1642387104.8282886, v25.tiktokcdn-us.com, 50b3dc1e630906a62db406aac5dd027b, /50b3dc1e630906a62db406aac5dd027b/61e52b0c/video/tos/alisg/tos-alisg-pve-0037c001/528ecdee582c401d94082a44d9ece479/?a=1233&br=898&bt=449&cd=0%7C0%7C0&ch=0&cr=3&cs=2&cv=1&dr=0&ds=6&er=&ft=c~.Zm4L-gXoInz7T&l=202201170238210101131351671B47451E&lr=all&mime_type=video_mp4&net=0&pl=0&qs=5&rc=M3E3eTY6ZjNsNzMzODczNEApOjRnNjNpO2U2NzxkMzU6OWdncGlwcjRfZDNgLS1kMS1zczUuNGEwLzEzXzAyYC00LjQ6Yw%3D%3D&vl=&vr=
video/mp4, bytes 0-587184/587185, 1642387105.2349758, 1642387105.2362347, 1642387105.269508, 1642387105.8309472, v25.tiktokcdn-us.com, 7b42c22bc9867ca921f714cb1efa2aa8, /7b42c22bc9867ca921f714cb1efa2aa8/61e52b03/video/tos/useast2a/tos-useast2a-ve-0068c001/0c2f08bc79c247508bee147852570e44/?a=1233&br=1376&bt=688&cd=0%7C0%7C0&ch=0&cr=3&cs=2&cv=1&dr=0&ds=6&er=&ft=c~.Zm4L-gXoInz7T&l=202201170238210101131351671B47451E&lr=all&mime_type=video_mp4&net=0&pl=0&qs=5&rc=amdzcjk6ZjpnNjMzNzczM0ApNDdoMzwzNjtkNztnNjc5ZWczNmBkcjRfbWxgLS1kMTZzc2IvYF41M2AtLS4wXl9iLzM6Yw%3D%3D&vl=&vr=
video/mp4, bytes 0-951005/951006, 1642387106.1814272, 1642387106.18355, 1642387106.2193642, 1642387107.1187973, v25.tiktokcdn-us.com, aa83e7cee85b6545658e5b7dda7074b6, /aa83e7cee85b6545658e5b7dda7074b6/61e52b08/video/tos/useast2a/tos-useast2a-ve-0068c001/5f3422e45d71461f903cd1d7b939af71/?a=1233&br=1316&bt=658&cd=0%7C0%7C0&ch=0&cr=3&cs=2&cv=1&dr=0&ds=6&er=&ft=c~.Zm4L-gXoInz7T&l=202201170238210101131351671B47451E&lr=all&mime_type=video_mp4&net=0&pl=0&qs=5&rc=M3dyOjM6ZmtqNzMzNzczM0ApODszNGY3PDw4N2Y0O2g4ZGcyaGAycjRvY2xgLS1kMTZzc2JjXy8wX14xYWEyYjAxXy86Yw%3D%3D&vl=&vr=
video/mp4, bytes 0-569747/569748, 1642387107.673644, 1642387107.6744478, 1642387107.7269452, 1642387108.2122185, v25.tiktokcdn-us.com, da84106022c13c323ddc5df8db5562c2, /da84106022c13c323ddc5df8db5562c2/61e52b05/video/tos/useast2a/tos-useast2a-ve-0068/ca60c61655f549038fb6212a2048fcff/?a=1233&br=1076&bt=538&cd=0%7C0%7C0&ch=0&cr=3&cs=2&cv=1&dr=0&ds=6&er=&ft=c~.Zm4L-gXoInz7T&l=202201170238210101131351671B47451E&lr=all&mime_type=video_mp4&net=0&pl=0&qs=4&rc=M2Q4cXI5azpscDMzNDczM0ApPDRkNjtnNTtmN2dpaTk4O2dnZ3NeY2w0aWxfLS0wMTZzc18yYzQyLTRhX14tNDNgMjA6Yw%3D%3D&vl=&vr=
video/mp4, bytes 0-482014/482015, 1642387108.5960917, 1642387108.597379, 1642387109.1217093, 1642387109.538703, v25.tiktokcdn-us.com, a7848ffed30cdecacb92aa10a29965ea, /a7848ffed30cdecacb92aa10a29965ea/61e52b03/video/tos/useast2a/tos-useast2a-pve-0068/df18bace2f3c4085b8e5d7ca2f3d31ab/?a=1233&br=1170&bt=585&cd=0%7C0%7C0&ch=0&cr=3&cs=2&cv=1&dr=0&ds=6&er=&ft=c~.Zm4L-gXoInz7T&l=202201170238210101131351671B47451E&lr=all&mime_type=video_mp4&net=0&pl=0&qs=4&rc=MzhyNDU8ZHF2NTMzNzczM0ApaDY7OGVkNTw7Nzk1NTg0N2dtMG1yM2lmZ2RgLS1kMTZzc2NgMF8vYzAxMTI0YjVeLmA6Yw%3D%3D&vl=&vr=
