video/mp4, bytesbytes 0-1504969/1504970, 1642379709.6910098, 1642379709.6923802, 1642379709.7038202, 1642379711.3076727, v19-us.tiktokcdn.com, 3c8904df76abb9c4aee60a6c43aa16d7, /3c8904df76abb9c4aee60a6c43aa16d7/61e50e2c/video/tos/useast2a/tos-useast2a-pve-0068/6b5a04f2ff2343669a6ee8c6ab47d902/?a=1233&br=1548&bt=774&cd=0%7C0%7C0&ch=0&cr=3&cs=2&cv=1&dr=0&ds=3&er=&ft=xo5uS4L-gXoInz7T&l=202201170035080102230720351DA53593&lr=all&mime_type=video_mp4&net=0&pl=0&qs=14&rc=MzluNDo6ZmtvOjMzNzczM0ApNzNoZmdlZTs5N2c1ZDQ2M2dwLi5hcjRnZDFgLS1kMTZzc2NjMl4zM2FfMGA0MTRjLV86Yw%3D%3D&vl=&vr=
video/mp4, bytesbytes 0-560010/560011, 1642379715.5754056, 1642379715.5770068, 1642379715.6131651, 1642379716.3394475, v19-us.tiktokcdn.com, 9ae311d318e372c7222c4d4c8fe6a345, /9ae311d318e372c7222c4d4c8fe6a345/61e50e2a/video/tos/maliva/tos-maliva-ve-0068c799-us/2569274d4b13409d94f879e50880af23/?a=1233&br=958&bt=479&cd=0%7C0%7C0&ch=0&cr=3&cs=2&cv=1&dr=0&ds=6&er=&ft=xo5uS4L-gXoInz7T&l=2022011700351301019017602510264EEA&lr=all&mime_type=video_mp4&net=0&pl=0&qs=11&rc=amRuZDw6Zm02OjMzZzczNEApN2g5OjU4NmVlNzQzZTRmNWdpa2xtcjQwY2JgLS1kMS9zc140Xy9gMF8yXzBjLS0uNGM6Yw%3D%3D&vl=&vr=
video/mp4, bytesbytes 0-1009844/1009845, 1642379720.2484024, 1642379720.2502902, 1642379720.2620308, 1642379721.6489654, v19-us.tiktokcdn.com, fb4a73a2f7a1316e8f4dd2a51ec4f0d6, /fb4a73a2f7a1316e8f4dd2a51ec4f0d6/61e50e31/video/tos/useast2a/tos-useast2a-ve-0068c004/5a786569fea34af4a2be6964fad12a74/?a=1233&br=990&bt=495&cd=0%7C0%7C0&ch=0&cr=3&cs=2&cv=1&dr=0&ds=6&er=&ft=xo5uS4L-gXoInz7T&l=2022011700351301019017602510264EEA&lr=all&mime_type=video_mp4&net=0&pl=0&qs=5&rc=ajM8ZWQ6ZmZnOjMzNzczM0ApNjM3ZmVkNGU3NzlnZzxoOGcvLzUxcjQwYzZgLS1kMTZzc14tMzFgLi8xXjYwMzFeMmA6Yw%3D%3D&vl=&vr=
video/mp4, bytes, 1642379778.915513, 1642379778.917464, 1642379778.9686763, 1642379779.3865721, v25.tiktokcdn-us.com, c33f264d0ddcb38d72cf6fcc38e29c60, /c33f264d0ddcb38d72cf6fcc38e29c60/61e50e67/video/tos/useast2a/tos-useast2a-ve-0068c004/c0f25d1b31ba4b86a90cb22cfe1b1294/?a=1233&br=1116&bt=558&cd=0%7C0%7C0&ch=0&cr=3&cs=2&cv=1&dr=0&ds=6&er=&ft=c~.Zm4L-gXoInz7T&l=202201170036160101131351432726C3C2&lr=all&mime_type=video_mp4&net=0&pl=0&qs=4&rc=anRuNnZvNHNodzMzODczM0ApZjk8NWg5PGVoNzZlZGQ3OmdtYnJpNTJzXnJfLS1iMTZzczMuMF5hMmBhM2NfMi1gYTY6Yw%3D%3D&vl=&vr=
video/mp4, bytes, 1642379779.5356982, 1642379779.5371668, 1642379779.5770261, 1642379780.138512, v25.tiktokcdn-us.com, 78a9dc9c197f02b976c44677c19201e9, /78a9dc9c197f02b976c44677c19201e9/61e50e6c/video/tos/useast5/tos-useast5-ve-0068c001-tx/e0b5935a00244a96a26e97757fa0313d/?a=1233&br=952&bt=476&cd=0%7C0%7C0&ch=0&cr=3&cs=2&cv=1&dr=0&ds=3&er=&ft=c~.Zm4L-gXoInz7T&l=202201170036160101131351432726C3C2&lr=all&mime_type=video_mp4&net=0&pl=0&qs=14&rc=M2RmZGQ6ZjNzOjMzZzczNEApOTtoZWk4ZTxpN2UzNzpnOWdrLWxocjRnc19gLS1kMS9zczRhMmNhYDE2YTQyMS5gMS86Yw%3D%3D&vl=&vr=
video/mp4, bytes, 1642379782.2386, 1642379782.2420201, 1642379782.2950003, 1642379786.0032113, v25.tiktokcdn-us.com, 3a79e691179b66f3582e878dfcdbb025, /3a79e691179b66f3582e878dfcdbb025/61e50e74/video/tos/useast2a/tos-useast2a-ve-0068c003/a3916a82751449e5bc996d3ea4c44e77/?a=1233&br=1710&bt=855&cd=0%7C0%7C0&ch=0&cr=3&cs=2&cv=1&dr=0&ds=6&er=&ft=c~.Zm4L-gXoInz7T&l=202201170036160101131351432726C3C2&lr=all&mime_type=video_mp4&net=0&pl=0&qs=5&rc=ajx1NTU6ZmdqOTMzNzczM0ApZmk0NjlpOGQ4N2U4NTg8aGcwcTEucjQwbnJgLS1kMTZzc2EzYGBjLTYyNTNgYi1fNTY6Yw%3D%3D&vl=&vr=
video/mp4, bytes, 1642379785.860565, 1642379785.8616333, 1642379785.9714131, 1642379787.278805, v25.tiktokcdn-us.com, ddfc0e61351e3f52be772357882c29a8, /ddfc0e61351e3f52be772357882c29a8/61e50e71/video/tos/useast2a/tos-useast2a-pve-0068/52bbbd3d4f604a6c82a0b217a8755c8c/?a=1233&br=770&bt=385&cd=0%7C0%7C0&ch=0&cr=3&cs=2&cv=1&dr=0&ds=6&er=&ft=c~.Zm4L-gXoInz7T&l=202201170036160101131351432726C3C2&lr=all&mime_type=video_mp4&net=0&pl=0&qs=4&rc=anZ3NmhraW1tNDMzNzczM0ApNzY5ZzdlZDs5NzRpNWU7Nmdubmg0Ml9oYGhgLS1kMTZzczE1NmMyNWJjX2JhMS8xNC46Yw%3D%3D&vl=&vr=
video/mp4, bytes 0-1024000/3199001, 1642379788.361452, 1642379788.3631735, 1642379788.395901, 1642379789.7497008, v25.tiktokcdn-us.com, adff213543ad936d206189b69dd3b998, /adff213543ad936d206189b69dd3b998/61e50e8d/video/tos/useast2a/tos-useast2a-pve-0068/d71c0e8d4bdd441cb28765ca3433472b/?a=1233&br=1084&bt=542&cd=0%7C0%7C0&ch=0&cr=3&cs=2&cv=1&dr=0&ds=3&er=&ft=c~.Zm4L-gXoInz7T&l=202201170036160101131351432726C3C2&lr=all&mime_type=video_mp4&net=0&pl=0&qs=14&rc=M25oMzw6ZjhqNjMzNzczM0ApN2kzaWQ4NDtmN2c6ZTg8aWdrYjJlcjRfNmlgLS1kMTZzczA0YmNjY2AtYDI2MDBfNjY6Yw%3D%3D&vl=&vr=
video/mp4, bytes, 1642379789.9604542, 1642379789.9692528, 1642379790.0298135, 1642379793.3204842, v25.tiktokcdn-us.com, adff213543ad936d206189b69dd3b998, /adff213543ad936d206189b69dd3b998/61e50e8d/video/tos/useast2a/tos-useast2a-pve-0068/d71c0e8d4bdd441cb28765ca3433472b/?a=1233&br=1084&bt=542&cd=0%7C0%7C0&ch=0&cr=3&cs=2&cv=1&dr=0&ds=3&er=&ft=c~.Zm4L-gXoInz7T&l=202201170036160101131351432726C3C2&lr=all&mime_type=video_mp4&net=0&pl=0&qs=14&rc=M25oMzw6ZjhqNjMzNzczM0ApN2kzaWQ4NDtmN2c6ZTg8aWdrYjJlcjRfNmlgLS1kMTZzczA0YmNjY2AtYDI2MDBfNjY6Yw%3D%3D&vl=&vr=
video/mp4, bytes 0-1024000/1181632, 1642379794.49813, 1642379794.499098, 1642379794.5759912, 1642379796.9676578, v25.tiktokcdn-us.com, 37e35a46a7b34e8fabe1ff307e4d4434, /37e35a46a7b34e8fabe1ff307e4d4434/61e50e70/video/tos/useast2a/tos-useast2a-pve-0068/353eea5c512a4e96bf4aed8f1a7c9fe9/?a=1233&br=1108&bt=554&cd=0%7C0%7C0&ch=0&cr=3&cs=2&cv=1&dr=0&ds=3&er=&ft=c~.Zm4L-gXoInz7T&l=202201170036160101131351432726C3C2&lr=all&mime_type=video_mp4&net=0&pl=0&qs=14&rc=MzZ4bjQ6ZmtoNzMzNzczM0ApODc0NGk0NmVlN2Q7OjczM2c0MGRjcjQwci9gLS1kMTZzcy8tMWFiYS5fMzIyNTUxXy06Yw%3D%3D&vl=&vr=
video/mp4, bytes 0-1024000/1492687, 1642379797.3805099, 1642379797.3814657, 1642379797.5122383, 1642379800.2286599, v25.tiktokcdn-us.com, 6e9ca95a18146794b65a01e6704480cb, /6e9ca95a18146794b65a01e6704480cb/61e50e77/video/tos/useast2a/tos-useast2a-ve-0068c004/02c11bae6e0c4bbaa3a6e4b386e22249/?a=1233&br=980&bt=490&cd=0%7C0%7C0&ch=0&cr=3&cs=2&cv=1&dr=0&ds=6&er=&ft=c~.Zm4L-gXoInz7T&l=202201170036160101131351432726C3C2&lr=all&mime_type=video_mp4&net=0&pl=0&qs=4&rc=amQ1NTN2aDpmNjMzNzczM0ApNmg5OTw2ODtnNzhoO2RlNWc0LmVxZWpmNjBgLS1kMTZzczQyLy8wYjAyLl9jL2JjXjQ6Yw%3D%3D&vl=&vr=
video/mp4, bytes 0-1024000/3653700, 1642379800.6123803, 1642379800.6136706, 1642379800.6769967, 1642379802.5268438, v25.tiktokcdn-us.com, 9d52326a54865107e35163d0451f579f, /9d52326a54865107e35163d0451f579f/61e50e92/video/tos/useast2a/tos-useast2a-ve-0068c001/5bc95ee24c964e9b933f7770c02b2951/?a=1233&br=1136&bt=568&cd=0%7C0%7C0&ch=0&cr=3&cs=2&cv=1&dr=0&ds=6&er=&ft=c~.Zm4L-gXoInz7T&l=202201170036160101131351432726C3C2&lr=all&mime_type=video_mp4&net=0&pl=0&qs=5&rc=M2plODQ6ZjllNjMzNzczM0ApNWUzOGQ7NTw4Nzg8ZWU8O2drLmJucjQwLnBgLS1kMTZzczBjNjQvMDZeYS8xNGEvMDA6Yw%3D%3D&vl=&vr=
video/mp4, bytes 0-283561/283562, 1642379802.8874538, 1642379802.8883884, 1642379802.9208071, 1642379803.2479293, v25.tiktokcdn-us.com, fed3685be8ea33c89af95a1f1c36c471, /fed3685be8ea33c89af95a1f1c36c471/61e50e66/video/tos/useast2a/tos-useast2a-ve-0068c003/c82291f2f7744bbabb097f3a38918c6a/?a=1233&br=666&bt=333&cd=0%7C0%7C0&ch=0&cr=3&cs=2&cv=1&dr=0&ds=6&er=&ft=c~.Zm4L-gXoInz7T&l=202201170036160101131351432726C3C2&lr=all&mime_type=video_mp4&net=0&pl=0&qs=4&rc=anVseHJvbmdtdTMzZjczM0ApZWc2M2g4PDs6N2g5ZDdkaWdwNDYwcnM0L3BfLS0yMTZzczE1MmBgYDNfYDYuMWM2YTE6Yw%3D%3D&vl=&vr=
video/mp4, bytes 0-557503/557504, 1642379803.4854827, 1642379803.486502, 1642379803.5769827, 1642379804.8358197, v25.tiktokcdn-us.com, f2ea8cf8f5dedac945796c0a5f5497a0, /f2ea8cf8f5dedac945796c0a5f5497a0/61e50e6a/video/tos/useast2a/tos-useast2a-ve-0068c002/3b04e783681a450b960ddb8446dd3c3b/?a=1233&br=814&bt=407&cd=0%7C0%7C0&ch=0&cr=3&cs=2&cv=1&dr=0&ds=6&er=&ft=c~.Zm4L-gXoInz7T&l=202201170036160101131351432726C3C2&lr=all&mime_type=video_mp4&net=0&pl=0&qs=4&rc=am53bnBmZ2Z2NDMzNzczM0ApOzU6ZGhlOmQ0Nzk6NmU2ZWduZmtiZy5pNG5gLS1kMTZzc18wMl9fNTAuMF9eMmMvNC06Yw%3D%3D&vl=&vr=
video/mp4, bytes 1024000-1181631/1181632, 1642379807.4605367, 1642379807.4617403, 1642379807.5377197, 1642379808.0765486, v25.tiktokcdn-us.com, 37e35a46a7b34e8fabe1ff307e4d4434, /37e35a46a7b34e8fabe1ff307e4d4434/61e50e70/video/tos/useast2a/tos-useast2a-pve-0068/353eea5c512a4e96bf4aed8f1a7c9fe9/?a=1233&br=1108&bt=554&cd=0%7C0%7C0&ch=0&cr=3&cs=2&cv=1&dr=0&ds=3&er=&ft=c~.Zm4L-gXoInz7T&l=202201170036160101131351432726C3C2&lr=all&mime_type=video_mp4&net=0&pl=0&qs=14&rc=MzZ4bjQ6ZmtoNzMzNzczM0ApODc0NGk0NmVlN2Q7OjczM2c0MGRjcjQwci9gLS1kMTZzcy8tMWFiYS5fMzIyNTUxXy06Yw%3D%3D&vl=&vr=
video/mp4, bytes 1024000-1492686/1492687, 1642379813.321927, 1642379813.3249764, 1642379813.4132187, 1642379814.6830757, v25.tiktokcdn-us.com, 6e9ca95a18146794b65a01e6704480cb, /6e9ca95a18146794b65a01e6704480cb/61e50e77/video/tos/useast2a/tos-useast2a-ve-0068c004/02c11bae6e0c4bbaa3a6e4b386e22249/?a=1233&br=980&bt=490&cd=0%7C0%7C0&ch=0&cr=3&cs=2&cv=1&dr=0&ds=6&er=&ft=c~.Zm4L-gXoInz7T&l=202201170036160101131351432726C3C2&lr=all&mime_type=video_mp4&net=0&pl=0&qs=4&rc=amQ1NTN2aDpmNjMzNzczM0ApNmg5OTw2ODtnNzhoO2RlNWc0LmVxZWpmNjBgLS1kMTZzczQyLy8wYjAyLl9jL2JjXjQ6Yw%3D%3D&vl=&vr=
video/mp4, bytes 1024000-3653699/3653700, 1642379824.4019606, 1642379824.402901, 1642379824.600864, 1642379828.7929492, v25.tiktokcdn-us.com, 9d52326a54865107e35163d0451f579f, /9d52326a54865107e35163d0451f579f/61e50e92/video/tos/useast2a/tos-useast2a-ve-0068c001/5bc95ee24c964e9b933f7770c02b2951/?a=1233&br=1136&bt=568&cd=0%7C0%7C0&ch=0&cr=3&cs=2&cv=1&dr=0&ds=6&er=&ft=c~.Zm4L-gXoInz7T&l=202201170036160101131351432726C3C2&lr=all&mime_type=video_mp4&net=0&pl=0&qs=5&rc=M2plODQ6ZjllNjMzNzczM0ApNWUzOGQ7NTw4Nzg8ZWU8O2drLmJucjQwLnBgLS1kMTZzczBjNjQvMDZeYS8xNGEvMDA6Yw%3D%3D&vl=&vr=
video/mp4, bytes 0-1024000/1412515, 1642379829.678394, 1642379829.679557, 1642379829.7113245, 1642379832.6941855, v25.tiktokcdn-us.com, 760cb60c0769fb06f017c608503c1e28, /760cb60c0769fb06f017c608503c1e28/61e50ea4/video/tos/useast2a/tos-useast2a-ve-0068c003/b2a74e92317c41a98ff396e61f505581/?a=1233&br=1092&bt=546&cd=0%7C0%7C0&ch=0&cr=3&cs=2&cv=1&dr=0&ds=6&er=&ft=c~.Zm4L-gXoInz7T&l=202201170037040101130062440F2ABE1E&lr=all&mime_type=video_mp4&net=0&pl=0&qs=5&rc=MzhxNTo7OmluNTMzNzczM0ApaDNlODRpZzszNzc3NDk2NWdqYzQ1Z2RibzBgLS1kMTZzc2JjMmItYy5fLi9gY2EyM2A6Yw%3D%3D&vl=&vr=
video/mp4, bytes 0-1024000/1093114, 1642379833.4135306, 1642379833.415018, 1642379833.4882596, 1642379836.2999167, v25.tiktokcdn-us.com, 21eaaf8a599ab8ee7fc7a764d98ecaf8, /21eaaf8a599ab8ee7fc7a764d98ecaf8/61e50ea1/video/tos/useast2a/tos-useast2a-ve-0068c004/ebeda0edfad943b88c11b94bd99d0786/?a=1233&br=976&bt=488&cd=0%7C0%7C0&ch=0&cr=3&cs=2&cv=1&dr=0&ds=3&er=&ft=c~.Zm4L-gXoInz7T&l=202201170037040101130062440F2ABE1E&lr=all&mime_type=video_mp4&net=0&pl=0&qs=14&rc=amo3a2g6ZnJoNzMzNzczM0ApNGhpNzppNmQ2NzRoNGk0OWcvb2IzcjRfZzBgLS1kMTZzczM1YzIvYWIzYC5iM2AvYDE6Yw%3D%3D&vl=&vr=
video/mp4, bytes 0-1024000/1130687, 1642379836.7405598, 1642379836.7417963, 1642379836.7989404, 1642379840.308137, v25.tiktokcdn-us.com, fecc8172cc0e96b72ff73c5c267e6e3f, /fecc8172cc0e96b72ff73c5c267e6e3f/61e50e9f/video/tos/useast2a/tos-useast2a-ve-0068c004/4dd3485cb1714c11939fbdd0790ecb0f/?a=1233&br=1160&bt=580&cd=0%7C0%7C0&ch=0&cr=3&cs=2&cv=1&dr=0&ds=6&er=&ft=c~.Zm4L-gXoInz7T&l=202201170037040101130062440F2ABE1E&lr=all&mime_type=video_mp4&net=0&pl=0&qs=5&rc=MzlqN214NThwNTMzNzczM0ApNmQ5PGZnO2Q8N2VoN2ZkM2cubjNkcWZyam5gLS1kMTZzc2MyYTY2Yy4yLjYyXzMvMDA6Yw%3D%3D&vl=&vr=
video/mp4, bytes 0-725887/725888, 1642379874.874481, 1642379874.8806648, 1642379874.9341142, 1642379875.624313, v25.tiktokcdn-us.com, cc757cdf70a9373d9fa143c962606d29, /cc757cdf70a9373d9fa143c962606d29/61e50e9e/video/tos/useast5/tos-useast5-ve-0068c003-tx/236a885425854f189d4f37cd7161f6c9/?a=1233&br=752&bt=376&cd=0%7C0%7C0&ch=0&cr=3&cs=2&cv=1&dr=0&ds=6&er=&ft=c~.Zm4L-gXoInz7T&l=202201170037040101130062440F2ABE1E&lr=all&mime_type=video_mp4&net=0&pl=0&qs=5&rc=amkzdjo6ZnY6OjMzZzczNEApODRlZDo4Zzw3N2Q1OWY6OWdoXnNtcjRnNTVgLS1kMS9zcy41Yy9iNV9hXmJfYmExYDA6Yw%3D%3D&vl=&vr=
video/mp4, bytes 0-1024000/2492421, 1642379881.736359, 1642379881.7379932, 1642379881.8757668, 1642379886.1752295, v25.tiktokcdn-us.com, 9df1f5ba819d6518939686764d565d99, /9df1f5ba819d6518939686764d565d99/61e50eb7/video/tos/useast2a/tos-useast2a-pve-0068/85f26dad7c324228908ebbb101ade411/?a=1233&br=978&bt=489&cd=0%7C0%7C0&ch=0&cr=3&cs=2&cv=1&dr=0&ds=6&er=&ft=c~.Zm4L-gXoInz7T&l=202201170037040101130062440F2ABE1E&lr=all&mime_type=video_mp4&net=0&pl=0&qs=5&rc=am5zdDw6ZmhqNjMzNzczM0ApOWRnZ2k2NmU0NzRoaGg5O2dtNGtncjRnb2hgLS1kMTZzczQxYF81MjRgM18wNjAxYV86Yw%3D%3D&vl=&vr=
video/mp4, bytes 1024000-1412514/1412515, 1642379887.717797, 1642379887.7191424, 1642379887.748802, 1642379888.1945488, v25.tiktokcdn-us.com, 760cb60c0769fb06f017c608503c1e28, /760cb60c0769fb06f017c608503c1e28/61e50ea4/video/tos/useast2a/tos-useast2a-ve-0068c003/b2a74e92317c41a98ff396e61f505581/?a=1233&br=1092&bt=546&cd=0%7C0%7C0&ch=0&cr=3&cs=2&cv=1&dr=0&ds=6&er=&ft=c~.Zm4L-gXoInz7T&l=202201170037040101130062440F2ABE1E&lr=all&mime_type=video_mp4&net=0&pl=0&qs=5&rc=MzhxNTo7OmluNTMzNzczM0ApaDNlODRpZzszNzc3NDk2NWdqYzQ1Z2RibzBgLS1kMTZzc2JjMmItYy5fLi9gY2EyM2A6Yw%3D%3D&vl=&vr=
video/mp4, bytes 0-1024000/2121440, 1642379888.3903115, 1642379888.3917904, 1642379888.4613953, 1642379889.417093, v25.tiktokcdn-us.com, 610c87a63f1410abe8b0f9b961a79c1f, /610c87a63f1410abe8b0f9b961a79c1f/61e50ea5/video/tos/useast2a/tos-useast2a-pve-0068/bce660f83b4044319aeab83ae5a264f6/?a=1233&br=1562&bt=781&cd=0%7C0%7C0&ch=0&cr=3&cs=2&cv=1&dr=0&ds=6&er=&ft=c~.Zm4L-gXoInz7T&l=202201170037040101130062440F2ABE1E&lr=all&mime_type=video_mp4&net=0&pl=0&qs=5&rc=ajtwaW9vZGt5NTMzNzczM0ApMzo0ZTNlNWQ4N2Y4Zjg5Z2djaTZlczNkM2dgLS1kMTZzc2A2MC4wYy9iYTQtMmBjNl46Yw%3D%3D&vl=&vr=
video/mp4, bytes 1024000-1093113/1093114, 1642379903.9586065, 1642379903.9606042, 1642379904.015263, 1642379904.1442132, v25.tiktokcdn-us.com, 21eaaf8a599ab8ee7fc7a764d98ecaf8, /21eaaf8a599ab8ee7fc7a764d98ecaf8/61e50ea1/video/tos/useast2a/tos-useast2a-ve-0068c004/ebeda0edfad943b88c11b94bd99d0786/?a=1233&br=976&bt=488&cd=0%7C0%7C0&ch=0&cr=3&cs=2&cv=1&dr=0&ds=3&er=&ft=c~.Zm4L-gXoInz7T&l=202201170037040101130062440F2ABE1E&lr=all&mime_type=video_mp4&net=0&pl=0&qs=14&rc=amo3a2g6ZnJoNzMzNzczM0ApNGhpNzppNmQ2NzRoNGk0OWcvb2IzcjRfZzBgLS1kMTZzczM1YzIvYWIzYC5iM2AvYDE6Yw%3D%3D&vl=&vr=
video/mp4, bytes 0-494289/494290, 1642379904.4024725, 1642379904.404387, 1642379904.6152103, 1642379906.4949024, v25.tiktokcdn-us.com, b61debac10ac497eb3a219ef30eb5c2c, /b61debac10ac497eb3a219ef30eb5c2c/61e50e98/video/tos/useast2a/tos-useast2a-ve-0068c001/65b1561629fe48f1b92446c24ec02bcb/?a=1233&br=934&bt=467&cd=0%7C0%7C0&ch=0&cr=3&cs=2&cv=1&dr=0&ds=6&er=&ft=c~.Zm4L-gXoInz7T&l=202201170037040101130062440F2ABE1E&lr=all&mime_type=video_mp4&net=0&pl=0&qs=11&rc=ajlncnh0bXY7NTMzNzczM0ApOmlmOGloOzs2Nzg6aDtpZ2deNjU1MjFhZl5gLS1kMTZzc2M0NmEwNF8zXmFiYy4vLzM6Yw%3D%3D&vl=&vr=
video/mp4, bytes 1024000-1130686/1130687, 1642379921.6718695, 1642379921.6730657, 1642379921.7537265, 1642379922.0210035, v25.tiktokcdn-us.com, fecc8172cc0e96b72ff73c5c267e6e3f, /fecc8172cc0e96b72ff73c5c267e6e3f/61e50e9f/video/tos/useast2a/tos-useast2a-ve-0068c004/4dd3485cb1714c11939fbdd0790ecb0f/?a=1233&br=1160&bt=580&cd=0%7C0%7C0&ch=0&cr=3&cs=2&cv=1&dr=0&ds=6&er=&ft=c~.Zm4L-gXoInz7T&l=202201170037040101130062440F2ABE1E&lr=all&mime_type=video_mp4&net=0&pl=0&qs=5&rc=MzlqN214NThwNTMzNzczM0ApNmQ5PGZnO2Q8N2VoN2ZkM2cubjNkcWZyam5gLS1kMTZzc2MyYTY2Yy4yLjYyXzMvMDA6Yw%3D%3D&vl=&vr=
video/mp4, bytes 0-439544/439545, 1642379922.2156677, 1642379922.2170012, 1642379922.2733479, 1642379923.3049448, v25.tiktokcdn-us.com, 2622ea897649ccb37feb81dfc25beafe, /2622ea897649ccb37feb81dfc25beafe/61e50e9b/video/tos/useast5/tos-useast5-ve-0068c004-tx/352897d00c8142d1a85da2cc6b1696e8/?a=1233&br=582&bt=291&cd=0%7C0%7C0&ch=0&cr=3&cs=2&cv=1&dr=0&ds=6&er=&ft=c~.Zm4L-gXoInz7T&l=202201170037040101130062440F2ABE1E&lr=all&mime_type=video_mp4&net=0&pl=0&qs=5&rc=M29saWg6ZjczOjMzZzczNEApaGU5aDc5aWVoNzk3NDk8OmcyNGBocjRfX2FgLS1kMS9zc2FgNWNhYTMyYzBeMjVeYDQ6Yw%3D%3D&vl=&vr=
video/mp4, bytes 0-1024000/1069291, 1642379923.5323112, 1642379923.5335724, 1642379923.5796912, 1642379924.945556, v25.tiktokcdn-us.com, c21c87f82c395322821eb257ca699ee9, /c21c87f82c395322821eb257ca699ee9/61e50ea9/video/tos/alisg/tos-alisg-pve-0037c001/4a0a9e195fa24116ac3ca1661083a252/?a=1233&br=658&bt=329&cd=0%7C0%7C0&ch=0&cr=3&cs=2&cv=1&dr=0&ds=6&er=&ft=c~.Zm4L-gXoInz7T&l=202201170037040101130062440F2ABE1E&lr=all&mime_type=video_mp4&net=0&pl=0&qs=4&rc=ajY3Njk6ZmU2OTMzODczNEApaDZmNjs7NWQ0NzlmM2g2ZGdsb25ucjRvM2BgLS1kMS1zczQ0MC9jNC5jMWMzNmMtLy46Yw%3D%3D&vl=&vr=
video/mp4, bytes 1024000-2492420/2492421, 1642379925.6653697, 1642379925.6690404, 1642379925.7062488, 1642379926.9003448, v25.tiktokcdn-us.com, 9df1f5ba819d6518939686764d565d99, /9df1f5ba819d6518939686764d565d99/61e50eb7/video/tos/useast2a/tos-useast2a-pve-0068/85f26dad7c324228908ebbb101ade411/?a=1233&br=978&bt=489&cd=0%7C0%7C0&ch=0&cr=3&cs=2&cv=1&dr=0&ds=6&er=&ft=c~.Zm4L-gXoInz7T&l=202201170037040101130062440F2ABE1E&lr=all&mime_type=video_mp4&net=0&pl=0&qs=5&rc=am5zdDw6ZmhqNjMzNzczM0ApOWRnZ2k2NmU0NzRoaGg5O2dtNGtncjRnb2hgLS1kMTZzczQxYF81MjRgM18wNjAxYV86Yw%3D%3D&vl=&vr=
video/mp4, bytes 0-572369/572370, 1642379927.7144988, 1642379927.7167351, 1642379927.7524097, 1642379928.1815307, v25.tiktokcdn-us.com, 635e5de0b8e98dcd1206799091845f23, /635e5de0b8e98dcd1206799091845f23/61e50e97/video/tos/useast2a/tos-useast2a-ve-0068c002/9a2794aa230541308cc5eca4e5bafa23/?a=1233&br=1170&bt=585&cd=0%7C0%7C0&ch=0&cr=3&cs=2&cv=1&dr=0&ds=3&er=&ft=c~.Zm4L-gXoInz7T&l=202201170037040101130062440F2ABE1E&lr=all&mime_type=video_mp4&net=0&pl=0&qs=14&rc=M3kzcms1NHd0NDMzOjczM0ApZGc7OjU6PGQ3Nzg4aTozZGc1a3NhbGowbDJgLS02MTZzcy82YjItMV9iLV8vYjEwNF86Yw%3D%3D&vl=&vr=
video/mp4, bytes 1024000-2121439/2121440, 1642379931.5025945, 1642379931.5089464, 1642379931.545009, 1642379933.0138202, v25.tiktokcdn-us.com, 610c87a63f1410abe8b0f9b961a79c1f, /610c87a63f1410abe8b0f9b961a79c1f/61e50ea5/video/tos/useast2a/tos-useast2a-pve-0068/bce660f83b4044319aeab83ae5a264f6/?a=1233&br=1562&bt=781&cd=0%7C0%7C0&ch=0&cr=3&cs=2&cv=1&dr=0&ds=6&er=&ft=c~.Zm4L-gXoInz7T&l=202201170037040101130062440F2ABE1E&lr=all&mime_type=video_mp4&net=0&pl=0&qs=5&rc=ajtwaW9vZGt5NTMzNzczM0ApMzo0ZTNlNWQ4N2Y4Zjg5Z2djaTZlczNkM2dgLS1kMTZzc2A2MC4wYy9iYTQtMmBjNl46Yw%3D%3D&vl=&vr=
video/mp4, bytes 1024000-1069290/1069291, 1642379973.507767, 1642379973.5094569, 1642379973.6112123, 1642379973.755983, v25.tiktokcdn-us.com, c21c87f82c395322821eb257ca699ee9, /c21c87f82c395322821eb257ca699ee9/61e50ea9/video/tos/alisg/tos-alisg-pve-0037c001/4a0a9e195fa24116ac3ca1661083a252/?a=1233&br=658&bt=329&cd=0%7C0%7C0&ch=0&cr=3&cs=2&cv=1&dr=0&ds=6&er=&ft=c~.Zm4L-gXoInz7T&l=202201170037040101130062440F2ABE1E&lr=all&mime_type=video_mp4&net=0&pl=0&qs=4&rc=ajY3Njk6ZmU2OTMzODczNEApaDZmNjs7NWQ0NzlmM2g2ZGdsb25ucjRvM2BgLS1kMS1zczQ0MC9jNC5jMWMzNmMtLy46Yw%3D%3D&vl=&vr=
video/mp4, bytesbytes 0-1024000/1092150, 1642379974.6359715, 1642379974.6379313, 1642379974.8072605, 1642379976.4769976, v19.tiktokcdn-us.com, 07cb8b77e2a43e02f9eb9978e25605e5, /07cb8b77e2a43e02f9eb9978e25605e5/61e50f28/video/tos/useast2a/tos-useast2a-ve-0068c003/611da05dff2541bba24506d504120187/?a=1233&br=1106&bt=553&cd=0%7C0%7C0&ch=0&cr=3&cs=2&cv=1&dr=0&ds=6&er=&ft=c~.Zm4L-gXoInz7T&l=202201170039210101131351491726DC41&lr=all&mime_type=video_mp4&net=0&pl=0&qs=11&rc=ajo6ZzZyOmt2dDMzNzczM0ApaGc0OzY6N2VlNzM1OTw3aWdfbmYzbDAvYzBfLS1jMTZzc2NjNmA1NS0zLTE0MF80MGI6Yw%3D%3D&vl=&vr=
video/mp4, bytesbytes 0-444670/444671, 1642379976.9326642, 1642379976.9337242, 1642379976.9446692, 1642379977.3313391, v19.tiktokcdn-us.com, 44ddab2d9b9923257f962eda95242438, /44ddab2d9b9923257f962eda95242438/61e50f20/video/tos/alisg/tos-alisg-pve-0037c001/483cae1dd53b40d999040db9dcbd2da8/?a=1233&br=864&bt=432&cd=0%7C0%7C0&ch=0&cr=3&cs=2&cv=1&dr=0&ds=6&er=&ft=c~.Zm4L-gXoInz7T&l=202201170039210101131351491726DC41&lr=all&mime_type=video_mp4&net=0&pl=0&qs=4&rc=MzQzPHNnNjg8NDMzNTczM0ApZzo7OTg8OWVnN2dkM2Y6OmdnYW5ibTJwcjZgLS0xMTRzc2I0NWBfLmIwXi0vLTMxYTE6Yw%3D%3D&vl=&vr=
video/mp4, bytesbytes 0-785126/785127, 1642379977.5532677, 1642379977.5545962, 1642379977.5663135, 1642379978.2419431, v19.tiktokcdn-us.com, 07140bba611af3748f430f5d3c5ca867, /07140bba611af3748f430f5d3c5ca867/61e50f27/video/tos/useast2a/tos-useast2a-ve-0068c002/6a64302591914e788873b4fa55cd0878/?a=1233&br=820&bt=410&cd=0%7C0%7C0&ch=0&cr=3&cs=2&cv=1&dr=0&ds=6&er=&ft=c~.Zm4L-gXoInz7T&l=202201170039210101131351491726DC41&lr=all&mime_type=video_mp4&net=0&pl=0&qs=5&rc=ajhkeTtyNjM1NDMzNzczM0ApN2c3ODU4NmRnN2Y7ZWQ1OmcvamRjNGE2LmtgLS1kMTZzc2NiX2BiNi8uNTVeYzAtXjI6Yw%3D%3D&vl=&vr=
video/mp4, bytesbytes 0-621511/621512, 1642379978.6065314, 1642379978.6075969, 1642379978.623546, 1642379979.157145, v19.tiktokcdn-us.com, 5e3dce8cb16eae6f96b8926a6d836df2, /5e3dce8cb16eae6f96b8926a6d836df2/61e50f27/video/tos/useast2a/tos-useast2a-ve-0068c003/8a331142577249c1871010195fd4a5f3/?a=1233&br=682&bt=341&cd=0%7C0%7C0&ch=0&cr=3&cs=2&cv=1&dr=0&ds=6&er=&ft=c~.Zm4L-gXoInz7T&l=202201170039210101131351491726DC41&lr=all&mime_type=video_mp4&net=0&pl=0&qs=4&rc=MzRoaGV1czhxMzMzZzczM0ApMzZnPDZpNmRmN2RlZ2RkOGcvZDQxcDU1ZW5gLS1eMTZzczNgNGBhYl5jYzMyMzJgNDM6Yw%3D%3D&vl=&vr=
video/mp4, bytesbytes 0-599629/599630, 1642379981.8835194, 1642379981.884708, 1642379981.9051528, 1642379982.5216734, v19.tiktokcdn-us.com, 6581901ae8e1ca961cc424d0f721b289, /6581901ae8e1ca961cc424d0f721b289/61e50f20/video/tos/useast2a/tos-useast2a-ve-0068c004/53037072e7ea46719f71503983e53896/?a=1233&br=1180&bt=590&cd=0%7C0%7C0&ch=0&cr=3&cs=2&cv=1&dr=0&ds=3&er=&ft=c~.Zm4L-gXoInz7T&l=202201170039210101131351491726DC41&lr=all&mime_type=video_mp4&net=0&pl=0&qs=14&rc=M2dvcmg6ZmZtOTMzNzczM0ApNWg6aWY2aGU8NzdpOWc7OWdsaGEucjRvZV9gLS1kMTZzc15hLjIzXmIxNWNeYjUwYGA6Yw%3D%3D&vl=&vr=
video/mp4, bytesbytes 1024000-1092149/1092150, 1642379984.1418135, 1642379984.143251, 1642379984.161663, 1642379984.2277362, v19.tiktokcdn-us.com, 07cb8b77e2a43e02f9eb9978e25605e5, /07cb8b77e2a43e02f9eb9978e25605e5/61e50f28/video/tos/useast2a/tos-useast2a-ve-0068c003/611da05dff2541bba24506d504120187/?a=1233&br=1106&bt=553&cd=0%7C0%7C0&ch=0&cr=3&cs=2&cv=1&dr=0&ds=6&er=&ft=c~.Zm4L-gXoInz7T&l=202201170039210101131351491726DC41&lr=all&mime_type=video_mp4&net=0&pl=0&qs=11&rc=ajo6ZzZyOmt2dDMzNzczM0ApaGc0OzY6N2VlNzM1OTw3aWdfbmYzbDAvYzBfLS1jMTZzc2NjNmA1NS0zLTE0MF80MGI6Yw%3D%3D&vl=&vr=
video/mp4, bytesbytes 0-473870/473871, 1642379984.3047118, 1642379984.311031, 1642379984.3341074, 1642379984.9214106, v19.tiktokcdn-us.com, 2bff538506cff681a61c0809ed032005, /2bff538506cff681a61c0809ed032005/61e50f1d/video/tos/useast2a/tos-useast2a-ve-0068c004/e99cb9d5a11d4ac7a496622b02f8a9ad/?a=1233&br=1476&bt=738&cd=0%7C0%7C0&ch=0&cr=3&cs=0&dr=0&ds=2&er=&ft=c~.Zm4L-gXoInz7T&l=202201170039210101131351491726DC41&lr=all&mime_type=video_mp4&net=0&pl=0&qs=0&rc=MzN1NmdkcnU2NTMzNzczM0ApNjk0Z2c7Zzs4NzRmMzYzM2dwYmtrai5laXFgLS1kMTZzc2BiNV4zNTEyNjQ0XmEzMS86Yw%3D%3D&vl=&vr=
video/mp4, bytesbytes 0-1024000/1696741, 1642379985.1450596, 1642379985.1462572, 1642379985.1659677, 1642379986.2695289, v19.tiktokcdn-us.com, b54133a7a1d82cc5f1b0d68ddfe3d3bd, /b54133a7a1d82cc5f1b0d68ddfe3d3bd/61e50f2c/video/tos/useast2a/tos-useast2a-ve-0068c003/f348836467bc49eaa857075d7c4a121e/?a=1233&br=1382&bt=691&cd=0%7C0%7C0&ch=0&cr=3&cs=2&cv=1&dr=0&ds=6&er=&ft=c~.Zm4L-gXoInz7T&l=202201170039210101131351491726DC41&lr=all&mime_type=video_mp4&net=0&pl=0&qs=5&rc=anhwMzw6ZnRqNzMzNzczM0ApZmRlNzpnaGQ0NzloO2k6OWctZ2sycjQwLWpgLS1kMTZzczZeMzE0YWAzLTMuXi8xYWM6Yw%3D%3D&vl=&vr=
video/mp4, bytesbytes 0-1024000/1417688, 1642379986.6973062, 1642379986.6982489, 1642379986.7124012, 1642379987.9965954, v19.tiktokcdn-us.com, 1f9a3204ef1a8bfcd75458ef4a26a782, /1f9a3204ef1a8bfcd75458ef4a26a782/61e50f2d/video/tos/useast2a/tos-useast2a-ve-0068c003/ea7de911776840ddb16332a908d46e62/?a=1233&br=1060&bt=530&cd=0%7C0%7C0&ch=0&cr=3&cs=2&cv=1&dr=0&ds=6&er=&ft=c~.Zm4L-gXoInz7T&l=202201170039210101131351491726DC41&lr=all&mime_type=video_mp4&net=0&pl=0&qs=5&rc=anZ0aGhoNG0zNTMzNzczM0ApNDRoOmc0ZGVpNzdnM2QzOWcvbGZhM3BoLm5gLS1kMTZzcy1fYDBeNS00NF8yYjZgYWE6Yw%3D%3D&vl=&vr=
video/mp4, bytesbytes 0-533647/533648, 1642379994.2753124, 1642379994.2786708, 1642379994.298038, 1642379996.7660122, v19.tiktokcdn-us.com, 6af7c00a3c39a4a67f5cc1ebef63a46f, /6af7c00a3c39a4a67f5cc1ebef63a46f/61e50f22/video/tos/useast2a/tos-useast2a-ve-0068c002/3de104e8920c42b783312742acf07bdb/?a=1233&br=872&bt=436&cd=0%7C0%7C0&ch=0&cr=3&cs=2&cv=1&dr=0&ds=6&er=&ft=c~.Zm4L-gXoInz7T&l=202201170039210101131351491726DC41&lr=all&mime_type=video_mp4&net=0&pl=0&qs=4&rc=am52Zzs6ZndrNzMzNzczM0ApOGk2ZWU4Zzs1N2RoOmVpZ2dnZGk1cjQwXmxgLS1kMTZzczRgMWAyYmBeY2BhMWIxLl46Yw%3D%3D&vl=&vr=
video/mp4, bytesbytes 1024000-1696740/1696741, 1642380002.7805734, 1642380002.7841275, 1642380002.8310494, 1642380003.800026, v19.tiktokcdn-us.com, b54133a7a1d82cc5f1b0d68ddfe3d3bd, /b54133a7a1d82cc5f1b0d68ddfe3d3bd/61e50f2c/video/tos/useast2a/tos-useast2a-ve-0068c003/f348836467bc49eaa857075d7c4a121e/?a=1233&br=1382&bt=691&cd=0%7C0%7C0&ch=0&cr=3&cs=2&cv=1&dr=0&ds=6&er=&ft=c~.Zm4L-gXoInz7T&l=202201170039210101131351491726DC41&lr=all&mime_type=video_mp4&net=0&pl=0&qs=5&rc=anhwMzw6ZnRqNzMzNzczM0ApZmRlNzpnaGQ0NzloO2k6OWctZ2sycjQwLWpgLS1kMTZzczZeMzE0YWAzLTMuXi8xYWM6Yw%3D%3D&vl=&vr=
video/mp4, bytesbytes 0-1024000/1115179, 1642380004.2077167, 1642380004.2089672, 1642380004.2203336, 1642380005.3164566, v19.tiktokcdn-us.com, dfbcfeb64c6843230284884c7134a427, /dfbcfeb64c6843230284884c7134a427/61e50f29/video/tos/useast2a/tos-useast2a-pve-0068/b7bce4a37804449f9d2183c5933ac52d/?a=1233&br=1022&bt=511&cd=0%7C0%7C0&ch=0&cr=3&cs=2&cv=1&dr=0&ds=6&er=&ft=c~.Zm4L-gXoInz7T&l=202201170039210101131351491726DC41&lr=all&mime_type=video_mp4&net=0&pl=0&qs=5&rc=M2k6OHV0cm5yNjMzNzczM0ApOTU1N2lpNjtmNzo2NTc4aWdtcC01azE1bzZgLS1kMTZzc2I0LTI0YjI1LmA0Ni4xYS86Yw%3D%3D&vl=&vr=
video/mp4, bytesbytes 1024000-1417687/1417688, 1642380022.0715013, 1642380022.0730536, 1642380022.0853407, 1642380022.8918629, v19.tiktokcdn-us.com, 1f9a3204ef1a8bfcd75458ef4a26a782, /1f9a3204ef1a8bfcd75458ef4a26a782/61e50f2d/video/tos/useast2a/tos-useast2a-ve-0068c003/ea7de911776840ddb16332a908d46e62/?a=1233&br=1060&bt=530&cd=0%7C0%7C0&ch=0&cr=3&cs=2&cv=1&dr=0&ds=6&er=&ft=c~.Zm4L-gXoInz7T&l=202201170039210101131351491726DC41&lr=all&mime_type=video_mp4&net=0&pl=0&qs=5&rc=anZ0aGhoNG0zNTMzNzczM0ApNDRoOmc0ZGVpNzdnM2QzOWcvbGZhM3BoLm5gLS1kMTZzcy1fYDBeNS00NF8yYjZgYWE6Yw%3D%3D&vl=&vr=
video/mp4, bytesbytes 0-1024000/1215615, 1642380023.2501593, 1642380023.253364, 1642380023.4016256, 1642380024.7796795, v39.tiktokcdn-us.com, 8c3508f5afc7b0abcb575088d2e75ecb, /8c3508f5afc7b0abcb575088d2e75ecb/61e50f65/video/tos/useast2a/tos-useast2a-pve-0068/c7fd5b4282c54119b97e1a44f00b8f4c/?a=1233&br=1220&bt=610&cd=0%7C0%7C0&ch=0&cr=3&cs=2&cv=1&dr=0&ds=6&er=&ft=c~.Zm4L-gXoInz7T&l=20220117004022010113135135082C43C2&lr=all&mime_type=video_mp4&net=0&pl=0&qs=4&rc=ajVyZzt5dGlreDMzZTczM0ApPGU1Z2U0NTs6NzQ8aWdnZWcuZWYxL3BuaDRfLS0wMTZzczBeY2ExMmNiXy5gLl8vNF86Yw%3D%3D&vl=&vr=
video/mp4, bytesbytes 0-920621/920622, 1642380025.3032084, 1642380025.304436, 1642380025.331156, 1642380026.969869, v39.tiktokcdn-us.com, f88cd977102b196530320b0d4fb58c30, /f88cd977102b196530320b0d4fb58c30/61e50f69/video/tos/useast2a/tos-useast2a-ve-0068c004/79b1b3f341fd40b0b1ece1a7d0931fa7/?a=1233&br=744&bt=372&cd=0%7C0%7C0&ch=0&cr=3&cs=2&cv=1&dr=0&ds=6&er=&ft=c~.Zm4L-gXoInz7T&l=20220117004022010113135135082C43C2&lr=all&mime_type=video_mp4&net=0&pl=0&qs=5&rc=ampneXc6ZTR3NTMzNzczM0ApNzU8OjhlaWRoN2g3ZWkzM2dzLWgwNmMtNGNgLS1kMTZzc19fNmEtYzYzYS4vLTE0LzI6Yw%3D%3D&vl=&vr=
video/mp4, bytesbytes 0-758420/758421, 1642380027.3841813, 1642380027.386183, 1642380027.4071643, 1642380028.6772432, v39.tiktokcdn-us.com, b124bccc1fdc1bce5eb38f8f84e03ec3, /b124bccc1fdc1bce5eb38f8f84e03ec3/61e50f66/video/tos/useast2a/tos-useast2a-pve-0068/aeef7600a288471fae3bb636b1330a2c/?a=1233&br=712&bt=356&cd=0%7C0%7C0&ch=0&cr=3&cs=2&cv=1&dr=0&ds=6&er=&ft=c~.Zm4L-gXoInz7T&l=20220117004022010113135135082C43C2&lr=all&mime_type=video_mp4&net=0&pl=0&qs=5&rc=anA2NDg6Zmt2NzMzNzczM0ApZ2c8ZzlnPDtoN2Y6aTg2PGdhMXI2cjRfZy9gLS1kMTZzcy4zYmE1NmNiMTAuMDAtXmM6Yw%3D%3D&vl=&vr=
video/mp4, bytesbytes 0-769252/769253, 1642380030.8322313, 1642380030.8378608, 1642380030.8662434, 1642380032.159186, v39.tiktokcdn-us.com, ed5c3b20a132ceb3969b7a21d6524fe4, /ed5c3b20a132ceb3969b7a21d6524fe4/61e50f65/video/tos/useast2a/tos-useast2a-ve-0068c004/efbfd78c2abf4559a766c6d6de5511bc/?a=1233&br=786&bt=393&cd=0%7C0%7C0&ch=0&cr=3&cs=2&cv=1&dr=0&ds=6&er=&ft=c~.Zm4L-gXoInz7T&l=20220117004022010113135135082C43C2&lr=all&mime_type=video_mp4&net=0&pl=0&qs=5&rc=ajZ5OTtzbGo5NDMzNzczM0ApMzc7PDo3OzxpNzQ8ZTc4NmdqXjFga3NvY2tgLS1kMTZzc2MuY180MzUuYjExLzI2LTE6Yw%3D%3D&vl=&vr=
video/mp4, bytesbytes 1024000-1115178/1115179, 1642380040.5601268, 1642380040.5621774, 1642380040.583513, 1642380040.7661028, v19.tiktokcdn-us.com, dfbcfeb64c6843230284884c7134a427, /dfbcfeb64c6843230284884c7134a427/61e50f29/video/tos/useast2a/tos-useast2a-pve-0068/b7bce4a37804449f9d2183c5933ac52d/?a=1233&br=1022&bt=511&cd=0%7C0%7C0&ch=0&cr=3&cs=2&cv=1&dr=0&ds=6&er=&ft=c~.Zm4L-gXoInz7T&l=202201170039210101131351491726DC41&lr=all&mime_type=video_mp4&net=0&pl=0&qs=5&rc=M2k6OHV0cm5yNjMzNzczM0ApOTU1N2lpNjtmNzo2NTc4aWdtcC01azE1bzZgLS1kMTZzc2I0LTI0YjI1LmA0Ni4xYS86Yw%3D%3D&vl=&vr=
video/mp4, bytesbytes 0-1024000/2333612, 1642380040.8745425, 1642380040.8759553, 1642380040.894453, 1642380041.8637135, v39.tiktokcdn-us.com, 47a2f130fb63c5949a6ef4f37dfeace6, /47a2f130fb63c5949a6ef4f37dfeace6/61e50f7e/video/tos/useast5/tos-useast5-ve-0068c004-tx/178c4bb4832b4526b15de9a07d6089a6/?a=1233&br=892&bt=446&cd=0%7C0%7C0&ch=0&cr=3&cs=2&cv=1&dr=0&ds=6&er=&ft=c~.Zm4L-gXoInz7T&l=20220117004022010113135135082C43C2&lr=all&mime_type=video_mp4&net=0&pl=0&qs=4&rc=M3JsZGQ6Zjg5OjMzZzczNEApZGhnODs1N2U8NzNlZjRkNGdxY3BocjRfZTBgLS1kMS9zczAvMi1jNl8wLzMwY2MuLTI6Yw%3D%3D&vl=&vr=
video/mp4, bytesbytes 1024000-1215614/1215615, 1642380057.8688316, 1642380057.8701098, 1642380057.902524, 1642380058.425007, v39.tiktokcdn-us.com, 8c3508f5afc7b0abcb575088d2e75ecb, /8c3508f5afc7b0abcb575088d2e75ecb/61e50f65/video/tos/useast2a/tos-useast2a-pve-0068/c7fd5b4282c54119b97e1a44f00b8f4c/?a=1233&br=1220&bt=610&cd=0%7C0%7C0&ch=0&cr=3&cs=2&cv=1&dr=0&ds=6&er=&ft=c~.Zm4L-gXoInz7T&l=20220117004022010113135135082C43C2&lr=all&mime_type=video_mp4&net=0&pl=0&qs=4&rc=ajVyZzt5dGlreDMzZTczM0ApPGU1Z2U0NTs6NzQ8aWdnZWcuZWYxL3BuaDRfLS0wMTZzczBeY2ExMmNiXy5gLl8vNF86Yw%3D%3D&vl=&vr=
video/mp4, bytesbytes 0-265347/265348, 1642380058.5793808, 1642380058.5803344, 1642380058.6015255, 1642380058.888134, v39.tiktokcdn-us.com, 4cdfad2434dc009df57ed9c747157eea, /4cdfad2434dc009df57ed9c747157eea/61e50f5e/video/tos/alisg/tos-alisg-pve-0037c001/88d0a2f0d8fd40f699e281a9c3b021f0/?a=1233&br=482&bt=241&cd=0%7C0%7C0&ch=0&cr=3&cs=2&cv=1&dr=0&ds=6&er=&ft=c~.Zm4L-gXoInz7T&l=20220117004022010113135135082C43C2&lr=all&mime_type=video_mp4&net=0&pl=0&qs=11&rc=ajdzOXE6bDNyMzMzODczM0ApNTk1aTU8OGRoNzdoM2Y5aWdgMzExMm9rcDRgLS0yMTRzcy0zMTEyXmAvYi81MzAxLWI6Yw%3D%3D&vl=&vr=
video/mp4, bytesbytes 0-517792/517793, 1642380059.1684992, 1642380059.1697335, 1642380059.184933, 1642380059.745662, v39.tiktokcdn-us.com, 1137942c9b864672f79ff6f302fd6d1a, /1137942c9b864672f79ff6f302fd6d1a/61e50f5e/video/tos/useast2a/tos-useast2a-ve-0068c004/61ddc728cfd74da9806df42f9f1aa3a3/?a=1233&br=926&bt=463&cd=0%7C0%7C0&ch=0&cr=3&cs=2&cv=1&dr=0&ds=6&er=&ft=c~.Zm4L-gXoInz7T&l=20220117004022010113135135082C43C2&lr=all&mime_type=video_mp4&net=0&pl=0&qs=5&rc=amRzOzp5aHRneDMzPDczM0ApNzVmaTk2N2RoNzc7ZDQ3aWdyaGs0YWpnLWRfLS0zMTZzczJjNDMwXy1hYzVjYmA1Nl46Yw%3D%3D&vl=&vr=
video/mp4, bytesbytes 0-980941/980942, 1642380078.1070995, 1642380078.1079862, 1642380078.1288497, 1642380080.5758157, v39.tiktokcdn-us.com, d597a78913014408f76b5bbfa680e2a4, /d597a78913014408f76b5bbfa680e2a4/61e50f68/video/tos/useast2a/tos-useast2a-ve-0068c003/e03dc43dab0a4436b4e65c3f1e1c5f17/?a=1233&br=814&bt=407&cd=0%7C0%7C0&ch=0&cr=3&cs=2&cv=1&dr=0&ds=6&er=&ft=c~.Zm4L-gXoInz7T&l=20220117004022010113135135082C43C2&lr=all&mime_type=video_mp4&net=0&pl=0&qs=5&rc=amxzNWg6Zm1pNzMzNzczM0ApMzs1aWZlOTw4NzM4OzdkNWc0M2YzcjQwaWxgLS1kMTZzcy1eNDFfNV41NDJeMi1eYjI6Yw%3D%3D&vl=&vr=
video/mp4, bytesbytes 0-693192/693193, 1642380084.2113638, 1642380084.2136416, 1642380084.3100812, 1642380085.7634668, v39.tiktokcdn-us.com, cb5b54c15ee06e3994ea94055a0cfc6b, /cb5b54c15ee06e3994ea94055a0cfc6b/61e50f5e/video/tos/useast2a/tos-useast2a-ve-0068c004/a9eb81410a7f48f794f98e82aae77edb/?a=1233&br=1254&bt=627&cd=0%7C0%7C0&ch=0&cr=3&cs=2&cv=1&dr=0&ds=6&er=&ft=c~.Zm4L-gXoInz7T&l=20220117004022010113135135082C43C2&lr=all&mime_type=video_mp4&net=0&pl=0&qs=5&rc=M3V0ZDxmOjtuNDMzMzczM0ApOmdmZGg3OGQ3N2VnZzQ5NWduZGVtNmVzMWRgLS02MTZzc2EyLi4xYmEuMzU1YzFeNWI6Yw%3D%3D&vl=&vr=
video/mp4, bytesbytes 1024000-2333611/2333612, 1642380095.0386481, 1642380095.0406587, 1642380095.0565767, 1642380096.850587, v39.tiktokcdn-us.com, 47a2f130fb63c5949a6ef4f37dfeace6, /47a2f130fb63c5949a6ef4f37dfeace6/61e50f7e/video/tos/useast5/tos-useast5-ve-0068c004-tx/178c4bb4832b4526b15de9a07d6089a6/?a=1233&br=892&bt=446&cd=0%7C0%7C0&ch=0&cr=3&cs=2&cv=1&dr=0&ds=6&er=&ft=c~.Zm4L-gXoInz7T&l=20220117004022010113135135082C43C2&lr=all&mime_type=video_mp4&net=0&pl=0&qs=4&rc=M3JsZGQ6Zjg5OjMzZzczNEApZGhnODs1N2U8NzNlZjRkNGdxY3BocjRfZTBgLS1kMS9zczAvMi1jNl8wLzMwY2MuLTI6Yw%3D%3D&vl=&vr=
video/mp4, bytesbytes 0-1024000/1123117, 1642380097.3907738, 1642380097.3919775, 1642380097.563914, 1642380098.9778838, v39.tiktokcdn-us.com, 33dbc7a51328ecf8994c8b9199819b11, /33dbc7a51328ecf8994c8b9199819b11/61e50f69/video/tos/useast2a/tos-useast2a-ve-0068c002/ad9e6f821ef94c0589f67264dbccb396/?a=1233&br=898&bt=449&cd=0%7C0%7C0&ch=0&cr=3&cs=2&cv=1&dr=0&ds=6&er=&ft=c~.Zm4L-gXoInz7T&l=20220117004022010113135135082C43C2&lr=all&mime_type=video_mp4&net=0&pl=0&qs=4&rc=anU4aW94PDRpeDMzZzczM0ApNzo5OGk7Nzs0NzszOjw3PGcyZmYtY2Znc2VfLS1jMTZzcy0wMWBfMTQuMDU1YTA0LWM6Yw%3D%3D&vl=&vr=
video/mp4, bytesbytes 0-633979/633980, 1642380125.4255953, 1642380125.4269383, 1642380125.4426963, 1642380126.032172, v39.tiktokcdn-us.com, 9d1d60cc94d49e8e249fd4439fcf5f2e, /9d1d60cc94d49e8e249fd4439fcf5f2e/61e50fc9/video/tos/useast5/tos-useast5-pve-0068-tx/f62e02f024c540c89a00998f535a6845/?a=1233&br=582&bt=291&cd=0%7C0%7C0&ch=0&cr=3&cs=2&cv=1&dr=0&ds=3&er=&ft=c~.Zm4L-gXoInz7T&l=2022011700420101011313507821270B7A&lr=all&mime_type=video_mp4&net=0&pl=0&qs=14&rc=anhtOmY6Zmo6OjMzZzczNEApOjM6NDc4aWRkNzVlODRpOWdybmZucjRfbTZgLS1kMS9zcy4vYmFhMV5jMzZeNjY1XjY6Yw%3D%3D&vl=&vr=
video/mp4, bytesbytes 0-1024000/1468106, 1642380126.283278, 1642380126.2845995, 1642380126.2967212, 1642380127.1021132, v39.tiktokcdn-us.com, 281648504f34331493a5e277a31826be, /281648504f34331493a5e277a31826be/61e50fc7/video/tos/useast2a/tos-useast2a-ve-0068c001/b21486bb7d81477baabd50d3c947dcf1/?a=1233&br=1530&bt=765&cd=0%7C0%7C0&ch=0&cr=3&cs=2&cv=1&dr=0&ds=6&er=&ft=c~.Zm4L-gXoInz7T&l=2022011700420101011313507821270B7A&lr=all&mime_type=video_mp4&net=0&pl=0&qs=5&rc=ajRwZTw7bGR2NjMzNzczM0ApaWhnOWZlO2U7N2ZoZDg5M2dvNmFvMXBvYGRgLS1kMTZzcy8xNmJfXzItNC42Yy5gXzQ6Yw%3D%3D&vl=&vr=
video/mp4, bytesbytes 0-419481/419482, 1642380127.558436, 1642380127.5599189, 1642380127.574425, 1642380127.901543, v39.tiktokcdn-us.com, 1bfd54079972ecbffb3812ad496d92b8, /1bfd54079972ecbffb3812ad496d92b8/61e50fbf/video/tos/useast2a/tos-useast2a-pve-0068/46543e7d809d430f8c7b431197bb09bf/?a=1233&br=916&bt=458&cd=0%7C0%7C0&ch=0&cr=3&cs=2&cv=1&dr=0&ds=6&er=&ft=c~.Zm4L-gXoInz7T&l=2022011700420101011313507821270B7A&lr=all&mime_type=video_mp4&net=0&pl=0&qs=4&rc=ajc1ZWQ6Zml1NjMzNzczM0ApNDs7OWhnaDtoNzlkOTk4aWdnai1lcjRfcWpgLS1kMTZzc2M0YGBiYF8tYmA2Y2EuL2M6Yw%3D%3D&vl=&vr=
video/mp4, bytesbytes 0-716769/716770, 1642380128.1877465, 1642380128.1886795, 1642380128.203805, 1642380128.804916, v39.tiktokcdn-us.com, d1f6f6a47b02d4bd73977ee8c85e0373, /d1f6f6a47b02d4bd73977ee8c85e0373/61e50fc3/video/tos/useast2a/tos-useast2a-ve-0068c004/8ef5572352a949ec98150aec8025dd70/?a=1233&br=1038&bt=519&cd=0%7C0%7C0&ch=0&cr=3&cs=2&cv=1&dr=0&ds=6&er=&ft=c~.Zm4L-gXoInz7T&l=2022011700420101011313507821270B7A&lr=all&mime_type=video_mp4&net=0&pl=0&qs=11&rc=M3Fxczs6Zmc1NzMzNzczM0ApOWdkPDllaDtlNzs0aDdmNmdvNV4vcjRncjFgLS1kMTZzczFiXzQzNjU0NV9fLWBfXl86Yw%3D%3D&vl=&vr=
video/mp4, bytesbytes 1024000-1123116/1123117, 1642380131.491771, 1642380131.493358, 1642380131.5210493, 1642380131.6457198, v39.tiktokcdn-us.com, 33dbc7a51328ecf8994c8b9199819b11, /33dbc7a51328ecf8994c8b9199819b11/61e50f69/video/tos/useast2a/tos-useast2a-ve-0068c002/ad9e6f821ef94c0589f67264dbccb396/?a=1233&br=898&bt=449&cd=0%7C0%7C0&ch=0&cr=3&cs=2&cv=1&dr=0&ds=6&er=&ft=c~.Zm4L-gXoInz7T&l=20220117004022010113135135082C43C2&lr=all&mime_type=video_mp4&net=0&pl=0&qs=4&rc=anU4aW94PDRpeDMzZzczM0ApNzo5OGk7Nzs0NzszOjw3PGcyZmYtY2Znc2VfLS1jMTZzcy0wMWBfMTQuMDU1YTA0LWM6Yw%3D%3D&vl=&vr=
video/mp4, bytesbytes 0-568988/568989, 1642380131.7755497, 1642380131.776412, 1642380131.7953825, 1642380132.501135, v39.tiktokcdn-us.com, 22f077cb2106537b46287dd90836ada1, /22f077cb2106537b46287dd90836ada1/61e50fc4/video/tos/useast2a/tos-useast2a-pve-0068/0db5a52be4814ca482755ba7b47a0966/?a=1233&br=764&bt=382&cd=0%7C0%7C0&ch=0&cr=3&cs=2&cv=1&dr=0&ds=6&er=&ft=c~.Zm4L-gXoInz7T&l=2022011700420101011313507821270B7A&lr=all&mime_type=video_mp4&net=0&pl=0&qs=11&rc=M204cjw6Zm1zODMzNzgzM0ApZmZkOGdkaTs0NztmODk3aGdecmtrcjQwZXFgLS1kLzZzc2BjMWAwLTRfMC8wYmAuNGI6Yw%3D%3D&vl=&vr=
video/mp4, bytesbytes 0-638227/638228, 1642380137.3286073, 1642380137.3331985, 1642380137.4282725, 1642380138.7604332, v39.tiktokcdn-us.com, e7310fab6ec2cbbf678e1b9e07df0908, /e7310fab6ec2cbbf678e1b9e07df0908/61e50fc4/video/tos/useast2a/tos-useast2a-pve-0068/757a2f8b19044ed39ac6674811366bc1/?a=1233&br=852&bt=426&cd=0%7C0%7C0&ch=0&cr=3&cs=2&cv=1&dr=0&ds=6&er=&ft=c~.Zm4L-gXoInz7T&l=2022011700420101011313507821270B7A&lr=all&mime_type=video_mp4&net=0&pl=0&qs=4&rc=ampkM21rdWVrNjMzNzczM0ApOztlZjVkZWQ1N2UzaTRnNWdqM2luaWliMS5gLS1kMTZzczEzYzQ0NS4uLjUvYDQxLjU6Yw%3D%3D&vl=&vr=
video/mp4, bytesbytes 1024000-1468105/1468106, 1642380154.532668, 1642380154.5342462, 1642380154.5672457, 1642380155.9322379, v39.tiktokcdn-us.com, 281648504f34331493a5e277a31826be, /281648504f34331493a5e277a31826be/61e50fc7/video/tos/useast2a/tos-useast2a-ve-0068c001/b21486bb7d81477baabd50d3c947dcf1/?a=1233&br=1530&bt=765&cd=0%7C0%7C0&ch=0&cr=3&cs=2&cv=1&dr=0&ds=6&er=&ft=c~.Zm4L-gXoInz7T&l=2022011700420101011313507821270B7A&lr=all&mime_type=video_mp4&net=0&pl=0&qs=5&rc=ajRwZTw7bGR2NjMzNzczM0ApaWhnOWZlO2U7N2ZoZDg5M2dvNmFvMXBvYGRgLS1kMTZzcy8xNmJfXzItNC42Yy5gXzQ6Yw%3D%3D&vl=&vr=
video/mp4, bytesbytes 0-1024000/1589872, 1642380156.14077, 1642380156.141968, 1642380156.1589115, 1642380157.1424236, v39.tiktokcdn-us.com, 33b63a7a3cd71da5938776ce726bd884, /33b63a7a3cd71da5938776ce726bd884/61e50fc5/video/tos/useast2a/tos-useast2a-ve-0068c003/91c724bf933b40f5903e337d94f8f6a7/?a=1233&br=1944&bt=972&cd=0%7C0%7C0&ch=0&cr=3&cs=2&cv=1&dr=0&ds=6&er=&ft=c~.Zm4L-gXoInz7T&l=2022011700420101011313507821270B7A&lr=all&mime_type=video_mp4&net=0&pl=0&qs=5&rc=M2VqbzM6ZmQ7NjMzNzczM0ApZGU1aGc7ZGU2NzhoZTNoZ2dkZGFncjRfaG9gLS1kMTZzcy4zYmA1MmE0NmEzLV8tYjQ6Yw%3D%3D&vl=&vr=
video/mp4, bytesbytes 0-1024000/1511927, 1642380160.2660425, 1642380160.2722692, 1642380160.2880435, 1642380161.2650156, v39.tiktokcdn-us.com, 17a170fd7ed69d8406784580b872c49e, /17a170fd7ed69d8406784580b872c49e/61e50fcd/video/tos/useast2a/tos-useast2a-pve-0068/fcb55ec68264411daa7a8140759786fd/?a=1233&br=1140&bt=570&cd=0%7C0%7C0&ch=0&cr=3&cs=2&cv=1&dr=0&ds=6&er=&ft=c~.Zm4L-gXoInz7T&l=2022011700420101011313507821270B7A&lr=all&mime_type=video_mp4&net=0&pl=0&qs=11&rc=MzY0NTY6ZjhrNzMzNzczM0ApaWQzOTZlNzw2NzQ6aWloaWdjYnFmcjQwLmhgLS1kMTZzcy1jX2FfYDFhNGEtX2E1LS46Yw%3D%3D&vl=&vr=
video/mp4, bytesbytes 0-1024000/1372285, 1642380161.6996999, 1642380161.7010305, 1642380161.7157304, 1642380162.680863, v39.tiktokcdn-us.com, 4899f8018bb5b8c365b888a323bc0958, /4899f8018bb5b8c365b888a323bc0958/61e50fc8/video/tos/alisg/tos-alisg-pve-0037c001/4242047feefd45b696d1513549a41a93/?a=1233&br=1388&bt=694&cd=0%7C0%7C0&ch=0&cr=3&cs=2&cv=1&dr=0&ds=6&er=&ft=c~.Zm4L-gXoInz7T&l=2022011700420101011313507821270B7A&lr=all&mime_type=video_mp4&net=0&pl=0&qs=4&rc=M3E3eTY6ZjNsNzMzODczNEApZjM7ZmZmNGQ3N2RkNWQ7aWdncGlwcjRfZDNgLS1kMS1zczEzYV9iXl8xNWNfLV42Li86Yw%3D%3D&vl=&vr=
video/mp4, bytesbytes 0-493479/493480, 1642380171.8420641, 1642380171.8466716, 1642380171.8698254, 1642380172.3109562, v39.tiktokcdn-us.com, a650b9e76f046ac2dbbd0876fff3792e, /a650b9e76f046ac2dbbd0876fff3792e/61e50fc0/video/tos/useast2a/tos-useast2a-ve-0068c001/2e99d8cb79244ae99f25ae3ac8163fed/?a=1233&br=1044&bt=522&cd=0%7C0%7C0&ch=0&cr=3&cs=2&cv=1&dr=0&ds=6&er=&ft=c~.Zm4L-gXoInz7T&l=2022011700420101011313507821270B7A&lr=all&mime_type=video_mp4&net=0&pl=0&qs=4&rc=M3hxczRra3FwNjMzNzczM0ApZWVkM2lnaWVmNzk0OjVoZmctaGdqMTVxcTFgLS1kMTZzcy1eMDQ0YTVgNl8yLTMvMGE6Yw%3D%3D&vl=&vr=
video/mp4, bytesbytes 1024000-1589871/1589872, 1642380179.825224, 1642380179.8267837, 1642380179.8413565, 1642380180.4077125, v39.tiktokcdn-us.com, 33b63a7a3cd71da5938776ce726bd884, /33b63a7a3cd71da5938776ce726bd884/61e50fc5/video/tos/useast2a/tos-useast2a-ve-0068c003/91c724bf933b40f5903e337d94f8f6a7/?a=1233&br=1944&bt=972&cd=0%7C0%7C0&ch=0&cr=3&cs=2&cv=1&dr=0&ds=6&er=&ft=c~.Zm4L-gXoInz7T&l=2022011700420101011313507821270B7A&lr=all&mime_type=video_mp4&net=0&pl=0&qs=5&rc=M2VqbzM6ZmQ7NjMzNzczM0ApZGU1aGc7ZGU2NzhoZTNoZ2dkZGFncjRfaG9gLS1kMTZzcy4zYmA1MmE0NmEzLV8tYjQ6Yw%3D%3D&vl=&vr=
video/mp4, bytesbytes 1024000-1511926/1511927, 1642380183.440816, 1642380183.442255, 1642380183.6697652, 1642380186.5988314, v39.tiktokcdn-us.com, 17a170fd7ed69d8406784580b872c49e, /17a170fd7ed69d8406784580b872c49e/61e50fcd/video/tos/useast2a/tos-useast2a-pve-0068/fcb55ec68264411daa7a8140759786fd/?a=1233&br=1140&bt=570&cd=0%7C0%7C0&ch=0&cr=3&cs=2&cv=1&dr=0&ds=6&er=&ft=c~.Zm4L-gXoInz7T&l=2022011700420101011313507821270B7A&lr=all&mime_type=video_mp4&net=0&pl=0&qs=11&rc=MzY0NTY6ZjhrNzMzNzczM0ApaWQzOTZlNzw2NzQ6aWloaWdjYnFmcjQwLmhgLS1kMTZzcy1jX2FfYDFhNGEtX2E1LS46Yw%3D%3D&vl=&vr=
video/mp4, bytesbytes 1024000-1372284/1372285, 1642380186.8362548, 1642380186.8373911, 1642380186.8706117, 1642380188.3516686, v39.tiktokcdn-us.com, 4899f8018bb5b8c365b888a323bc0958, /4899f8018bb5b8c365b888a323bc0958/61e50fc8/video/tos/alisg/tos-alisg-pve-0037c001/4242047feefd45b696d1513549a41a93/?a=1233&br=1388&bt=694&cd=0%7C0%7C0&ch=0&cr=3&cs=2&cv=1&dr=0&ds=6&er=&ft=c~.Zm4L-gXoInz7T&l=2022011700420101011313507821270B7A&lr=all&mime_type=video_mp4&net=0&pl=0&qs=4&rc=M3E3eTY6ZjNsNzMzODczNEApZjM7ZmZmNGQ3N2RkNWQ7aWdncGlwcjRfZDNgLS1kMS1zczEzYV9iXl8xNWNfLV42Li86Yw%3D%3D&vl=&vr=
video/mp4, bytes, 1642380189.7209008, 1642380189.7252433, 1642380189.744457, 1642380191.3099582, v16m.tiktokcdn-us.com, fdeb87b64352d803b1d9e8ea1c26ddca, /fdeb87b64352d803b1d9e8ea1c26ddca/61e50fff/video/tos/useast5/tos-useast5-ve-0068c004-tx/76d2b8ec07e045ac97babd32e7849b66/?a=1233&br=856&bt=428&cd=0%7C0%7C0&ch=0&cr=3&cs=2&cv=1&dr=0&ds=3&er=&ft=c~.Zm4L-gXoInz7T&l=202201170043030101130060101C244921&lr=all&mime_type=video_mp4&net=0&pl=0&qs=14&rc=anY1dmk6Zmk2OTMzZzczNEApNTM7PDplZDs3N2k3NTQ0NGdtbl8ycjQwNTFgLS1kMS9zcy1iMTNhMjVgXzFhX2MvNWI6Yw%3D%3D&vl=&vr=
