video/mp4, bytesbytes 0-2516112/2516113, 1642390139.234679, 1642390139.2355623, 1642390139.2508655, 1642390141.684972, v39-us.tiktokcdn.com, 4d8e3710791cbd1c5ef1b79dfbc68eee, /4d8e3710791cbd1c5ef1b79dfbc68eee/61e536ee/video/tos/useast5/tos-useast5-ve-0068c004-tx/a62d08acb13a4b6ca7c0adb24b7f217d/?a=1233&br=1886&bt=943&cd=0%7C0%7C0&ch=0&cr=3&cs=2&cv=1&dr=0&ds=3&er=&ft=xo5uS4L-gXoInz7T&l=202201170328570101890500411BB1F94C&lr=all&mime_type=video_mp4&net=0&pl=0&qs=14&rc=am48Ojs6Zm8zOTMzZzczNEApO2hoZWY8N2Q8NzQ1O2ZpNGc0LmtqcjQwZ2xgLS1kMS9zczBeYjUyX2FgNF5iYi4zYS06Yw%3D%3D&vl=&vr=
video/mp4, bytesbytes 0-1375675/1375676, 1642390145.2842517, 1642390145.285389, 1642390145.3046455, 1642390146.6521924, v19-us.tiktokcdn.com, c0e57a01d919593e2c8bba09ccda6fbb, /c0e57a01d919593e2c8bba09ccda6fbb/61e536f3/video/tos/useast2a/tos-useast2a-pve-0037-aiso/463a4d52b9ff4a24ad1a72de34b73b17/?a=1233&br=1118&bt=559&cd=0%7C0%7C0&ch=0&cr=3&cs=2&cv=1&dr=0&ds=6&er=&ft=xo5uS4L-gXoInz7T&l=202201170329030101920530471532772E&lr=all&mime_type=video_mp4&net=0&pl=0&qs=4&rc=amc3ZWU6ZnBwOTMzZjgzM0ApaDo7Zjc5ODw7N2RnZDhlZWc2b3ExcjQwYHJgLS1kL2NzczZeLzIzYF4yMDYuX2I1Y2E6Yw%3D%3D&vl=&vr=
video/mp4, bytesbytes 0-679092/679093, 1642390149.8061411, 1642390149.8069825, 1642390149.819031, 1642390150.4404864, v19-us.tiktokcdn.com, cd1d92d25173e56e09c30431ca970020, /cd1d92d25173e56e09c30431ca970020/61e536e8/video/tos/maliva/tos-maliva-ve-0068c799-us/d9a4a90c33f44a6c8078345a8060433c/?a=1233&br=1180&bt=590&cd=0%7C0%7C0&ch=0&cr=3&cs=2&cv=1&dr=0&ds=6&er=&ft=xo5uS4L-gXoInz7T&l=202201170329030101920530471532772E&lr=all&mime_type=video_mp4&net=0&pl=0&qs=4&rc=amRoZDs6Zjg1OjMzZzczNEApOzc6OGU0Ozw3Nzs1ZTppO2c0YXJgcjRvbmVgLS1kMS9zc2MwMWBfYl4xLjE2X2IuLTA6Yw%3D%3D&vl=&vr=
video/mp4, bytes, 1642390186.539823, 1642390186.5411177, 1642390186.5528262, 1642390187.0197952, v19.tiktokcdn-us.com, 28598973e2b090d921f484c645acdaac, /28598973e2b090d921f484c645acdaac/61e536ff/video/tos/useast2a/tos-useast2a-ve-0068c004/c0f25d1b31ba4b86a90cb22cfe1b1294/?a=1233&br=1116&bt=558&cd=0%7C0%7C0&ch=0&cr=3&cs=2&cv=1&dr=0&ds=6&er=&ft=c~.Zm4L-gXoInz7T&l=202201170329280101130061641B44085A&lr=all&mime_type=video_mp4&net=0&pl=0&qs=4&rc=anRuNnZvNHNodzMzODczM0ApZjk8NWg5PGVoNzZlZGQ3OmdtYnJpNTJzXnJfLS1iMTZzczMuMF5hMmBhM2NfMi1gYTY6Yw%3D%3D&vl=&vr=
video/mp4, bytesbytes 0-1005419/1005420, 1642390187.3729877, 1642390187.3746076, 1642390187.3841753, 1642390188.1976044, v19.tiktokcdn-us.com, a98ede5ec0592f44661751e51ed78455, /a98ede5ec0592f44661751e51ed78455/61e53704/video/tos/useast5/tos-useast5-ve-0068c004-tx/7fb7755292e94b97ae2acf9bbfa03fe3/?a=1233&br=1250&bt=625&cd=0%7C0%7C0&ch=0&cr=3&cs=2&cv=1&dr=0&ds=6&er=&ft=c~.Zm4L-gXoInz7T&l=202201170329280101130061641B44085A&lr=all&mime_type=video_mp4&net=0&pl=0&qs=11&rc=M2RmZGQ6ZjNzOjMzZzczNEApMzY7PDVoNWVlNzQ5aTppN2drLWxocjRnc19gLS1kMS9zcy4vYF5hMDA0NjI2MzNhYC86Yw%3D%3D&vl=&vr=
video/mp4, bytesbytes 0-1024000/2209343, 1642390188.7191336, 1642390188.720465, 1642390188.7334945, 1642390189.8533523, v19.tiktokcdn-us.com, 9443ea4816262b1cb292e8d68fba6a14, /9443ea4816262b1cb292e8d68fba6a14/61e5370c/video/tos/useast2a/tos-useast2a-ve-0068c003/a3916a82751449e5bc996d3ea4c44e77/?a=1233&br=1710&bt=855&cd=0%7C0%7C0&ch=0&cr=3&cs=2&cv=1&dr=0&ds=6&er=&ft=c~.Zm4L-gXoInz7T&l=202201170329280101130061641B44085A&lr=all&mime_type=video_mp4&net=0&pl=0&qs=5&rc=ajx1NTU6ZmdqOTMzNzczM0ApZmk0NjlpOGQ4N2U4NTg8aGcwcTEucjQwbnJgLS1kMTZzc2EzYGBjLTYyNTNgYi1fNTY6Yw%3D%3D&vl=&vr=
video/mp4, bytesbytes 0-1024000/1434945, 1642390190.562265, 1642390190.5631464, 1642390190.5737927, 1642390191.576273, v19.tiktokcdn-us.com, 1f859a516a2f436230d7a30ef80e3325, /1f859a516a2f436230d7a30ef80e3325/61e53709/video/tos/useast2a/tos-useast2a-ve-0068c003/50066f8f4d2b488ba152414c82b60e3c/?a=1233&br=1258&bt=629&cd=0%7C0%7C0&ch=0&cr=3&cs=2&cv=1&dr=0&ds=6&er=&ft=c~.Zm4L-gXoInz7T&l=202201170329280101130061641B44085A&lr=all&mime_type=video_mp4&net=0&pl=0&qs=11&rc=anZ3NmhraW1tNDMzNzczM0ApZjw7NmQ1OWQ8N2hoZjU2OGdubmg0Ml9oYGhgLS1kMTZzczZhNi8tMDJiMzRfMTRiNTY6Yw%3D%3D&vl=&vr=
video/mp4, bytesbytes 0-1024000/3199001, 1642390192.1999645, 1642390192.201008, 1642390192.2110786, 1642390193.1894598, v19.tiktokcdn-us.com, 9ce6a2c9ae4bb5a253afa6326b218f81, /9ce6a2c9ae4bb5a253afa6326b218f81/61e53725/video/tos/useast2a/tos-useast2a-pve-0068/d71c0e8d4bdd441cb28765ca3433472b/?a=1233&br=1084&bt=542&cd=0%7C0%7C0&ch=0&cr=3&cs=2&cv=1&dr=0&ds=3&er=&ft=c~.Zm4L-gXoInz7T&l=202201170329280101130061641B44085A&lr=all&mime_type=video_mp4&net=0&pl=0&qs=14&rc=M25oMzw6ZjhqNjMzNzczM0ApN2kzaWQ4NDtmN2c6ZTg8aWdrYjJlcjRfNmlgLS1kMTZzczA0YmNjY2AtYDI2MDBfNjY6Yw%3D%3D&vl=&vr=
video/mp4, bytesbytes 0-1024000/1181632, 1642390193.736405, 1642390193.7376752, 1642390193.751255, 1642390194.996733, v19.tiktokcdn-us.com, 523513ed4ef4d2578eb8de1fdbd3a6c3, /523513ed4ef4d2578eb8de1fdbd3a6c3/61e53708/video/tos/useast2a/tos-useast2a-pve-0068/353eea5c512a4e96bf4aed8f1a7c9fe9/?a=1233&br=1108&bt=554&cd=0%7C0%7C0&ch=0&cr=3&cs=2&cv=1&dr=0&ds=3&er=&ft=c~.Zm4L-gXoInz7T&l=202201170329280101130061641B44085A&lr=all&mime_type=video_mp4&net=0&pl=0&qs=14&rc=MzZ4bjQ6ZmtoNzMzNzczM0ApODc0NGk0NmVlN2Q7OjczM2c0MGRjcjQwci9gLS1kMTZzcy8tMWFiYS5fMzIyNTUxXy06Yw%3D%3D&vl=&vr=
video/mp4, bytesbytes 0-1024000/1492687, 1642390208.3872197, 1642390208.3891091, 1642390208.4129326, 1642390209.3473182, v19.tiktokcdn-us.com, a4a3ba434255635b2c1e55bfe02daade, /a4a3ba434255635b2c1e55bfe02daade/61e5370f/video/tos/useast2a/tos-useast2a-ve-0068c004/02c11bae6e0c4bbaa3a6e4b386e22249/?a=1233&br=980&bt=490&cd=0%7C0%7C0&ch=0&cr=3&cs=2&cv=1&dr=0&ds=6&er=&ft=c~.Zm4L-gXoInz7T&l=202201170329280101130061641B44085A&lr=all&mime_type=video_mp4&net=0&pl=0&qs=4&rc=amQ1NTN2aDpmNjMzNzczM0ApNmg5OTw2ODtnNzhoO2RlNWc0LmVxZWpmNjBgLS1kMTZzczQyLy8wYjAyLl9jL2JjXjQ6Yw%3D%3D&vl=&vr=
video/mp4, bytesbytes 1024000-2209342/2209343, 1642390210.1228719, 1642390210.1250665, 1642390210.154464, 1642390212.4065056, v19.tiktokcdn-us.com, 9443ea4816262b1cb292e8d68fba6a14, /9443ea4816262b1cb292e8d68fba6a14/61e5370c/video/tos/useast2a/tos-useast2a-ve-0068c003/a3916a82751449e5bc996d3ea4c44e77/?a=1233&br=1710&bt=855&cd=0%7C0%7C0&ch=0&cr=3&cs=2&cv=1&dr=0&ds=6&er=&ft=c~.Zm4L-gXoInz7T&l=202201170329280101130061641B44085A&lr=all&mime_type=video_mp4&net=0&pl=0&qs=5&rc=ajx1NTU6ZmdqOTMzNzczM0ApZmk0NjlpOGQ4N2U4NTg8aGcwcTEucjQwbnJgLS1kMTZzc2EzYGBjLTYyNTNgYi1fNTY6Yw%3D%3D&vl=&vr=
video/mp4, bytesbytes 1024000-1434944/1434945, 1642390212.8365686, 1642390212.8382432, 1642390212.8710742, 1642390213.6528637, v19.tiktokcdn-us.com, 1f859a516a2f436230d7a30ef80e3325, /1f859a516a2f436230d7a30ef80e3325/61e53709/video/tos/useast2a/tos-useast2a-ve-0068c003/50066f8f4d2b488ba152414c82b60e3c/?a=1233&br=1258&bt=629&cd=0%7C0%7C0&ch=0&cr=3&cs=2&cv=1&dr=0&ds=6&er=&ft=c~.Zm4L-gXoInz7T&l=202201170329280101130061641B44085A&lr=all&mime_type=video_mp4&net=0&pl=0&qs=11&rc=anZ3NmhraW1tNDMzNzczM0ApZjw7NmQ1OWQ8N2hoZjU2OGdubmg0Ml9oYGhgLS1kMTZzczZhNi8tMDJiMzRfMTRiNTY6Yw%3D%3D&vl=&vr=
video/mp4, bytesbytes 1024000-3199000/3199001, 1642390215.479346, 1642390215.4863107, 1642390215.5523345, 1642390217.724601, v19.tiktokcdn-us.com, 9ce6a2c9ae4bb5a253afa6326b218f81, /9ce6a2c9ae4bb5a253afa6326b218f81/61e53725/video/tos/useast2a/tos-useast2a-pve-0068/d71c0e8d4bdd441cb28765ca3433472b/?a=1233&br=1084&bt=542&cd=0%7C0%7C0&ch=0&cr=3&cs=2&cv=1&dr=0&ds=3&er=&ft=c~.Zm4L-gXoInz7T&l=202201170329280101130061641B44085A&lr=all&mime_type=video_mp4&net=0&pl=0&qs=14&rc=M25oMzw6ZjhqNjMzNzczM0ApN2kzaWQ4NDtmN2c6ZTg8aWdrYjJlcjRfNmlgLS1kMTZzczA0YmNjY2AtYDI2MDBfNjY6Yw%3D%3D&vl=&vr=
video/mp4, bytesbytes 0-1024000/3653700, 1642390218.9517686, 1642390218.9550424, 1642390218.9870253, 1642390220.27265, v19.tiktokcdn-us.com, bed4c0defb308a1f286e6657e30e5c93, /bed4c0defb308a1f286e6657e30e5c93/61e5372a/video/tos/useast2a/tos-useast2a-ve-0068c001/5bc95ee24c964e9b933f7770c02b2951/?a=1233&br=1136&bt=568&cd=0%7C0%7C0&ch=0&cr=3&cs=2&cv=1&dr=0&ds=6&er=&ft=c~.Zm4L-gXoInz7T&l=202201170329280101130061641B44085A&lr=all&mime_type=video_mp4&net=0&pl=0&qs=5&rc=M2plODQ6ZjllNjMzNzczM0ApNWUzOGQ7NTw4Nzg8ZWU8O2drLmJucjQwLnBgLS1kMTZzczBjNjQvMDZeYS8xNGEvMDA6Yw%3D%3D&vl=&vr=
video/mp4, bytesbytes 0-283561/283562, 1642390220.8431334, 1642390220.844381, 1642390220.8673787, 1642390221.2734785, v19.tiktokcdn-us.com, 754fe6d812ff27cc8a1bc47d4b3b8210, /754fe6d812ff27cc8a1bc47d4b3b8210/61e536fe/video/tos/useast2a/tos-useast2a-ve-0068c003/c82291f2f7744bbabb097f3a38918c6a/?a=1233&br=666&bt=333&cd=0%7C0%7C0&ch=0&cr=3&cs=2&cv=1&dr=0&ds=6&er=&ft=c~.Zm4L-gXoInz7T&l=202201170329280101130061641B44085A&lr=all&mime_type=video_mp4&net=0&pl=0&qs=4&rc=anVseHJvbmdtdTMzZjczM0ApZWc2M2g4PDs6N2g5ZDdkaWdwNDYwcnM0L3BfLS0yMTZzczE1MmBgYDNfYDYuMWM2YTE6Yw%3D%3D&vl=&vr=
video/mp4, bytesbytes 0-1024000/1412515, 1642390221.4583797, 1642390221.4604218, 1642390221.492495, 1642390223.2150636, v19.tiktokcdn-us.com, 7c4a024e61d6282ba709d247e5a5b73b, /7c4a024e61d6282ba709d247e5a5b73b/61e5370c/video/tos/useast2a/tos-useast2a-ve-0068c003/b2a74e92317c41a98ff396e61f505581/?a=1233&br=1092&bt=546&cd=0%7C0%7C0&ch=0&cr=3&cs=2&cv=1&dr=0&ds=6&er=&ft=c~.Zm4L-gXoInz7T&l=202201170329280101130061641B44085A&lr=all&mime_type=video_mp4&net=0&pl=0&qs=5&rc=MzhxNTo7OmluNTMzNzczM0ApaDNlODRpZzszNzc3NDk2NWdqYzQ1Z2RibzBgLS1kMTZzc2JjMmItYy5fLi9gY2EyM2A6Yw%3D%3D&vl=&vr=
video/mp4, bytesbytes 1024000-1181631/1181632, 1642390225.8619223, 1642390225.8636851, 1642390225.8861537, 1642390226.3420086, v19.tiktokcdn-us.com, 523513ed4ef4d2578eb8de1fdbd3a6c3, /523513ed4ef4d2578eb8de1fdbd3a6c3/61e53708/video/tos/useast2a/tos-useast2a-pve-0068/353eea5c512a4e96bf4aed8f1a7c9fe9/?a=1233&br=1108&bt=554&cd=0%7C0%7C0&ch=0&cr=3&cs=2&cv=1&dr=0&ds=3&er=&ft=c~.Zm4L-gXoInz7T&l=202201170329280101130061641B44085A&lr=all&mime_type=video_mp4&net=0&pl=0&qs=14&rc=MzZ4bjQ6ZmtoNzMzNzczM0ApODc0NGk0NmVlN2Q7OjczM2c0MGRjcjQwci9gLS1kMTZzcy8tMWFiYS5fMzIyNTUxXy06Yw%3D%3D&vl=&vr=
video/mp4, bytesbytes 1024000-1492686/1492687, 1642390229.4914727, 1642390229.493595, 1642390229.5261116, 1642390230.4018247, v19.tiktokcdn-us.com, a4a3ba434255635b2c1e55bfe02daade, /a4a3ba434255635b2c1e55bfe02daade/61e5370f/video/tos/useast2a/tos-useast2a-ve-0068c004/02c11bae6e0c4bbaa3a6e4b386e22249/?a=1233&br=980&bt=490&cd=0%7C0%7C0&ch=0&cr=3&cs=2&cv=1&dr=0&ds=6&er=&ft=c~.Zm4L-gXoInz7T&l=202201170329280101130061641B44085A&lr=all&mime_type=video_mp4&net=0&pl=0&qs=4&rc=amQ1NTN2aDpmNjMzNzczM0ApNmg5OTw2ODtnNzhoO2RlNWc0LmVxZWpmNjBgLS1kMTZzczQyLy8wYjAyLl9jL2JjXjQ6Yw%3D%3D&vl=&vr=
video/mp4, bytesbytes 1024000-3653699/3653700, 1642390236.176145, 1642390236.1777196, 1642390236.2217958, 1642390241.2803235, v19.tiktokcdn-us.com, bed4c0defb308a1f286e6657e30e5c93, /bed4c0defb308a1f286e6657e30e5c93/61e5372a/video/tos/useast2a/tos-useast2a-ve-0068c001/5bc95ee24c964e9b933f7770c02b2951/?a=1233&br=1136&bt=568&cd=0%7C0%7C0&ch=0&cr=3&cs=2&cv=1&dr=0&ds=6&er=&ft=c~.Zm4L-gXoInz7T&l=202201170329280101130061641B44085A&lr=all&mime_type=video_mp4&net=0&pl=0&qs=5&rc=M2plODQ6ZjllNjMzNzczM0ApNWUzOGQ7NTw4Nzg8ZWU8O2drLmJucjQwLnBgLS1kMTZzczBjNjQvMDZeYS8xNGEvMDA6Yw%3D%3D&vl=&vr=
video/mp4, bytesbytes 0-909099/909100, 1642390242.5523188, 1642390242.5546145, 1642390242.6234145, 1642390243.6108553, v16m.tiktokcdn-us.com, d3af16694ba20175b12cabdd0261b330, /d3af16694ba20175b12cabdd0261b330/61e5374d/video/tos/useast2a/tos-useast2a-ve-0068c004/f34f762b9db54ae98cc0c41b2e426aee/?a=1233&br=812&bt=406&cd=0%7C0%7C0&ch=0&cr=3&cs=2&cv=1&dr=0&ds=6&er=&ft=c~.Zm4L-gXoInz7T&l=202201170330360101130060101A4DDA6B&lr=all&mime_type=video_mp4&net=0&pl=0&qs=11&rc=amo3a2g6ZnJoNzMzNzczM0ApaGU0OWhmNDxnN2g1NjQ5Z2cvb2IzcjRfZzBgLS1kMTZzc2JjYTFgLzMvLS0wY2IyXy46Yw%3D%3D&vl=&vr=
video/mp4, bytesbytes 0-1024000/2492421, 1642390244.0536091, 1642390244.056503, 1642390244.081656, 1642390244.9976323, v16m.tiktokcdn-us.com, e2e76ab948adebb3278e9334384fab98, /e2e76ab948adebb3278e9334384fab98/61e53763/video/tos/useast2a/tos-useast2a-pve-0068/85f26dad7c324228908ebbb101ade411/?a=1233&br=978&bt=489&cd=0%7C0%7C0&ch=0&cr=3&cs=2&cv=1&dr=0&ds=6&er=&ft=c~.Zm4L-gXoInz7T&l=202201170330360101130060101A4DDA6B&lr=all&mime_type=video_mp4&net=0&pl=0&qs=5&rc=am5zdDw6ZmhqNjMzNzczM0ApOWRnZ2k2NmU0NzRoaGg5O2dtNGtncjRnb2hgLS1kMTZzczQxYF81MjRgM18wNjAxYV86Yw%3D%3D&vl=&vr=
video/mp4, bytesbytes 0-1024000/1130687, 1642390245.4375913, 1642390245.4384964, 1642390245.4659991, 1642390246.4034188, v16m.tiktokcdn-us.com, 11520bb8eeb3be9c72e534da444ee887, /11520bb8eeb3be9c72e534da444ee887/61e5374b/video/tos/useast2a/tos-useast2a-ve-0068c004/4dd3485cb1714c11939fbdd0790ecb0f/?a=1233&br=1160&bt=580&cd=0%7C0%7C0&ch=0&cr=3&cs=2&cv=1&dr=0&ds=6&er=&ft=c~.Zm4L-gXoInz7T&l=202201170330360101130060101A4DDA6B&lr=all&mime_type=video_mp4&net=0&pl=0&qs=5&rc=MzlqN214NThwNTMzNzczM0ApNmQ5PGZnO2Q8N2VoN2ZkM2cubjNkcWZyam5gLS1kMTZzc2MyYTY2Yy4yLjYyXzMvMDA6Yw%3D%3D&vl=&vr=
video/mp4, bytesbytes 0-875044/875045, 1642390286.7227757, 1642390286.7251034, 1642390286.7560177, 1642390287.7301846, v16m.tiktokcdn-us.com, e979fe5a9c0f083fd8055ba2fcfe3360, /e979fe5a9c0f083fd8055ba2fcfe3360/61e5374a/video/tos/useast5/tos-useast5-ve-0068c002-tx/0aa462b0cc9e4571a40dc25f2481c9e5/?a=1233&br=906&bt=453&cd=0%7C0%7C0&ch=0&cr=3&cs=2&cv=1&dr=0&ds=6&er=&ft=c~.Zm4L-gXoInz7T&l=202201170330360101130060101A4DDA6B&lr=all&mime_type=video_mp4&net=0&pl=0&qs=4&rc=amkzdjo6ZnY6OjMzZzczNEApOTdkZzQ4NGQ8NzY3aWRnO2doXnNtcjRnNTVgLS1kMS9zcy5jLy8tYTA0NmMxMzY2LS86Yw%3D%3D&vl=&vr=
video/mp4, bytesbytes 1024000-1412514/1412515, 1642390293.681106, 1642390293.6842353, 1642390293.6955457, 1642390294.182728, v19.tiktokcdn-us.com, 7c4a024e61d6282ba709d247e5a5b73b, /7c4a024e61d6282ba709d247e5a5b73b/61e5370c/video/tos/useast2a/tos-useast2a-ve-0068c003/b2a74e92317c41a98ff396e61f505581/?a=1233&br=1092&bt=546&cd=0%7C0%7C0&ch=0&cr=3&cs=2&cv=1&dr=0&ds=6&er=&ft=c~.Zm4L-gXoInz7T&l=202201170329280101130061641B44085A&lr=all&mime_type=video_mp4&net=0&pl=0&qs=5&rc=MzhxNTo7OmluNTMzNzczM0ApaDNlODRpZzszNzc3NDk2NWdqYzQ1Z2RibzBgLS1kMTZzc2JjMmItYy5fLi9gY2EyM2A6Yw%3D%3D&vl=&vr=
video/mp4, bytesbytes 0-1024000/1069291, 1642390294.4713795, 1642390294.4725027, 1642390294.4932268, 1642390295.292179, v16m.tiktokcdn-us.com, 5c8739f3ff717d44db09eb1adbbaac31, /5c8739f3ff717d44db09eb1adbbaac31/61e53755/video/tos/alisg/tos-alisg-pve-0037c001/4a0a9e195fa24116ac3ca1661083a252/?a=1233&br=658&bt=329&cd=0%7C0%7C0&ch=0&cr=3&cs=2&cv=1&dr=0&ds=6&er=&ft=c~.Zm4L-gXoInz7T&l=202201170330360101130060101A4DDA6B&lr=all&mime_type=video_mp4&net=0&pl=0&qs=4&rc=ajY3Njk6ZmU2OTMzODczNEApaDZmNjs7NWQ0NzlmM2g2ZGdsb25ucjRvM2BgLS1kMS1zczQ0MC9jNC5jMWMzNmMtLy46Yw%3D%3D&vl=&vr=
video/mp4, bytesbytes 0-557503/557504, 1642390300.5418692, 1642390300.542832, 1642390300.5749857, 1642390301.2084284, v16m.tiktokcdn-us.com, 4ac5f50401bc84dc4a3ad0ba4f0cd3ef, /4ac5f50401bc84dc4a3ad0ba4f0cd3ef/61e53746/video/tos/useast2a/tos-useast2a-ve-0068c002/3b04e783681a450b960ddb8446dd3c3b/?a=1233&br=814&bt=407&cd=0%7C0%7C0&ch=0&cr=3&cs=2&cv=1&dr=0&ds=6&er=&ft=c~.Zm4L-gXoInz7T&l=202201170330360101130060101A4DDA6B&lr=all&mime_type=video_mp4&net=0&pl=0&qs=4&rc=am53bnBmZ2Z2NDMzNzczM0ApOzU6ZGhlOmQ0Nzk6NmU2ZWduZmtiZy5pNG5gLS1kMTZzc18wMl9fNTAuMF9eMmMvNC06Yw%3D%3D&vl=&vr=
video/mp4, bytesbytes 1024000-2492420/2492421, 1642390308.9994907, 1642390309.0007775, 1642390309.0402272, 1642390310.623245, v16m.tiktokcdn-us.com, e2e76ab948adebb3278e9334384fab98, /e2e76ab948adebb3278e9334384fab98/61e53763/video/tos/useast2a/tos-useast2a-pve-0068/85f26dad7c324228908ebbb101ade411/?a=1233&br=978&bt=489&cd=0%7C0%7C0&ch=0&cr=3&cs=2&cv=1&dr=0&ds=6&er=&ft=c~.Zm4L-gXoInz7T&l=202201170330360101130060101A4DDA6B&lr=all&mime_type=video_mp4&net=0&pl=0&qs=5&rc=am5zdDw6ZmhqNjMzNzczM0ApOWRnZ2k2NmU0NzRoaGg5O2dtNGtncjRnb2hgLS1kMTZzczQxYF81MjRgM18wNjAxYV86Yw%3D%3D&vl=&vr=
video/mp4, bytesbytes 0-829414/829415, 1642390311.293342, 1642390311.295066, 1642390311.4252007, 1642390312.3111074, v16m.tiktokcdn-us.com, f83c920af96c1bb73b5dc243120b7891, /f83c920af96c1bb73b5dc243120b7891/61e53747/video/tos/useast5/tos-useast5-ve-0068c001-tx/a5750ac544c0489d9dc41c02107a19b2/?a=1233&br=1100&bt=550&cd=0%7C0%7C0&ch=0&cr=3&cs=2&cv=1&dr=0&ds=6&er=&ft=c~.Zm4L-gXoInz7T&l=202201170330360101130060101A4DDA6B&lr=all&mime_type=video_mp4&net=0&pl=0&qs=11&rc=M29saWg6ZjczOjMzZzczNEApODk4NDs5O2VlNzY3aDszaGcyNGBocjRfX2FgLS1kMS9zczRgMTRhNDA1NC1jYzNiMy86Yw%3D%3D&vl=&vr=
video/mp4, bytesbytes 1024000-1130686/1130687, 1642390337.0002265, 1642390337.0120885, 1642390337.0389707, 1642390337.1915338, v16m.tiktokcdn-us.com, 11520bb8eeb3be9c72e534da444ee887, /11520bb8eeb3be9c72e534da444ee887/61e5374b/video/tos/useast2a/tos-useast2a-ve-0068c004/4dd3485cb1714c11939fbdd0790ecb0f/?a=1233&br=1160&bt=580&cd=0%7C0%7C0&ch=0&cr=3&cs=2&cv=1&dr=0&ds=6&er=&ft=c~.Zm4L-gXoInz7T&l=202201170330360101130060101A4DDA6B&lr=all&mime_type=video_mp4&net=0&pl=0&qs=5&rc=MzlqN214NThwNTMzNzczM0ApNmQ5PGZnO2Q8N2VoN2ZkM2cubjNkcWZyam5gLS1kMTZzc2MyYTY2Yy4yLjYyXzMvMDA6Yw%3D%3D&vl=&vr=
video/mp4, bytesbytes 0-1024000/2121440, 1642390337.3211715, 1642390337.3227994, 1642390337.3443975, 1642390338.5022473, v16m.tiktokcdn-us.com, 632e76016ff58f8096ce67b9cd72a94c, /632e76016ff58f8096ce67b9cd72a94c/61e53751/video/tos/useast2a/tos-useast2a-pve-0068/bce660f83b4044319aeab83ae5a264f6/?a=1233&br=1562&bt=781&cd=0%7C0%7C0&ch=0&cr=3&cs=2&cv=1&dr=0&ds=6&er=&ft=c~.Zm4L-gXoInz7T&l=202201170330360101130060101A4DDA6B&lr=all&mime_type=video_mp4&net=0&pl=0&qs=5&rc=ajtwaW9vZGt5NTMzNzczM0ApMzo0ZTNlNWQ4N2Y4Zjg5Z2djaTZlczNkM2dgLS1kMTZzc2A2MC4wYy9iYTQtMmBjNl46Yw%3D%3D&vl=&vr=
video/mp4, bytesbytes 1024000-1069290/1069291, 1642390339.6249218, 1642390339.625729, 1642390339.6430576, 1642390339.6922634, v16m.tiktokcdn-us.com, 5c8739f3ff717d44db09eb1adbbaac31, /5c8739f3ff717d44db09eb1adbbaac31/61e53755/video/tos/alisg/tos-alisg-pve-0037c001/4a0a9e195fa24116ac3ca1661083a252/?a=1233&br=658&bt=329&cd=0%7C0%7C0&ch=0&cr=3&cs=2&cv=1&dr=0&ds=6&er=&ft=c~.Zm4L-gXoInz7T&l=202201170330360101130060101A4DDA6B&lr=all&mime_type=video_mp4&net=0&pl=0&qs=4&rc=ajY3Njk6ZmU2OTMzODczNEApaDZmNjs7NWQ0NzlmM2g2ZGdsb25ucjRvM2BgLS1kMS1zczQ0MC9jNC5jMWMzNmMtLy46Yw%3D%3D&vl=&vr=
video/mp4, bytesbytes 0-1024000/1092150, 1642390339.8402028, 1642390339.842903, 1642390339.889389, 1642390341.1059916, v16m.tiktokcdn-us.com, 1366c5185460acd40954ae2dbde89304, /1366c5185460acd40954ae2dbde89304/61e5374b/video/tos/useast2a/tos-useast2a-ve-0068c003/611da05dff2541bba24506d504120187/?a=1233&br=1106&bt=553&cd=0%7C0%7C0&ch=0&cr=3&cs=2&cv=1&dr=0&ds=6&er=&ft=c~.Zm4L-gXoInz7T&l=202201170330360101130060101A4DDA6B&lr=all&mime_type=video_mp4&net=0&pl=0&qs=11&rc=ajo6ZzZyOmt2dDMzNzczM0ApaGc0OzY6N2VlNzM1OTw3aWdfbmYzbDAvYzBfLS1jMTZzc2NjNmA1NS0zLTE0MF80MGI6Yw%3D%3D&vl=&vr=
video/mp4, bytesbytes 0-558138/558139, 1642390341.604988, 1642390341.606612, 1642390341.625569, 1642390342.2758508, v16m.tiktokcdn-us.com, bfa400ad77f28f28119e0b97ee92687c, /bfa400ad77f28f28119e0b97ee92687c/61e53744/video/tos/useast2a/tos-useast2a-pve-0068/060bd750fbeb462c8e674263b1a14cc8/?a=1233&br=1054&bt=527&cd=0%7C0%7C0&ch=0&cr=3&cs=2&cv=1&dr=0&ds=3&er=&ft=c~.Zm4L-gXoInz7T&l=202201170330360101130060101A4DDA6B&lr=all&mime_type=video_mp4&net=0&pl=0&qs=14&rc=ajlncnh0bXY7NTMzNzczM0ApPDs8Nzk0ZmVmN2c3M2lkO2deNjU1MjFhZl5gLS1kMTZzcy8uXjMtYTJiX2BjMjIuNjQ6Yw%3D%3D&vl=&vr=
video/mp4, bytesbytes 1024000-2121439/2121440, 1642390363.9460003, 1642390363.9472654, 1642390364.50301, 1642390365.9949703, v16m.tiktokcdn-us.com, 632e76016ff58f8096ce67b9cd72a94c, /632e76016ff58f8096ce67b9cd72a94c/61e53751/video/tos/useast2a/tos-useast2a-pve-0068/bce660f83b4044319aeab83ae5a264f6/?a=1233&br=1562&bt=781&cd=0%7C0%7C0&ch=0&cr=3&cs=2&cv=1&dr=0&ds=6&er=&ft=c~.Zm4L-gXoInz7T&l=202201170330360101130060101A4DDA6B&lr=all&mime_type=video_mp4&net=0&pl=0&qs=5&rc=ajtwaW9vZGt5NTMzNzczM0ApMzo0ZTNlNWQ4N2Y4Zjg5Z2djaTZlczNkM2dgLS1kMTZzc2A2MC4wYy9iYTQtMmBjNl46Yw%3D%3D&vl=&vr=
video/mp4, bytesbytes 0-572369/572370, 1642390366.5183244, 1642390366.5195274, 1642390366.5323453, 1642390367.2353506, v19.tiktokcdn-us.com, 4f0ef8d409af1126bc528e3232b9458e, /4f0ef8d409af1126bc528e3232b9458e/61e537c3/video/tos/useast2a/tos-useast2a-ve-0068c002/9a2794aa230541308cc5eca4e5bafa23/?a=1233&br=1170&bt=585&cd=0%7C0%7C0&ch=0&cr=3&cs=2&cv=1&dr=0&ds=3&er=&ft=c~.Zm4L-gXoInz7T&l=202201170332440101131352310F53316E&lr=all&mime_type=video_mp4&net=0&pl=0&qs=14&rc=M3kzcms1NHd0NDMzOjczM0ApZGc7OjU6PGQ3Nzg4aTozZGc1a3NhbGowbDJgLS02MTZzcy82YjItMV9iLV8vYjEwNF86Yw%3D%3D&vl=&vr=
video/mp4, bytesbytes 0-1024000/1115179, 1642390367.4573803, 1642390367.458879, 1642390367.4705184, 1642390368.5151594, v19.tiktokcdn-us.com, 03c6625f65eb0b0bed84e88beedfd464, /03c6625f65eb0b0bed84e88beedfd464/61e537cc/video/tos/useast2a/tos-useast2a-pve-0068/b7bce4a37804449f9d2183c5933ac52d/?a=1233&br=1022&bt=511&cd=0%7C0%7C0&ch=0&cr=3&cs=2&cv=1&dr=0&ds=6&er=&ft=c~.Zm4L-gXoInz7T&l=202201170332440101131352310F53316E&lr=all&mime_type=video_mp4&net=0&pl=0&qs=5&rc=M2k6OHV0cm5yNjMzNzczM0ApOTU1N2lpNjtmNzo2NTc4aWdtcC01azE1bzZgLS1kMTZzc2I0LTI0YjI1LmA0Ni4xYS86Yw%3D%3D&vl=&vr=
video/mp4, bytesbytes 0-785126/785127, 1642390368.9355838, 1642390368.937915, 1642390368.9489474, 1642390369.7223363, v19.tiktokcdn-us.com, e90be1a0d54fc3804c37a728d818e87d, /e90be1a0d54fc3804c37a728d818e87d/61e537ca/video/tos/useast2a/tos-useast2a-ve-0068c002/6a64302591914e788873b4fa55cd0878/?a=1233&br=820&bt=410&cd=0%7C0%7C0&ch=0&cr=3&cs=2&cv=1&dr=0&ds=6&er=&ft=c~.Zm4L-gXoInz7T&l=202201170332440101131352310F53316E&lr=all&mime_type=video_mp4&net=0&pl=0&qs=5&rc=ajhkeTtyNjM1NDMzNzczM0ApN2c3ODU4NmRnN2Y7ZWQ1OmcvamRjNGE2LmtgLS1kMTZzc2NiX2BiNi8uNTVeYzAtXjI6Yw%3D%3D&vl=&vr=
video/mp4, bytesbytes 1024000-1092149/1092150, 1642390385.5233676, 1642390385.52511, 1642390385.558992, 1642390385.6115246, v16m.tiktokcdn-us.com, 1366c5185460acd40954ae2dbde89304, /1366c5185460acd40954ae2dbde89304/61e5374b/video/tos/useast2a/tos-useast2a-ve-0068c003/611da05dff2541bba24506d504120187/?a=1233&br=1106&bt=553&cd=0%7C0%7C0&ch=0&cr=3&cs=2&cv=1&dr=0&ds=6&er=&ft=c~.Zm4L-gXoInz7T&l=202201170330360101130060101A4DDA6B&lr=all&mime_type=video_mp4&net=0&pl=0&qs=11&rc=ajo6ZzZyOmt2dDMzNzczM0ApaGc0OzY6N2VlNzM1OTw3aWdfbmYzbDAvYzBfLS1jMTZzc2NjNmA1NS0zLTE0MF80MGI6Yw%3D%3D&vl=&vr=
video/mp4, bytesbytes 0-444670/444671, 1642390385.711343, 1642390385.7136767, 1642390385.7380059, 1642390386.300029, v19.tiktokcdn-us.com, b56942fdbb3ef7849d01a1fd84493edf, /b56942fdbb3ef7849d01a1fd84493edf/61e537c3/video/tos/alisg/tos-alisg-pve-0037c001/483cae1dd53b40d999040db9dcbd2da8/?a=1233&br=864&bt=432&cd=0%7C0%7C0&ch=0&cr=3&cs=2&cv=1&dr=0&ds=6&er=&ft=c~.Zm4L-gXoInz7T&l=202201170332440101131352310F53316E&lr=all&mime_type=video_mp4&net=0&pl=0&qs=4&rc=MzQzPHNnNjg8NDMzNTczM0ApZzo7OTg8OWVnN2dkM2Y6OmdnYW5ibTJwcjZgLS0xMTRzc2I0NWBfLmIwXi0vLTMxYTE6Yw%3D%3D&vl=&vr=
video/mp4, bytesbytes 0-1024000/1417688, 1642390388.8001547, 1642390388.8045392, 1642390388.8440619, 1642390389.8594823, v19.tiktokcdn-us.com, 47790c64614bfac37342407d8b8c79ec, /47790c64614bfac37342407d8b8c79ec/61e537d0/video/tos/useast2a/tos-useast2a-ve-0068c003/ea7de911776840ddb16332a908d46e62/?a=1233&br=1060&bt=530&cd=0%7C0%7C0&ch=0&cr=3&cs=2&cv=1&dr=0&ds=6&er=&ft=c~.Zm4L-gXoInz7T&l=202201170332440101131352310F53316E&lr=all&mime_type=video_mp4&net=0&pl=0&qs=5&rc=anZ0aGhoNG0zNTMzNzczM0ApNDRoOmc0ZGVpNzdnM2QzOWcvbGZhM3BoLm5gLS1kMTZzcy1fYDBeNS00NF8yYjZgYWE6Yw%3D%3D&vl=&vr=
video/mp4, bytesbytes 1024000-1115178/1115179, 1642390391.0189922, 1642390391.0269156, 1642390391.0682395, 1642390391.1567574, v19.tiktokcdn-us.com, 03c6625f65eb0b0bed84e88beedfd464, /03c6625f65eb0b0bed84e88beedfd464/61e537cc/video/tos/useast2a/tos-useast2a-pve-0068/b7bce4a37804449f9d2183c5933ac52d/?a=1233&br=1022&bt=511&cd=0%7C0%7C0&ch=0&cr=3&cs=2&cv=1&dr=0&ds=6&er=&ft=c~.Zm4L-gXoInz7T&l=202201170332440101131352310F53316E&lr=all&mime_type=video_mp4&net=0&pl=0&qs=5&rc=M2k6OHV0cm5yNjMzNzczM0ApOTU1N2lpNjtmNzo2NTc4aWdtcC01azE1bzZgLS1kMTZzc2I0LTI0YjI1LmA0Ni4xYS86Yw%3D%3D&vl=&vr=
video/mp4, bytesbytes 0-621511/621512, 1642390391.2795513, 1642390391.281743, 1642390391.3001714, 1642390391.998361, v19.tiktokcdn-us.com, 33827515b1dd131b84f16951e5eb9b45, /33827515b1dd131b84f16951e5eb9b45/61e537ca/video/tos/useast2a/tos-useast2a-ve-0068c003/8a331142577249c1871010195fd4a5f3/?a=1233&br=682&bt=341&cd=0%7C0%7C0&ch=0&cr=3&cs=2&cv=1&dr=0&ds=6&er=&ft=c~.Zm4L-gXoInz7T&l=202201170332440101131352310F53316E&lr=all&mime_type=video_mp4&net=0&pl=0&qs=4&rc=MzRoaGV1czhxMzMzZzczM0ApMzZnPDZpNmRmN2RlZ2RkOGcvZDQxcDU1ZW5gLS1eMTZzczNgNGBhYl5jYzMyMzJgNDM6Yw%3D%3D&vl=&vr=
video/mp4, bytesbytes 0-599629/599630, 1642390392.236533, 1642390392.2378318, 1642390392.249508, 1642390392.8695858, v19.tiktokcdn-us.com, c05f5e2bded8cbfa102ad35f17c11ec5, /c05f5e2bded8cbfa102ad35f17c11ec5/61e537c3/video/tos/useast2a/tos-useast2a-ve-0068c004/53037072e7ea46719f71503983e53896/?a=1233&br=1180&bt=590&cd=0%7C0%7C0&ch=0&cr=3&cs=2&cv=1&dr=0&ds=3&er=&ft=c~.Zm4L-gXoInz7T&l=202201170332440101131352310F53316E&lr=all&mime_type=video_mp4&net=0&pl=0&qs=14&rc=M2dvcmg6ZmZtOTMzNzczM0ApNWg6aWY2aGU8NzdpOWc7OWdsaGEucjRvZV9gLS1kMTZzc15hLjIzXmIxNWNeYjUwYGA6Yw%3D%3D&vl=&vr=
video/mp4, bytesbytes 0-473870/473871, 1642390393.3078775, 1642390393.3099706, 1642390393.3194335, 1642390393.8365712, v19.tiktokcdn-us.com, fe0f47d9486cfbccd14c2c75fc054170, /fe0f47d9486cfbccd14c2c75fc054170/61e537c0/video/tos/useast2a/tos-useast2a-ve-0068c004/e99cb9d5a11d4ac7a496622b02f8a9ad/?a=1233&br=1476&bt=738&cd=0%7C0%7C0&ch=0&cr=3&cs=0&dr=0&ds=2&er=&ft=c~.Zm4L-gXoInz7T&l=202201170332440101131352310F53316E&lr=all&mime_type=video_mp4&net=0&pl=0&qs=0&rc=MzN1NmdkcnU2NTMzNzczM0ApNjk0Z2c7Zzs4NzRmMzYzM2dwYmtrai5laXFgLS1kMTZzc2BiNV4zNTEyNjQ0XmEzMS86Yw%3D%3D&vl=&vr=
video/mp4, bytesbytes 0-1024000/1492445, 1642390396.943183, 1642390396.9449499, 1642390396.9569755, 1642390397.9822438, v19.tiktokcdn-us.com, 60a177b8af360274dc0002f593d0ed15, /60a177b8af360274dc0002f593d0ed15/61e537cf/video/tos/useast2a/tos-useast2a-ve-0068c001/c5de9ff6392249969411ec47d9e78136/?a=1233&br=1208&bt=604&cd=0%7C0%7C0&ch=0&cr=3&cs=2&cv=1&dr=0&ds=6&er=&ft=c~.Zm4L-gXoInz7T&l=202201170332440101131352310F53316E&lr=all&mime_type=video_mp4&net=0&pl=0&qs=4&rc=ampneXc6ZTR3NTMzNzczM0ApPDo7OjtpZzs6N2Y8ZWdmZGdzLWgwNmMtNGNgLS1kMTZzc2M0NTU2MDUyYDExXmE2Y146Yw%3D%3D&vl=&vr=
video/mp4, bytesbytes 1024000-1417687/1417688, 1642390399.245011, 1642390399.2467673, 1642390399.280136, 1642390399.8135364, v19.tiktokcdn-us.com, 47790c64614bfac37342407d8b8c79ec, /47790c64614bfac37342407d8b8c79ec/61e537d0/video/tos/useast2a/tos-useast2a-ve-0068c003/ea7de911776840ddb16332a908d46e62/?a=1233&br=1060&bt=530&cd=0%7C0%7C0&ch=0&cr=3&cs=2&cv=1&dr=0&ds=6&er=&ft=c~.Zm4L-gXoInz7T&l=202201170332440101131352310F53316E&lr=all&mime_type=video_mp4&net=0&pl=0&qs=5&rc=anZ0aGhoNG0zNTMzNzczM0ApNDRoOmc0ZGVpNzdnM2QzOWcvbGZhM3BoLm5gLS1kMTZzcy1fYDBeNS00NF8yYjZgYWE6Yw%3D%3D&vl=&vr=
video/mp4, bytesbytes 0-633979/633980, 1642390400.0024087, 1642390400.0036457, 1642390400.021495, 1642390400.717154, v19.tiktokcdn-us.com, b5dfb0b2e419452e6b0aa830cf9da09a, /b5dfb0b2e419452e6b0aa830cf9da09a/61e537cc/video/tos/useast5/tos-useast5-pve-0068-tx/f62e02f024c540c89a00998f535a6845/?a=1233&br=582&bt=291&cd=0%7C0%7C0&ch=0&cr=3&cs=2&cv=1&dr=0&ds=3&er=&ft=c~.Zm4L-gXoInz7T&l=202201170332440101131352310F53316E&lr=all&mime_type=video_mp4&net=0&pl=0&qs=14&rc=anhtOmY6Zmo6OjMzZzczNEApOjM6NDc4aWRkNzVlODRpOWdybmZucjRfbTZgLS1kMS9zcy4vYmFhMV5jMzZeNjY1XjY6Yw%3D%3D&vl=&vr=
video/mp4, bytesbytes 1024000-1492444/1492445, 1642390412.250219, 1642390412.2544432, 1642390412.2705677, 1642390412.950435, v19.tiktokcdn-us.com, 60a177b8af360274dc0002f593d0ed15, /60a177b8af360274dc0002f593d0ed15/61e537cf/video/tos/useast2a/tos-useast2a-ve-0068c001/c5de9ff6392249969411ec47d9e78136/?a=1233&br=1208&bt=604&cd=0%7C0%7C0&ch=0&cr=3&cs=2&cv=1&dr=0&ds=6&er=&ft=c~.Zm4L-gXoInz7T&l=202201170332440101131352310F53316E&lr=all&mime_type=video_mp4&net=0&pl=0&qs=4&rc=ampneXc6ZTR3NTMzNzczM0ApPDo7OjtpZzs6N2Y8ZWdmZGdzLWgwNmMtNGNgLS1kMTZzc2M0NTU2MDUyYDExXmE2Y146Yw%3D%3D&vl=&vr=
video/mp4, bytesbytes 0-1024000/1696741, 1642390413.1531696, 1642390413.1567597, 1642390413.1741118, 1642390414.1099834, v16m.tiktokcdn-us.com, 6b135102c0bf46a494fb3ec9b747a712, /6b135102c0bf46a494fb3ec9b747a712/61e537fe/video/tos/useast2a/tos-useast2a-ve-0068c003/f348836467bc49eaa857075d7c4a121e/?a=1233&br=1382&bt=691&cd=0%7C0%7C0&ch=0&cr=3&cs=2&cv=1&dr=0&ds=6&er=&ft=c~.Zm4L-gXoInz7T&l=20220117033330010113006132144C6468&lr=all&mime_type=video_mp4&net=0&pl=0&qs=5&rc=anhwMzw6ZnRqNzMzNzczM0ApZmRlNzpnaGQ0NzloO2k6OWctZ2sycjQwLWpgLS1kMTZzczZeMzE0YWAzLTMuXi8xYWM6Yw%3D%3D&vl=&vr=
video/mp4, bytesbytes 0-1024000/1086827, 1642390414.6056373, 1642390414.6066778, 1642390414.643243, 1642390415.5739117, v16m.tiktokcdn-us.com, 5845571052bb585bdf8a76f9b2160606, /5845571052bb585bdf8a76f9b2160606/61e537fb/video/tos/useast2a/tos-useast2a-ve-0068c001/295b332c110d4d928a200669b9671d6c/?a=1233&br=1022&bt=511&cd=0%7C0%7C0&ch=0&cr=3&cs=2&cv=1&dr=0&ds=6&er=&ft=c~.Zm4L-gXoInz7T&l=20220117033330010113006132144C6468&lr=all&mime_type=video_mp4&net=0&pl=0&qs=4&rc=anA2NDg6Zmt2NzMzNzczM0ApPGc1Omg2ZWU3N2hmMzc4OWdhMXI2cjRfZy9gLS1kMTZzcy1eX14zLTUzYGNeYi9fNjE6Yw%3D%3D&vl=&vr=
video/mp4, bytesbytes 0-265347/265348, 1642390415.9992847, 1642390416.001074, 1642390416.029804, 1642390416.251482, v16m.tiktokcdn-us.com, fe4d747b29f6bc0db822a19f6b2d4245, /fe4d747b29f6bc0db822a19f6b2d4245/61e537f3/video/tos/alisg/tos-alisg-pve-0037c001/88d0a2f0d8fd40f699e281a9c3b021f0/?a=1233&br=482&bt=241&cd=0%7C0%7C0&ch=0&cr=3&cs=2&cv=1&dr=0&ds=6&er=&ft=c~.Zm4L-gXoInz7T&l=20220117033330010113006132144C6468&lr=all&mime_type=video_mp4&net=0&pl=0&qs=11&rc=ajdzOXE6bDNyMzMzODczM0ApNTk1aTU8OGRoNzdoM2Y5aWdgMzExMm9rcDRgLS0yMTRzcy0zMTEyXmAvYi81MzAxLWI6Yw%3D%3D&vl=&vr=
video/mp4, bytesbytes 0-517792/517793, 1642390416.4790828, 1642390416.4806576, 1642390416.5048423, 1642390416.9255567, v16m.tiktokcdn-us.com, 0cfe00308729efa0debc1bf6ae6cce1e, /0cfe00308729efa0debc1bf6ae6cce1e/61e537f3/video/tos/useast2a/tos-useast2a-ve-0068c004/61ddc728cfd74da9806df42f9f1aa3a3/?a=1233&br=926&bt=463&cd=0%7C0%7C0&ch=0&cr=3&cs=2&cv=1&dr=0&ds=6&er=&ft=c~.Zm4L-gXoInz7T&l=20220117033330010113006132144C6468&lr=all&mime_type=video_mp4&net=0&pl=0&qs=5&rc=amRzOzp5aHRneDMzPDczM0ApNzVmaTk2N2RoNzc7ZDQ3aWdyaGs0YWpnLWRfLS0zMTZzczJjNDMwXy1hYzVjYmA1Nl46Yw%3D%3D&vl=&vr=
video/mp4, bytesbytes 0-1024000/3512906, 1642390431.8090482, 1642390431.8102767, 1642390431.8340735, 1642390433.4292905, v16m.tiktokcdn-us.com, f1db5d698b5e3f362dad6c7753b71700, /f1db5d698b5e3f362dad6c7753b71700/61e53813/video/tos/useast5/tos-useast5-ve-0068c001-tx/38bf562383a74abdb674e88e1fafda47/?a=1233&br=1342&bt=671&cd=0%7C0%7C0&ch=0&cr=3&cs=2&cv=1&dr=0&ds=6&er=&ft=c~.Zm4L-gXoInz7T&l=20220117033330010113006132144C6468&lr=all&mime_type=video_mp4&net=0&pl=0&qs=11&rc=M3JsZGQ6Zjg5OjMzZzczNEApaDpoNTRlNzszNzU4OGg0OGdxY3BocjRfZTBgLS1kMS9zc18xMjItMTMtNjRgXzMwX2I6Yw%3D%3D&vl=&vr=
video/mp4, bytesbytes 1024000-1696740/1696741, 1642390449.0127654, 1642390449.0140152, 1642390449.0435221, 1642390449.6748047, v16m.tiktokcdn-us.com, 6b135102c0bf46a494fb3ec9b747a712, /6b135102c0bf46a494fb3ec9b747a712/61e537fe/video/tos/useast2a/tos-useast2a-ve-0068c003/f348836467bc49eaa857075d7c4a121e/?a=1233&br=1382&bt=691&cd=0%7C0%7C0&ch=0&cr=3&cs=2&cv=1&dr=0&ds=6&er=&ft=c~.Zm4L-gXoInz7T&l=20220117033330010113006132144C6468&lr=all&mime_type=video_mp4&net=0&pl=0&qs=5&rc=anhwMzw6ZnRqNzMzNzczM0ApZmRlNzpnaGQ0NzloO2k6OWctZ2sycjQwLWpgLS1kMTZzczZeMzE0YWAzLTMuXi8xYWM6Yw%3D%3D&vl=&vr=
video/mp4, bytesbytes 1024000-1086826/1086827, 1642390449.835519, 1642390449.837463, 1642390449.880812, 1642390449.9202902, v16m.tiktokcdn-us.com, 5845571052bb585bdf8a76f9b2160606, /5845571052bb585bdf8a76f9b2160606/61e537fb/video/tos/useast2a/tos-useast2a-ve-0068c001/295b332c110d4d928a200669b9671d6c/?a=1233&br=1022&bt=511&cd=0%7C0%7C0&ch=0&cr=3&cs=2&cv=1&dr=0&ds=6&er=&ft=c~.Zm4L-gXoInz7T&l=20220117033330010113006132144C6468&lr=all&mime_type=video_mp4&net=0&pl=0&qs=4&rc=anA2NDg6Zmt2NzMzNzczM0ApPGc1Omg2ZWU3N2hmMzc4OWdhMXI2cjRfZy9gLS1kMTZzcy1eX14zLTUzYGNeYi9fNjE6Yw%3D%3D&vl=&vr=
video/mp4, bytesbytes 0-1024000/1218626, 1642390449.9835825, 1642390449.986838, 1642390450.0292172, 1642390450.900067, v16m.tiktokcdn-us.com, af66890abbd4778ba3414dffbd896f09, /af66890abbd4778ba3414dffbd896f09/61e537fa/video/tos/useast2a/tos-useast2a-ve-0068c003/747444f35516410996c8d053f099c6cf/?a=1233&br=1246&bt=623&cd=0%7C0%7C0&ch=0&cr=3&cs=2&cv=1&dr=0&ds=6&er=&ft=c~.Zm4L-gXoInz7T&l=20220117033330010113006132144C6468&lr=all&mime_type=video_mp4&net=0&pl=0&qs=4&rc=ajZ5OTtzbGo5NDMzNzczM0ApOmRmNzc0ZDs4NzszZ2RpZ2dqXjFga3NvY2tgLS1kMTZzczQzLTZjMV8uYS4wLmFgXjA6Yw%3D%3D&vl=&vr=
video/mp4, bytesbytes 0-533647/533648, 1642390451.3687127, 1642390451.3712842, 1642390451.3908393, 1642390451.9060855, v16m.tiktokcdn-us.com, 4c68217eeef26e0ecc60b63520dfeeaa, /4c68217eeef26e0ecc60b63520dfeeaa/61e537f4/video/tos/useast2a/tos-useast2a-ve-0068c002/3de104e8920c42b783312742acf07bdb/?a=1233&br=872&bt=436&cd=0%7C0%7C0&ch=0&cr=3&cs=2&cv=1&dr=0&ds=6&er=&ft=c~.Zm4L-gXoInz7T&l=20220117033330010113006132144C6468&lr=all&mime_type=video_mp4&net=0&pl=0&qs=4&rc=am52Zzs6ZndrNzMzNzczM0ApOGk2ZWU4Zzs1N2RoOmVpZ2dnZGk1cjQwXmxgLS1kMTZzczRgMWAyYmBeY2BhMWIxLl46Yw%3D%3D&vl=&vr=
video/mp4, bytesbytes 0-1024000/1341214, 1642390459.9697304, 1642390459.9775796, 1642390460.0225775, 1642390461.2007253, v16m.tiktokcdn-us.com, 4bdf31c04dccba308fea5c7549b0db9f, /4bdf31c04dccba308fea5c7549b0db9f/61e537fa/video/tos/useast2a/tos-useast2a-ve-0068c002/9e8ed43555484c4b83d5257edb9435d0/?a=1233&br=1346&bt=673&cd=0%7C0%7C0&ch=0&cr=3&cs=2&cv=1&dr=0&ds=6&er=&ft=c~.Zm4L-gXoInz7T&l=20220117033330010113006132144C6468&lr=all&mime_type=video_mp4&net=0&pl=0&qs=11&rc=ajVyZzt5dGlreDMzZTczM0ApZzw0Ozk2OmQ0NzVoOWRnZmcuZWYxL3BuaDRfLS0wMTZzc2IyMC1jNF40XjY2LTAwLzQ6Yw%3D%3D&vl=&vr=
video/mp4, bytesbytes 0-1024000/1468106, 1642390461.7098384, 1642390461.7113242, 1642390461.7298281, 1642390462.676642, v16m.tiktokcdn-us.com, 272451e71c7181e9874f749fe0dc44a1, /272451e71c7181e9874f749fe0dc44a1/61e537f9/video/tos/useast2a/tos-useast2a-ve-0068c001/b21486bb7d81477baabd50d3c947dcf1/?a=1233&br=1530&bt=765&cd=0%7C0%7C0&ch=0&cr=3&cs=2&cv=1&dr=0&ds=6&er=&ft=c~.Zm4L-gXoInz7T&l=20220117033330010113006132144C6468&lr=all&mime_type=video_mp4&net=0&pl=0&qs=5&rc=ajRwZTw7bGR2NjMzNzczM0ApaWhnOWZlO2U7N2ZoZDg5M2dvNmFvMXBvYGRgLS1kMTZzcy8xNmJfXzItNC42Yy5gXzQ6Yw%3D%3D&vl=&vr=
video/mp4, bytesbytes 1024000-3512905/3512906, 1642390469.5940316, 1642390469.5967145, 1642390469.6348302, 1642390471.9971278, v16m.tiktokcdn-us.com, f1db5d698b5e3f362dad6c7753b71700, /f1db5d698b5e3f362dad6c7753b71700/61e53813/video/tos/useast5/tos-useast5-ve-0068c001-tx/38bf562383a74abdb674e88e1fafda47/?a=1233&br=1342&bt=671&cd=0%7C0%7C0&ch=0&cr=3&cs=2&cv=1&dr=0&ds=6&er=&ft=c~.Zm4L-gXoInz7T&l=20220117033330010113006132144C6468&lr=all&mime_type=video_mp4&net=0&pl=0&qs=11&rc=M3JsZGQ6Zjg5OjMzZzczNEApaDpoNTRlNzszNzU4OGg0OGdxY3BocjRfZTBgLS1kMS9zc18xMjItMTMtNjRgXzMwX2I6Yw%3D%3D&vl=&vr=
video/mp4, bytesbytes 0-693192/693193, 1642390473.076022, 1642390473.0774496, 1642390473.1274893, 1642390473.7391987, v16m.tiktokcdn-us.com, e2f0456f9c4f4714f5d6fa86c2b85d64, /e2f0456f9c4f4714f5d6fa86c2b85d64/61e537f3/video/tos/useast2a/tos-useast2a-ve-0068c004/a9eb81410a7f48f794f98e82aae77edb/?a=1233&br=1254&bt=627&cd=0%7C0%7C0&ch=0&cr=3&cs=2&cv=1&dr=0&ds=6&er=&ft=c~.Zm4L-gXoInz7T&l=20220117033330010113006132144C6468&lr=all&mime_type=video_mp4&net=0&pl=0&qs=5&rc=M3V0ZDxmOjtuNDMzMzczM0ApOmdmZGg3OGQ3N2VnZzQ5NWduZGVtNmVzMWRgLS02MTZzc2EyLi4xYmEuMzU1YzFeNWI6Yw%3D%3D&vl=&vr=
video/mp4, bytesbytes 1024000-1218625/1218626, 1642390477.1502433, 1642390477.1518567, 1642390477.164108, 1642390477.4253435, v16m.tiktokcdn-us.com, af66890abbd4778ba3414dffbd896f09, /af66890abbd4778ba3414dffbd896f09/61e537fa/video/tos/useast2a/tos-useast2a-ve-0068c003/747444f35516410996c8d053f099c6cf/?a=1233&br=1246&bt=623&cd=0%7C0%7C0&ch=0&cr=3&cs=2&cv=1&dr=0&ds=6&er=&ft=c~.Zm4L-gXoInz7T&l=20220117033330010113006132144C6468&lr=all&mime_type=video_mp4&net=0&pl=0&qs=4&rc=ajZ5OTtzbGo5NDMzNzczM0ApOmRmNzc0ZDs4NzszZ2RpZ2dqXjFga3NvY2tgLS1kMTZzczQzLTZjMV8uYS4wLmFgXjA6Yw%3D%3D&vl=&vr=
video/mp4, bytesbytes 1024000-1341213/1341214, 1642390491.918737, 1642390491.920834, 1642390491.9407296, 1642390492.6437197, v16m.tiktokcdn-us.com, 4bdf31c04dccba308fea5c7549b0db9f, /4bdf31c04dccba308fea5c7549b0db9f/61e537fa/video/tos/useast2a/tos-useast2a-ve-0068c002/9e8ed43555484c4b83d5257edb9435d0/?a=1233&br=1346&bt=673&cd=0%7C0%7C0&ch=0&cr=3&cs=2&cv=1&dr=0&ds=6&er=&ft=c~.Zm4L-gXoInz7T&l=20220117033330010113006132144C6468&lr=all&mime_type=video_mp4&net=0&pl=0&qs=11&rc=ajVyZzt5dGlreDMzZTczM0ApZzw0Ozk2OmQ0NzVoOWRnZmcuZWYxL3BuaDRfLS0wMTZzc2IyMC1jNF40XjY2LTAwLzQ6Yw%3D%3D&vl=&vr=
video/mp4, bytesbytes 1024000-1468105/1468106, 1642390494.1790478, 1642390494.1860693, 1642390494.2230437, 1642390494.8786705, v16m.tiktokcdn-us.com, 272451e71c7181e9874f749fe0dc44a1, /272451e71c7181e9874f749fe0dc44a1/61e537f9/video/tos/useast2a/tos-useast2a-ve-0068c001/b21486bb7d81477baabd50d3c947dcf1/?a=1233&br=1530&bt=765&cd=0%7C0%7C0&ch=0&cr=3&cs=2&cv=1&dr=0&ds=6&er=&ft=c~.Zm4L-gXoInz7T&l=20220117033330010113006132144C6468&lr=all&mime_type=video_mp4&net=0&pl=0&qs=5&rc=ajRwZTw7bGR2NjMzNzczM0ApaWhnOWZlO2U7N2ZoZDg5M2dvNmFvMXBvYGRgLS1kMTZzcy8xNmJfXzItNC42Yy5gXzQ6Yw%3D%3D&vl=&vr=
video/mp4, bytesbytes 0-1024000/1595991, 1642390495.2831285, 1642390495.2844965, 1642390495.3179502, 1642390496.6049101, v39.tiktokcdn-us.com, bcce277e9902b8e2ed1cc5734914da04, /bcce277e9902b8e2ed1cc5734914da04/61e5384e/video/tos/useast2a/tos-useast2a-pve-0068/59f74a14d5854557a633d10b19cb8dd1/?a=1233&br=1324&bt=662&cd=0%7C0%7C0&ch=0&cr=3&cs=2&cv=1&dr=0&ds=6&er=&ft=c~.Zm4L-gXoInz7T&l=202201170334510101131351490A55B2C3&lr=all&mime_type=video_mp4&net=0&pl=0&qs=4&rc=amxzNWg6Zm1pNzMzNzczM0ApZDo8MzxmZWVnN2g2MzQ0O2c0M2YzcjQwaWxgLS1kMTZzczQ2NWAzXzJiNDUvNjIuNjE6Yw%3D%3D&vl=&vr=
video/mp4, bytesbytes 0-1024000/1385717, 1642390497.039261, 1642390497.041127, 1642390497.0585892, 1642390498.3248608, v39.tiktokcdn-us.com, 1ccc4eb1a1095e1008f96d882c26b0da, /1ccc4eb1a1095e1008f96d882c26b0da/61e5384f/video/tos/useast2a/tos-useast2a-pve-0068/a27f7933c7584a20ab3fd6eb8b24a7cc/?a=1233&br=1110&bt=555&cd=0%7C0%7C0&ch=0&cr=3&cs=2&cv=1&dr=0&ds=6&er=&ft=c~.Zm4L-gXoInz7T&l=202201170334510101131351490A55B2C3&lr=all&mime_type=video_mp4&net=0&pl=0&qs=11&rc=anU4aW94PDRpeDMzZzczM0ApZ2U2ZTU7ZDw5NzNoZDg5NGcyZmYtY2Znc2VfLS1jMTZzc2MxMmJeL2BeMzM2XmIvMTQ6Yw%3D%3D&vl=&vr=
video/mp4, bytesbytes 0-419481/419482, 1642390498.7797816, 1642390498.780916, 1642390498.799929, 1642390499.2883718, v39.tiktokcdn-us.com, 3ce0c99be8e23190373c269076a58b43, /3ce0c99be8e23190373c269076a58b43/61e53842/video/tos/useast2a/tos-useast2a-pve-0068/46543e7d809d430f8c7b431197bb09bf/?a=1233&br=916&bt=458&cd=0%7C0%7C0&ch=0&cr=3&cs=2&cv=1&dr=0&ds=6&er=&ft=c~.Zm4L-gXoInz7T&l=202201170334510101131351490A55B2C3&lr=all&mime_type=video_mp4&net=0&pl=0&qs=4&rc=ajc1ZWQ6Zml1NjMzNzczM0ApNDs7OWhnaDtoNzlkOTk4aWdnai1lcjRfcWpgLS1kMTZzc2M0YGBiYF8tYmA2Y2EuL2M6Yw%3D%3D&vl=&vr=
video/mp4, bytesbytes 0-716769/716770, 1642390499.5937476, 1642390499.5948436, 1642390499.614153, 1642390500.4460478, v39.tiktokcdn-us.com, c72f9a29ea56cc59367019184f39163d, /c72f9a29ea56cc59367019184f39163d/61e53846/video/tos/useast2a/tos-useast2a-ve-0068c004/8ef5572352a949ec98150aec8025dd70/?a=1233&br=1038&bt=519&cd=0%7C0%7C0&ch=0&cr=3&cs=2&cv=1&dr=0&ds=6&er=&ft=c~.Zm4L-gXoInz7T&l=202201170334510101131351490A55B2C3&lr=all&mime_type=video_mp4&net=0&pl=0&qs=11&rc=M3Fxczs6Zmc1NzMzNzczM0ApOWdkPDllaDtlNzs0aDdmNmdvNV4vcjRncjFgLS1kMTZzczFiXzQzNjU0NV9fLWBfXl86Yw%3D%3D&vl=&vr=
video/mp4, bytesbytes 0-1024000/1589872, 1642390500.7551978, 1642390500.756633, 1642390500.7798295, 1642390502.0521178, v39.tiktokcdn-us.com, 1059ec9f02842575a44b115a83457d55, /1059ec9f02842575a44b115a83457d55/61e53848/video/tos/useast2a/tos-useast2a-ve-0068c003/91c724bf933b40f5903e337d94f8f6a7/?a=1233&br=1944&bt=972&cd=0%7C0%7C0&ch=0&cr=3&cs=2&cv=1&dr=0&ds=6&er=&ft=c~.Zm4L-gXoInz7T&l=202201170334510101131351490A55B2C3&lr=all&mime_type=video_mp4&net=0&pl=0&qs=5&rc=M2VqbzM6ZmQ7NjMzNzczM0ApZGU1aGc7ZGU2NzhoZTNoZ2dkZGFncjRfaG9gLS1kMTZzcy4zYmA1MmE0NmEzLV8tYjQ6Yw%3D%3D&vl=&vr=
video/mp4, bytesbytes 1024000-1595990/1595991, 1642390502.2458858, 1642390502.2473123, 1642390502.2648284, 1642390502.9999208, v39.tiktokcdn-us.com, bcce277e9902b8e2ed1cc5734914da04, /bcce277e9902b8e2ed1cc5734914da04/61e5384e/video/tos/useast2a/tos-useast2a-pve-0068/59f74a14d5854557a633d10b19cb8dd1/?a=1233&br=1324&bt=662&cd=0%7C0%7C0&ch=0&cr=3&cs=2&cv=1&dr=0&ds=6&er=&ft=c~.Zm4L-gXoInz7T&l=202201170334510101131351490A55B2C3&lr=all&mime_type=video_mp4&net=0&pl=0&qs=4&rc=amxzNWg6Zm1pNzMzNzczM0ApZDo8MzxmZWVnN2g2MzQ0O2c0M2YzcjQwaWxgLS1kMTZzczQ2NWAzXzJiNDUvNjIuNjE6Yw%3D%3D&vl=&vr=
video/mp4, bytesbytes 73728-1024000/1589872, 1642390503.3881812, 1642390503.3903084, 1642390503.4330606, 1642390504.5061026, v39.tiktokcdn-us.com, 1059ec9f02842575a44b115a83457d55, /1059ec9f02842575a44b115a83457d55/61e53848/video/tos/useast2a/tos-useast2a-ve-0068c003/91c724bf933b40f5903e337d94f8f6a7/?a=1233&br=1944&bt=972&cd=0%7C0%7C0&ch=0&cr=3&cs=2&cv=1&dr=0&ds=6&er=&ft=c~.Zm4L-gXoInz7T&l=202201170334510101131351490A55B2C3&lr=all&mime_type=video_mp4&net=0&pl=0&qs=5&rc=M2VqbzM6ZmQ7NjMzNzczM0ApZGU1aGc7ZGU2NzhoZTNoZ2dkZGFncjRfaG9gLS1kMTZzcy4zYmA1MmE0NmEzLV8tYjQ6Yw%3D%3D&vl=&vr=
video/mp4, bytesbytes 0-568988/568989, 1642390504.9226887, 1642390504.9242272, 1642390504.9437025, 1642390505.5875084, v39.tiktokcdn-us.com, 204ffedbb1c0c9f6e783fa78d8c3cf2d, /204ffedbb1c0c9f6e783fa78d8c3cf2d/61e53847/video/tos/useast2a/tos-useast2a-pve-0068/0db5a52be4814ca482755ba7b47a0966/?a=1233&br=764&bt=382&cd=0%7C0%7C0&ch=0&cr=3&cs=2&cv=1&dr=0&ds=6&er=&ft=c~.Zm4L-gXoInz7T&l=202201170334510101131351490A55B2C3&lr=all&mime_type=video_mp4&net=0&pl=0&qs=11&rc=M204cjw6Zm1zODMzNzgzM0ApZmZkOGdkaTs0NztmODk3aGdecmtrcjQwZXFgLS1kLzZzc2BjMWAwLTRfMC8wYmAuNGI6Yw%3D%3D&vl=&vr=
video/mp4, bytesbytes 1024000-1385716/1385717, 1642390521.3068175, 1642390521.3082304, 1642390521.3280184, 1642390521.7404222, v39.tiktokcdn-us.com, 1ccc4eb1a1095e1008f96d882c26b0da, /1ccc4eb1a1095e1008f96d882c26b0da/61e5384f/video/tos/useast2a/tos-useast2a-pve-0068/a27f7933c7584a20ab3fd6eb8b24a7cc/?a=1233&br=1110&bt=555&cd=0%7C0%7C0&ch=0&cr=3&cs=2&cv=1&dr=0&ds=6&er=&ft=c~.Zm4L-gXoInz7T&l=202201170334510101131351490A55B2C3&lr=all&mime_type=video_mp4&net=0&pl=0&qs=11&rc=anU4aW94PDRpeDMzZzczM0ApZ2U2ZTU7ZDw5NzNoZDg5NGcyZmYtY2Znc2VfLS1jMTZzc2MxMmJeL2BeMzM2XmIvMTQ6Yw%3D%3D&vl=&vr=
video/mp4, bytesbytes 0-1024000/1511927, 1642390522.0042427, 1642390522.0068195, 1642390522.0279572, 1642390523.092561, v39.tiktokcdn-us.com, e6d4640e1bf1aafa4d1f193646d06896, /e6d4640e1bf1aafa4d1f193646d06896/61e53850/video/tos/useast2a/tos-useast2a-pve-0068/fcb55ec68264411daa7a8140759786fd/?a=1233&br=1140&bt=570&cd=0%7C0%7C0&ch=0&cr=3&cs=2&cv=1&dr=0&ds=6&er=&ft=c~.Zm4L-gXoInz7T&l=202201170334510101131351490A55B2C3&lr=all&mime_type=video_mp4&net=0&pl=0&qs=11&rc=MzY0NTY6ZjhrNzMzNzczM0ApaWQzOTZlNzw2NzQ6aWloaWdjYnFmcjQwLmhgLS1kMTZzcy1jX2FfYDFhNGEtX2E1LS46Yw%3D%3D&vl=&vr=
video/mp4, bytesbytes 0-418386/418387, 1642390525.8127146, 1642390525.8191214, 1642390525.8584971, 1642390526.318003, v39.tiktokcdn-us.com, 124e51f080bb09168e04c26133c62d10, /124e51f080bb09168e04c26133c62d10/61e53843/video/tos/useast5/tos-useast5-ve-0068c004-tx/76d2b8ec07e045ac97babd32e7849b66/?a=1233&br=856&bt=428&cd=0%7C0%7C0&ch=0&cr=3&cs=2&cv=1&dr=0&ds=3&er=&ft=c~.Zm4L-gXoInz7T&l=202201170334510101131351490A55B2C3&lr=all&mime_type=video_mp4&net=0&pl=0&qs=14&rc=anY1dmk6Zmk2OTMzZzczNEApNTM7PDplZDs3N2k3NTQ0NGdtbl8ycjQwNTFgLS1kMS9zcy1iMTNhMjVgXzFhX2MvNWI6Yw%3D%3D&vl=&vr=
video/mp4, bytesbytes 0-493479/493480, 1642390526.5375638, 1642390526.538956, 1642390526.58802, 1642390527.0614917, v39.tiktokcdn-us.com, baa843f9c2de008a0667d759a4b8cfc5, /baa843f9c2de008a0667d759a4b8cfc5/61e53843/video/tos/useast2a/tos-useast2a-ve-0068c001/2e99d8cb79244ae99f25ae3ac8163fed/?a=1233&br=1044&bt=522&cd=0%7C0%7C0&ch=0&cr=3&cs=2&cv=1&dr=0&ds=6&er=&ft=c~.Zm4L-gXoInz7T&l=202201170334510101131351490A55B2C3&lr=all&mime_type=video_mp4&net=0&pl=0&qs=4&rc=M3hxczRra3FwNjMzNzczM0ApZWVkM2lnaWVmNzk0OjVoZmctaGdqMTVxcTFgLS1kMTZzcy1eMDQ0YTVgNl8yLTMvMGE6Yw%3D%3D&vl=&vr=
video/mp4, bytesbytes 1024000-1589871/1589872, 1642390537.3847299, 1642390537.3866808, 1642390537.4217997, 1642390538.268527, v39.tiktokcdn-us.com, 1059ec9f02842575a44b115a83457d55, /1059ec9f02842575a44b115a83457d55/61e53848/video/tos/useast2a/tos-useast2a-ve-0068c003/91c724bf933b40f5903e337d94f8f6a7/?a=1233&br=1944&bt=972&cd=0%7C0%7C0&ch=0&cr=3&cs=2&cv=1&dr=0&ds=6&er=&ft=c~.Zm4L-gXoInz7T&l=202201170334510101131351490A55B2C3&lr=all&mime_type=video_mp4&net=0&pl=0&qs=5&rc=M2VqbzM6ZmQ7NjMzNzczM0ApZGU1aGc7ZGU2NzhoZTNoZ2dkZGFncjRfaG9gLS1kMTZzcy4zYmA1MmE0NmEzLV8tYjQ6Yw%3D%3D&vl=&vr=
video/mp4, bytesbytes 0-638227/638228, 1642390538.608237, 1642390538.6108828, 1642390538.6460462, 1642390539.7717223, v39.tiktokcdn-us.com, e0c50f9d5ce86848a37e66bd79362ac2, /e0c50f9d5ce86848a37e66bd79362ac2/61e53847/video/tos/useast2a/tos-useast2a-pve-0068/757a2f8b19044ed39ac6674811366bc1/?a=1233&br=852&bt=426&cd=0%7C0%7C0&ch=0&cr=3&cs=2&cv=1&dr=0&ds=6&er=&ft=c~.Zm4L-gXoInz7T&l=202201170334510101131351490A55B2C3&lr=all&mime_type=video_mp4&net=0&pl=0&qs=4&rc=ampkM21rdWVrNjMzNzczM0ApOztlZjVkZWQ1N2UzaTRnNWdqM2luaWliMS5gLS1kMTZzczEzYzQ0NS4uLjUvYDQxLjU6Yw%3D%3D&vl=&vr=
video/mp4, bytesbytes 1024000-1511926/1511927, 1642390542.9130383, 1642390542.9157946, 1642390542.9428244, 1642390543.4695687, v39.tiktokcdn-us.com, e6d4640e1bf1aafa4d1f193646d06896, /e6d4640e1bf1aafa4d1f193646d06896/61e53850/video/tos/useast2a/tos-useast2a-pve-0068/fcb55ec68264411daa7a8140759786fd/?a=1233&br=1140&bt=570&cd=0%7C0%7C0&ch=0&cr=3&cs=2&cv=1&dr=0&ds=6&er=&ft=c~.Zm4L-gXoInz7T&l=202201170334510101131351490A55B2C3&lr=all&mime_type=video_mp4&net=0&pl=0&qs=11&rc=MzY0NTY6ZjhrNzMzNzczM0ApaWQzOTZlNzw2NzQ6aWloaWdjYnFmcjQwLmhgLS1kMTZzcy1jX2FfYDFhNGEtX2E1LS46Yw%3D%3D&vl=&vr=
video/mp4, bytes, 1642390549.1775255, 1642390549.18033, 1642390549.2160683, 1642390550.0907652, v25.tiktokcdn-us.com, e34c2859b5259348a4bf7819c5341e83, /e34c2859b5259348a4bf7819c5341e83/61e53881/video/tos/alisg/tos-alisg-pve-0037c001/528ecdee582c401d94082a44d9ece479/?a=1233&br=898&bt=449&cd=0%7C0%7C0&ch=0&cr=3&cs=2&cv=1&dr=0&ds=6&er=&ft=c~.Zm4L-gXoInz7T&l=20220117033546010113006207124AF4DB&lr=all&mime_type=video_mp4&net=0&pl=0&qs=5&rc=M3E3eTY6ZjNsNzMzODczNEApOjRnNjNpO2U2NzxkMzU6OWdncGlwcjRfZDNgLS1kMS1zczUuNGEwLzEzXzAyYC00LjQ6Yw%3D%3D&vl=&vr=
video/mp4, bytes 0-587184/587185, 1642390550.695805, 1642390550.6970654, 1642390550.7318952, 1642390551.4597633, v25.tiktokcdn-us.com, 7f843a56d4d04366033add34600e625c, /7f843a56d4d04366033add34600e625c/61e53878/video/tos/useast2a/tos-useast2a-ve-0068c001/0c2f08bc79c247508bee147852570e44/?a=1233&br=1376&bt=688&cd=0%7C0%7C0&ch=0&cr=3&cs=2&cv=1&dr=0&ds=6&er=&ft=c~.Zm4L-gXoInz7T&l=20220117033546010113006207124AF4DB&lr=all&mime_type=video_mp4&net=0&pl=0&qs=5&rc=amdzcjk6ZjpnNjMzNzczM0ApNDdoMzwzNjtkNztnNjc5ZWczNmBkcjRfbWxgLS1kMTZzc2IvYF41M2AtLS4wXl9iLzM6Yw%3D%3D&vl=&vr=
