0,v09044e50000btueapv15l8sl3ukeqpg,8077,1038069&571816&372444,aac6649622ff80f9ad6f7a90238708cf&acd03b77fd6db38d41e90ee9114ff20d&28598973e2b090d921f484c645acdaac&a5c9c56a8ebd81e6c7e6ac537584b67a&c039864d953a0cad89c858f50ad32268&da136ab9984245f4791a8dc27d724606,https://v19.tiktokcdn-us.com/aac6649622ff80f9ad6f7a90238708cf/61e536ff/video/tos/useast2a/tos-useast2a-ve-0068c004/13370ab11f50451d9ac6b44b0fed7e9d/?a=1233&br=2026&bt=1013&cd=0%7C0%7C0&ch=0&cr=3&cs=2&cv=1&dr=0&ds=6&er=&ft=c~.Zm4L-gXoInz7T&l=202201170329280101130061641B44085A&lr=all&mime_type=video_mp4&net=0&pl=0&qs=11&rc=anRuNnZvNHNodzMzODczM0ApOGQ1aDlnM2U6N2k4ZjRmZ2dtYnJpNTJzXnJfLS1iMTZzcy0zMzQvYy81MmM1LS8uYzQ6Yw%3D%3D&vl=&vr=
1,v12044gd0000c7bpv0jc77uakaoc0an0,12560,640394&488219&247339&213602,a98ede5ec0592f44661751e51ed78455&1cb25dec9e277c529a0c7ebfad4e0376&f1aad498235d6e1e330a58629c827094&5f5efbd21350fd58bb8704325c6355c9&83af0c70628acd3b14102a0c0aacd406&451802218afb916552a5040e23eca6ac&db27e390f2f98e9a5b6d27a85915cffe&26e64cd0cb6895fc59609aec2f4a1b50,https://v19.tiktokcdn-us.com/a98ede5ec0592f44661751e51ed78455/61e53704/video/tos/useast5/tos-useast5-ve-0068c004-tx/7fb7755292e94b97ae2acf9bbfa03fe3/?a=1233&br=1250&bt=625&cd=0%7C0%7C0&ch=0&cr=3&cs=2&cv=1&dr=0&ds=6&er=&ft=c~.Zm4L-gXoInz7T&l=202201170329280101130061641B44085A&lr=all&mime_type=video_mp4&net=0&pl=0&qs=11&rc=M2RmZGQ6ZjNzOjMzZzczNEApMzY7PDVoNWVlNzQ5aTppN2drLWxocjRnc19gLS1kMS9zcy4vYF5hMDA0NjI2MzNhYC86Yw%3D%3D&vl=&vr=
2,v09044g40000c6ugqd3c77u2124rt93g,20176,2319302&1902672&1030452&876028,5916f066cb7d3acc05b3abadb1bc97e7&4e7e7fdef911e148bd856c47fcefdeeb&e4e1f38148b7d1ef3d361482d7566765&8be726cce8729573a78da72a0761a9e1&4714a8340c2fbebd08ea852aff95c319&910f94bba26c8325c1b39c04cd829738&9443ea4816262b1cb292e8d68fba6a14&bf0bafebbda4fcf518256d5bf6a02a4f,https://v19.tiktokcdn-us.com/5916f066cb7d3acc05b3abadb1bc97e7/61e5370c/video/tos/useast2a/tos-useast2a-pve-0068/9cf3926d23504f68ba3b97edcdc97826/?a=1233&br=4528&bt=2264&cd=0%7C0%7C0&ch=0&cr=3&cs=2&cv=1&dr=0&ds=3&er=&ft=c~.Zm4L-gXoInz7T&l=202201170329280101130061641B44085A&lr=all&mime_type=video_mp4&net=0&pl=0&qs=14&rc=ajx1NTU6ZmdqOTMzNzczM0ApNGkzaWQ1Nzs2NzU3NTQ6OmcwcTEucjQwbnJgLS1kMTZzczM2YjVgLy01YC0tXl40LWM6Yw%3D%3D&vl=&vr=
3,v09044g40000c1kjcjkfbh5e73ktqsqg,17807,788255&644665&394736&273289,e7a11742054e4abd66a9e473aa23a825&f34cde9ba15c47aaf20ae3c44b45c40a&1f859a516a2f436230d7a30ef80e3325&c91b62456d161349a977a01ecd9ba869&b09fdc8beafb4f4b590d371aa8f8a908&8200c64342321e90985d27547f74adbc&439cc5da685844d60d02cc31bdae9ead&41a929cce13e21a20f26da4f2516f4fc,https://v19.tiktokcdn-us.com/e7a11742054e4abd66a9e473aa23a825/61e53709/video/tos/useast2a/tos-useast2a-pve-0068/28e9383b8a8843d19cdf71afb36ba310/?a=1233&br=1538&bt=769&cd=0%7C0%7C0&ch=0&cr=3&cs=2&cv=1&dr=0&ds=3&er=&ft=c~.Zm4L-gXoInz7T&l=202201170329280101130061641B44085A&lr=all&mime_type=video_mp4&net=0&pl=0&qs=14&rc=anZ3NmhraW1tNDMzNzczM0ApZGQ8ZzZkNDxkN2QzNzg7ZWdubmg0Ml9oYGhgLS1kMTZzczYyYV8zNS0vMC9hX2M1Y2E6Yw%3D%3D&vl=&vr=
4,v09044g40000c3lg95bc77u9h05eekn0,46089,555273&414793&370651&261713,9ce6a2c9ae4bb5a253afa6326b218f81&afe9792a5cfcbc46b1d1f08d9a1af2a6&900e1146febdd8084eecad3f449a6213&d202405ef6751317b46a3515ad3ceb90&926a1586f9eac825f0d7f23a29e3998c&e3d2a68048113ddf41959d91f662723b&d93b5e41212fdabfc821e14ce86f8542&8487d9a793216df8dfe1b9a5a94d74e0,https://v19.tiktokcdn-us.com/9ce6a2c9ae4bb5a253afa6326b218f81/61e53725/video/tos/useast2a/tos-useast2a-pve-0068/d71c0e8d4bdd441cb28765ca3433472b/?a=1233&br=1084&bt=542&cd=0%7C0%7C0&ch=0&cr=3&cs=2&cv=1&dr=0&ds=3&er=&ft=c~.Zm4L-gXoInz7T&l=202201170329280101130061641B44085A&lr=all&mime_type=video_mp4&net=0&pl=0&qs=14&rc=M25oMzw6ZjhqNjMzNzczM0ApN2kzaWQ4NDtmN2c6ZTg8aWdrYjJlcjRfNmlgLS1kMTZzczA0YmNjY2AtYDI2MDBfNjY6Yw%3D%3D&vl=&vr=
5,v09044g40000c42euh3c77u1fkgu3370,16646,567887&444282&223592&160019,523513ed4ef4d2578eb8de1fdbd3a6c3&17f14fa58f502a11ade396228e9c4827&dd4cf31153aba0d1b2f7a2999e81e800&088c32f6828fd7589507f5c6b6388a2c&4c56ab284cec31b0520b8d1a2ac88e6a&b880ba38c4e654c041010351d0c33d83&970bdcc72b9dcdd0c03b9ed2b0dc1be4&33860c501f46749c619a2332ff18ac5b,https://v19.tiktokcdn-us.com/523513ed4ef4d2578eb8de1fdbd3a6c3/61e53708/video/tos/useast2a/tos-useast2a-pve-0068/353eea5c512a4e96bf4aed8f1a7c9fe9/?a=1233&br=1108&bt=554&cd=0%7C0%7C0&ch=0&cr=3&cs=2&cv=1&dr=0&ds=3&er=&ft=c~.Zm4L-gXoInz7T&l=202201170329280101130061641B44085A&lr=all&mime_type=video_mp4&net=0&pl=0&qs=14&rc=MzZ4bjQ6ZmtoNzMzNzczM0ApODc0NGk0NmVlN2Q7OjczM2c0MGRjcjQwci9gLS1kMTZzcy8tMWFiYS5fMzIyNTUxXy06Yw%3D%3D&vl=&vr=
6,v09044g40000c33c97iemsh0t2h21a7g,23752,1481860&967805&502757&322580&298757,f1ac636a54d9d5a8a9b808b327578f62&792c7759dbb687965883f33e348ed55d&1b9c34cfe2ff2e352df3249b913e4fc6&2dbbfee951659353efea52cbf937ad1a&a4a3ba434255635b2c1e55bfe02daade&d7150201f71b3847f7e9cd03a49ac398&765b2195f9232852042d8e0a7decf7ff&611835e25397c9964d68fe5000d507e1&6d1740aba9307f488d1cb0380aa1f04b&c824e56f0e27d75504d77f6bc05ef37a,https://v19.tiktokcdn-us.com/f1ac636a54d9d5a8a9b808b327578f62/61e5370f/video/tos/useast2a/tos-useast2a-pve-0068/6db60453f1e54ed6a6763c05f1e88f44/?a=1233&br=2894&bt=1447&cd=0%7C0%7C0&ch=0&cr=3&cs=2&cv=1&dr=0&ds=3&er=&ft=c~.Zm4L-gXoInz7T&l=202201170329280101130061641B44085A&lr=all&mime_type=video_mp4&net=0&pl=0&qs=14&rc=amQ1NTN2aDpmNjMzNzczM0ApZjRkZzc6NzxkN2U4Ozg4O2c0LmVxZWpmNjBgLS1kMTZzczEvYWE1NDVhMjUvMTMyMzY6Yw%3D%3D&vl=&vr=
7,v09044g40000c3sb163c77u1q5eb1gn0,50199,2384648&1679789&1035368&582274,82e7a8232e36f6f6e7515a910eeba794&23d1bb02ce1d9adc29ecfd5006959258&2166df253205939664056430baffc363&4aa24212cef5904b27b46ea4018651b5&cf08f949b3bfe2462db861894af8175e&d674bb099424487704a41637e740bc51&bed4c0defb308a1f286e6657e30e5c93&401c59f769e2d2eda360ce2fdb556ebf,https://v19.tiktokcdn-us.com/82e7a8232e36f6f6e7515a910eeba794/61e5372a/video/tos/useast2a/tos-useast2a-pve-0068/f8286e158fda4ed7bdaec686e27037e0/?a=1233&br=4656&bt=2328&cd=0%7C0%7C0&ch=0&cr=3&cs=2&cv=1&dr=0&ds=3&er=&ft=c~.Zm4L-gXoInz7T&l=202201170329280101130061641B44085A&lr=all&mime_type=video_mp4&net=0&pl=0&qs=14&rc=M2plODQ6ZjllNjMzNzczM0ApZTtmM2Y4ZmU4Nzg0ZTxlOGdrLmJucjQwLnBgLS1kMTZzc2AwYWAzNjBfNDEzXy8uLjU6Yw%3D%3D&vl=&vr=
8,v090445c0000brsj2d7kvluo3u9i7rsg,6639,1025429&793373&341692&224755,5426d3126e1aaea46d049732514b905e&630b1ea10f87cd3b2e1d1b5dceafcfdf&7f7a873754a9db4d604b55359df12f6a&ba77720e17d7ec77b2a7f5c6062d7153&754fe6d812ff27cc8a1bc47d4b3b8210&761307e13f64a943c69c4a98f377496c&fbced7b2cb41a3ee337daa8016251267&473c477ae69143e8b1b6074f136073e7,https://v19.tiktokcdn-us.com/5426d3126e1aaea46d049732514b905e/61e536fe/video/tos/useast2a/tos-useast2a-ve-0068c003/a61a2fdecc7f4812a7e9dcb661f65801/?a=1233&br=2002&bt=1001&cd=0%7C0%7C0&ch=0&cr=3&cs=2&cv=1&dr=0&ds=3&er=&ft=c~.Zm4L-gXoInz7T&l=202201170329280101130061641B44085A&lr=all&mime_type=video_mp4&net=0&pl=0&qs=14&rc=anVseHJvbmdtdTMzZjczM0ApaDZpNzQ0ZTw1N2YzOGk7OmdwNDYwcnM0L3BfLS0yMTZzc2IvYzAvMC8yNDJgNWBhYF86Yw%3D%3D&vl=&vr=
9,v09044g40000c23krfe7g8j7827nf5m0,20176,1391827&955897&832763&560077,8d8dcfd5ad50e8a90d2ea26014e29ddc&d2e5ae720d02b49cae8d2d2bbdd3527b&72e0b13edf0fc917f1b02db0ac0529b1&cfe7550636d34afb3e6d9343d60fee70&32809cc3edc5ab716b5d82445e29c2a1&4b6f54c7ecd145a3539c3fe0d07c620e&7c4a024e61d6282ba709d247e5a5b73b&521baa844b482454ecb250e359011956,https://v19.tiktokcdn-us.com/8d8dcfd5ad50e8a90d2ea26014e29ddc/61e5370c/video/tos/useast2a/tos-useast2a-ve-0068c003/0ed2412d233a49eba49e4af52e6d8eb1/?a=1233&br=2718&bt=1359&cd=0%7C0%7C0&ch=0&cr=3&cs=2&cv=1&dr=0&ds=3&er=&ft=c~.Zm4L-gXoInz7T&l=202201170329280101130061641B44085A&lr=all&mime_type=video_mp4&net=0&pl=0&qs=14&rc=MzhxNTo7OmluNTMzNzczM0ApZGY3OjgzaTw0NzU7Z2k7OWdqYzQ1Z2RibzBgLS1kMTZzczNjYl4xXmNiXmEvMl9hMWE6Yw%3D%3D&vl=&vr=
10,v09044g40000c43ejobc77ue6he4rg2g,17482,500223&416016&227615&166397,0b195543845e79f9b03c25b90f078a8b&378349c0e6588bf7562146f0f7461570&d3af16694ba20175b12cabdd0261b330&a03e463483bd50b9f860adef7ae3e154&41f5c1f19d16d684beb16b873d1e5d4b&79ba83e68b7a7bb51340e3027b0d77ca&3ce2e3e8396d61c254171c58fcbca5d5&98fb4d06f9bc7706a545d0d8e4e5fb14,https://v16m.tiktokcdn-us.com/0b195543845e79f9b03c25b90f078a8b/61e5374d/video/tos/useast2a/tos-useast2a-ve-0068c004/ebeda0edfad943b88c11b94bd99d0786/?a=1233&br=976&bt=488&cd=0%7C0%7C0&ch=0&cr=3&cs=2&cv=1&dr=0&ds=3&er=&ft=c~.Zm4L-gXoInz7T&l=202201170330360101130060101A4DDA6B&lr=all&mime_type=video_mp4&net=0&pl=0&qs=14&rc=amo3a2g6ZnJoNzMzNzczM0ApNGhpNzppNmQ2NzRoNGk0OWcvb2IzcjRfZzBgLS1kMTZzczM1YzIvYWIzYC5iM2AvYDE6Yw%3D%3D&vl=&vr=
11,v09044g40000c3kgrejc77u9jqnp7kpg,39820,1450795&1047947&813997&500737,54d17f25b49566ef16900426302c0c74&01ba7136183cb7b868d252fb5f6b2771&80925f04e16ada1757d9576746f11074&06e8aceabb98744458e841dc6b397dd3&62a496b5847f5d437b9e250d158af85a&a5a5e6aac8c930d254577b0a103689b3&e2e76ab948adebb3278e9334384fab98&b8ad18708941f21f4661c8837a6ec8a1,https://v16m.tiktokcdn-us.com/54d17f25b49566ef16900426302c0c74/61e53763/video/tos/useast2a/tos-useast2a-ve-0068c001/99d27d54a7b143af86fa5f55f0b033eb/?a=1233&br=2832&bt=1416&cd=0%7C0%7C0&ch=0&cr=3&cs=2&cv=1&dr=0&ds=3&er=&ft=c~.Zm4L-gXoInz7T&l=202201170330360101130060101A4DDA6B&lr=all&mime_type=video_mp4&net=0&pl=0&qs=14&rc=am5zdDw6ZmhqNjMzNzczM0ApNGk2aTVmZWU7N2U7Zzk7O2dtNGtncjRnb2hgLS1kMTZzc2I2LS8vNDUwX2A0My8xLjU6Yw%3D%3D&vl=&vr=
12,v09044g40000c2qmm5u2iutjg46gq610,15230,1793520&1235045&889186&593926,6a53f411514cfc382305564ef871d80f&6ca61147c181aefb03bb1179aba5a873&caaa64a3064b587c2d96ec0340a812ae&741265fe0b173e1c01191c3d8cc76874&885e8ff7f4588bbfa571e0424b7409bf&b2be449c0244b32475ca439bdb7ed71a&11520bb8eeb3be9c72e534da444ee887&b50edd1f241e9895f9e7db287a1d7dcf,https://v16m.tiktokcdn-us.com/6a53f411514cfc382305564ef871d80f/61e5374b/video/tos/useast2a/tos-useast2a-ve-0068c004/8c2392560472467faadd751cb7757143/?a=1233&br=3502&bt=1751&cd=0%7C0%7C0&ch=0&cr=3&cs=2&cv=1&dr=0&ds=3&er=&ft=c~.Zm4L-gXoInz7T&l=202201170330360101130060101A4DDA6B&lr=all&mime_type=video_mp4&net=0&pl=0&qs=14&rc=MzlqN214NThwNTMzNzczM0ApZGdlO2c7O2VpNzRnZWYzNGcubjNkcWZyam5gLS1kMTZzc14yXzNgLS1gYzI2NjY2YzY6Yw%3D%3D&vl=&vr=
13,v12044gd0000c7878sjc77u7psv0afkg,15067,661557&552707&464615&385418,8233f66840b5cf91e5f7309b1ed74c9b&c12c7df0c3e1657363d1954b4cb3fd40&8e1b85340fe62da2c340cb92b2393f8f&0bece7e24dd364bdfcdab0e08d4748d1&e979fe5a9c0f083fd8055ba2fcfe3360&c85e318105e0141c87cf2cca1d1cf7f3&e9f4de0b0d4c96788a6ee6795c73b217&1692f84279340fa07c2c8a01d54e72b6,https://v16m.tiktokcdn-us.com/8233f66840b5cf91e5f7309b1ed74c9b/61e5374a/video/tos/useast5/tos-useast5-ve-0068c004-tx/288c2e7eff49415ba3911a0c11c53285/?a=1233&br=1292&bt=646&cd=0%7C0%7C0&ch=0&cr=3&cs=2&cv=1&dr=0&ds=3&er=&ft=c~.Zm4L-gXoInz7T&l=202201170330360101130060101A4DDA6B&lr=all&mime_type=video_mp4&net=0&pl=0&qs=14&rc=amkzdjo6ZnY6OjMzZzczNEApODloODVnOmU6N2k8NzQ6OGdoXnNtcjRnNTVgLS1kMS9zc2NeMzYvYl8tXy4tM19gXjY6Yw%3D%3D&vl=&vr=
14,v10044g50000c6c36brc77u6q3q4r3og,25354,583702&337395&211799,2f663e8d5d8113ab2fed1134627b87fa&50c2c2a8bbc4c1f871c6f96e788431b3&5c8739f3ff717d44db09eb1adbbaac31&49c0ac9227ed9133f0439c5465070020&42d940b4341a420fd2778d84f9839261&d1f0c721834a02fec1409c8c18605b8d,https://v16m.tiktokcdn-us.com/2f663e8d5d8113ab2fed1134627b87fa/61e53755/video/tos/alisg/tos-alisg-pve-0037c001/0fcd2e46f8c24166a41b1a8f9f5a534e/?a=1233&br=1140&bt=570&cd=0%7C0%7C0&ch=0&cr=3&cs=2&cv=1&dr=0&ds=6&er=&ft=c~.Zm4L-gXoInz7T&l=202201170330360101130060101A4DDA6B&lr=all&mime_type=video_mp4&net=0&pl=0&qs=11&rc=ajY3Njk6ZmU2OTMzODczNEApaDU1ODpnZzxmNzNmZGg4M2dsb25ucjRvM2BgLS1kMS1zczEuMDQxM2M0NS9jMWA0My46Yw%3D%3D&vl=&vr=
15,v09044g40000c1qs7cld1cjmekntikqg,10679,864376&417645&264892,d7d3135994c87ceb4a31b26af789a01f&fb1384eb16e82a8551bb0a98cf0ba2c6&4ac5f50401bc84dc4a3ad0ba4f0cd3ef&801582cf23957ae70848314b278d876f&c8d026a003fc92b6f5cd712a0b5a80bf&45a6ece992f52e2721c6145cf54873d7,https://v16m.tiktokcdn-us.com/d7d3135994c87ceb4a31b26af789a01f/61e53746/video/tos/useast2a/tos-useast2a-pve-0068/250df16a02a94b9187bfb0c9e76bfd7c/?a=1233&br=1688&bt=844&cd=0%7C0%7C0&ch=0&cr=3&cs=2&cv=1&dr=0&ds=6&er=&ft=c~.Zm4L-gXoInz7T&l=202201170330360101130060101A4DDA6B&lr=all&mime_type=video_mp4&net=0&pl=0&qs=11&rc=am53bnBmZ2Z2NDMzNzczM0ApNTY0Z2ZoNWVoN2U8NWhoNGduZmtiZy5pNG5gLS1kMTZzczUzMF5jNTYxNl8tLTIuNl86Yw%3D%3D&vl=&vr=
16,v12044gd0000c7d0b4bc77uekfci7l50,11770,680590&563748&390091&298756,e1041524d6b3f4f11d98e0a0690ad1af&b9defe2279ef608cb41f24f221fb264e&f83c920af96c1bb73b5dc243120b7891&2938b1afafa643d3a6d08e9e63ce45e1&b2ec59c178b5a3c1e06321dfb97b11b1&b830da1b03fda4655de59b520601fb45&e5d4ab185bf7ffc2fa7c7f18c6f847eb&1eb249f168da414ac1f3d14c7208576d,https://v16m.tiktokcdn-us.com/e1041524d6b3f4f11d98e0a0690ad1af/61e53747/video/tos/useast5/tos-useast5-ve-0068c003-tx/724514e92b8043a6947f02201f7c50ab/?a=1233&br=1328&bt=664&cd=0%7C0%7C0&ch=0&cr=3&cs=2&cv=1&dr=0&ds=3&er=&ft=c~.Zm4L-gXoInz7T&l=202201170330360101130060101A4DDA6B&lr=all&mime_type=video_mp4&net=0&pl=0&qs=14&rc=M29saWg6ZjczOjMzZzczNEApZ2hkaDY8NmQ7N2hnNjplaGcyNGBocjRfX2FgLS1kMS9zc2I2YzFeNTYyMTAyL2ItMmA6Yw%3D%3D&vl=&vr=
17,v09044g40000c2jv6hga6lvlhf9ml8fg,21221,1844886&1518566&799751,6e26ca705f36366ba7a038ca98e4a5f2&002014ca4db515f40083a9e053d7d98c&0aa49cda70ae8df8bafb5c0a307df18c&52dee2f481f5ff975f2c54e045d18106&632e76016ff58f8096ce67b9cd72a94c&9c68a6246a7a2a6c8f0b5b8063c38c98,https://v16m.tiktokcdn-us.com/6e26ca705f36366ba7a038ca98e4a5f2/61e53751/video/tos/useast2a/tos-useast2a-ve-0068c001/5b760373d72949838db6ae7478a36a43/?a=1233&br=3602&bt=1801&cd=0%7C0%7C0&ch=0&cr=3&cs=2&cv=1&dr=0&ds=6&er=&ft=c~.Zm4L-gXoInz7T&l=202201170330360101130060101A4DDA6B&lr=all&mime_type=video_mp4&net=0&pl=0&qs=11&rc=ajtwaW9vZGt5NTMzNzczM0ApNGZmZmg1aGU3Nzk2PDo8ZWdjaTZlczNkM2dgLS1kMTZzczY2YGAyMzAwMjIzMWBjYDY6Yw%3D%3D&vl=&vr=
18,v09044f40000bq3sfh273oo36di7q7bg,15416,735858&566761&327403,97d37f11e8158ae7dca6e2f538c2b20e&45b396e3ef403987c64ad47bd7930399&1366c5185460acd40954ae2dbde89304&627bb12dfd9408718a048d948e3c7aae&8566b355363a7047916beb7361461079&2cfe8002bd97df387a72ad18792d9b47,https://v16m.tiktokcdn-us.com/97d37f11e8158ae7dca6e2f538c2b20e/61e5374b/video/tos/useast2a/tos-useast2a-pve-0068/1a4eb2b04b464350bb484bfe194ad9cb/?a=1233&br=1436&bt=718&cd=0%7C0%7C0&ch=0&cr=3&cs=2&cv=1&dr=0&ds=3&er=&ft=c~.Zm4L-gXoInz7T&l=202201170330360101130060101A4DDA6B&lr=all&mime_type=video_mp4&net=0&pl=0&qs=14&rc=ajo6ZzZyOmt2dDMzNzczM0ApZGkzNmk6MzszNzs8NGRlOGdfbmYzbDAvYzBfLS1jMTZzczEyLy9fMDFjMWBiXmFjM2A6Yw%3D%3D&vl=&vr=
19,v09044g40000c2a8isdj4q5u8o8d96ag,8264,540308&478499&311419&223721,bfa400ad77f28f28119e0b97ee92687c&9a86c15da812fb400997d891c7770209&9ed0fac99372b8a6ce8832f9893e97b8&2737f47783e4b7dbc5e484d3bc1698b3&c28314ad99829c75318302a90ac72ef8&91ab326eeb95ef16b0de1a3b73bfd5cb&5d23037e760999d146a84cf1d9866ca2&24c3c572db416929738844e5ae485273,https://v16m.tiktokcdn-us.com/bfa400ad77f28f28119e0b97ee92687c/61e53744/video/tos/useast2a/tos-useast2a-pve-0068/060bd750fbeb462c8e674263b1a14cc8/?a=1233&br=1054&bt=527&cd=0%7C0%7C0&ch=0&cr=3&cs=2&cv=1&dr=0&ds=3&er=&ft=c~.Zm4L-gXoInz7T&l=202201170330360101130060101A4DDA6B&lr=all&mime_type=video_mp4&net=0&pl=0&qs=14&rc=ajlncnh0bXY7NTMzNzczM0ApPDs8Nzk0ZmVmN2c3M2lkO2deNjU1MjFhZl5gLS1kMTZzcy8uXjMtYTJiX2BjMjIuNjQ6Yw%3D%3D&vl=&vr=
20,v09044970000c15qot31m2ohdov0nv80,7637,599575&441121&262117&179080,4f0ef8d409af1126bc528e3232b9458e&5038981d0cf1bd4d066716588c2f952b&330f93ff795031d31ebde2f5be863307&dc436cc1fea3535e49cc0cf2d726ef53&f22f68d8aac714bf4730c4603bcff696&aa8bbd8156f9336a7ea2bd8fef6ba7e5&62946d918c4ffea7a33041c6981634c1&1fc009167505cdf014ee6069eab0e75c,https://v19.tiktokcdn-us.com/4f0ef8d409af1126bc528e3232b9458e/61e537c3/video/tos/useast2a/tos-useast2a-ve-0068c002/9a2794aa230541308cc5eca4e5bafa23/?a=1233&br=1170&bt=585&cd=0%7C0%7C0&ch=0&cr=3&cs=2&cv=1&dr=0&ds=3&er=&ft=c~.Zm4L-gXoInz7T&l=202201170332440101131352310F53316E&lr=all&mime_type=video_mp4&net=0&pl=0&qs=14&rc=M3kzcms1NHd0NDMzOjczM0ApZGc7OjU6PGQ3Nzg4aTozZGc1a3NhbGowbDJgLS02MTZzcy82YjItMV9iLV8vYjEwNF86Yw%3D%3D&vl=&vr=
21,v09044g40000c39ork8o4qnr8507sfp0,17019,2400024&1680624&812197&524204,32c540eb8dd361022875b3ec7e141cab&0739788e175c308e2171a3e44ac3ffb8&9197aaaed1f3c13048f09f32e24b24d6&d5383a18f349e19d1e1d74b13137f23f&e3efaf33131b7b0c19f815f017f04e78&86583d43b254328506a448fc6bfc7a1d&03c6625f65eb0b0bed84e88beedfd464&1f01e6c1589d163dc056d32863bac7c7,https://v19.tiktokcdn-us.com/32c540eb8dd361022875b3ec7e141cab/61e537cc/video/tos/useast2a/tos-useast2a-ve-0068c003/b2f1a5a1d3f0448f9fb4b5a037c92027/?a=1233&br=4686&bt=2343&cd=0%7C0%7C0&ch=0&cr=3&cs=2&cv=1&dr=0&ds=3&er=&ft=c~.Zm4L-gXoInz7T&l=202201170332440101131352310F53316E&lr=all&mime_type=video_mp4&net=0&pl=0&qs=14&rc=M2k6OHV0cm5yNjMzNzczM0ApZWg8aDs6N2Q1NzYzOzk5NmdtcC01azE1bzZgLS1kMTZzcy82LzUtNjIxLWJiY141Ly46Yw%3D%3D&vl=&vr=
22,v09044g40000c1n21093do78fvgam52g,14928,1985159&1630658&653285&420754,dd16cc2bd06e021eafb1a170493d339e&b16c6422f2e4910ffbf221f8c9839212&a97480096f0cd65a93bef986b4d2b3b5&add7e799b4d7e5bb04a406c469ecfb5f&25c1592bd4c9b00fdfe1ad42ae11e385&37f548df531fb9c0ad9ea7302985c253&e90be1a0d54fc3804c37a728d818e87d&31f5638fe45a04b5dc444c086235e449,https://v19.tiktokcdn-us.com/dd16cc2bd06e021eafb1a170493d339e/61e537ca/video/tos/useast2a/tos-useast2a-pve-0068/21c531d693a240fbb4c2d8a41a8caa19/?a=1233&br=3876&bt=1938&cd=0%7C0%7C0&ch=0&cr=3&cs=2&cv=1&dr=0&ds=3&er=&ft=c~.Zm4L-gXoInz7T&l=202201170332440101131352310F53316E&lr=all&mime_type=video_mp4&net=0&pl=0&qs=14&rc=ajhkeTtyNjM1NDMzNzczM0ApZjY7NmdpO2U3N2c0ZWlnZWcvamRjNGE2LmtgLS1kMTZzc18xMmMuLzMuLy4xMGMwYWI6Yw%3D%3D&vl=&vr=
23,v07044420000c199u5s35dppe9q0d1j0,8032,700067&442899&309569,77b87422622ff32af94f00ce66729ebc&ea0bfd268e2d1d522d826dc4a5d962fb&b56942fdbb3ef7849d01a1fd84493edf&d649da7049c59fc7c42f81cf92f12d71&aa166291f8bb3113c1e36154fe03b168&a9d55a288583f7a9937b991e66da9c6d,https://v19.tiktokcdn-us.com/77b87422622ff32af94f00ce66729ebc/61e537c3/video/tos/alisg/tos-alisg-pve-0037c001/202e295a089748c1b884ab25998a2b3a/?a=1233&br=1366&bt=683&cd=0%7C0%7C0&ch=0&cr=3&cs=2&cv=1&dr=0&ds=6&er=&ft=c~.Zm4L-gXoInz7T&l=202201170332440101131352310F53316E&lr=all&mime_type=video_mp4&net=0&pl=0&qs=11&rc=MzQzPHNnNjg8NDMzNTczM0ApOTk5aGRlOjw6Nzg7NTxnZmdnYW5ibTJwcjZgLS0xMTRzczZfMTZjMGEyYDA0LmJfMWM6Yw%3D%3D&vl=&vr=
24,v09044g40000c2q01jk1se6edeiqos2g,20896,1262211&1035288&794761&542759,b2e020732fd4b220d68af7cc53380943&4486fe6352fdfa68260a5cf7dcc65c8e&6e2f0a0dddba0567e52c008bfbb0e1c8&c25f1986948bc2e33928dfeb2ba067ea&7c882701ad07bb51f56cdcf8cb410814&731f20329c8a568cf8c4d4b2c64d30dd&47790c64614bfac37342407d8b8c79ec&354aa0927a19602f312520c550fe2289,https://v19.tiktokcdn-us.com/b2e020732fd4b220d68af7cc53380943/61e537d0/video/tos/useast2a/tos-useast2a-ve-0068c001/032f2f8815304c9394dd37c63db334a2/?a=1233&br=2464&bt=1232&cd=0%7C0%7C0&ch=0&cr=3&cs=2&cv=1&dr=0&ds=3&er=&ft=c~.Zm4L-gXoInz7T&l=202201170332440101131352310F53316E&lr=all&mime_type=video_mp4&net=0&pl=0&qs=14&rc=anZ0aGhoNG0zNTMzNzczM0ApOWRpPDxnOGVoN2Y3OTVmO2cvbGZhM3BoLm5gLS1kMTZzczFhYjU2NWAzXjAuLS8uLi46Yw%3D%3D&vl=&vr=
25,v09044ad0000c0qnh58p8rsb4e7eg120,14208,881638&644122&349950&209351,0b3d2042b00596a59f3b91503249ca08&c173d370dc992ddd9bab2eb053eec484&b89ad1ea5f5b9fc1f697109618238511&f2ee1ef4720b8203163135bc24b3e51b&33827515b1dd131b84f16951e5eb9b45&a3dcc705a7af9d8f30852316b8d12127&de57dce46b56e7738c9966fb21355346&935264cab53d7ebfa5a07d8717e1bf04,https://v19.tiktokcdn-us.com/0b3d2042b00596a59f3b91503249ca08/61e537ca/video/tos/useast2a/tos-useast2a-ve-0068c002/78aa8b14fb054a35b79487b137b29b3c/?a=1233&br=1720&bt=860&cd=0%7C0%7C0&ch=0&cr=3&cs=2&cv=1&dr=0&ds=3&er=&ft=c~.Zm4L-gXoInz7T&l=202201170332440101131352310F53316E&lr=all&mime_type=video_mp4&net=0&pl=0&qs=14&rc=MzRoaGV1czhxMzMzZzczM0ApO2Y3aDtkPDxpNzQ5ZmQ3OGcvZDQxcDU1ZW5gLS1eMTZzcy5gMS4wXzJiLWM0MDAvMTI6Yw%3D%3D&vl=&vr=
26,v09044g40000c6bjhcrc77ue1odlkdo0,7940,604161&439135&296553&183383,c05f5e2bded8cbfa102ad35f17c11ec5&b508df1b930d27e6d1fd4b9d89add69a&2cde62d3058aebfb06f2f07894285772&0bd538337b85f02e9f66eeff8a2f56cb&063a2cd1aadffde7a76afc278195e1a4&d9c979a3dcc744cc93be0252b9e6567e&ad5c88a90ffccd1c93db573e349f1e30&3f2ce2daeff55ad2db62cde817525ab0,https://v19.tiktokcdn-us.com/c05f5e2bded8cbfa102ad35f17c11ec5/61e537c3/video/tos/useast2a/tos-useast2a-ve-0068c004/53037072e7ea46719f71503983e53896/?a=1233&br=1180&bt=590&cd=0%7C0%7C0&ch=0&cr=3&cs=2&cv=1&dr=0&ds=3&er=&ft=c~.Zm4L-gXoInz7T&l=202201170332440101131352310F53316E&lr=all&mime_type=video_mp4&net=0&pl=0&qs=14&rc=M2dvcmg6ZmZtOTMzNzczM0ApNWg6aWY2aGU8NzdpOWc7OWdsaGEucjRvZV9gLS1kMTZzc15hLjIzXmIxNWNeYjUwYGA6Yw%3D%3D&vl=&vr=
27,v09044g40000c2t3lrho1amdn3nre0s0,5013,756227,fe0f47d9486cfbccd14c2c75fc054170&3d307d3b6cfe4de6fabdff653c90c38b,https://v19.tiktokcdn-us.com/fe0f47d9486cfbccd14c2c75fc054170/61e537c0/video/tos/useast2a/tos-useast2a-ve-0068c004/e99cb9d5a11d4ac7a496622b02f8a9ad/?a=1233&br=1476&bt=738&cd=0%7C0%7C0&ch=0&cr=3&cs=0&dr=0&ds=2&er=&ft=c~.Zm4L-gXoInz7T&l=202201170332440101131352310F53316E&lr=all&mime_type=video_mp4&net=0&pl=0&qs=0&rc=MzN1NmdkcnU2NTMzNzczM0ApNjk0Z2c7Zzs4NzRmMzYzM2dwYmtrai5laXFgLS1kMTZzc2BiNV4zNTEyNjQ0XmEzMS86Yw%3D%3D&vl=&vr=
28,v09044g40000c2ft710bf79t3vkd0gvg,19293,1718431&1264133&618854&381743,3fe31e8a2891193a28715873ac44a894&6724fe6850e9fba02d8339def9a51ce0&1a52c0fe701455a4b83daa84aadac47a&3b9f1404207e169c471954361a900546&60a177b8af360274dc0002f593d0ed15&fb701614b11b4bc94d5356b74e91d262&660978d051b9ddfbc40330889fbf5de2&5ecbc3c9f7c01318c6b423978afdf724,https://v19.tiktokcdn-us.com/3fe31e8a2891193a28715873ac44a894/61e537cf/video/tos/useast2a/tos-useast2a-pve-0068/4b429b6507504a9cba99f12e0d4afe8a/?a=1233&br=3356&bt=1678&cd=0%7C0%7C0&ch=0&cr=3&cs=2&cv=1&dr=0&ds=3&er=&ft=c~.Zm4L-gXoInz7T&l=202201170332440101131352310F53316E&lr=all&mime_type=video_mp4&net=0&pl=0&qs=14&rc=ampneXc6ZTR3NTMzNzczM0ApN2ZlPDdlaGUzNzM2OmU6PGdzLWgwNmMtNGNgLS1kMTZzcy8uMDEtLTJiMWAyM181LTU6Yw%3D%3D&vl=&vr=
29,v12044gd0000c797pgbc77ucq7ijquug,16995,298431&235242&154197&125184,b5dfb0b2e419452e6b0aa830cf9da09a&88c6bf01c39d1e7299b8829fd544ca81&e44c437f14af4e7b586e72b6ba684464&3ec4779dd04c1e3fac102a50fbb1e805&0b78e0fe0245902787568dd8251240df&9dbb5bb222db898f6d957b63e4c66ab6&f75b898ede606b44c2979d25037f4095&876160ef8ec42af7e7b3aa1d8a791a76,https://v19.tiktokcdn-us.com/b5dfb0b2e419452e6b0aa830cf9da09a/61e537cc/video/tos/useast5/tos-useast5-pve-0068-tx/f62e02f024c540c89a00998f535a6845/?a=1233&br=582&bt=291&cd=0%7C0%7C0&ch=0&cr=3&cs=2&cv=1&dr=0&ds=3&er=&ft=c~.Zm4L-gXoInz7T&l=202201170332440101131352310F53316E&lr=all&mime_type=video_mp4&net=0&pl=0&qs=14&rc=anhtOmY6Zmo6OjMzZzczNEApOjM6NDc4aWRkNzVlODRpOWdybmZucjRfbTZgLS1kMS9zcy4vYmFhMV5jMzZeNjY1XjY6Yw%3D%3D&vl=&vr=
30,v09044g40000c4mg0q3c77u950nmju0g,19177,3191109&1932525&1342438&707823,7c7f3ac7b4dade189aa755d32eea12c0&2b61ac3927b1dd2ed7584b84efffdf8b&2f7c00248fe4474ad893ac50ded046d8&8bec3914f79bf08e85b4194b8a4c87bd&8b9ccf53bb92de8ca54a43467896205c&09d730d81b041f69ae764f8ca4bdb745&6b135102c0bf46a494fb3ec9b747a712&c7446380ca401b2523b485cda1fd3ae5,https://v16m.tiktokcdn-us.com/7c7f3ac7b4dade189aa755d32eea12c0/61e537fe/video/tos/useast2a/tos-useast2a-ve-0068c003/1578429937b3407ab574c8a84355dafb/?a=1233&br=6232&bt=3116&cd=0%7C0%7C0&ch=0&cr=3&cs=2&cv=1&dr=0&ds=3&er=&ft=c~.Zm4L-gXoInz7T&l=20220117033330010113006132144C6468&lr=all&mime_type=video_mp4&net=0&pl=0&qs=14&rc=anhwMzw6ZnRqNzMzNzczM0ApOTxoaWhlOjs6NzM3OzQzO2ctZ2sycjQwLWpgLS1kMTZzcy1hXy9jXmIyMjFjXzIyMS06Yw%3D%3D&vl=&vr=
31,v09044g40000c42sjhbc77u591u34mdg,16600,1143137&860555&523772&365504,fd957067f91527f4b3f978d1443fa4a5&dcd3edd4b1106bc498f07d3c599dc6c8&077d12eb44174efa085ff8c2f7983ac6&b51a9d038642f521f2cec73d46c9f7a3&5845571052bb585bdf8a76f9b2160606&e172d0728603e503b6e5fc76c34a8bb5&a58586822e64dc37d90b87a863027faf&72a128e90223b047cce3c7763292db00,https://v16m.tiktokcdn-us.com/fd957067f91527f4b3f978d1443fa4a5/61e537fb/video/tos/useast2a/tos-useast2a-ve-0068c002/7da2afaad80f404fb164f84d77c8ba4d/?a=1233&br=2232&bt=1116&cd=0%7C0%7C0&ch=0&cr=3&cs=2&cv=1&dr=0&ds=3&er=&ft=c~.Zm4L-gXoInz7T&l=20220117033330010113006132144C6468&lr=all&mime_type=video_mp4&net=0&pl=0&qs=14&rc=anA2NDg6Zmt2NzMzNzczM0ApOzs7ZGQ5ZzxkNztlNTlnaGdhMXI2cjRfZy9gLS1kMTZzczUuLjJjMTFeNTIyMC0vYy46Yw%3D%3D&vl=&vr=
32,v07044550000c07os0nir75n464p64cg,8589,247151&169174&126295,fe4d747b29f6bc0db822a19f6b2d4245&e3865d4f89f545b940121ca2668794ee&8bd10743588db6a1663404a9b5e36d7c&6c9a5c38b5b944f9557f36f35d879178&5616da7e4cc955be052869a032034581&610565cb36d81482dd790ac765c892ba,https://v16m.tiktokcdn-us.com/fe4d747b29f6bc0db822a19f6b2d4245/61e537f3/video/tos/alisg/tos-alisg-pve-0037c001/88d0a2f0d8fd40f699e281a9c3b021f0/?a=1233&br=482&bt=241&cd=0%7C0%7C0&ch=0&cr=3&cs=2&cv=1&dr=0&ds=6&er=&ft=c~.Zm4L-gXoInz7T&l=20220117033330010113006132144C6468&lr=all&mime_type=video_mp4&net=0&pl=0&qs=11&rc=ajdzOXE6bDNyMzMzODczM0ApNTk1aTU8OGRoNzdoM2Y5aWdgMzExMm9rcDRgLS0yMTRzcy0zMTEyXmAvYi81MzAxLWI6Yw%3D%3D&vl=&vr=
33,v09044690000bugd0qjemvd778npkaug,8728,1625869&1015423&736932&474604,b9353d7eb79f8b039a55d1fee6c829dc&d02b5a92130bf8ced9786fb4fa03545f&cb3ea48f2f8ad7618e0b21a124f50525&6a16c9ff526a86164bd100c2621532e9&4e4dec41fb59f66a75337c8af045e2ba&38d4c6e0e8d35534820dfc9c2dac7a06&0cfe00308729efa0debc1bf6ae6cce1e&6db42305d82f0863f044f32c234a67eb,https://v16m.tiktokcdn-us.com/b9353d7eb79f8b039a55d1fee6c829dc/61e537f3/video/tos/useast2a/tos-useast2a-ve-0068c003/577f7868462848419672cfb56e32c139/?a=1233&br=3174&bt=1587&cd=0%7C0%7C0&ch=0&cr=3&cs=2&cv=1&dr=0&ds=3&er=&ft=c~.Zm4L-gXoInz7T&l=20220117033330010113006132144C6468&lr=all&mime_type=video_mp4&net=0&pl=0&qs=14&rc=amRzOzp5aHRneDMzPDczM0ApZGc2NmRoZDxpN2hlOTw1NWdyaGs0YWpnLWRfLS0zMTZzc2IzYV8xMmBiLTAuMC4wNC86Yw%3D%3D&vl=&vr=
34,v12044gd0000c736h5bc77uakasifot0,40843,832150&688079&457089&341092,a7d7a457a59b62760823dba145b37687&0464b3430194c6db6ca09567aa9399c9&f1db5d698b5e3f362dad6c7753b71700&6fa08e6e3d4b6b077d35214324a2d209&ffd7d16e2b131f1ae2745420eeb2a99e&335ef5e29c200884e33d2da2ba489fb9&8d56c4d85546bf0e3c097bc21694bbc2&975b1553a66854f54cdddec41d9d565d,https://v16m.tiktokcdn-us.com/a7d7a457a59b62760823dba145b37687/61e53813/video/tos/useast5/tos-useast5-pve-0068-tx/967c907d787f47d1ba726183ac03a2a0/?a=1233&br=1624&bt=812&cd=0%7C0%7C0&ch=0&cr=3&cs=2&cv=1&dr=0&ds=3&er=&ft=c~.Zm4L-gXoInz7T&l=20220117033330010113006132144C6468&lr=all&mime_type=video_mp4&net=0&pl=0&qs=14&rc=M3JsZGQ6Zjg5OjMzZzczNEApNDlkOjo5ZjxmNzc8NjVpOGdxY3BocjRfZTBgLS1kMS9zczY2NjAyXjBfYi8xLzIuY2A6Yw%3D%3D&vl=&vr=
35,v09044g40000c1n6fgrivpn8c64va3mg,15276,1055778&904129&638191&402855,eaec1ed57e49d12db0db5613539a199a&c4dc6018130fe5c5699a639358c6dcff&1f3d09b58511550f1f436e3955b45dab&fd04790ec2711bf799f6dc730cdb96c6&af66890abbd4778ba3414dffbd896f09&d837c44c452ae55cddbf8424e48aa7d5&e3dd9ac287a7cb50b7fd5ebfe92ab5a9&25a7d3ff369e168489f01363dfd6a6af,https://v16m.tiktokcdn-us.com/eaec1ed57e49d12db0db5613539a199a/61e537fa/video/tos/useast2a/tos-useast2a-pve-0068/0d6b12d875944f93abce543a86449ffc/?a=1233&br=2062&bt=1031&cd=0%7C0%7C0&ch=0&cr=3&cs=2&cv=1&dr=0&ds=3&er=&ft=c~.Zm4L-gXoInz7T&l=20220117033330010113006132144C6468&lr=all&mime_type=video_mp4&net=0&pl=0&qs=14&rc=ajZ5OTtzbGo5NDMzNzczM0ApPDc3ZTw6OzszN2UzO2Q1ZWdqXjFga3NvY2tgLS1kMTZzcy8wNTQwLy41L2BiYjEzMzI6Yw%3D%3D&vl=&vr=
36,v09044g40000c4ohat3c77u88dlsgkjg,9542,942322&447409&317248,4bd26b6cdf518e8f7a7253d7b84d63d8&8d43d75975fcb4e5d3e38bf9ff4ef21f&4c68217eeef26e0ecc60b63520dfeeaa&2051fe43b7e338d9a0db4b3e508f8c46&ac199dee19c5a6476f8872575440e1e2&c04f406b2b7098fcaaf2d973bced644a,https://v16m.tiktokcdn-us.com/4bd26b6cdf518e8f7a7253d7b84d63d8/61e537f4/video/tos/useast2a/tos-useast2a-ve-0068c004/c54e4db20e74481fa121eb15af5f85e5/?a=1233&br=1840&bt=920&cd=0%7C0%7C0&ch=0&cr=3&cs=2&cv=1&dr=0&ds=6&er=&ft=c~.Zm4L-gXoInz7T&l=20220117033330010113006132144C6468&lr=all&mime_type=video_mp4&net=0&pl=0&qs=11&rc=am52Zzs6ZndrNzMzNzczM0ApaTU3PGc5N2U1NzM1Nzk1OmdnZGk1cjQwXmxgLS1kMTZzc2AtXjAxXy8yMGIwNS5jXzA6Yw%3D%3D&vl=&vr=
37,v090443b0000bu7hkfqqsv284dioh21g,15555,689791&625195&437373,4bdf31c04dccba308fea5c7549b0db9f&24819d9c4baff18283660d74bf20e344&c394b9011bef1f47a268a399649fe1ce&db2da4808589a46c1c1fab730be977ff&41bf809166bdfa92e1b0c8e20330cf12&7eca5d04f78ff75fe5a39599a0bdb43f,https://v16m.tiktokcdn-us.com/4bdf31c04dccba308fea5c7549b0db9f/61e537fa/video/tos/useast2a/tos-useast2a-ve-0068c002/9e8ed43555484c4b83d5257edb9435d0/?a=1233&br=1346&bt=673&cd=0%7C0%7C0&ch=0&cr=3&cs=2&cv=1&dr=0&ds=6&er=&ft=c~.Zm4L-gXoInz7T&l=20220117033330010113006132144C6468&lr=all&mime_type=video_mp4&net=0&pl=0&qs=11&rc=ajVyZzt5dGlreDMzZTczM0ApZzw0Ozk2OmQ0NzVoOWRnZmcuZWYxL3BuaDRfLS0wMTZzc2IyMC1jNF40XjY2LTAwLzQ6Yw%3D%3D&vl=&vr=
38,v09044g40000c3gscaris849rbdm91rg,14975,1649189&1352918&1157202&784297,62be3e152e8d192c850c6a4cf1e4ab22&467b5b80caafc537c91196757d45e417&b8cd3cda0f2b0e315b1b5d25aaf632bd&ec502ab98f4c156e96be67ae3e86268b&70f998f8481aa4291ca111348e518c0c&158ab56411bab16e89f9a0e6deccc59b&272451e71c7181e9874f749fe0dc44a1&336c5ece9a1813516da70f98653a8e89,https://v16m.tiktokcdn-us.com/62be3e152e8d192c850c6a4cf1e4ab22/61e537f9/video/tos/useast2a/tos-useast2a-pve-0068/9d511f5263d34272a97a3e7ab284c1ce/?a=1233&br=3220&bt=1610&cd=0%7C0%7C0&ch=0&cr=3&cs=2&cv=1&dr=0&ds=3&er=&ft=c~.Zm4L-gXoInz7T&l=20220117033330010113006132144C6468&lr=all&mime_type=video_mp4&net=0&pl=0&qs=14&rc=ajRwZTw7bGR2NjMzNzczM0ApNGg7ODYzNTxpNzw8aTllNGdvNmFvMXBvYGRgLS1kMTZzczIxXi1hNmJeNS02YS1gXjU6Yw%3D%3D&vl=&vr=
39,v09044900000c1gk48v7hc99pahqgrq0,8637,2052471&1561356&980982&642068,0dacdab17541b9267bf763fb55d2c0d0&bf831fadccfb0584f50f3b7eabd12b53&801d4060bc451cacac3d264f1e5fc423&47200a22f7439ae876801bf17be4f83f&4a2f6092e91fd4827f8691a9bb56628c&a400807c9faab575f77f35daaf154d97&e2f0456f9c4f4714f5d6fa86c2b85d64&af99cf5f87eb58f3c735875c84d5c1fd,https://v16m.tiktokcdn-us.com/0dacdab17541b9267bf763fb55d2c0d0/61e537f3/video/tos/useast2a/tos-useast2a-ve-0068c002/7eeeb48d29a048fb8a43c2e4f44e7786/?a=1233&br=4008&bt=2004&cd=0%7C0%7C0&ch=0&cr=3&cs=2&cv=1&dr=0&ds=3&er=&ft=c~.Zm4L-gXoInz7T&l=20220117033330010113006132144C6468&lr=all&mime_type=video_mp4&net=0&pl=0&qs=14&rc=M3V0ZDxmOjtuNDMzMzczM0ApOmUzOjc6aGQ5N2k2O2c2ZmduZGVtNmVzMWRgLS02MTZzc2FeM2MtMTEvMy8uNDA2NmI6Yw%3D%3D&vl=&vr=
40,v09044g40000c4oflj3c77ue62ip6i7g,18829,1005587&678099&416779,75bff4b15f0915ef8bb4efa50ea74459&d9eeb33e401998cb86ad98c128594845&bcce277e9902b8e2ed1cc5734914da04&c57c6cafc4e8d13ce8c97415821be383&3f58a8eb36e9eff76a7da0bf0de76a73&b088f88da92ff1267483c65c52e8bd9f,https://v39.tiktokcdn-us.com/75bff4b15f0915ef8bb4efa50ea74459/61e5384e/video/tos/useast2a/tos-useast2a-ve-0068c004/ba81bb2590184a42916525640ac6a34f/?a=1233&br=1964&bt=982&cd=0%7C0%7C0&ch=0&cr=3&cs=2&cv=1&dr=0&ds=6&er=&ft=c~.Zm4L-gXoInz7T&l=202201170334510101131351490A55B2C3&lr=all&mime_type=video_mp4&net=0&pl=0&qs=11&rc=amxzNWg6Zm1pNzMzNzczM0ApOTpnNDZkZ2U3Nzc7Zzg4OWc0M2YzcjQwaWxgLS1kMTZzc2AyNmA1MTRgNS40LjViM186Yw%3D%3D&vl=&vr=
41,v09044fd0000buhfv1j9iufl0fi5ir5g,19502,568440&460718&327550,1ccc4eb1a1095e1008f96d882c26b0da&f163e92ded280b5ea2559d4bc9993a3b&b03c4dd1728cc52fc6836e823bd3ec73&25ab6698ff5e6bbb66b855a27ac81514&7206003803c9608be6fc10396d8e2ccb&3a3aa1f53554405822098a94514e000b,https://v39.tiktokcdn-us.com/1ccc4eb1a1095e1008f96d882c26b0da/61e5384f/video/tos/useast2a/tos-useast2a-pve-0068/a27f7933c7584a20ab3fd6eb8b24a7cc/?a=1233&br=1110&bt=555&cd=0%7C0%7C0&ch=0&cr=3&cs=2&cv=1&dr=0&ds=6&er=&ft=c~.Zm4L-gXoInz7T&l=202201170334510101131351490A55B2C3&lr=all&mime_type=video_mp4&net=0&pl=0&qs=11&rc=anU4aW94PDRpeDMzZzczM0ApZ2U2ZTU7ZDw5NzNoZDg5NGcyZmYtY2Znc2VfLS1jMTZzc2MxMmJeL2BeMzM2XmIvMTQ6Yw%3D%3D&vl=&vr=
42,v09044g40000c3mrtfbc77uahb02m4jg,7149,1009186&814846&469416&322285,0961b33a04769a089c4cfd990f07070b&6974ab98066740182c672bae6dcb72bb&d38b7e563eac547f5266fe2e6fc62fc1&ab8d668ee733216cd558e8140b389360&3ce0c99be8e23190373c269076a58b43&96ef2cf78b4e07b64825835053d26946&36697d02c2c700b3c5853dbb30bba994&2291bc552669b18f6404a7619047b192,https://v39.tiktokcdn-us.com/0961b33a04769a089c4cfd990f07070b/61e53842/video/tos/useast2a/tos-useast2a-pve-0068/3ebc7ee2989f443883330b31dfab49f4/?a=1233&br=1970&bt=985&cd=0%7C0%7C0&ch=0&cr=3&cs=2&cv=1&dr=0&ds=3&er=&ft=c~.Zm4L-gXoInz7T&l=202201170334510101131351490A55B2C3&lr=all&mime_type=video_mp4&net=0&pl=0&qs=14&rc=ajc1ZWQ6Zml1NjMzNzczM0ApOWg2NjxmNDw2NzY8OTg4Z2dnai1lcjRfcWpgLS1kMTZzczA1LWJgYy9jYi9eMGIvXjY6Yw%3D%3D&vl=&vr=
43,v09044g40000c442udjc77u82pan8nr0,10773,532271&468564&315901,c72f9a29ea56cc59367019184f39163d&e6b3ff98b99738d741bcb1a26b7e7488&3073a3f52fce27a389626651dfeb65ed&19e13c8da9b3736fac6e219f65df7937&4249973960c11eaa5c3362b496b1c3f3&e76aa578a08672d69d3ae9ceed341e95,https://v39.tiktokcdn-us.com/c72f9a29ea56cc59367019184f39163d/61e53846/video/tos/useast2a/tos-useast2a-ve-0068c004/8ef5572352a949ec98150aec8025dd70/?a=1233&br=1038&bt=519&cd=0%7C0%7C0&ch=0&cr=3&cs=2&cv=1&dr=0&ds=6&er=&ft=c~.Zm4L-gXoInz7T&l=202201170334510101131351490A55B2C3&lr=all&mime_type=video_mp4&net=0&pl=0&qs=11&rc=M3Fxczs6Zmc1NzMzNzczM0ApOWdkPDllaDtlNzs0aDdmNmdvNV4vcjRncjFgLS1kMTZzczFiXzQzNjU0NV9fLWBfXl86Yw%3D%3D&vl=&vr=
44,v09044g40000c3r8kabc77u0jldggbg0,12769,2330361&1704943&1469448&996082,0e7e7a2ed5c693d37e681fc8e09f0117&3d8743b71eca06eb67a58dd2e472aa1f&39bd9219ec9303d4273826edca25c576&b9b2149ca86e177f7ae2a35e3fa984ca&b8d540733a76bbef994a60ddf77482c1&19814fedc1a3aa20e46308ee6063bc40&1059ec9f02842575a44b115a83457d55&e96f32bbd55ca99dfe56b1b8a63d1334,https://v39.tiktokcdn-us.com/0e7e7a2ed5c693d37e681fc8e09f0117/61e53848/video/tos/useast2a/tos-useast2a-pve-0068/8cab7da36e664048988304d7ef7a47b7/?a=1233&br=4550&bt=2275&cd=0%7C0%7C0&ch=0&cr=3&cs=2&cv=1&dr=0&ds=3&er=&ft=c~.Zm4L-gXoInz7T&l=202201170334510101131351490A55B2C3&lr=all&mime_type=video_mp4&net=0&pl=0&qs=14&rc=M2VqbzM6ZmQ7NjMzNzczM0ApaDY2PGk8aTs8NzhpPDg8OmdkZGFncjRfaG9gLS1kMTZzcy1jY2BgMF5iMjQwLS8wYGA6Yw%3D%3D&vl=&vr=
45,v09025g40000c5tphj3c77u9non5uja0,11632,391326&216922&156694,204ffedbb1c0c9f6e783fa78d8c3cf2d&2182f0c6a7eb924fddd03be791de4868&439a4d3dee81b9e4ef02dcafafdb6aae&d79bb79f3ee952c5a7c72766e815add3&ea49dca735c6e5d8bdf3453389844a42&e69876c36683d85b8905f1d01634acd3,https://v39.tiktokcdn-us.com/204ffedbb1c0c9f6e783fa78d8c3cf2d/61e53847/video/tos/useast2a/tos-useast2a-pve-0068/0db5a52be4814ca482755ba7b47a0966/?a=1233&br=764&bt=382&cd=0%7C0%7C0&ch=0&cr=3&cs=2&cv=1&dr=0&ds=6&er=&ft=c~.Zm4L-gXoInz7T&l=202201170334510101131351490A55B2C3&lr=all&mime_type=video_mp4&net=0&pl=0&qs=11&rc=M204cjw6Zm1zODMzNzgzM0ApZmZkOGdkaTs0NztmODk3aGdecmtrcjQwZXFgLS1kLzZzc2BjMWAwLTRfMC8wYmAuNGI6Yw%3D%3D&vl=&vr=
46,v09044g40000c4kh153c77u3i2t1e3f0,20710,790267&584037&389756&259282,d71c0f1608b60431bfdf7c74c8d340b6&63cd87af02e37c5515ab686f916c1244&e6d4640e1bf1aafa4d1f193646d06896&05cffaf799a5a685a2ef3f6de439a57c&a3f4f746511f0450164fb3d11242e247&fbb4398c6b9cd12494a146a2326f3618&ddd00bce517fddad89597ab7adb270d7&ee875e0691c810c46a88ee25d8a9fea5,https://v39.tiktokcdn-us.com/d71c0f1608b60431bfdf7c74c8d340b6/61e53850/video/tos/useast2a/tos-useast2a-ve-0068c004/fc7e9f17e2344ce89e8aa991b7d0e895/?a=1233&br=1542&bt=771&cd=0%7C0%7C0&ch=0&cr=3&cs=2&cv=1&dr=0&ds=3&er=&ft=c~.Zm4L-gXoInz7T&l=202201170334510101131351490A55B2C3&lr=all&mime_type=video_mp4&net=0&pl=0&qs=14&rc=MzY0NTY6ZjhrNzMzNzczM0ApOGY1OzNoNjs2NzZlM2UzOWdjYnFmcjQwLmhgLS1kMTZzc2IzLy1iNjNeYC4uMTIuLTA6Yw%3D%3D&vl=&vr=
47,v12044gd0000c6438f3c77uf5sb2qspg,7637,438273&308591&211521&145661,124e51f080bb09168e04c26133c62d10&d96d2eca6a3cb5b808fc7a2fdb9e0cf3&e08d7ba3e476dd75d4f86dbc07e4a6c8&4b5e9ccd2bfa9475e360362302cb3b19&cf1fb3eba14448be6c56ccc214f57a6b&ec18a1539aee67ae6f9d89767e251d97&004143a0d453c98533e2425d91705b9c&e9b9aeaf9f2f580ebc4a91685a739aab,https://v39.tiktokcdn-us.com/124e51f080bb09168e04c26133c62d10/61e53843/video/tos/useast5/tos-useast5-ve-0068c004-tx/76d2b8ec07e045ac97babd32e7849b66/?a=1233&br=856&bt=428&cd=0%7C0%7C0&ch=0&cr=3&cs=2&cv=1&dr=0&ds=3&er=&ft=c~.Zm4L-gXoInz7T&l=202201170334510101131351490A55B2C3&lr=all&mime_type=video_mp4&net=0&pl=0&qs=14&rc=anY1dmk6Zmk2OTMzZzczNEApNTM7PDplZDs3N2k3NTQ0NGdtbl8ycjQwNTFgLS1kMS9zcy1iMTNhMjVgXzFhX2MvNWI6Yw%3D%3D&vl=&vr=
48,v09044g40000c34mtnth8h41mpjnku00,7382,1175019&925927&534792&327161,bbf4c839f663bd725604aaab51bdb60e&3740de8a26d7fe2107c3de9794efbe6c&e8206fd707df63498dc30a8923548cea&79e7aa1947b219d91c4d6ed374738130&baa843f9c2de008a0667d759a4b8cfc5&8d066ee13601cfa56d8f99b430d93974&a3a138861bc23d517dd00eda9742a8b8&9bb28f328e7313f018e302f4062ae69b,https://v39.tiktokcdn-us.com/bbf4c839f663bd725604aaab51bdb60e/61e53843/video/tos/useast2a/tos-useast2a-ve-0068c002/18dc538910c34b97b0ba2334398c0c1c/?a=1233&br=2294&bt=1147&cd=0%7C0%7C0&ch=0&cr=3&cs=2&cv=1&dr=0&ds=3&er=&ft=c~.Zm4L-gXoInz7T&l=202201170334510101131351490A55B2C3&lr=all&mime_type=video_mp4&net=0&pl=0&qs=14&rc=M3hxczRra3FwNjMzNzczM0ApOmVnZTNmPGVkNzg5OjMzZmctaGdqMTVxcTFgLS1kMTZzczBeYDMyMS1iXjE2L2BgYjU6Yw%3D%3D&vl=&vr=
49,v09044g40000c31h4berlhljq0la6gmg,11702,1276937&955175&436320&297005,b496db3465755ee20c31d4b04798f142&dae887d56e645c89df17a6c6323c57fa&c93aecafa29aacd008df6699a1bf22fb&72597d05206fd2ee6b84c8bcc793dd0b&e0c50f9d5ce86848a37e66bd79362ac2&8222d7780a18729bdec51d04ba1fb310&a2abe4fcf45bf5c7554709dd8ed6d97e&f4913e74ac7ae672370d9280c8c293f4,https://v39.tiktokcdn-us.com/b496db3465755ee20c31d4b04798f142/61e53847/video/tos/useast2a/tos-useast2a-ve-0068c001/c3efc14c6e3045bb9d9a7123d0c5447d/?a=1233&br=2494&bt=1247&cd=0%7C0%7C0&ch=0&cr=3&cs=2&cv=1&dr=0&ds=3&er=&ft=c~.Zm4L-gXoInz7T&l=202201170334510101131351490A55B2C3&lr=all&mime_type=video_mp4&net=0&pl=0&qs=14&rc=ampkM21rdWVrNjMzNzczM0ApZ2g5Njs0PGVoNzNkNzdoPGdqM2luaWliMS5gLS1kMTZzczBjYGMyLjQ2My4uLTYyMjE6Yw%3D%3D&vl=&vr=
50,v10044g50000c46ig0bc77u3svl4snj0,15439,1003742&711074&460554,fd9e488a9851ab3ebd43cf7962bd6328&51e99b4bc0281b7c772b31ec3885e6e5&0188daa999a6c9379e102cf7f818a5f8&a539e62d57ee3731a9230ef36a615fd2&e34c2859b5259348a4bf7819c5341e83&d3912ee15e54bd00818964dfe49df878,https://v25.tiktokcdn-us.com/fd9e488a9851ab3ebd43cf7962bd6328/61e53881/video/tos/alisg/tos-alisg-pve-0037c001/e423ff66fd7745cca108a9f2edb90248/?a=1233&br=1960&bt=980&cd=0%7C0%7C0&ch=0&cr=3&cs=2&cv=1&dr=0&ds=6&er=&ft=c~.Zm4L-gXoInz7T&l=20220117033546010113006207124AF4DB&lr=all&mime_type=video_mp4&net=0&pl=0&qs=11&rc=M3E3eTY6ZjNsNzMzODczNEApOzk4M2Q2OTtoNzxpOWhoZGdncGlwcjRfZDNgLS1kMS1zczItY19iMzNhYzJfYTExYTI6Yw%3D%3D&vl=&vr=
51,v09044g40000c3odp7bc77u6gocp9d6g,6662,1213038&1048223&705115,e45c1cf64554aa966807bbb7a18dd78f&39b748aa7610b0b9f817b0319c48fd8d&06c5d4664af8aa0565907b0c7a5f4212&e2dd4c7523872809ab33d82405945029&7f843a56d4d04366033add34600e625c&5e4178a2ed2ec295c40934cc98984996,https://v25.tiktokcdn-us.com/e45c1cf64554aa966807bbb7a18dd78f/61e53878/video/tos/useast2a/tos-useast2a-ve-0068c003/de59c410050643d6ae007381bedffa4e/?a=1233&br=2368&bt=1184&cd=0%7C0%7C0&ch=0&cr=3&cs=2&cv=1&dr=0&ds=6&er=&ft=c~.Zm4L-gXoInz7T&l=20220117033546010113006207124AF4DB&lr=all&mime_type=video_mp4&net=0&pl=0&qs=11&rc=amdzcjk6ZjpnNjMzNzczM0ApOTQ2NzdlPDs1N2Q8ZWc4N2czNmBkcjRfbWxgLS1kMTZzc2MvNS8tMy8zYDItXzIvLWA6Yw%3D%3D&vl=&vr=
52,v09044g40000c4ogfhrc77u057cokt50,11283,1788582&1332930&1009342&674293,71e5985e6e259cff3eb2d28d7dc0af14&6586bce5e5103c1b907c4a0ef03bff9f&3d9d713087a38779610fad62b971ddcd&6ea9b40f3d972bc1b28d0e98c16f8a2b&d83f4d16ceea7cb647a3ea2c319952fa&25e5d461952225fbbd8ff67bfe3ac844&e833cbb9a2dadd7dd28016689cfaf701&92a1574faa8e63ef5b8a2a3ff5924a1c,https://v25.tiktokcdn-us.com/71e5985e6e259cff3eb2d28d7dc0af14/61e5387d/video/tos/useast2a/tos-useast2a-ve-0068c004/37fdace7ea5e47a28e67f8ddd291d8cf/?a=1233&br=3492&bt=1746&cd=0%7C0%7C0&ch=0&cr=3&cs=2&cv=1&dr=0&ds=3&er=&ft=c~.Zm4L-gXoInz7T&l=20220117033546010113006207124AF4DB&lr=all&mime_type=video_mp4&net=0&pl=0&qs=14&rc=M3dyOjM6ZmtqNzMzNzczM0ApNTQ1PGg2NTxmN2dkOzc6ZGcyaGAycjRvY2xgLS1kMTZzczA1Xy9gMC5gXzZjMC9eMl86Yw%3D%3D&vl=&vr=
53,v09044310000bmoil77ho6foanv5jaj0,8267,1413832&978032&948578&551346,ce9bdb44ca4e551c87e3d324c91106ae&8b3231e6e7cfaa3238baee90b81f96da&a56a7010bd7b6654bab56004eab7bd18&7ce6b3469eee7eefbf103717dd2a804b&88ce337ea8329c9eacfe22ed9cb0e181&5ab5a08ea068cbafefb2b6965e862eba&a6c86af9028014d84988c2b97bc37bca&8186e5e6b657994986028e75836239f0,https://v25.tiktokcdn-us.com/ce9bdb44ca4e551c87e3d324c91106ae/61e5387a/video/tos/useast2a/tos-useast2a-ve-0068/ddd5955b873440ed8f5b7bf11392250d/?a=1233&br=2760&bt=1380&cd=0%7C0%7C0&ch=0&cr=3&cs=2&cv=1&dr=0&ds=3&er=&ft=c~.Zm4L-gXoInz7T&l=20220117033546010113006207124AF4DB&lr=all&mime_type=video_mp4&net=0&pl=0&qs=14&rc=M2Q4cXI5azpscDMzNDczM0ApaWVmNDQ3NztoNztlODY4OWdnZ3NeY2w0aWxfLS0wMTZzc19fMi00Nl8zMTVjYy0yY146Yw%3D%3D&vl=&vr=
54,v09044g40000c2gsjnial962u1po35p0,6430,770553&599707&407073,5b7eca8f36c838db192cd7e0c5fa20ee&34ccde6b9fdc0756a81692266760eb96&fc0f663ad572dc2ed9259248112b8932&7aa4f28aa3ed68df491c6e45d9a7bb9a&42dd517a73d9ddb96c814f0de1033913&1d8e1d12a22546ace49dd8c00747e75c,https://v25.tiktokcdn-us.com/5b7eca8f36c838db192cd7e0c5fa20ee/61e53878/video/tos/useast2a/tos-useast2a-ve-0068c003/c87454664ebb4e1a9171e23979c58e98/?a=1233&br=1504&bt=752&cd=0%7C0%7C0&ch=0&cr=3&cs=2&cv=1&dr=0&ds=6&er=&ft=c~.Zm4L-gXoInz7T&l=20220117033546010113006207124AF4DB&lr=all&mime_type=video_mp4&net=0&pl=0&qs=11&rc=MzhyNDU8ZHF2NTMzNzczM0ApZzg8Mzc7OjtmN2g4ZGdkOmdtMG1yM2lmZ2RgLS1kMTZzczAxMDY2LjI1Nl4zNS5iYDU6Yw%3D%3D&vl=&vr=
55,v09044g40000c3ai05e0nro67dgk3fbg,9286,1284202&756360&437868&275058,c7dd5e8fa3b0585282543ca0965d4d5e&e24f7e41b80525a2bd0d8dad86180c44&845eeb4afd2ba0e391b889e7164a8a7e&9d4e2cade8161a04ef97609f535ae5e7&b75594b432399659b7d547f467f2a900&e8f282791af84f07e73279ba48486e8a&64ea056c976a0ef3a65f003aa9290653&a5c3a6a4470c2ef57251852fd1877b0a,https://v25.tiktokcdn-us.com/c7dd5e8fa3b0585282543ca0965d4d5e/61e5387b/video/tos/useast2a/tos-useast2a-pve-0068/e6e3a6962bc94b55b4ea6c5013954c7f/?a=1233&br=2508&bt=1254&cd=0%7C0%7C0&ch=0&cr=3&cs=2&cv=1&dr=0&ds=3&er=&ft=c~.Zm4L-gXoInz7T&l=20220117033546010113006207124AF4DB&lr=all&mime_type=video_mp4&net=0&pl=0&qs=14&rc=amluZzl1MzhsNjMzNzczM0ApNGc3Zmk5Zjw2NzxlZ2RnPGdfMGQ0bGtiLV5gLS1kMTZzczJjNS8tYGIvLmI1Y180YS86Yw%3D%3D&vl=&vr=
56,v09044g40000c410g73c77uf1vhdufc0,8635,1640421&1292537&1074754&697653,bf23d9c693146fdb85fb02c5bb379d5a&3b87bb53c801c95685582f97b95232e7&d91de28416d6166fceb0f3143510d929&8fd501345e678804508266c96a94cf55&10227fd7513ce645e6b0044d7987ec64&3bac7c5d36bb58f400166edf440d3741&a1c2db3c71de63d908e694985c860a59&6f8e594702525f685b0d4f12081bca87,https://v25.tiktokcdn-us.com/bf23d9c693146fdb85fb02c5bb379d5a/61e5387a/video/tos/useast2a/tos-useast2a-pve-0068/186f2293eddc429e855872f618200d52/?a=1233&br=3202&bt=1601&cd=0%7C0%7C0&ch=0&cr=3&cs=2&cv=1&dr=0&ds=3&er=&ft=c~.Zm4L-gXoInz7T&l=20220117033546010113006207124AF4DB&lr=all&mime_type=video_mp4&net=0&pl=0&qs=14&rc=M2lneWk6ZjozNzMzNzczM0ApaGc8OTNmNGU7NzUzODU8M2dgcmUucjQwZC5gLS1kMTZzczAyMS4zYjFgMC00M2AyLWA6Yw%3D%3D&vl=&vr=
57,v09044g40000c45clkjc77u4160srdj0,19781,594321&416882&283318&196864,40f51f04d61b1488e95bdb5a760f1067&87ca64295313dc474f3823af7ee1834f&7fad57595d6ff71740878193ebb22092&ec36411117b0a0683fa4c5da4ccf0eb1&a55c34f59d5bc50a05cd42ecc4955891&d5d50dbf4a5b8d8b962f3aa83a39bbf8&ca87c59acbc09f3e1086e37204aac2d3&37097c6405d0a9399d5895ec4a900e78,https://v25.tiktokcdn-us.com/40f51f04d61b1488e95bdb5a760f1067/61e53885/video/tos/useast2a/tos-useast2a-ve-0068c001/f9d901e8f28941f9bfce8994d038f273/?a=1233&br=1160&bt=580&cd=0%7C0%7C0&ch=0&cr=3&cs=2&cv=1&dr=0&ds=3&er=&ft=c~.Zm4L-gXoInz7T&l=20220117033546010113006207124AF4DB&lr=all&mime_type=video_mp4&net=0&pl=0&qs=14&rc=M2d2OTc6Zm5mNzMzNzczM0ApZDw6PDg8OTw6NzpoOztmPGdnby0ucjRnaTJgLS1kMTZzc2ItYzZiMjQvXi8zYy4uNjA6Yw%3D%3D&vl=&vr=
58,v09044g40000c4aqt4bc77uek70jn260,14603,853714&490562&304377,0ad02c2b950e27d656d71b316246c37b&8931dfcde95ed1eb2484bf913794a411&11025a088870f40fe7174d80908b95f5&1342039c3c0c06ef46352a52e2cfa5cf&a046f1975b00b99e5eeb6daae6320050&5e38e18f0c8fec1153d14df23ba86396,https://v25.tiktokcdn-us.com/0ad02c2b950e27d656d71b316246c37b/61e53880/video/tos/useast2a/tos-useast2a-ve-0068c003/f5ab0881c8614d2997fc3563a380cca5/?a=1233&br=1666&bt=833&cd=0%7C0%7C0&ch=0&cr=3&cs=2&cv=1&dr=0&ds=6&er=&ft=c~.Zm4L-gXoInz7T&l=20220117033546010113006207124AF4DB&lr=all&mime_type=video_mp4&net=0&pl=0&qs=11&rc=MzVtOmg6Zjd0NzMzNzczM0ApZ2lnPGlkPDw8NzM6aGQ4aGczay1ocjRfcV5gLS1kMTZzcy0tX2JjX18yMzM2LmFhNTM6Yw%3D%3D&vl=&vr=
59,v09044g40000c3vdmejc77u7uoaiehrg,11330,566505&438577&226220&162988,d48c3d31a31d8ff71d8197e27baf562d&d28e74477d899ec05827d64c8543ecef&d63e20eff4c88852841b3f36d65aeca2&2b13dae867e6c2d3921918cdf93a494a&0cb376fa83e5a22d2e6a1d7d0f952fcc&5486a9a72f62b4f4abca65fdb5f36a48&ca1e76e3a380ee6714c0b15a70cf1cd7&95ca7caa48a2a08bb8fc1affe7194394,https://v25.tiktokcdn-us.com/d48c3d31a31d8ff71d8197e27baf562d/61e5387d/video/tos/useast2a/tos-useast2a-pve-0068/dd6af54476d34c538cb4008e341b415b/?a=1233&br=1106&bt=553&cd=0%7C0%7C0&ch=0&cr=3&cs=2&cv=1&dr=0&ds=3&er=&ft=c~.Zm4L-gXoInz7T&l=20220117033546010113006207124AF4DB&lr=all&mime_type=video_mp4&net=0&pl=0&qs=14&rc=amtscjo6ZmhnNjMzNzczM0ApOzVmNDg0Ojs8N2g7OWk2ZmdvYl5ycjRnanNgLS1kMTZzc2A0YTQ2NDMtMjExNDQwLS06Yw%3D%3D&vl=&vr=
