video/mp4, bytesbytes 0-1504969/1504970, 1642380684.5162528, 1642380684.5188704, 1642380684.5337272, 1642380685.9728663, v19-us.tiktokcdn.com, d9f54f43cfa3024030f11a7e7bbf5a35, /d9f54f43cfa3024030f11a7e7bbf5a35/61e511fb/video/tos/useast2a/tos-useast2a-pve-0068/6b5a04f2ff2343669a6ee8c6ab47d902/?a=1233&br=1548&bt=774&cd=0%7C0%7C0&ch=0&cr=3&cs=2&cv=1&dr=0&ds=3&er=&ft=xo5uS4L-gXoInz7T&l=202201170051230102230801501BA4ADEC&lr=all&mime_type=video_mp4&net=0&pl=0&qs=14&rc=MzluNDo6ZmtvOjMzNzczM0ApNzNoZmdlZTs5N2c1ZDQ2M2dwLi5hcjRnZDFgLS1kMTZzc2NjMl4zM2FfMGA0MTRjLV86Yw%3D%3D&vl=&vr=
video/mp4, bytesbytes 0-798064/798065, 1642380690.89401, 1642380690.8949356, 1642380690.9192119, 1642380692.8112135, v39-us.tiktokcdn.com, ac56e258585af0cea27fd516e2d94518, /ac56e258585af0cea27fd516e2d94518/61e511fd/video/tos/maliva/tos-maliva-ve-0068c799-us/580a65bba1744e71a5e9f61df6148da7/?a=1233&br=1008&bt=504&cd=0%7C0%7C0&ch=0&cr=3&cs=2&cv=1&dr=0&ds=6&er=&ft=xo5uS4L-gXoInz7T&l=202201170051280101921662381323C238&lr=all&mime_type=video_mp4&net=0&pl=0&qs=4&rc=amx1NGg6ZnJqOjMzZzczNEApOzQzOGc1ZGVlNzMzNjllOmcxYGdkcjQwMGFgLS1kMS9zcy9gMTNjNTViNjNgYGEuYTI6Yw%3D%3D&vl=&vr=
video/mp4, bytesbytes 0-404632/404633, 1642380694.9048264, 1642380694.9057953, 1642380694.9288514, 1642380695.5253205, v39-us.tiktokcdn.com, 90acfe36c2a7f3d49d156d674f8ed35f, /90acfe36c2a7f3d49d156d674f8ed35f/61e511f9/video/tos/maliva/tos-maliva-ve-0068c799-us/246ddf3efbb84c6da7bd19fae56aef64/?a=1233&br=762&bt=381&cd=0%7C0%7C0&ch=0&cr=3&cs=2&cv=1&dr=0&ds=6&er=&ft=xo5uS4L-gXoInz7T&l=202201170051280101921662381323C238&lr=all&mime_type=video_mp4&net=0&pl=0&qs=4&rc=ajdydzY6ZjhvOjMzZzczNEApOTU3OWloNTtmNzQ2OWY7NGdoMjZjcjRvLmVgLS1kMS9zcy80Xl4vYWA1MDNjYGE0XjE6Yw%3D%3D&vl=&vr=
video/mp4, bytes, 1642380754.8735895, 1642380754.8752718, 1642380754.9039247, 1642380755.3604336, v25.tiktokcdn-us.com, 2d314110b9516d98670d784dbef7f125, /2d314110b9516d98670d784dbef7f125/61e51236/video/tos/useast2a/tos-useast2a-ve-0068c004/c0f25d1b31ba4b86a90cb22cfe1b1294/?a=1233&br=1116&bt=558&cd=0%7C0%7C0&ch=0&cr=3&cs=2&cv=1&dr=0&ds=6&er=&ft=c~.Zm4L-gXoInz7T&l=202201170052310101131351321B30A9F9&lr=all&mime_type=video_mp4&net=0&pl=0&qs=4&rc=anRuNnZvNHNodzMzODczM0ApZjk8NWg5PGVoNzZlZGQ3OmdtYnJpNTJzXnJfLS1iMTZzczMuMF5hMmBhM2NfMi1gYTY6Yw%3D%3D&vl=&vr=
video/mp4, bytes, 1642380755.49486, 1642380755.5055916, 1642380755.6151378, 1642380756.5576882, v25.tiktokcdn-us.com, b6321cac1b0ea10b55c292253c9d260c, /b6321cac1b0ea10b55c292253c9d260c/61e5123b/video/tos/useast5/tos-useast5-ve-0068c004-tx/7fb7755292e94b97ae2acf9bbfa03fe3/?a=1233&br=1250&bt=625&cd=0%7C0%7C0&ch=0&cr=3&cs=2&cv=1&dr=0&ds=6&er=&ft=c~.Zm4L-gXoInz7T&l=202201170052310101131351321B30A9F9&lr=all&mime_type=video_mp4&net=0&pl=0&qs=11&rc=M2RmZGQ6ZjNzOjMzZzczNEApMzY7PDVoNWVlNzQ5aTppN2drLWxocjRnc19gLS1kMS9zcy4vYF5hMDA0NjI2MzNhYC86Yw%3D%3D&vl=&vr=
video/mp4, bytes, 1642380760.110484, 1642380760.112022, 1642380760.3831284, 1642380763.4574833, v25.tiktokcdn-us.com, 86eb9e40e681be4899b05d3e6ca909aa, /86eb9e40e681be4899b05d3e6ca909aa/61e51240/video/tos/useast2a/tos-useast2a-ve-0068c003/50066f8f4d2b488ba152414c82b60e3c/?a=1233&br=1258&bt=629&cd=0%7C0%7C0&ch=0&cr=3&cs=2&cv=1&dr=0&ds=6&er=&ft=c~.Zm4L-gXoInz7T&l=202201170052310101131351321B30A9F9&lr=all&mime_type=video_mp4&net=0&pl=0&qs=11&rc=anZ3NmhraW1tNDMzNzczM0ApZjw7NmQ1OWQ8N2hoZjU2OGdubmg0Ml9oYGhgLS1kMTZzczZhNi8tMDJiMzRfMTRiNTY6Yw%3D%3D&vl=&vr=
video/mp4, bytes, 1642380756.9372015, 1642380756.9478624, 1642380757.0190501, 1642380764.84071, v25.tiktokcdn-us.com, 5835b0aaba417b293c7a4fbc02dbc80f, /5835b0aaba417b293c7a4fbc02dbc80f/61e51243/video/tos/useast2a/tos-useast2a-ve-0068c003/a3916a82751449e5bc996d3ea4c44e77/?a=1233&br=1710&bt=855&cd=0%7C0%7C0&ch=0&cr=3&cs=2&cv=1&dr=0&ds=6&er=&ft=c~.Zm4L-gXoInz7T&l=202201170052310101131351321B30A9F9&lr=all&mime_type=video_mp4&net=0&pl=0&qs=5&rc=ajx1NTU6ZmdqOTMzNzczM0ApZmk0NjlpOGQ4N2U4NTg8aGcwcTEucjQwbnJgLS1kMTZzc2EzYGBjLTYyNTNgYi1fNTY6Yw%3D%3D&vl=&vr=
video/mp4, bytes, 1642380762.8423464, 1642380762.8439262, 1642380762.8854938, 1642380766.2401516, v25.tiktokcdn-us.com, 7feab3521a08174584855f6a7dacfab3, /7feab3521a08174584855f6a7dacfab3/61e5125c/video/tos/useast2a/tos-useast2a-pve-0068/d71c0e8d4bdd441cb28765ca3433472b/?a=1233&br=1084&bt=542&cd=0%7C0%7C0&ch=0&cr=3&cs=2&cv=1&dr=0&ds=3&er=&ft=c~.Zm4L-gXoInz7T&l=202201170052310101131351321B30A9F9&lr=all&mime_type=video_mp4&net=0&pl=0&qs=14&rc=M25oMzw6ZjhqNjMzNzczM0ApN2kzaWQ4NDtmN2c6ZTg8aWdrYjJlcjRfNmlgLS1kMTZzczA0YmNjY2AtYDI2MDBfNjY6Yw%3D%3D&vl=&vr=
video/mp4, bytes 0-1024000/1181632, 1642380767.4764807, 1642380767.4790993, 1642380767.5286036, 1642380770.2010763, v25.tiktokcdn-us.com, 79344f1fe3dcaf0448acfd1e207c3bab, /79344f1fe3dcaf0448acfd1e207c3bab/61e5123f/video/tos/useast2a/tos-useast2a-pve-0068/353eea5c512a4e96bf4aed8f1a7c9fe9/?a=1233&br=1108&bt=554&cd=0%7C0%7C0&ch=0&cr=3&cs=2&cv=1&dr=0&ds=3&er=&ft=c~.Zm4L-gXoInz7T&l=202201170052310101131351321B30A9F9&lr=all&mime_type=video_mp4&net=0&pl=0&qs=14&rc=MzZ4bjQ6ZmtoNzMzNzczM0ApODc0NGk0NmVlN2Q7OjczM2c0MGRjcjQwci9gLS1kMTZzcy8tMWFiYS5fMzIyNTUxXy06Yw%3D%3D&vl=&vr=
video/mp4, bytes 1024000-1181631/1181632, 1642380772.924584, 1642380772.9256732, 1642380773.0062397, 1642380773.6674254, v25.tiktokcdn-us.com, 79344f1fe3dcaf0448acfd1e207c3bab, /79344f1fe3dcaf0448acfd1e207c3bab/61e5123f/video/tos/useast2a/tos-useast2a-pve-0068/353eea5c512a4e96bf4aed8f1a7c9fe9/?a=1233&br=1108&bt=554&cd=0%7C0%7C0&ch=0&cr=3&cs=2&cv=1&dr=0&ds=3&er=&ft=c~.Zm4L-gXoInz7T&l=202201170052310101131351321B30A9F9&lr=all&mime_type=video_mp4&net=0&pl=0&qs=14&rc=MzZ4bjQ6ZmtoNzMzNzczM0ApODc0NGk0NmVlN2Q7OjczM2c0MGRjcjQwci9gLS1kMTZzcy8tMWFiYS5fMzIyNTUxXy06Yw%3D%3D&vl=&vr=
video/mp4, bytes 0-1024000/1492687, 1642380773.9028053, 1642380773.9040923, 1642380773.9687052, 1642380774.93574, v25.tiktokcdn-us.com, 3ab0de6782826a621a837eb8dd89e277, /3ab0de6782826a621a837eb8dd89e277/61e51246/video/tos/useast2a/tos-useast2a-ve-0068c004/02c11bae6e0c4bbaa3a6e4b386e22249/?a=1233&br=980&bt=490&cd=0%7C0%7C0&ch=0&cr=3&cs=2&cv=1&dr=0&ds=6&er=&ft=c~.Zm4L-gXoInz7T&l=202201170052310101131351321B30A9F9&lr=all&mime_type=video_mp4&net=0&pl=0&qs=4&rc=amQ1NTN2aDpmNjMzNzczM0ApNmg5OTw2ODtnNzhoO2RlNWc0LmVxZWpmNjBgLS1kMTZzczQyLy8wYjAyLl9jL2JjXjQ6Yw%3D%3D&vl=&vr=
video/mp4, bytes 1024000-1492686/1492687, 1642380776.3265383, 1642380776.3297884, 1642380776.396718, 1642380776.932105, v25.tiktokcdn-us.com, 3ab0de6782826a621a837eb8dd89e277, /3ab0de6782826a621a837eb8dd89e277/61e51246/video/tos/useast2a/tos-useast2a-ve-0068c004/02c11bae6e0c4bbaa3a6e4b386e22249/?a=1233&br=980&bt=490&cd=0%7C0%7C0&ch=0&cr=3&cs=2&cv=1&dr=0&ds=6&er=&ft=c~.Zm4L-gXoInz7T&l=202201170052310101131351321B30A9F9&lr=all&mime_type=video_mp4&net=0&pl=0&qs=4&rc=amQ1NTN2aDpmNjMzNzczM0ApNmg5OTw2ODtnNzhoO2RlNWc0LmVxZWpmNjBgLS1kMTZzczQyLy8wYjAyLl9jL2JjXjQ6Yw%3D%3D&vl=&vr=
video/mp4, bytes 0-1024000/3653700, 1642380777.2037296, 1642380777.2054093, 1642380777.2345085, 1642380779.158601, v25.tiktokcdn-us.com, fc45aa522fa25e1e7b50f3e5042e5f80, /fc45aa522fa25e1e7b50f3e5042e5f80/61e51261/video/tos/useast2a/tos-useast2a-ve-0068c001/5bc95ee24c964e9b933f7770c02b2951/?a=1233&br=1136&bt=568&cd=0%7C0%7C0&ch=0&cr=3&cs=2&cv=1&dr=0&ds=6&er=&ft=c~.Zm4L-gXoInz7T&l=202201170052310101131351321B30A9F9&lr=all&mime_type=video_mp4&net=0&pl=0&qs=5&rc=M2plODQ6ZjllNjMzNzczM0ApNWUzOGQ7NTw4Nzg8ZWU8O2drLmJucjQwLnBgLS1kMTZzczBjNjQvMDZeYS8xNGEvMDA6Yw%3D%3D&vl=&vr=
video/mp4, bytes 0-283561/283562, 1642380779.601767, 1642380779.603213, 1642380779.6456144, 1642380780.274848, v25.tiktokcdn-us.com, d0954d87c2af8ca38c2d087bbe51daf1, /d0954d87c2af8ca38c2d087bbe51daf1/61e51235/video/tos/useast2a/tos-useast2a-ve-0068c003/c82291f2f7744bbabb097f3a38918c6a/?a=1233&br=666&bt=333&cd=0%7C0%7C0&ch=0&cr=3&cs=2&cv=1&dr=0&ds=6&er=&ft=c~.Zm4L-gXoInz7T&l=202201170052310101131351321B30A9F9&lr=all&mime_type=video_mp4&net=0&pl=0&qs=4&rc=anVseHJvbmdtdTMzZjczM0ApZWc2M2g4PDs6N2g5ZDdkaWdwNDYwcnM0L3BfLS0yMTZzczE1MmBgYDNfYDYuMWM2YTE6Yw%3D%3D&vl=&vr=
video/mp4, bytes 1024000-3653699/3653700, 1642380782.7902656, 1642380782.790986, 1642380782.8280168, 1642380788.269558, v25.tiktokcdn-us.com, fc45aa522fa25e1e7b50f3e5042e5f80, /fc45aa522fa25e1e7b50f3e5042e5f80/61e51261/video/tos/useast2a/tos-useast2a-ve-0068c001/5bc95ee24c964e9b933f7770c02b2951/?a=1233&br=1136&bt=568&cd=0%7C0%7C0&ch=0&cr=3&cs=2&cv=1&dr=0&ds=6&er=&ft=c~.Zm4L-gXoInz7T&l=202201170052310101131351321B30A9F9&lr=all&mime_type=video_mp4&net=0&pl=0&qs=5&rc=M2plODQ6ZjllNjMzNzczM0ApNWUzOGQ7NTw4Nzg8ZWU8O2drLmJucjQwLnBgLS1kMTZzczBjNjQvMDZeYS8xNGEvMDA6Yw%3D%3D&vl=&vr=
video/mp4, bytes 0-1024000/1412515, 1642380789.2575653, 1642380789.259876, 1642380789.355808, 1642380792.2391295, v25.tiktokcdn-us.com, a0fbff56f9dac5f8d6d9ad5132b68b32, /a0fbff56f9dac5f8d6d9ad5132b68b32/61e51243/video/tos/useast2a/tos-useast2a-ve-0068c003/b2a74e92317c41a98ff396e61f505581/?a=1233&br=1092&bt=546&cd=0%7C0%7C0&ch=0&cr=3&cs=2&cv=1&dr=0&ds=6&er=&ft=c~.Zm4L-gXoInz7T&l=202201170052310101131351321B30A9F9&lr=all&mime_type=video_mp4&net=0&pl=0&qs=5&rc=MzhxNTo7OmluNTMzNzczM0ApaDNlODRpZzszNzc3NDk2NWdqYzQ1Z2RibzBgLS1kMTZzc2JjMmItYy5fLi9gY2EyM2A6Yw%3D%3D&vl=&vr=
video/mp4, bytesbytes 0-909099/909100, 1642380792.8378942, 1642380792.841828, 1642380792.8644023, 1642380793.9499388, v39.tiktokcdn-us.com, b1006ad3e135fc044d2665bc77729ea9, /b1006ad3e135fc044d2665bc77729ea9/61e5125f/video/tos/useast2a/tos-useast2a-ve-0068c004/f34f762b9db54ae98cc0c41b2e426aee/?a=1233&br=812&bt=406&cd=0%7C0%7C0&ch=0&cr=3&cs=2&cv=1&dr=0&ds=6&er=&ft=c~.Zm4L-gXoInz7T&l=20220117005302010113006021022A16A9&lr=all&mime_type=video_mp4&net=0&pl=0&qs=11&rc=amo3a2g6ZnJoNzMzNzczM0ApaGU0OWhmNDxnN2g1NjQ5Z2cvb2IzcjRfZzBgLS1kMTZzc2JjYTFgLzMvLS0wY2IyXy46Yw%3D%3D&vl=&vr=
video/mp4, bytesbytes 0-1024000/2492421, 1642380794.4248455, 1642380794.4268372, 1642380794.4748838, 1642380796.3532825, v39.tiktokcdn-us.com, 2342d051334fdd4b24c3f583867e687c, /2342d051334fdd4b24c3f583867e687c/61e51275/video/tos/useast2a/tos-useast2a-pve-0068/85f26dad7c324228908ebbb101ade411/?a=1233&br=978&bt=489&cd=0%7C0%7C0&ch=0&cr=3&cs=2&cv=1&dr=0&ds=6&er=&ft=c~.Zm4L-gXoInz7T&l=20220117005302010113006021022A16A9&lr=all&mime_type=video_mp4&net=0&pl=0&qs=5&rc=am5zdDw6ZmhqNjMzNzczM0ApOWRnZ2k2NmU0NzRoaGg5O2dtNGtncjRnb2hgLS1kMTZzczQxYF81MjRgM18wNjAxYV86Yw%3D%3D&vl=&vr=
video/mp4, bytesbytes 0-1024000/1130687, 1642380797.4853456, 1642380797.4874222, 1642380797.5140796, 1642380800.5486567, v39.tiktokcdn-us.com, 9da21c2d06d9527163b67040c097e3a2, /9da21c2d06d9527163b67040c097e3a2/61e5125d/video/tos/useast2a/tos-useast2a-ve-0068c004/4dd3485cb1714c11939fbdd0790ecb0f/?a=1233&br=1160&bt=580&cd=0%7C0%7C0&ch=0&cr=3&cs=2&cv=1&dr=0&ds=6&er=&ft=c~.Zm4L-gXoInz7T&l=20220117005302010113006021022A16A9&lr=all&mime_type=video_mp4&net=0&pl=0&qs=5&rc=MzlqN214NThwNTMzNzczM0ApNmQ5PGZnO2Q8N2VoN2ZkM2cubjNkcWZyam5gLS1kMTZzc2MyYTY2Yy4yLjYyXzMvMDA6Yw%3D%3D&vl=&vr=
video/mp4, bytesbytes 0-725887/725888, 1642380833.1940215, 1642380833.1952016, 1642380833.21721, 1642380834.2803333, v39.tiktokcdn-us.com, 8debbeb4dbf1704ba2c4489c93eaac32, /8debbeb4dbf1704ba2c4489c93eaac32/61e5125c/video/tos/useast5/tos-useast5-ve-0068c003-tx/236a885425854f189d4f37cd7161f6c9/?a=1233&br=752&bt=376&cd=0%7C0%7C0&ch=0&cr=3&cs=2&cv=1&dr=0&ds=6&er=&ft=c~.Zm4L-gXoInz7T&l=20220117005302010113006021022A16A9&lr=all&mime_type=video_mp4&net=0&pl=0&qs=5&rc=amkzdjo6ZnY6OjMzZzczNEApODRlZDo4Zzw3N2Q1OWY6OWdoXnNtcjRnNTVgLS1kMS9zcy41Yy9iNV9hXmJfYmExYDA6Yw%3D%3D&vl=&vr=
video/mp4, bytes 1024000-1412514/1412515, 1642380840.0767102, 1642380840.080352, 1642380840.1500995, 1642380840.9510996, v25.tiktokcdn-us.com, a0fbff56f9dac5f8d6d9ad5132b68b32, /a0fbff56f9dac5f8d6d9ad5132b68b32/61e51243/video/tos/useast2a/tos-useast2a-ve-0068c003/b2a74e92317c41a98ff396e61f505581/?a=1233&br=1092&bt=546&cd=0%7C0%7C0&ch=0&cr=3&cs=2&cv=1&dr=0&ds=6&er=&ft=c~.Zm4L-gXoInz7T&l=202201170052310101131351321B30A9F9&lr=all&mime_type=video_mp4&net=0&pl=0&qs=5&rc=MzhxNTo7OmluNTMzNzczM0ApaDNlODRpZzszNzc3NDk2NWdqYzQ1Z2RibzBgLS1kMTZzc2JjMmItYy5fLi9gY2EyM2A6Yw%3D%3D&vl=&vr=
video/mp4, bytesbytes 0-1024000/1069291, 1642380841.2981572, 1642380841.3007562, 1642380841.3487935, 1642380844.494007, v39.tiktokcdn-us.com, 23f462ab6543ac264f69412930327765, /23f462ab6543ac264f69412930327765/61e51267/video/tos/alisg/tos-alisg-pve-0037c001/4a0a9e195fa24116ac3ca1661083a252/?a=1233&br=658&bt=329&cd=0%7C0%7C0&ch=0&cr=3&cs=2&cv=1&dr=0&ds=6&er=&ft=c~.Zm4L-gXoInz7T&l=20220117005302010113006021022A16A9&lr=all&mime_type=video_mp4&net=0&pl=0&qs=4&rc=ajY3Njk6ZmU2OTMzODczNEApaDZmNjs7NWQ0NzlmM2g2ZGdsb25ucjRvM2BgLS1kMS1zczQ0MC9jNC5jMWMzNmMtLy46Yw%3D%3D&vl=&vr=
video/mp4, bytesbytes 0-353598/353599, 1642380846.9001882, 1642380846.9014356, 1642380846.9632885, 1642380848.142821, v39.tiktokcdn-us.com, 8e3e80eb94963542f86b327c19093248, /8e3e80eb94963542f86b327c19093248/61e51258/video/tos/useast2a/tos-useast2a-ve-0068c002/9a2f180d93d24fc6bc8d000c36134188/?a=1233&br=516&bt=258&cd=0%7C0%7C0&ch=0&cr=3&cs=2&cv=1&dr=0&ds=6&er=&ft=c~.Zm4L-gXoInz7T&l=20220117005302010113006021022A16A9&lr=all&mime_type=video_mp4&net=0&pl=0&qs=5&rc=am53bnBmZ2Z2NDMzNzczM0ApNzo0NjM6N2RlNzxpOTQ5OmduZmtiZy5pNG5gLS1kMTZzczAyLTFjYF8uMy01MWEzMjM6Yw%3D%3D&vl=&vr=
video/mp4, bytesbytes 1024000-2492420/2492421, 1642380855.4716446, 1642380855.472975, 1642380855.4945822, 1642380860.7454734, v39.tiktokcdn-us.com, 2342d051334fdd4b24c3f583867e687c, /2342d051334fdd4b24c3f583867e687c/61e51275/video/tos/useast2a/tos-useast2a-pve-0068/85f26dad7c324228908ebbb101ade411/?a=1233&br=978&bt=489&cd=0%7C0%7C0&ch=0&cr=3&cs=2&cv=1&dr=0&ds=6&er=&ft=c~.Zm4L-gXoInz7T&l=20220117005302010113006021022A16A9&lr=all&mime_type=video_mp4&net=0&pl=0&qs=5&rc=am5zdDw6ZmhqNjMzNzczM0ApOWRnZ2k2NmU0NzRoaGg5O2dtNGtncjRnb2hgLS1kMTZzczQxYF81MjRgM18wNjAxYV86Yw%3D%3D&vl=&vr=
video/mp4, bytesbytes 0-573921/573922, 1642380861.4067445, 1642380861.4080174, 1642380861.4243062, 1642380861.9964888, v39.tiktokcdn-us.com, 6af7c8f34dfbffb2cbac9f637a7f37cb, /6af7c8f34dfbffb2cbac9f637a7f37cb/61e51259/video/tos/useast5/tos-useast5-ve-0068c004-tx/d967a4df34444b62921fc5ac80467075/?a=1233&br=760&bt=380&cd=0%7C0%7C0&ch=0&cr=3&cs=2&cv=1&dr=0&ds=6&er=&ft=c~.Zm4L-gXoInz7T&l=20220117005302010113006021022A16A9&lr=all&mime_type=video_mp4&net=0&pl=0&qs=4&rc=M29saWg6ZjczOjMzZzczNEApNDQ8MzQ1aGQ8N2lmMzQ3NmcyNGBocjRfX2FgLS1kMS9zczI2LTUxYWBeLzAwM2JfYC06Yw%3D%3D&vl=&vr=
video/mp4, bytesbytes 1024000-1130686/1130687, 1642380883.3225787, 1642380883.32427, 1642380883.3415263, 1642380883.4698002, v39.tiktokcdn-us.com, 9da21c2d06d9527163b67040c097e3a2, /9da21c2d06d9527163b67040c097e3a2/61e5125d/video/tos/useast2a/tos-useast2a-ve-0068c004/4dd3485cb1714c11939fbdd0790ecb0f/?a=1233&br=1160&bt=580&cd=0%7C0%7C0&ch=0&cr=3&cs=2&cv=1&dr=0&ds=6&er=&ft=c~.Zm4L-gXoInz7T&l=20220117005302010113006021022A16A9&lr=all&mime_type=video_mp4&net=0&pl=0&qs=5&rc=MzlqN214NThwNTMzNzczM0ApNmQ5PGZnO2Q8N2VoN2ZkM2cubjNkcWZyam5gLS1kMTZzc2MyYTY2Yy4yLjYyXzMvMDA6Yw%3D%3D&vl=&vr=
video/mp4, bytesbytes 0-1024000/2121440, 1642380883.589713, 1642380883.5943317, 1642380883.628222, 1642380884.9647691, v39.tiktokcdn-us.com, 2f64edd5aaab5c615611587b1798f427, /2f64edd5aaab5c615611587b1798f427/61e51263/video/tos/useast2a/tos-useast2a-pve-0068/bce660f83b4044319aeab83ae5a264f6/?a=1233&br=1562&bt=781&cd=0%7C0%7C0&ch=0&cr=3&cs=2&cv=1&dr=0&ds=6&er=&ft=c~.Zm4L-gXoInz7T&l=20220117005302010113006021022A16A9&lr=all&mime_type=video_mp4&net=0&pl=0&qs=5&rc=ajtwaW9vZGt5NTMzNzczM0ApMzo0ZTNlNWQ4N2Y4Zjg5Z2djaTZlczNkM2dgLS1kMTZzc2A2MC4wYy9iYTQtMmBjNl46Yw%3D%3D&vl=&vr=
video/mp4, bytesbytes 1024000-1069290/1069291, 1642380886.7302997, 1642380886.7326877, 1642380886.9025502, 1642380887.078872, v39.tiktokcdn-us.com, 23f462ab6543ac264f69412930327765, /23f462ab6543ac264f69412930327765/61e51267/video/tos/alisg/tos-alisg-pve-0037c001/4a0a9e195fa24116ac3ca1661083a252/?a=1233&br=658&bt=329&cd=0%7C0%7C0&ch=0&cr=3&cs=2&cv=1&dr=0&ds=6&er=&ft=c~.Zm4L-gXoInz7T&l=20220117005302010113006021022A16A9&lr=all&mime_type=video_mp4&net=0&pl=0&qs=4&rc=ajY3Njk6ZmU2OTMzODczNEApaDZmNjs7NWQ0NzlmM2g2ZGdsb25ucjRvM2BgLS1kMS1zczQ0MC9jNC5jMWMzNmMtLy46Yw%3D%3D&vl=&vr=
video/mp4, bytesbytes 0-630905/630906, 1642380887.2902849, 1642380887.2916682, 1642380887.334283, 1642380888.3202922, v39.tiktokcdn-us.com, 52a52dd7a4131b6d0bacec50cd8e1dfe, /52a52dd7a4131b6d0bacec50cd8e1dfe/61e5125d/video/tos/useast2a/tos-useast2a-ve-0068c004/d81012df6a39444f87aa77a0bbf58acc/?a=1233&br=638&bt=319&cd=0%7C0%7C0&ch=0&cr=3&cs=2&cv=1&dr=0&ds=6&er=&ft=c~.Zm4L-gXoInz7T&l=20220117005302010113006021022A16A9&lr=all&mime_type=video_mp4&net=0&pl=0&qs=4&rc=ajo6ZzZyOmt2dDMzNzczM0ApZTY2NTY6OmU1NzM4OTpoNmdfbmYzbDAvYzBfLS1jMTZzczYvYzYxYmJhYzAxNi1gXi06Yw%3D%3D&vl=&vr=
video/mp4, bytesbytes 0-321695/321696, 1642380888.6184125, 1642380888.6258492, 1642380888.651481, 1642380889.0310273, v39.tiktokcdn-us.com, 8c32e3b5c3596fd42f2e8f91282c8454, /8c32e3b5c3596fd42f2e8f91282c8454/61e51256/video/tos/useast2a/tos-useast2a-ve-0068c003/6f8357ae921f4aa78fa165764150f515/?a=1233&br=608&bt=304&cd=0%7C0%7C0&ch=0&cr=3&cs=2&cv=1&dr=0&ds=6&er=&ft=c~.Zm4L-gXoInz7T&l=20220117005302010113006021022A16A9&lr=all&mime_type=video_mp4&net=0&pl=0&qs=4&rc=ajlncnh0bXY7NTMzNzczM0ApNWU8Z2llOmU2NzpkaTMzN2deNjU1MjFhZl5gLS1kMTZzc2BfYzQwYTM0L15iXy4wYTY6Yw%3D%3D&vl=&vr=
video/mp4, bytesbytes 1024000-2121439/2121440, 1642380910.3573947, 1642380910.3585927, 1642380910.3911223, 1642380913.221716, v39.tiktokcdn-us.com, 2f64edd5aaab5c615611587b1798f427, /2f64edd5aaab5c615611587b1798f427/61e51263/video/tos/useast2a/tos-useast2a-pve-0068/bce660f83b4044319aeab83ae5a264f6/?a=1233&br=1562&bt=781&cd=0%7C0%7C0&ch=0&cr=3&cs=2&cv=1&dr=0&ds=6&er=&ft=c~.Zm4L-gXoInz7T&l=20220117005302010113006021022A16A9&lr=all&mime_type=video_mp4&net=0&pl=0&qs=5&rc=ajtwaW9vZGt5NTMzNzczM0ApMzo0ZTNlNWQ4N2Y4Zjg5Z2djaTZlczNkM2dgLS1kMTZzc2A2MC4wYy9iYTQtMmBjNl46Yw%3D%3D&vl=&vr=
video/mp4, bytes 0-250223/250224, 1642380913.7268806, 1642380913.7284522, 1642380913.7912607, 1642380914.0903783, v25.tiktokcdn-us.com, 20204b329061ed6f7245a910496cf9ad, /20204b329061ed6f7245a910496cf9ad/61e512d5/video/tos/useast2a/tos-useast2a-ve-0068c001/186cb9a105e9495e80fffca86f26e1e0/?a=1233&br=510&bt=255&cd=0%7C0%7C0&ch=0&cr=3&cs=2&cv=1&dr=0&ds=6&er=&ft=c~.Zm4L-gXoInz7T&l=202201170055100101131350471629EB0D&lr=all&mime_type=video_mp4&net=0&pl=0&qs=4&rc=M3kzcms1NHd0NDMzOjczM0ApZ2Q3OmQ7PDs6NzpkZjRkOWc1a3NhbGowbDJgLS02MTZzc2A1LWE1MDVhX2IzYS0uYjI6Yw%3D%3D&vl=&vr=
video/mp4, bytes 0-1024000/1115179, 1642380914.2532194, 1642380914.254004, 1642380914.2946227, 1642380915.6253848, v25.tiktokcdn-us.com, 1b6e3ae190aa3698370a9b6c5b97dfca, /1b6e3ae190aa3698370a9b6c5b97dfca/61e512de/video/tos/useast2a/tos-useast2a-pve-0068/b7bce4a37804449f9d2183c5933ac52d/?a=1233&br=1022&bt=511&cd=0%7C0%7C0&ch=0&cr=3&cs=2&cv=1&dr=0&ds=6&er=&ft=c~.Zm4L-gXoInz7T&l=202201170055100101131350471629EB0D&lr=all&mime_type=video_mp4&net=0&pl=0&qs=5&rc=M2k6OHV0cm5yNjMzNzczM0ApOTU1N2lpNjtmNzo2NTc4aWdtcC01azE1bzZgLS1kMTZzc2I0LTI0YjI1LmA0Ni4xYS86Yw%3D%3D&vl=&vr=
video/mp4, bytes 0-785126/785127, 1642380915.9883351, 1642380915.9911647, 1642380916.0501428, 1642380917.1397545, v25.tiktokcdn-us.com, 19be92e4e165f0dca4607ac98a6e5cfe, /19be92e4e165f0dca4607ac98a6e5cfe/61e512dc/video/tos/useast2a/tos-useast2a-ve-0068c002/6a64302591914e788873b4fa55cd0878/?a=1233&br=820&bt=410&cd=0%7C0%7C0&ch=0&cr=3&cs=2&cv=1&dr=0&ds=6&er=&ft=c~.Zm4L-gXoInz7T&l=202201170055100101131350471629EB0D&lr=all&mime_type=video_mp4&net=0&pl=0&qs=5&rc=ajhkeTtyNjM1NDMzNzczM0ApN2c3ODU4NmRnN2Y7ZWQ1OmcvamRjNGE2LmtgLS1kMTZzc2NiX2BiNi8uNTVeYzAtXjI6Yw%3D%3D&vl=&vr=
video/mp4, bytes 0-444670/444671, 1642380931.9633167, 1642380931.9669998, 1642380932.05602, 1642380933.259588, v25.tiktokcdn-us.com, 7ea3f6c5116eab9cc4db94479eeda76b, /7ea3f6c5116eab9cc4db94479eeda76b/61e512d5/video/tos/alisg/tos-alisg-pve-0037c001/483cae1dd53b40d999040db9dcbd2da8/?a=1233&br=864&bt=432&cd=0%7C0%7C0&ch=0&cr=3&cs=2&cv=1&dr=0&ds=6&er=&ft=c~.Zm4L-gXoInz7T&l=202201170055100101131350471629EB0D&lr=all&mime_type=video_mp4&net=0&pl=0&qs=4&rc=MzQzPHNnNjg8NDMzNTczM0ApZzo7OTg8OWVnN2dkM2Y6OmdnYW5ibTJwcjZgLS0xMTRzc2I0NWBfLmIwXi0vLTMxYTE6Yw%3D%3D&vl=&vr=
video/mp4, bytes 1024000-1115178/1115179, 1642380937.9935517, 1642380937.9945707, 1642380938.0850887, 1642380938.500625, v25.tiktokcdn-us.com, 1b6e3ae190aa3698370a9b6c5b97dfca, /1b6e3ae190aa3698370a9b6c5b97dfca/61e512de/video/tos/useast2a/tos-useast2a-pve-0068/b7bce4a37804449f9d2183c5933ac52d/?a=1233&br=1022&bt=511&cd=0%7C0%7C0&ch=0&cr=3&cs=2&cv=1&dr=0&ds=6&er=&ft=c~.Zm4L-gXoInz7T&l=202201170055100101131350471629EB0D&lr=all&mime_type=video_mp4&net=0&pl=0&qs=5&rc=M2k6OHV0cm5yNjMzNzczM0ApOTU1N2lpNjtmNzo2NTc4aWdtcC01azE1bzZgLS1kMTZzc2I0LTI0YjI1LmA0Ni4xYS86Yw%3D%3D&vl=&vr=
video/mp4, bytes 0-1024000/1417688, 1642380938.6575327, 1642380938.6589694, 1642380938.7493663, 1642380941.086192, v25.tiktokcdn-us.com, ec417ad1b1aebae676f57638e5d7d15a, /ec417ad1b1aebae676f57638e5d7d15a/61e512e2/video/tos/useast2a/tos-useast2a-ve-0068c003/ea7de911776840ddb16332a908d46e62/?a=1233&br=1060&bt=530&cd=0%7C0%7C0&ch=0&cr=3&cs=2&cv=1&dr=0&ds=6&er=&ft=c~.Zm4L-gXoInz7T&l=202201170055100101131350471629EB0D&lr=all&mime_type=video_mp4&net=0&pl=0&qs=5&rc=anZ0aGhoNG0zNTMzNzczM0ApNDRoOmc0ZGVpNzdnM2QzOWcvbGZhM3BoLm5gLS1kMTZzcy1fYDBeNS00NF8yYjZgYWE6Yw%3D%3D&vl=&vr=
video/mp4, bytes 0-621511/621512, 1642380941.5885656, 1642380941.5894716, 1642380941.7197409, 1642380942.5491288, v25.tiktokcdn-us.com, ea77905d4a94b4d06d73e92310b6a363, /ea77905d4a94b4d06d73e92310b6a363/61e512dc/video/tos/useast2a/tos-useast2a-ve-0068c003/8a331142577249c1871010195fd4a5f3/?a=1233&br=682&bt=341&cd=0%7C0%7C0&ch=0&cr=3&cs=2&cv=1&dr=0&ds=6&er=&ft=c~.Zm4L-gXoInz7T&l=202201170055100101131350471629EB0D&lr=all&mime_type=video_mp4&net=0&pl=0&qs=4&rc=MzRoaGV1czhxMzMzZzczM0ApMzZnPDZpNmRmN2RlZ2RkOGcvZDQxcDU1ZW5gLS1eMTZzczNgNGBhYl5jYzMyMzJgNDM6Yw%3D%3D&vl=&vr=
video/mp4, bytes 0-435841/435842, 1642380942.9052422, 1642380942.9061906, 1642380942.9514995, 1642380943.604445, v25.tiktokcdn-us.com, 94fc0ee83216bfdc6497ef99606246fc, /94fc0ee83216bfdc6497ef99606246fc/61e512d5/video/tos/useast2a/tos-useast2a-ve-0068c003/68d322896df040509a8850930ec1b841/?a=1233&br=856&bt=428&cd=0%7C0%7C0&ch=0&cr=3&cs=2&cv=1&dr=0&ds=6&er=&ft=c~.Zm4L-gXoInz7T&l=202201170055100101131350471629EB0D&lr=all&mime_type=video_mp4&net=0&pl=0&qs=11&rc=M2dvcmg6ZmZtOTMzNzczM0ApOjZmOzVpOjw6NzdkaWQzPGdsaGEucjRvZV9gLS1kMTZzc2JeMWIyYDBjNC81NjY1LV46Yw%3D%3D&vl=&vr=
video/mp4, bytes 0-473870/473871, 1642380943.7844467, 1642380943.7857184, 1642380943.8271537, 1642380944.4753888, v25.tiktokcdn-us.com, 94842f5628e26be26609f1b8aa73903e, /94842f5628e26be26609f1b8aa73903e/61e512d2/video/tos/useast2a/tos-useast2a-ve-0068c004/e99cb9d5a11d4ac7a496622b02f8a9ad/?a=1233&br=1476&bt=738&cd=0%7C0%7C0&ch=0&cr=3&cs=0&dr=0&ds=2&er=&ft=c~.Zm4L-gXoInz7T&l=202201170055100101131350471629EB0D&lr=all&mime_type=video_mp4&net=0&pl=0&qs=0&rc=MzN1NmdkcnU2NTMzNzczM0ApNjk0Z2c7Zzs4NzRmMzYzM2dwYmtrai5laXFgLS1kMTZzc2BiNV4zNTEyNjQ0XmEzMS86Yw%3D%3D&vl=&vr=
video/mp4, bytes 1024000-1417687/1417688, 1642380946.1377685, 1642380946.139363, 1642380946.2349274, 1642380948.1733053, v25.tiktokcdn-us.com, ec417ad1b1aebae676f57638e5d7d15a, /ec417ad1b1aebae676f57638e5d7d15a/61e512e2/video/tos/useast2a/tos-useast2a-ve-0068c003/ea7de911776840ddb16332a908d46e62/?a=1233&br=1060&bt=530&cd=0%7C0%7C0&ch=0&cr=3&cs=2&cv=1&dr=0&ds=6&er=&ft=c~.Zm4L-gXoInz7T&l=202201170055100101131350471629EB0D&lr=all&mime_type=video_mp4&net=0&pl=0&qs=5&rc=anZ0aGhoNG0zNTMzNzczM0ApNDRoOmc0ZGVpNzdnM2QzOWcvbGZhM3BoLm5gLS1kMTZzcy1fYDBeNS00NF8yYjZgYWE6Yw%3D%3D&vl=&vr=
video/mp4, bytes 0-920621/920622, 1642380948.2576208, 1642380948.258785, 1642380948.4143922, 1642380950.7590742, v25.tiktokcdn-us.com, 9fbd2715f9486ecade7f83586c8d9540, /9fbd2715f9486ecade7f83586c8d9540/61e512e1/video/tos/useast2a/tos-useast2a-ve-0068c004/79b1b3f341fd40b0b1ece1a7d0931fa7/?a=1233&br=744&bt=372&cd=0%7C0%7C0&ch=0&cr=3&cs=2&cv=1&dr=0&ds=6&er=&ft=c~.Zm4L-gXoInz7T&l=202201170055100101131350471629EB0D&lr=all&mime_type=video_mp4&net=0&pl=0&qs=5&rc=ampneXc6ZTR3NTMzNzczM0ApNzU8OjhlaWRoN2g3ZWkzM2dzLWgwNmMtNGNgLS1kMTZzc19fNmEtYzYzYS4vLTE0LzI6Yw%3D%3D&vl=&vr=
video/mp4, bytes 0-633979/633980, 1642380951.212767, 1642380951.2146137, 1642380951.2510087, 1642380951.7830644, v25.tiktokcdn-us.com, 51b0048a27b0588c348469243bac92ad, /51b0048a27b0588c348469243bac92ad/61e512de/video/tos/useast5/tos-useast5-pve-0068-tx/f62e02f024c540c89a00998f535a6845/?a=1233&br=582&bt=291&cd=0%7C0%7C0&ch=0&cr=3&cs=2&cv=1&dr=0&ds=3&er=&ft=c~.Zm4L-gXoInz7T&l=202201170055100101131350471629EB0D&lr=all&mime_type=video_mp4&net=0&pl=0&qs=14&rc=anhtOmY6Zmo6OjMzZzczNEApOjM6NDc4aWRkNzVlODRpOWdybmZucjRfbTZgLS1kMS9zcy4vYmFhMV5jMzZeNjY1XjY6Yw%3D%3D&vl=&vr=
video/mp4, bytesbytes 0-1024000/1696741, 1642380958.7199235, 1642380958.720685, 1642380958.7312582, 1642380959.7667599, v19.tiktokcdn-us.com, 6cddd4a0002674cb416565bca089ea0e, /6cddd4a0002674cb416565bca089ea0e/61e51310/video/tos/useast2a/tos-useast2a-ve-0068c003/f348836467bc49eaa857075d7c4a121e/?a=1233&br=1382&bt=691&cd=0%7C0%7C0&ch=0&cr=3&cs=2&cv=1&dr=0&ds=6&er=&ft=c~.Zm4L-gXoInz7T&l=202201170055570101131351680E2D6CF7&lr=all&mime_type=video_mp4&net=0&pl=0&qs=5&rc=anhwMzw6ZnRqNzMzNzczM0ApZmRlNzpnaGQ0NzloO2k6OWctZ2sycjQwLWpgLS1kMTZzczZeMzE0YWAzLTMuXi8xYWM6Yw%3D%3D&vl=&vr=
video/mp4, bytesbytes 0-758420/758421, 1642380960.1385128, 1642380960.1401296, 1642380960.1512935, 1642380961.0268762, v19.tiktokcdn-us.com, abc24a056422f34553d91a3aef718a5a, /abc24a056422f34553d91a3aef718a5a/61e5130d/video/tos/useast2a/tos-useast2a-pve-0068/aeef7600a288471fae3bb636b1330a2c/?a=1233&br=712&bt=356&cd=0%7C0%7C0&ch=0&cr=3&cs=2&cv=1&dr=0&ds=6&er=&ft=c~.Zm4L-gXoInz7T&l=202201170055570101131351680E2D6CF7&lr=all&mime_type=video_mp4&net=0&pl=0&qs=5&rc=anA2NDg6Zmt2NzMzNzczM0ApZ2c8ZzlnPDtoN2Y6aTg2PGdhMXI2cjRfZy9gLS1kMTZzcy4zYmE1NmNiMTAuMDAtXmM6Yw%3D%3D&vl=&vr=
video/mp4, bytesbytes 0-265347/265348, 1642380961.350404, 1642380961.3524027, 1642380961.380105, 1642380961.68636, v19.tiktokcdn-us.com, 652b02688df4434054f79eb53a134d2a, /652b02688df4434054f79eb53a134d2a/61e51305/video/tos/alisg/tos-alisg-pve-0037c001/88d0a2f0d8fd40f699e281a9c3b021f0/?a=1233&br=482&bt=241&cd=0%7C0%7C0&ch=0&cr=3&cs=2&cv=1&dr=0&ds=6&er=&ft=c~.Zm4L-gXoInz7T&l=202201170055570101131351680E2D6CF7&lr=all&mime_type=video_mp4&net=0&pl=0&qs=11&rc=ajdzOXE6bDNyMzMzODczM0ApNTk1aTU8OGRoNzdoM2Y5aWdgMzExMm9rcDRgLS0yMTRzcy0zMTEyXmAvYi81MzAxLWI6Yw%3D%3D&vl=&vr=
video/mp4, bytesbytes 0-517792/517793, 1642380961.8908083, 1642380961.8926024, 1642380961.9306204, 1642380962.5276675, v19.tiktokcdn-us.com, c6e47a903376eec1fd27aab2d95e218f, /c6e47a903376eec1fd27aab2d95e218f/61e51305/video/tos/useast2a/tos-useast2a-ve-0068c004/61ddc728cfd74da9806df42f9f1aa3a3/?a=1233&br=926&bt=463&cd=0%7C0%7C0&ch=0&cr=3&cs=2&cv=1&dr=0&ds=6&er=&ft=c~.Zm4L-gXoInz7T&l=202201170055570101131351680E2D6CF7&lr=all&mime_type=video_mp4&net=0&pl=0&qs=5&rc=amRzOzp5aHRneDMzPDczM0ApNzVmaTk2N2RoNzc7ZDQ3aWdyaGs0YWpnLWRfLS0zMTZzczJjNDMwXy1hYzVjYmA1Nl46Yw%3D%3D&vl=&vr=
video/mp4, bytesbytes 0-1024000/2333612, 1642380978.145386, 1642380978.1509614, 1642380978.1732998, 1642380979.934856, v19.tiktokcdn-us.com, b20399533eec0734cf99ba726f109bfe, /b20399533eec0734cf99ba726f109bfe/61e51325/video/tos/useast5/tos-useast5-ve-0068c004-tx/178c4bb4832b4526b15de9a07d6089a6/?a=1233&br=892&bt=446&cd=0%7C0%7C0&ch=0&cr=3&cs=2&cv=1&dr=0&ds=6&er=&ft=c~.Zm4L-gXoInz7T&l=202201170055570101131351680E2D6CF7&lr=all&mime_type=video_mp4&net=0&pl=0&qs=4&rc=M3JsZGQ6Zjg5OjMzZzczNEApZGhnODs1N2U8NzNlZjRkNGdxY3BocjRfZTBgLS1kMS9zczAvMi1jNl8wLzMwY2MuLTI6Yw%3D%3D&vl=&vr=
video/mp4, bytesbytes 1024000-1696740/1696741, 1642380995.3974645, 1642380995.3986323, 1642380995.4095628, 1642380997.915234, v19.tiktokcdn-us.com, 6cddd4a0002674cb416565bca089ea0e, /6cddd4a0002674cb416565bca089ea0e/61e51310/video/tos/useast2a/tos-useast2a-ve-0068c003/f348836467bc49eaa857075d7c4a121e/?a=1233&br=1382&bt=691&cd=0%7C0%7C0&ch=0&cr=3&cs=2&cv=1&dr=0&ds=6&er=&ft=c~.Zm4L-gXoInz7T&l=202201170055570101131351680E2D6CF7&lr=all&mime_type=video_mp4&net=0&pl=0&qs=5&rc=anhwMzw6ZnRqNzMzNzczM0ApZmRlNzpnaGQ0NzloO2k6OWctZ2sycjQwLWpgLS1kMTZzczZeMzE0YWAzLTMuXi8xYWM6Yw%3D%3D&vl=&vr=
video/mp4, bytesbytes 0-769252/769253, 1642380997.32384, 1642380997.3251505, 1642380997.5835576, 1642380999.1976597, v19.tiktokcdn-us.com, 8d3c067692c8679663b217fca41a6dfe, /8d3c067692c8679663b217fca41a6dfe/61e5130c/video/tos/useast2a/tos-useast2a-ve-0068c004/efbfd78c2abf4559a766c6d6de5511bc/?a=1233&br=786&bt=393&cd=0%7C0%7C0&ch=0&cr=3&cs=2&cv=1&dr=0&ds=6&er=&ft=c~.Zm4L-gXoInz7T&l=202201170055570101131351680E2D6CF7&lr=all&mime_type=video_mp4&net=0&pl=0&qs=5&rc=ajZ5OTtzbGo5NDMzNzczM0ApMzc7PDo3OzxpNzQ8ZTc4NmdqXjFga3NvY2tgLS1kMTZzc2MuY180MzUuYjExLzI2LTE6Yw%3D%3D&vl=&vr=
video/mp4, bytesbytes 0-533647/533648, 1642380999.7861457, 1642380999.7881608, 1642380999.8021452, 1642381000.7078462, v19.tiktokcdn-us.com, 5d46df437e1a621a46bd51409a7ac4af, /5d46df437e1a621a46bd51409a7ac4af/61e51306/video/tos/useast2a/tos-useast2a-ve-0068c002/3de104e8920c42b783312742acf07bdb/?a=1233&br=872&bt=436&cd=0%7C0%7C0&ch=0&cr=3&cs=2&cv=1&dr=0&ds=6&er=&ft=c~.Zm4L-gXoInz7T&l=202201170055570101131351680E2D6CF7&lr=all&mime_type=video_mp4&net=0&pl=0&qs=4&rc=am52Zzs6ZndrNzMzNzczM0ApOGk2ZWU4Zzs1N2RoOmVpZ2dnZGk1cjQwXmxgLS1kMTZzczRgMWAyYmBeY2BhMWIxLl46Yw%3D%3D&vl=&vr=
video/mp4, bytesbytes 0-850417/850418, 1642381006.2040153, 1642381006.2055066, 1642381006.222938, 1642381007.8295608, v19.tiktokcdn-us.com, 82cd0fae3e084f7b45263beb8a63ff01, /82cd0fae3e084f7b45263beb8a63ff01/61e5130c/video/tos/useast2a/tos-useast2a-pve-0068/33def16ebd18444989dc7993a37978dd/?a=1233&br=854&bt=427&cd=0%7C0%7C0&ch=0&cr=3&cs=2&cv=1&dr=0&ds=6&er=&ft=c~.Zm4L-gXoInz7T&l=202201170055570101131351680E2D6CF7&lr=all&mime_type=video_mp4&net=0&pl=0&qs=5&rc=ajVyZzt5dGlreDMzZTczM0ApZzM0NDNmO2RnNzM5MzVlM2cuZWYxL3BuaDRfLS0wMTZzczQtNjBeMzIwMi4tYDI1L186Yw%3D%3D&vl=&vr=
video/mp4, bytesbytes 0-1024000/1468106, 1642381008.2714653, 1642381008.2727296, 1642381008.28572, 1642381009.6420107, v19.tiktokcdn-us.com, 0201935af16700a92caed8933f0e4be1, /0201935af16700a92caed8933f0e4be1/61e5130b/video/tos/useast2a/tos-useast2a-ve-0068c001/b21486bb7d81477baabd50d3c947dcf1/?a=1233&br=1530&bt=765&cd=0%7C0%7C0&ch=0&cr=3&cs=2&cv=1&dr=0&ds=6&er=&ft=c~.Zm4L-gXoInz7T&l=202201170055570101131351680E2D6CF7&lr=all&mime_type=video_mp4&net=0&pl=0&qs=5&rc=ajRwZTw7bGR2NjMzNzczM0ApaWhnOWZlO2U7N2ZoZDg5M2dvNmFvMXBvYGRgLS1kMTZzcy8xNmJfXzItNC42Yy5gXzQ6Yw%3D%3D&vl=&vr=
video/mp4, bytesbytes 1024000-2333611/2333612, 1642381015.7703319, 1642381015.7712674, 1642381015.7821257, 1642381017.037822, v19.tiktokcdn-us.com, b20399533eec0734cf99ba726f109bfe, /b20399533eec0734cf99ba726f109bfe/61e51325/video/tos/useast5/tos-useast5-ve-0068c004-tx/178c4bb4832b4526b15de9a07d6089a6/?a=1233&br=892&bt=446&cd=0%7C0%7C0&ch=0&cr=3&cs=2&cv=1&dr=0&ds=6&er=&ft=c~.Zm4L-gXoInz7T&l=202201170055570101131351680E2D6CF7&lr=all&mime_type=video_mp4&net=0&pl=0&qs=4&rc=M3JsZGQ6Zjg5OjMzZzczNEApZGhnODs1N2U8NzNlZjRkNGdxY3BocjRfZTBgLS1kMS9zczAvMi1jNl8wLzMwY2MuLTI6Yw%3D%3D&vl=&vr=
video/mp4, bytesbytes 0-693192/693193, 1642381017.576115, 1642381017.5771766, 1642381017.5894887, 1642381018.4517362, v19.tiktokcdn-us.com, 4cc0aafc0941450f92d0fbc746ff665c, /4cc0aafc0941450f92d0fbc746ff665c/61e51305/video/tos/useast2a/tos-useast2a-ve-0068c004/a9eb81410a7f48f794f98e82aae77edb/?a=1233&br=1254&bt=627&cd=0%7C0%7C0&ch=0&cr=3&cs=2&cv=1&dr=0&ds=6&er=&ft=c~.Zm4L-gXoInz7T&l=202201170055570101131351680E2D6CF7&lr=all&mime_type=video_mp4&net=0&pl=0&qs=5&rc=M3V0ZDxmOjtuNDMzMzczM0ApOmdmZGg3OGQ3N2VnZzQ5NWduZGVtNmVzMWRgLS02MTZzc2EyLi4xYmEuMzU1YzFeNWI6Yw%3D%3D&vl=&vr=
video/mp4, bytesbytes 1024000-1468105/1468106, 1642381040.4039893, 1642381040.4048588, 1642381040.4177823, 1642381040.8123503, v19.tiktokcdn-us.com, 0201935af16700a92caed8933f0e4be1, /0201935af16700a92caed8933f0e4be1/61e5130b/video/tos/useast2a/tos-useast2a-ve-0068c001/b21486bb7d81477baabd50d3c947dcf1/?a=1233&br=1530&bt=765&cd=0%7C0%7C0&ch=0&cr=3&cs=2&cv=1&dr=0&ds=6&er=&ft=c~.Zm4L-gXoInz7T&l=202201170055570101131351680E2D6CF7&lr=all&mime_type=video_mp4&net=0&pl=0&qs=5&rc=ajRwZTw7bGR2NjMzNzczM0ApaWhnOWZlO2U7N2ZoZDg5M2dvNmFvMXBvYGRgLS1kMTZzcy8xNmJfXzItNC42Yy5gXzQ6Yw%3D%3D&vl=&vr=
video/mp4, bytesbytes 0-980941/980942, 1642381041.0105429, 1642381041.0116599, 1642381041.0761409, 1642381041.7936354, v39.tiktokcdn-us.com, 6e5f3a84ff64e663ee1beb593f94186e, /6e5f3a84ff64e663ee1beb593f94186e/61e51360/video/tos/useast2a/tos-useast2a-ve-0068c003/e03dc43dab0a4436b4e65c3f1e1c5f17/?a=1233&br=814&bt=407&cd=0%7C0%7C0&ch=0&cr=3&cs=2&cv=1&dr=0&ds=6&er=&ft=c~.Zm4L-gXoInz7T&l=202201170057180101131350431332B5BF&lr=all&mime_type=video_mp4&net=0&pl=0&qs=5&rc=amxzNWg6Zm1pNzMzNzczM0ApMzs1aWZlOTw4NzM4OzdkNWc0M2YzcjQwaWxgLS1kMTZzcy1eNDFfNV41NDJeMi1eYjI6Yw%3D%3D&vl=&vr=
video/mp4, bytesbytes 0-1024000/1385717, 1642381042.2480412, 1642381042.2490118, 1642381042.2695212, 1642381043.1557088, v39.tiktokcdn-us.com, e5aebd4fb19ba38fc65b9d90c10c6d4f, /e5aebd4fb19ba38fc65b9d90c10c6d4f/61e51361/video/tos/useast2a/tos-useast2a-pve-0068/a27f7933c7584a20ab3fd6eb8b24a7cc/?a=1233&br=1110&bt=555&cd=0%7C0%7C0&ch=0&cr=3&cs=2&cv=1&dr=0&ds=6&er=&ft=c~.Zm4L-gXoInz7T&l=202201170057180101131350431332B5BF&lr=all&mime_type=video_mp4&net=0&pl=0&qs=11&rc=anU4aW94PDRpeDMzZzczM0ApZ2U2ZTU7ZDw5NzNoZDg5NGcyZmYtY2Znc2VfLS1jMTZzc2MxMmJeL2BeMzM2XmIvMTQ6Yw%3D%3D&vl=&vr=
video/mp4, bytesbytes 0-419481/419482, 1642381043.645351, 1642381043.6466572, 1642381043.6663961, 1642381044.079383, v39.tiktokcdn-us.com, 7be74f281b5525e5e4e6023b81aa343f, /7be74f281b5525e5e4e6023b81aa343f/61e51354/video/tos/useast2a/tos-useast2a-pve-0068/46543e7d809d430f8c7b431197bb09bf/?a=1233&br=916&bt=458&cd=0%7C0%7C0&ch=0&cr=3&cs=2&cv=1&dr=0&ds=6&er=&ft=c~.Zm4L-gXoInz7T&l=202201170057180101131350431332B5BF&lr=all&mime_type=video_mp4&net=0&pl=0&qs=4&rc=ajc1ZWQ6Zml1NjMzNzczM0ApNDs7OWhnaDtoNzlkOTk4aWdnai1lcjRfcWpgLS1kMTZzc2M0YGBiYF8tYmA2Y2EuL2M6Yw%3D%3D&vl=&vr=
video/mp4, bytesbytes 0-716769/716770, 1642381044.3680131, 1642381044.3691337, 1642381044.3954515, 1642381045.1189213, v39.tiktokcdn-us.com, 9ff0b31ddc26171c603182398b0f6a33, /9ff0b31ddc26171c603182398b0f6a33/61e51358/video/tos/useast2a/tos-useast2a-ve-0068c004/8ef5572352a949ec98150aec8025dd70/?a=1233&br=1038&bt=519&cd=0%7C0%7C0&ch=0&cr=3&cs=2&cv=1&dr=0&ds=6&er=&ft=c~.Zm4L-gXoInz7T&l=202201170057180101131350431332B5BF&lr=all&mime_type=video_mp4&net=0&pl=0&qs=11&rc=M3Fxczs6Zmc1NzMzNzczM0ApOWdkPDllaDtlNzs0aDdmNmdvNV4vcjRncjFgLS1kMTZzczFiXzQzNjU0NV9fLWBfXl86Yw%3D%3D&vl=&vr=
video/mp4, bytesbytes 0-1024000/1589872, 1642381046.6736171, 1642381046.6750991, 1642381046.6939461, 1642381047.5886223, v39.tiktokcdn-us.com, 1772f135fc867da027759111bfd01514, /1772f135fc867da027759111bfd01514/61e5135a/video/tos/useast2a/tos-useast2a-ve-0068c003/91c724bf933b40f5903e337d94f8f6a7/?a=1233&br=1944&bt=972&cd=0%7C0%7C0&ch=0&cr=3&cs=2&cv=1&dr=0&ds=6&er=&ft=c~.Zm4L-gXoInz7T&l=202201170057180101131350431332B5BF&lr=all&mime_type=video_mp4&net=0&pl=0&qs=5&rc=M2VqbzM6ZmQ7NjMzNzczM0ApZGU1aGc7ZGU2NzhoZTNoZ2dkZGFncjRfaG9gLS1kMTZzcy4zYmA1MmE0NmEzLV8tYjQ6Yw%3D%3D&vl=&vr=
video/mp4, bytesbytes 0-568988/568989, 1642381048.494729, 1642381048.4995224, 1642381048.5254626, 1642381049.3237867, v39.tiktokcdn-us.com, 7f52e81b39dedf1eb6027e8ebaecc428, /7f52e81b39dedf1eb6027e8ebaecc428/61e51359/video/tos/useast2a/tos-useast2a-pve-0068/0db5a52be4814ca482755ba7b47a0966/?a=1233&br=764&bt=382&cd=0%7C0%7C0&ch=0&cr=3&cs=2&cv=1&dr=0&ds=6&er=&ft=c~.Zm4L-gXoInz7T&l=202201170057180101131350431332B5BF&lr=all&mime_type=video_mp4&net=0&pl=0&qs=11&rc=M204cjw6Zm1zODMzNzgzM0ApZmZkOGdkaTs0NztmODk3aGdecmtrcjQwZXFgLS1kLzZzc2BjMWAwLTRfMC8wYmAuNGI6Yw%3D%3D&vl=&vr=
video/mp4, bytesbytes 1024000-1385716/1385717, 1642381067.5458162, 1642381067.5518336, 1642381067.5885065, 1642381068.130462, v39.tiktokcdn-us.com, e5aebd4fb19ba38fc65b9d90c10c6d4f, /e5aebd4fb19ba38fc65b9d90c10c6d4f/61e51361/video/tos/useast2a/tos-useast2a-pve-0068/a27f7933c7584a20ab3fd6eb8b24a7cc/?a=1233&br=1110&bt=555&cd=0%7C0%7C0&ch=0&cr=3&cs=2&cv=1&dr=0&ds=6&er=&ft=c~.Zm4L-gXoInz7T&l=202201170057180101131350431332B5BF&lr=all&mime_type=video_mp4&net=0&pl=0&qs=11&rc=anU4aW94PDRpeDMzZzczM0ApZ2U2ZTU7ZDw5NzNoZDg5NGcyZmYtY2Znc2VfLS1jMTZzc2MxMmJeL2BeMzM2XmIvMTQ6Yw%3D%3D&vl=&vr=
video/mp4, bytesbytes 0-1024000/1511927, 1642381068.3370037, 1642381068.3394074, 1642381068.3925157, 1642381069.6967514, v39.tiktokcdn-us.com, 23770aeb717855e5fd3f102d56d0f89f, /23770aeb717855e5fd3f102d56d0f89f/61e51362/video/tos/useast2a/tos-useast2a-pve-0068/fcb55ec68264411daa7a8140759786fd/?a=1233&br=1140&bt=570&cd=0%7C0%7C0&ch=0&cr=3&cs=2&cv=1&dr=0&ds=6&er=&ft=c~.Zm4L-gXoInz7T&l=202201170057180101131350431332B5BF&lr=all&mime_type=video_mp4&net=0&pl=0&qs=11&rc=MzY0NTY6ZjhrNzMzNzczM0ApaWQzOTZlNzw2NzQ6aWloaWdjYnFmcjQwLmhgLS1kMTZzcy1jX2FfYDFhNGEtX2E1LS46Yw%3D%3D&vl=&vr=
video/mp4, bytesbytes 0-418386/418387, 1642381071.937525, 1642381071.9387047, 1642381071.9647088, 1642381072.6530612, v39.tiktokcdn-us.com, caa0316af98bfe086c6bbe4b78053b04, /caa0316af98bfe086c6bbe4b78053b04/61e51355/video/tos/useast5/tos-useast5-ve-0068c004-tx/76d2b8ec07e045ac97babd32e7849b66/?a=1233&br=856&bt=428&cd=0%7C0%7C0&ch=0&cr=3&cs=2&cv=1&dr=0&ds=3&er=&ft=c~.Zm4L-gXoInz7T&l=202201170057180101131350431332B5BF&lr=all&mime_type=video_mp4&net=0&pl=0&qs=14&rc=anY1dmk6Zmk2OTMzZzczNEApNTM7PDplZDs3N2k3NTQ0NGdtbl8ycjQwNTFgLS1kMS9zcy1iMTNhMjVgXzFhX2MvNWI6Yw%3D%3D&vl=&vr=
video/mp4, bytesbytes 0-493479/493480, 1642381072.884022, 1642381072.8858318, 1642381072.908588, 1642381073.583883, v39.tiktokcdn-us.com, d83ef10f15253b1cd5faedfbbe442d5d, /d83ef10f15253b1cd5faedfbbe442d5d/61e51355/video/tos/useast2a/tos-useast2a-ve-0068c001/2e99d8cb79244ae99f25ae3ac8163fed/?a=1233&br=1044&bt=522&cd=0%7C0%7C0&ch=0&cr=3&cs=2&cv=1&dr=0&ds=6&er=&ft=c~.Zm4L-gXoInz7T&l=202201170057180101131350431332B5BF&lr=all&mime_type=video_mp4&net=0&pl=0&qs=4&rc=M3hxczRra3FwNjMzNzczM0ApZWVkM2lnaWVmNzk0OjVoZmctaGdqMTVxcTFgLS1kMTZzcy1eMDQ0YTVgNl8yLTMvMGE6Yw%3D%3D&vl=&vr=
video/mp4, bytesbytes 1024000-1589871/1589872, 1642381083.6177213, 1642381083.6208608, 1642381083.6448717, 1642381085.13835, v39.tiktokcdn-us.com, 1772f135fc867da027759111bfd01514, /1772f135fc867da027759111bfd01514/61e5135a/video/tos/useast2a/tos-useast2a-ve-0068c003/91c724bf933b40f5903e337d94f8f6a7/?a=1233&br=1944&bt=972&cd=0%7C0%7C0&ch=0&cr=3&cs=2&cv=1&dr=0&ds=6&er=&ft=c~.Zm4L-gXoInz7T&l=202201170057180101131350431332B5BF&lr=all&mime_type=video_mp4&net=0&pl=0&qs=5&rc=M2VqbzM6ZmQ7NjMzNzczM0ApZGU1aGc7ZGU2NzhoZTNoZ2dkZGFncjRfaG9gLS1kMTZzcy4zYmA1MmE0NmEzLV8tYjQ6Yw%3D%3D&vl=&vr=
video/mp4, bytesbytes 0-638227/638228, 1642381085.5994155, 1642381085.601387, 1642381085.6549382, 1642381087.5252206, v39.tiktokcdn-us.com, c824dcb2cff9984be07b3cafb1a1cf7e, /c824dcb2cff9984be07b3cafb1a1cf7e/61e51359/video/tos/useast2a/tos-useast2a-pve-0068/757a2f8b19044ed39ac6674811366bc1/?a=1233&br=852&bt=426&cd=0%7C0%7C0&ch=0&cr=3&cs=2&cv=1&dr=0&ds=6&er=&ft=c~.Zm4L-gXoInz7T&l=202201170057180101131350431332B5BF&lr=all&mime_type=video_mp4&net=0&pl=0&qs=4&rc=ampkM21rdWVrNjMzNzczM0ApOztlZjVkZWQ1N2UzaTRnNWdqM2luaWliMS5gLS1kMTZzczEzYzQ0NS4uLjUvYDQxLjU6Yw%3D%3D&vl=&vr=
video/mp4, bytesbytes 1024000-1511926/1511927, 1642381089.0729592, 1642381089.0746062, 1642381089.1155627, 1642381090.6076477, v39.tiktokcdn-us.com, 23770aeb717855e5fd3f102d56d0f89f, /23770aeb717855e5fd3f102d56d0f89f/61e51362/video/tos/useast2a/tos-useast2a-pve-0068/fcb55ec68264411daa7a8140759786fd/?a=1233&br=1140&bt=570&cd=0%7C0%7C0&ch=0&cr=3&cs=2&cv=1&dr=0&ds=6&er=&ft=c~.Zm4L-gXoInz7T&l=202201170057180101131350431332B5BF&lr=all&mime_type=video_mp4&net=0&pl=0&qs=11&rc=MzY0NTY6ZjhrNzMzNzczM0ApaWQzOTZlNzw2NzQ6aWloaWdjYnFmcjQwLmhgLS1kMTZzcy1jX2FfYDFhNGEtX2E1LS46Yw%3D%3D&vl=&vr=
video/mp4, bytes, 1642381095.3899062, 1642381095.390656, 1642381095.4100916, 1642381096.4841843, v39.tiktokcdn-us.com, d8b1393d6fe8f036630f8842b5948539, /d8b1393d6fe8f036630f8842b5948539/61e51393/video/tos/alisg/tos-alisg-pve-0037c001/528ecdee582c401d94082a44d9ece479/?a=1233&br=898&bt=449&cd=0%7C0%7C0&ch=0&cr=3&cs=2&cv=1&dr=0&ds=6&er=&ft=c~.Zm4L-gXoInz7T&l=20220117005812010113135024202B4F0A&lr=all&mime_type=video_mp4&net=0&pl=0&qs=5&rc=M3E3eTY6ZjNsNzMzODczNEApOjRnNjNpO2U2NzxkMzU6OWdncGlwcjRfZDNgLS1kMS1zczUuNGEwLzEzXzAyYC00LjQ6Yw%3D%3D&vl=&vr=
video/mp4, bytesbytes 0-587184/587185, 1642381096.932096, 1642381096.9350152, 1642381096.956261, 1642381097.6596997, v39.tiktokcdn-us.com, 8842f2e35717e9ec82d0a8dd1c6e3706, /8842f2e35717e9ec82d0a8dd1c6e3706/61e5138a/video/tos/useast2a/tos-useast2a-ve-0068c001/0c2f08bc79c247508bee147852570e44/?a=1233&br=1376&bt=688&cd=0%7C0%7C0&ch=0&cr=3&cs=2&cv=1&dr=0&ds=6&er=&ft=c~.Zm4L-gXoInz7T&l=20220117005812010113135024202B4F0A&lr=all&mime_type=video_mp4&net=0&pl=0&qs=5&rc=amdzcjk6ZjpnNjMzNzczM0ApNDdoMzwzNjtkNztnNjc5ZWczNmBkcjRfbWxgLS1kMTZzc2IvYF41M2AtLS4wXl9iLzM6Yw%3D%3D&vl=&vr=
