0,v09044e50000btueapv15l8sl3ukeqpg,8077,1038069&571816&372444,5eb9e73269a8db2d8f7245c229a9f93b&4ccd5b4e48495f7f7a6b400de0c1874c&39040b3efdd0c05b4de18b6a6dbbf206&e552ca8747eaf57bff915b27f1d45a3b&7af8f4b91aaf2bf85001ab1bd1f9b5cf&bef147e7352a716ddcad1b208370a1c8,https://v19.tiktokcdn-us.com/5eb9e73269a8db2d8f7245c229a9f93b/61e4fedd/video/tos/useast2a/tos-useast2a-ve-0068c004/13370ab11f50451d9ac6b44b0fed7e9d/?a=1233&br=2026&bt=1013&cd=0%7C0%7C0&ch=0&cr=3&cs=2&cv=1&dr=0&ds=6&er=&ft=c~.Zm4L-gXoInz7T&l=202201162329580101130060711B13A0E1&lr=all&mime_type=video_mp4&net=0&pl=0&qs=11&rc=anRuNnZvNHNodzMzODczM0ApOGQ1aDlnM2U6N2k4ZjRmZ2dtYnJpNTJzXnJfLS1iMTZzcy0zMzQvYy81MmM1LS8uYzQ6Yw%3D%3D&vl=&vr=
1,v12044gd0000c7bpv0jc77uakaoc0an0,12560,640394&488219&247339&213602,259f8ffa51a30f1c2261d62195ae39fb&2bde4465d14fe1573c7fdcc19a13b735&6ec8deaef330dabe11bf1c8dc9ee5585&e8cbf5c8c56c578660ca291153ee0870&5cb377a4ae55239b70e1b4c169079e8c&6eb9fd4b0821a7677981e20398d1b37f&a63524f58ebbfbf6922055d9389eec86&2da3db156a0e8c4304e097209ea664d4,https://v19.tiktokcdn-us.com/259f8ffa51a30f1c2261d62195ae39fb/61e4fee2/video/tos/useast5/tos-useast5-ve-0068c004-tx/7fb7755292e94b97ae2acf9bbfa03fe3/?a=1233&br=1250&bt=625&cd=0%7C0%7C0&ch=0&cr=3&cs=2&cv=1&dr=0&ds=6&er=&ft=c~.Zm4L-gXoInz7T&l=202201162329580101130060711B13A0E1&lr=all&mime_type=video_mp4&net=0&pl=0&qs=11&rc=M2RmZGQ6ZjNzOjMzZzczNEApMzY7PDVoNWVlNzQ5aTppN2drLWxocjRnc19gLS1kMS9zcy4vYF5hMDA0NjI2MzNhYC86Yw%3D%3D&vl=&vr=
2,v09044g40000c6ugqd3c77u2124rt93g,20176,2319302&1902672&1030452&876028,f8a4cd56f7534d730fb3db05a2721801&5d1ddcc43dd6444e82035b08ef45fa11&7ee288480158bf8a3c94df27a8f55f5d&389748d70c77052e5ce5e31a0a048258&a973f3744ec723e6e2cdb5611b88d188&beb0b4818ca1d9b3b7a7e2a3d51daa42&2293efea0298bf74cf5b1f52a91c4422&b78449d428c49a2c05cf794651726b1d,https://v19.tiktokcdn-us.com/f8a4cd56f7534d730fb3db05a2721801/61e4feea/video/tos/useast2a/tos-useast2a-pve-0068/9cf3926d23504f68ba3b97edcdc97826/?a=1233&br=4528&bt=2264&cd=0%7C0%7C0&ch=0&cr=3&cs=2&cv=1&dr=0&ds=3&er=&ft=c~.Zm4L-gXoInz7T&l=202201162329580101130060711B13A0E1&lr=all&mime_type=video_mp4&net=0&pl=0&qs=14&rc=ajx1NTU6ZmdqOTMzNzczM0ApNGkzaWQ1Nzs2NzU3NTQ6OmcwcTEucjQwbnJgLS1kMTZzczM2YjVgLy01YC0tXl40LWM6Yw%3D%3D&vl=&vr=
3,v09044g40000c1kjcjkfbh5e73ktqsqg,17807,788255&644665&394736&273289,ba9572652e446a45a96a99099f542073&4ccd9dea37c248ca815e714995eed334&9d426e2043c2008a7dd99d522d59f962&ed5ca54cd7c67b7e43849339c541ce41&b00ba42b976824a27b3899ae90009238&eb84c2e5158f3cb79c406c765893f498&e0dfb92b6276a89f607b381e5a1ed877&9acb13f59d9594a6a2e4e68a27cd2834,https://v19.tiktokcdn-us.com/ba9572652e446a45a96a99099f542073/61e4fee7/video/tos/useast2a/tos-useast2a-pve-0068/28e9383b8a8843d19cdf71afb36ba310/?a=1233&br=1538&bt=769&cd=0%7C0%7C0&ch=0&cr=3&cs=2&cv=1&dr=0&ds=3&er=&ft=c~.Zm4L-gXoInz7T&l=202201162329580101130060711B13A0E1&lr=all&mime_type=video_mp4&net=0&pl=0&qs=14&rc=anZ3NmhraW1tNDMzNzczM0ApZGQ8ZzZkNDxkN2QzNzg7ZWdubmg0Ml9oYGhgLS1kMTZzczYyYV8zNS0vMC9hX2M1Y2E6Yw%3D%3D&vl=&vr=
4,v09044g40000c3lg95bc77u9h05eekn0,46089,555273&414793&370651&261713,a329de41369fbb730e1f393aa65b2a99&4e9bd7381717ddba4d8e08c431261761&a239b8fa38a9ba83d8242411613ccea0&b5660997ddeb24baec04bf0628ebc533&eb1d2b0775893a21cf474924c0e8f340&82c53dc50f577495a35ca980b77640cb&c1e94fcd4c35afe042f7003af03f0dc2&e2b02e282f29faf868f0a5d2f58f8625,https://v19.tiktokcdn-us.com/a329de41369fbb730e1f393aa65b2a99/61e4ff03/video/tos/useast2a/tos-useast2a-pve-0068/d71c0e8d4bdd441cb28765ca3433472b/?a=1233&br=1084&bt=542&cd=0%7C0%7C0&ch=0&cr=3&cs=2&cv=1&dr=0&ds=3&er=&ft=c~.Zm4L-gXoInz7T&l=202201162329580101130060711B13A0E1&lr=all&mime_type=video_mp4&net=0&pl=0&qs=14&rc=M25oMzw6ZjhqNjMzNzczM0ApN2kzaWQ4NDtmN2c6ZTg8aWdrYjJlcjRfNmlgLS1kMTZzczA0YmNjY2AtYDI2MDBfNjY6Yw%3D%3D&vl=&vr=
5,v09044g40000c42euh3c77u1fkgu3370,16646,567887&444282&223592&160019,1119dfdd272eb2516b22173d4e6ab03d&ae7ddf0c0a6c8a01752dc90e870f1afa&9731099fd4b7fd04dbd734aa97ba8a7a&f19d5ed5ef102c99849701a9aeb9ed3c&0c6174bc5472ccce1bbf4dfc9d3588c1&fc523fbde6f8b16892b71e4600655557&c68acd69de79c377866d5e7b4dacfb78&eb09abde59a74a336603ab67b47e15ff,https://v19.tiktokcdn-us.com/1119dfdd272eb2516b22173d4e6ab03d/61e4fee6/video/tos/useast2a/tos-useast2a-pve-0068/353eea5c512a4e96bf4aed8f1a7c9fe9/?a=1233&br=1108&bt=554&cd=0%7C0%7C0&ch=0&cr=3&cs=2&cv=1&dr=0&ds=3&er=&ft=c~.Zm4L-gXoInz7T&l=202201162329580101130060711B13A0E1&lr=all&mime_type=video_mp4&net=0&pl=0&qs=14&rc=MzZ4bjQ6ZmtoNzMzNzczM0ApODc0NGk0NmVlN2Q7OjczM2c0MGRjcjQwci9gLS1kMTZzcy8tMWFiYS5fMzIyNTUxXy06Yw%3D%3D&vl=&vr=
6,v09044g40000c33c97iemsh0t2h21a7g,23752,1481860&967805&502757&322580&298757,2df873c31a6156ca2d0b0f9b94af3859&0186ecda8515e960abf780613ad86b2b&876c8821697df1ef960b5c027cde9bc1&edb018ecad1a82fc85d25de14976e420&c989d9a0f4f1287f90e8c5e018cfb646&881d6a9f258495b4de275509866765c1&651191c0993773e042c0c28b995102d4&0382aff43bf8a4ee479fd4c26494af16&30c54706bc835e0fb39678de3c6b7605&23471f1e0f47cb344a664101388d124f,https://v19.tiktokcdn-us.com/2df873c31a6156ca2d0b0f9b94af3859/61e4feed/video/tos/useast2a/tos-useast2a-pve-0068/6db60453f1e54ed6a6763c05f1e88f44/?a=1233&br=2894&bt=1447&cd=0%7C0%7C0&ch=0&cr=3&cs=2&cv=1&dr=0&ds=3&er=&ft=c~.Zm4L-gXoInz7T&l=202201162329580101130060711B13A0E1&lr=all&mime_type=video_mp4&net=0&pl=0&qs=14&rc=amQ1NTN2aDpmNjMzNzczM0ApZjRkZzc6NzxkN2U4Ozg4O2c0LmVxZWpmNjBgLS1kMTZzczEvYWE1NDVhMjUvMTMyMzY6Yw%3D%3D&vl=&vr=
7,v09044g40000c3sb163c77u1q5eb1gn0,50199,2384648&1679789&1035368&582274,e8afc38bdace56886621e0acf79b1b22&2cb68f851ee86ac8d1e05fd0fc4f4c86&659dbeb1b6aaf1e202cd5081577ea1f4&21fccbd3138654c69e51a724954339d4&5b28a06f36ea6fb4925bf85e77d854cd&e13d73fd76cc7ede5c190d4464b69140&c0e1620f7f4acc3266434a88e46061a4&a1e165bb74790906ad8ebbe6c64cfe80,https://v19.tiktokcdn-us.com/e8afc38bdace56886621e0acf79b1b22/61e4ff08/video/tos/useast2a/tos-useast2a-pve-0068/f8286e158fda4ed7bdaec686e27037e0/?a=1233&br=4656&bt=2328&cd=0%7C0%7C0&ch=0&cr=3&cs=2&cv=1&dr=0&ds=3&er=&ft=c~.Zm4L-gXoInz7T&l=202201162329580101130060711B13A0E1&lr=all&mime_type=video_mp4&net=0&pl=0&qs=14&rc=M2plODQ6ZjllNjMzNzczM0ApZTtmM2Y4ZmU4Nzg0ZTxlOGdrLmJucjQwLnBgLS1kMTZzc2AwYWAzNjBfNDEzXy8uLjU6Yw%3D%3D&vl=&vr=
8,v090445c0000brsj2d7kvluo3u9i7rsg,6639,1025429&793373&341692&224755,65f48435af5440653092232bffca1c48&598634926ca6fcda4d5c82665a8551d4&35769b87d83c8aebda9b134bfe48605b&3e04f33cf73a44fd14c9699067f77e21&2bde4fc0b78ea93d15abfca65a69235a&54028f1c8346c326096a52131eb81958&a2a5413d08cd1ac40bef8c1e58a0b762&ea98051f9e89332050755fbb7ed9487d,https://v19.tiktokcdn-us.com/65f48435af5440653092232bffca1c48/61e4fedc/video/tos/useast2a/tos-useast2a-ve-0068c003/a61a2fdecc7f4812a7e9dcb661f65801/?a=1233&br=2002&bt=1001&cd=0%7C0%7C0&ch=0&cr=3&cs=2&cv=1&dr=0&ds=3&er=&ft=c~.Zm4L-gXoInz7T&l=202201162329580101130060711B13A0E1&lr=all&mime_type=video_mp4&net=0&pl=0&qs=14&rc=anVseHJvbmdtdTMzZjczM0ApaDZpNzQ0ZTw1N2YzOGk7OmdwNDYwcnM0L3BfLS0yMTZzc2IvYzAvMC8yNDJgNWBhYF86Yw%3D%3D&vl=&vr=
9,v09044g40000c1qs7cld1cjmekntikqg,10679,864376&417645&264892,bfabb89b8879edaf6ff3aae32d967552&32b5ebed5bd667b6d6f54200881c6450&64b163cada5ab93d884b3cd99436769c&4b5f98d0d3792d20579eb93a9ba422b5&815d7b46335764a2baf4163fb458b89f&24d1e78713ac8786d07ae7af26351319,https://v19.tiktokcdn-us.com/bfabb89b8879edaf6ff3aae32d967552/61e4fee0/video/tos/useast2a/tos-useast2a-pve-0068/250df16a02a94b9187bfb0c9e76bfd7c/?a=1233&br=1688&bt=844&cd=0%7C0%7C0&ch=0&cr=3&cs=2&cv=1&dr=0&ds=6&er=&ft=c~.Zm4L-gXoInz7T&l=202201162329580101130060711B13A0E1&lr=all&mime_type=video_mp4&net=0&pl=0&qs=11&rc=am53bnBmZ2Z2NDMzNzczM0ApNTY0Z2ZoNWVoN2U8NWhoNGduZmtiZy5pNG5gLS1kMTZzczUzMF5jNTYxNl8tLTIuNl86Yw%3D%3D&vl=&vr=
10,v09044g40000c23krfe7g8j7827nf5m0,20176,1391827&955897&832763&560077,26cc912a15366e1a4f6eae54461ccd48&b8f9574706e43fcb4d20bae575cf3568&a6d879836d29befb21cc7dcc70493661&ff15f351caa8182ecfd2b429881c6318&4ec3978ae3dde45555d588b6f044aea2&14448b30dd687d6a468777640a1662d2&7c8cfef94478d21d1ab4c92478009d9d&f617e1bfc95e52b7183cb06c0e69cf4c,https://v16m.tiktokcdn-us.com/26cc912a15366e1a4f6eae54461ccd48/61e4ff3f/video/tos/useast2a/tos-useast2a-ve-0068c003/0ed2412d233a49eba49e4af52e6d8eb1/?a=1233&br=2718&bt=1359&cd=0%7C0%7C0&ch=0&cr=3&cs=2&cv=1&dr=0&ds=3&er=&ft=c~.Zm4L-gXoInz7T&l=202201162331230101131352141021C075&lr=all&mime_type=video_mp4&net=0&pl=0&qs=14&rc=MzhxNTo7OmluNTMzNzczM0ApZGY3OjgzaTw0NzU7Z2k7OWdqYzQ1Z2RibzBgLS1kMTZzczNjYl4xXmNiXmEvMl9hMWE6Yw%3D%3D&vl=&vr=
11,v09044g40000c43ejobc77ue6he4rg2g,17482,500223&416016&227615&166397,a8a73b517520a7deccf74ef915d17adb&5688f6c3240052c3a6b16e8a744734a7&d6618656e62fc84eab77264aec93076e&92eb318628c30d9f5671b9d05b4e56d4&51eb9dae78b40f6770349d452cd40da6&d631189301776cc8ecc4919c66f47a96&758635f6107477308f5b006a8630f9c2&fc5b495e1a4ad1bf8567df17e99508ab,https://v16m.tiktokcdn-us.com/a8a73b517520a7deccf74ef915d17adb/61e4ff3c/video/tos/useast2a/tos-useast2a-ve-0068c004/ebeda0edfad943b88c11b94bd99d0786/?a=1233&br=976&bt=488&cd=0%7C0%7C0&ch=0&cr=3&cs=2&cv=1&dr=0&ds=3&er=&ft=c~.Zm4L-gXoInz7T&l=202201162331230101131352141021C075&lr=all&mime_type=video_mp4&net=0&pl=0&qs=14&rc=amo3a2g6ZnJoNzMzNzczM0ApNGhpNzppNmQ2NzRoNGk0OWcvb2IzcjRfZzBgLS1kMTZzczM1YzIvYWIzYC5iM2AvYDE6Yw%3D%3D&vl=&vr=
12,v09044g40000c2qmm5u2iutjg46gq610,15230,1793520&1235045&889186&593926,21c6b2532ab20a1cc625f0105ba99983&a722eb776ee43031f499b820ef7d1cd7&353e46534dd6ff3c9ebdff0bd09c8270&6402341b48b48bcfc0fd2a9ca5458b84&a88e02e07e168411dc7971a6607098c9&2a03037a184a18e141842fbb60dcf3b3&e11e1a40083f806d417fd3fa99b84a55&7b3896cb2ed33fe9a3d76aa90cdab690,https://v16m.tiktokcdn-us.com/21c6b2532ab20a1cc625f0105ba99983/61e4ff3a/video/tos/useast2a/tos-useast2a-ve-0068c004/8c2392560472467faadd751cb7757143/?a=1233&br=3502&bt=1751&cd=0%7C0%7C0&ch=0&cr=3&cs=2&cv=1&dr=0&ds=3&er=&ft=c~.Zm4L-gXoInz7T&l=202201162331230101131352141021C075&lr=all&mime_type=video_mp4&net=0&pl=0&qs=14&rc=MzlqN214NThwNTMzNzczM0ApZGdlO2c7O2VpNzRnZWYzNGcubjNkcWZyam5gLS1kMTZzc14yXzNgLS1gYzI2NjY2YzY6Yw%3D%3D&vl=&vr=
13,v12044gd0000c7878sjc77u7psv0afkg,15067,661557&552707&464615&385418,335cd60aee7e4741cc022caa0d9989ba&bafd77f24049509c588a17423db8c0d4&2d9008846c5918be4706832ae633ccf1&47ded30a2702cd7759c7c3896107321a&a898f64fc3a3b6195f07082b66d1cca6&b84c991378fbeea32687942a24fbb1e1&dc04c4ca249eac1143505556022e270d&6ee9c18d8930fcdf9a5cd67054a4ce8f,https://v16m.tiktokcdn-us.com/335cd60aee7e4741cc022caa0d9989ba/61e4ff39/video/tos/useast5/tos-useast5-ve-0068c004-tx/288c2e7eff49415ba3911a0c11c53285/?a=1233&br=1292&bt=646&cd=0%7C0%7C0&ch=0&cr=3&cs=2&cv=1&dr=0&ds=3&er=&ft=c~.Zm4L-gXoInz7T&l=202201162331230101131352141021C075&lr=all&mime_type=video_mp4&net=0&pl=0&qs=14&rc=amkzdjo6ZnY6OjMzZzczNEApODloODVnOmU6N2k8NzQ6OGdoXnNtcjRnNTVgLS1kMS9zc2NeMzYvYl8tXy4tM19gXjY6Yw%3D%3D&vl=&vr=
14,v09044g40000c3kgrejc77u9jqnp7kpg,39820,1450795&1047947&813997&500737,52b59a479e00d2d5837758098fa0c011&1ddaf5e4a56974940492eabba1bde69c&817171bf11403ada732e21fdde9c924e&2deca253615813dd1907212f9f49ae78&5ab77c7ba7b139c1b74cac5d7296e9f4&2b1cab053f8da06719f3b5a70195f5a9&45ff33c403d5df9c5fc0aee2fdb677a5&ea2c706e6a1ba39c460dec6289164878,https://v16m.tiktokcdn-us.com/52b59a479e00d2d5837758098fa0c011/61e4ff52/video/tos/useast2a/tos-useast2a-ve-0068c001/99d27d54a7b143af86fa5f55f0b033eb/?a=1233&br=2832&bt=1416&cd=0%7C0%7C0&ch=0&cr=3&cs=2&cv=1&dr=0&ds=3&er=&ft=c~.Zm4L-gXoInz7T&l=202201162331230101131352141021C075&lr=all&mime_type=video_mp4&net=0&pl=0&qs=14&rc=am5zdDw6ZmhqNjMzNzczM0ApNGk2aTVmZWU7N2U7Zzk7O2dtNGtncjRnb2hgLS1kMTZzc2I2LS8vNDUwX2A0My8xLjU6Yw%3D%3D&vl=&vr=
15,v09044g40000c2jv6hga6lvlhf9ml8fg,21221,1844886&1518566&799751,087320df08a1bd5456f0f26132884d20&fb121e6d9d05374130cd88a76afa7f44&cbedd51ebb08dcb7f20513987eb2a861&44caf1c6fdf2ef4727956b345cb66591&4fe096d068896e90bc2d52b934369580&62240bac22eb4deb627bf4e244007a72,https://v16m.tiktokcdn-us.com/087320df08a1bd5456f0f26132884d20/61e4ff40/video/tos/useast2a/tos-useast2a-ve-0068c001/5b760373d72949838db6ae7478a36a43/?a=1233&br=3602&bt=1801&cd=0%7C0%7C0&ch=0&cr=3&cs=2&cv=1&dr=0&ds=6&er=&ft=c~.Zm4L-gXoInz7T&l=202201162331230101131352141021C075&lr=all&mime_type=video_mp4&net=0&pl=0&qs=11&rc=ajtwaW9vZGt5NTMzNzczM0ApNGZmZmg1aGU3Nzk2PDo8ZWdjaTZlczNkM2dgLS1kMTZzczY2YGAyMzAwMjIzMWBjYDY6Yw%3D%3D&vl=&vr=
16,v09044g40000c2a8isdj4q5u8o8d96ag,8264,540308&478499&311419&223721,2eb6317bb31e4000535d666cde23f9c9&79169ff0b5ea3d181daa3c05b9c0e18f&718ec74609dd79fa485d220de954523d&5245407c4d3b3f5d2bda2c2002f8e15d&db7c960a3caadad02cb7540167bd6914&7e499616f67cd8daab58a370a0fdeaf3&9edcfd4a2dceabff5bfc421e4b999e28&4868fa0c64a20b8163ca09a92fc91ebc,https://v16m.tiktokcdn-us.com/2eb6317bb31e4000535d666cde23f9c9/61e4ff33/video/tos/useast2a/tos-useast2a-pve-0068/060bd750fbeb462c8e674263b1a14cc8/?a=1233&br=1054&bt=527&cd=0%7C0%7C0&ch=0&cr=3&cs=2&cv=1&dr=0&ds=3&er=&ft=c~.Zm4L-gXoInz7T&l=202201162331230101131352141021C075&lr=all&mime_type=video_mp4&net=0&pl=0&qs=14&rc=ajlncnh0bXY7NTMzNzczM0ApPDs8Nzk0ZmVmN2c3M2lkO2deNjU1MjFhZl5gLS1kMTZzcy8uXjMtYTJiX2BjMjIuNjQ6Yw%3D%3D&vl=&vr=
17,v12044gd0000c7d0b4bc77uekfci7l50,11770,680590&563748&390091&298756,dfd9b8ff0063c25cbdf9f3f4af1bea80&6083070773b8e6867c6d1bef960818f1&cf98198c3761b1526bf8b4b8b869edbe&21c81dd3af889b80a39a7f4f91945906&4fc91edfd746860f159c4e74b1fcb7e5&8c7df7e8fabcbc34a4f54f4179cf9378&a6779033aa7cc3052b12b9bbe869e7bc&48d41513b2a0fd827022d7f2f42a3f47,https://v16m.tiktokcdn-us.com/dfd9b8ff0063c25cbdf9f3f4af1bea80/61e4ff36/video/tos/useast5/tos-useast5-ve-0068c003-tx/724514e92b8043a6947f02201f7c50ab/?a=1233&br=1328&bt=664&cd=0%7C0%7C0&ch=0&cr=3&cs=2&cv=1&dr=0&ds=3&er=&ft=c~.Zm4L-gXoInz7T&l=202201162331230101131352141021C075&lr=all&mime_type=video_mp4&net=0&pl=0&qs=14&rc=M29saWg6ZjczOjMzZzczNEApZ2hkaDY8NmQ7N2hnNjplaGcyNGBocjRfX2FgLS1kMS9zc2I2YzFeNTYyMTAyL2ItMmA6Yw%3D%3D&vl=&vr=
18,v10044g50000c6c36brc77u6q3q4r3og,25354,583702&337395&211799,e697bd06ce6602f9c5ffb4423eb74404&947bad07240aca9958adfe17151a45de&c0b756ec251a52dd541fe7240f861273&3eb298b45686df5eb8215f8ffcfce0c8&e31eb3d0f0ce6a8f5557036bc9f65caa&57226df9b7fa86d49a76705aee86e708,https://v16m.tiktokcdn-us.com/e697bd06ce6602f9c5ffb4423eb74404/61e4ff44/video/tos/alisg/tos-alisg-pve-0037c001/0fcd2e46f8c24166a41b1a8f9f5a534e/?a=1233&br=1140&bt=570&cd=0%7C0%7C0&ch=0&cr=3&cs=2&cv=1&dr=0&ds=6&er=&ft=c~.Zm4L-gXoInz7T&l=202201162331230101131352141021C075&lr=all&mime_type=video_mp4&net=0&pl=0&qs=11&rc=ajY3Njk6ZmU2OTMzODczNEApaDU1ODpnZzxmNzNmZGg4M2dsb25ucjRvM2BgLS1kMS1zczEuMDQxM2M0NS9jMWA0My46Yw%3D%3D&vl=&vr=
19,v09044970000c15qot31m2ohdov0nv80,7637,599575&441121&262117&179080,d9f3d36ecb69279eebdda7179da5ec79&ba10d0945331957a8e19c04d15df7db7&a9508d8fabdbbfb122431b9943117fad&3fb2ce624d41442d847f3184262ef887&c3d69b90795ecae3f21ec8c4a12bf5dc&ee8ccf30dcb245758ddecc94dc751cfb&383d4c11643c86384745e914a6310a64&3eb1c0668f927c665728dc56f22ed963,https://v16m.tiktokcdn-us.com/d9f3d36ecb69279eebdda7179da5ec79/61e4ff32/video/tos/useast2a/tos-useast2a-ve-0068c002/9a2794aa230541308cc5eca4e5bafa23/?a=1233&br=1170&bt=585&cd=0%7C0%7C0&ch=0&cr=3&cs=2&cv=1&dr=0&ds=3&er=&ft=c~.Zm4L-gXoInz7T&l=202201162331230101131352141021C075&lr=all&mime_type=video_mp4&net=0&pl=0&qs=14&rc=M3kzcms1NHd0NDMzOjczM0ApZGc7OjU6PGQ3Nzg4aTozZGc1a3NhbGowbDJgLS02MTZzcy82YjItMV9iLV8vYjEwNF86Yw%3D%3D&vl=&vr=
20,v09044f40000bq3sfh273oo36di7q7bg,15416,735858&566761&327403,d6305c6730624d40493139171a4dc318&27dffac6dd5530f78036c25b7c8e3e23&65c27b0dccf43ce3c152c313fab1b745&609b45119b8cee5832fa49b4717b9e18&0017ac1019746b2a33d79039bd24b6d6&a3ea69c91c7f95327370481453e526d7,https://v25.tiktokcdn-us.com/d6305c6730624d40493139171a4dc318/61e4ffc5/video/tos/useast2a/tos-useast2a-pve-0068/1a4eb2b04b464350bb484bfe194ad9cb/?a=1233&br=1436&bt=718&cd=0%7C0%7C0&ch=0&cr=3&cs=2&cv=1&dr=0&ds=3&er=&ft=c~.Zm4L-gXoInz7T&l=20220116233340010113135110191A7DFD&lr=all&mime_type=video_mp4&net=0&pl=0&qs=14&rc=ajo6ZzZyOmt2dDMzNzczM0ApZGkzNmk6MzszNzs8NGRlOGdfbmYzbDAvYzBfLS1jMTZzczEyLy9fMDFjMWBiXmFjM2A6Yw%3D%3D&vl=&vr=
21,v07044420000c199u5s35dppe9q0d1j0,8032,700067&442899&309569,e439d6ff18066c5b15c3fd83e036b61e&1eefefd98c13e2b9ba3cf2020d013ad8&83affe3b7cc22deba18297b96495e24e&d8ca86103f6bcfb9d14a6b8ccc2c8df0&b1e5e01f1ab61adc0ccd57b620824dd1&d606c83a85b7a2a7ac1d40c443c10774,https://v25.tiktokcdn-us.com/e439d6ff18066c5b15c3fd83e036b61e/61e4ffbd/video/tos/alisg/tos-alisg-pve-0037c001/202e295a089748c1b884ab25998a2b3a/?a=1233&br=1366&bt=683&cd=0%7C0%7C0&ch=0&cr=3&cs=2&cv=1&dr=0&ds=6&er=&ft=c~.Zm4L-gXoInz7T&l=20220116233340010113135110191A7DFD&lr=all&mime_type=video_mp4&net=0&pl=0&qs=11&rc=MzQzPHNnNjg8NDMzNTczM0ApOTk5aGRlOjw6Nzg7NTxnZmdnYW5ibTJwcjZgLS0xMTRzczZfMTZjMGEyYDA0LmJfMWM6Yw%3D%3D&vl=&vr=
22,v09044g40000c1n21093do78fvgam52g,14928,1985159&1630658&653285&420754,87271f779c7d8c9b2a439c42d0bb36aa&38b1e8e19a5b6734e7baadcec9608108&acccb8ed07a1042ee5dd6f472b16ff97&dd04b3c1a95a399b73160b8bc444c2af&382e2c4663fbbbed06fecb16a35c2865&17fe02888394c5d1591c9e4c4540fd21&f7fe3095abae5c69a2199b69d846e203&10b015a1d0e450e0232efb569753696e,https://v25.tiktokcdn-us.com/87271f779c7d8c9b2a439c42d0bb36aa/61e4ffc4/video/tos/useast2a/tos-useast2a-pve-0068/21c531d693a240fbb4c2d8a41a8caa19/?a=1233&br=3876&bt=1938&cd=0%7C0%7C0&ch=0&cr=3&cs=2&cv=1&dr=0&ds=3&er=&ft=c~.Zm4L-gXoInz7T&l=20220116233340010113135110191A7DFD&lr=all&mime_type=video_mp4&net=0&pl=0&qs=14&rc=ajhkeTtyNjM1NDMzNzczM0ApZjY7NmdpO2U3N2c0ZWlnZWcvamRjNGE2LmtgLS1kMTZzc18xMmMuLzMuLy4xMGMwYWI6Yw%3D%3D&vl=&vr=
23,v09044ad0000c0qnh58p8rsb4e7eg120,14208,881638&644122&349950&209351,6081f552b1a3c66d67eba5b27bfe8943&b8b10c28318546702ee7c0f26a33a059&6d29c12482927ad64e5cfd1be074054e&cbef831a2559427c7051991dd2380f1f&060ad2535f620e830f29edba655b0210&9236f3d393a0510fddc4a8fcced65398&77f1df5bb32895d81db1ea4b60b7714d&6b35ef931b9c568b801d0389c607ea92,https://v25.tiktokcdn-us.com/6081f552b1a3c66d67eba5b27bfe8943/61e4ffc4/video/tos/useast2a/tos-useast2a-ve-0068c002/78aa8b14fb054a35b79487b137b29b3c/?a=1233&br=1720&bt=860&cd=0%7C0%7C0&ch=0&cr=3&cs=2&cv=1&dr=0&ds=3&er=&ft=c~.Zm4L-gXoInz7T&l=20220116233340010113135110191A7DFD&lr=all&mime_type=video_mp4&net=0&pl=0&qs=14&rc=MzRoaGV1czhxMzMzZzczM0ApO2Y3aDtkPDxpNzQ5ZmQ3OGcvZDQxcDU1ZW5gLS1eMTZzcy5gMS4wXzJiLWM0MDAvMTI6Yw%3D%3D&vl=&vr=
24,v09044g40000c6bjhcrc77ue1odlkdo0,7940,604161&439135&296553&183383,6001db3897bf4e9f61d4cea33d27ff39&6c6bab7e996c7ea7bb6e22ccc79b69ed&1412f22c7df87ad71e518dfed7ad1aff&2ca7f9a8f239d9934397ce6ca4021f07&4373d80ab73df9e39761d1f1e2c1c7cc&8be57ac5d77fbda56633a3b0c253f453&16eae16119dda7692a4b9a883291c8ca&494458f0eac9d4a472f9172eb1f0b1c5,https://v25.tiktokcdn-us.com/6001db3897bf4e9f61d4cea33d27ff39/61e4ffbd/video/tos/useast2a/tos-useast2a-ve-0068c004/53037072e7ea46719f71503983e53896/?a=1233&br=1180&bt=590&cd=0%7C0%7C0&ch=0&cr=3&cs=2&cv=1&dr=0&ds=3&er=&ft=c~.Zm4L-gXoInz7T&l=20220116233340010113135110191A7DFD&lr=all&mime_type=video_mp4&net=0&pl=0&qs=14&rc=M2dvcmg6ZmZtOTMzNzczM0ApNWg6aWY2aGU8NzdpOWc7OWdsaGEucjRvZV9gLS1kMTZzc15hLjIzXmIxNWNeYjUwYGA6Yw%3D%3D&vl=&vr=
25,v09044g40000c2t3lrho1amdn3nre0s0,5013,756227,d7e36d79da52d45e705d25688860291b&2ce66cdfe8b393e9f0d01307d8a5c592,https://v25.tiktokcdn-us.com/d7e36d79da52d45e705d25688860291b/61e4ffba/video/tos/useast2a/tos-useast2a-ve-0068c004/e99cb9d5a11d4ac7a496622b02f8a9ad/?a=1233&br=1476&bt=738&cd=0%7C0%7C0&ch=0&cr=3&cs=0&dr=0&ds=2&er=&ft=c~.Zm4L-gXoInz7T&l=20220116233340010113135110191A7DFD&lr=all&mime_type=video_mp4&net=0&pl=0&qs=0&rc=MzN1NmdkcnU2NTMzNzczM0ApNjk0Z2c7Zzs4NzRmMzYzM2dwYmtrai5laXFgLS1kMTZzc2BiNV4zNTEyNjQ0XmEzMS86Yw%3D%3D&vl=&vr=
26,v09044g40000c4mg0q3c77u950nmju0g,19177,3191109&1932525&1342438&707823,6f5f728413ffff62e37fcf5513a5e9ea&07c76d588abe43decb95ed73b62b1a3c&6c9de3cbefaf494515986cbf784bc27a&266771068e10141dc26bb8f126974453&fe7b065935c96c9ad9fb4473dadc11f4&1d37edc7126325b0ac4a5b782147891e&c6c0586dd3893dd5bfc6e2a82fde1022&c846da3fbbead5aa45f8cd01fe5102c8,https://v25.tiktokcdn-us.com/6f5f728413ffff62e37fcf5513a5e9ea/61e4ffc9/video/tos/useast2a/tos-useast2a-ve-0068c003/1578429937b3407ab574c8a84355dafb/?a=1233&br=6232&bt=3116&cd=0%7C0%7C0&ch=0&cr=3&cs=2&cv=1&dr=0&ds=3&er=&ft=c~.Zm4L-gXoInz7T&l=20220116233340010113135110191A7DFD&lr=all&mime_type=video_mp4&net=0&pl=0&qs=14&rc=anhwMzw6ZnRqNzMzNzczM0ApOTxoaWhlOjs6NzM3OzQzO2ctZ2sycjQwLWpgLS1kMTZzcy1hXy9jXmIyMjFjXzIyMS06Yw%3D%3D&vl=&vr=
27,v09044g40000c2q01jk1se6edeiqos2g,20896,1262211&1035288&794761&542759,a9cfbb7abe2b34d06d6423caf755558e&fe0fe141ab3e64f0199f722b4c8a0778&7b1d3869332ee076d147d2208cc54f2d&17fb817cc0cefd2445e3ec4c7ead4cbf&8e00377bf546430afeb36f88dd1bc3f6&58f9043ed2cbc640c11325d21dd8f9ca&3ecd0650fc95235962971cc3b15b6bb0&617a6d1942a189269ed0bfd45e809b89,https://v25.tiktokcdn-us.com/a9cfbb7abe2b34d06d6423caf755558e/61e4ffca/video/tos/useast2a/tos-useast2a-ve-0068c001/032f2f8815304c9394dd37c63db334a2/?a=1233&br=2464&bt=1232&cd=0%7C0%7C0&ch=0&cr=3&cs=2&cv=1&dr=0&ds=3&er=&ft=c~.Zm4L-gXoInz7T&l=20220116233340010113135110191A7DFD&lr=all&mime_type=video_mp4&net=0&pl=0&qs=14&rc=anZ0aGhoNG0zNTMzNzczM0ApOWRpPDxnOGVoN2Y3OTVmO2cvbGZhM3BoLm5gLS1kMTZzczFhYjU2NWAzXjAuLS8uLi46Yw%3D%3D&vl=&vr=
28,v09044g40000c4ohat3c77u88dlsgkjg,9542,942322&447409&317248,e933fa778f2b01be7f76cca41c5c1faf&e7a42dd0f49662ce3cd7d12b86227100&b44d42510faf74a80f714326ee9e272c&50a977e7866901ea35ccc814462a48cd&7089c5b7fdf5b2e526897bb705ed5443&7926f11b5ea82cc9abaee4b78c481ac4,https://v25.tiktokcdn-us.com/e933fa778f2b01be7f76cca41c5c1faf/61e4ffbf/video/tos/useast2a/tos-useast2a-ve-0068c004/c54e4db20e74481fa121eb15af5f85e5/?a=1233&br=1840&bt=920&cd=0%7C0%7C0&ch=0&cr=3&cs=2&cv=1&dr=0&ds=6&er=&ft=c~.Zm4L-gXoInz7T&l=20220116233340010113135110191A7DFD&lr=all&mime_type=video_mp4&net=0&pl=0&qs=11&rc=am52Zzs6ZndrNzMzNzczM0ApaTU3PGc5N2U1NzM1Nzk1OmdnZGk1cjQwXmxgLS1kMTZzc2AtXjAxXy8yMGIwNS5jXzA6Yw%3D%3D&vl=&vr=
29,v09044g40000c39ork8o4qnr8507sfp0,17019,2400024&1680624&812197&524204,c203984a7aa65443cb118a387a49e494&e6391e5787afdfdd561d66b5309c66f3&80605f6d968a5d001b7203f06f5f4519&d9b0d054431ea9ad8f005cc2e35da8d0&e80e7c2ef216fec3d205e4c01fe0579f&98cab939fd999d0ce04d94f933dcd2c5&30b5086a18e4436ddf6a294fc62772c3&5dcad00672077b96efc76e74b78e5ea9,https://v25.tiktokcdn-us.com/c203984a7aa65443cb118a387a49e494/61e4ffc6/video/tos/useast2a/tos-useast2a-ve-0068c003/b2f1a5a1d3f0448f9fb4b5a037c92027/?a=1233&br=4686&bt=2343&cd=0%7C0%7C0&ch=0&cr=3&cs=2&cv=1&dr=0&ds=3&er=&ft=c~.Zm4L-gXoInz7T&l=20220116233340010113135110191A7DFD&lr=all&mime_type=video_mp4&net=0&pl=0&qs=14&rc=M2k6OHV0cm5yNjMzNzczM0ApZWg8aDs6N2Q1NzYzOzk5NmdtcC01azE1bzZgLS1kMTZzcy82LzUtNjIxLWJiY141Ly46Yw%3D%3D&vl=&vr=
30,v090443b0000bu7hkfqqsv284dioh21g,15555,689791&625195&437373,621d582cc7d4b6aee3b913a6a42e2e2f&3bf310b44293d93ac7043f8af1aeec62&5bbe1f036707d69f8d7841b6f6367d94&e30dd191ea0151ef8df11a877f00cf60&4f5d1b555bf49a219f331052f3b31ccc&fa6252b1894b54e3ff9064d26101f478,https://v25.tiktokcdn-us.com/621d582cc7d4b6aee3b913a6a42e2e2f/61e50000/video/tos/useast2a/tos-useast2a-ve-0068c002/9e8ed43555484c4b83d5257edb9435d0/?a=1233&br=1346&bt=673&cd=0%7C0%7C0&ch=0&cr=3&cs=2&cv=1&dr=0&ds=6&er=&ft=c~.Zm4L-gXoInz7T&l=20220116233441010113135135241A4B57&lr=all&mime_type=video_mp4&net=0&pl=0&qs=11&rc=ajVyZzt5dGlreDMzZTczM0ApZzw0Ozk2OmQ0NzVoOWRnZmcuZWYxL3BuaDRfLS0wMTZzc2IyMC1jNF40XjY2LTAwLzQ6Yw%3D%3D&vl=&vr=
31,v09044g40000c2ft710bf79t3vkd0gvg,19293,1718431&1264133&618854&381743,dccc1be9fa82f9d940fb1f1df1757048&d3e5eb51f9148cb420d2c224bbb9649a&00358f4cdeae0398d171d7c7be2f8972&1e6081fd44fac1089ccadc9028ca30ff&dd31f2f3433c7bd16c79e4d5d79084ed&6b0537216ae199da12a11c728fb4cf79&dcaff0a3ad7fd249a0c739873f869b75&0df14adee0e6aaba092ff348e9ccef35,https://v25.tiktokcdn-us.com/dccc1be9fa82f9d940fb1f1df1757048/61e50004/video/tos/useast2a/tos-useast2a-pve-0068/4b429b6507504a9cba99f12e0d4afe8a/?a=1233&br=3356&bt=1678&cd=0%7C0%7C0&ch=0&cr=3&cs=2&cv=1&dr=0&ds=3&er=&ft=c~.Zm4L-gXoInz7T&l=20220116233441010113135135241A4B57&lr=all&mime_type=video_mp4&net=0&pl=0&qs=14&rc=ampneXc6ZTR3NTMzNzczM0ApN2ZlPDdlaGUzNzM2OmU6PGdzLWgwNmMtNGNgLS1kMTZzcy8uMDEtLTJiMWAyM181LTU6Yw%3D%3D&vl=&vr=
32,v09044g40000c42sjhbc77u591u34mdg,16600,1143137&860555&523772&365504,a6d4538338bfc05aae6d2f424453e66f&a9f1d72a92c8dc1564e037688bb0ed8c&a7c3c498c3c57d7178eddc18c87dd55b&355da1b230bff36b3a9e331461c04538&89d175e9dabea8f4984459b49d7ffeee&28d37b0c8bed5c452900e288ff60b413&1843dfcff3839a518e07e60c87fa5918&b976a905d6d5afeac4a0e5d4f53ae0df,https://v25.tiktokcdn-us.com/a6d4538338bfc05aae6d2f424453e66f/61e50001/video/tos/useast2a/tos-useast2a-ve-0068c002/7da2afaad80f404fb164f84d77c8ba4d/?a=1233&br=2232&bt=1116&cd=0%7C0%7C0&ch=0&cr=3&cs=2&cv=1&dr=0&ds=3&er=&ft=c~.Zm4L-gXoInz7T&l=20220116233441010113135135241A4B57&lr=all&mime_type=video_mp4&net=0&pl=0&qs=14&rc=anA2NDg6Zmt2NzMzNzczM0ApOzs7ZGQ5ZzxkNztlNTlnaGdhMXI2cjRfZy9gLS1kMTZzczUuLjJjMTFeNTIyMC0vYy46Yw%3D%3D&vl=&vr=
33,v09044g40000c1n6fgrivpn8c64va3mg,15276,1055778&904129&638191&402855,713d9241cf3af8bae046f15332d2de6a&8d929a6c2e6059515001e3f8da400fbb&7a5b98bb2cfcd57ab8fbc035a4f0261b&93ed537490069723368073eb1ab068a2&1ee0d66248e50882ee1349498152ac6d&f9a65a79ddf524b65e8759209e1a3363&0f2fcfb97d10f791e30f2ea6259ffdc2&be60c7fa6cbba484efd95fc5367940cd,https://v25.tiktokcdn-us.com/713d9241cf3af8bae046f15332d2de6a/61e50000/video/tos/useast2a/tos-useast2a-pve-0068/0d6b12d875944f93abce543a86449ffc/?a=1233&br=2062&bt=1031&cd=0%7C0%7C0&ch=0&cr=3&cs=2&cv=1&dr=0&ds=3&er=&ft=c~.Zm4L-gXoInz7T&l=20220116233441010113135135241A4B57&lr=all&mime_type=video_mp4&net=0&pl=0&qs=14&rc=ajZ5OTtzbGo5NDMzNzczM0ApPDc3ZTw6OzszN2UzO2Q1ZWdqXjFga3NvY2tgLS1kMTZzcy8wNTQwLy41L2BiYjEzMzI6Yw%3D%3D&vl=&vr=
34,v12044gd0000c736h5bc77uakasifot0,40843,832150&688079&457089&341092,82c6c3c9c5512f6fa9b1c6f4e8ef6903&7aa9dbdd9bcb7cf7ed268dddde7f5c1e&efda0b1901fd1277437ef315a1d96960&62efbcb672a42806f0c4abb0b3ff901e&9e14492b1096b819ac8a2a6641ee36f7&9b104fd7b18e4f6872ae9678aaad26dd&44a72fc3aeb6624ff2edf9226d764b8b&1032f3c8656eb74ad2e8cc730bfe4903,https://v25.tiktokcdn-us.com/82c6c3c9c5512f6fa9b1c6f4e8ef6903/61e50019/video/tos/useast5/tos-useast5-pve-0068-tx/967c907d787f47d1ba726183ac03a2a0/?a=1233&br=1624&bt=812&cd=0%7C0%7C0&ch=0&cr=3&cs=2&cv=1&dr=0&ds=3&er=&ft=c~.Zm4L-gXoInz7T&l=20220116233441010113135135241A4B57&lr=all&mime_type=video_mp4&net=0&pl=0&qs=14&rc=M3JsZGQ6Zjg5OjMzZzczNEApNDlkOjo5ZjxmNzc8NjVpOGdxY3BocjRfZTBgLS1kMS9zczY2NjAyXjBfYi8xLzIuY2A6Yw%3D%3D&vl=&vr=
35,v07044550000c07os0nir75n464p64cg,8589,247151&169174&126295,5e1601af462c7340b33e91746aafd15a&8c11aff656e9f8e42d189e4915f9cdb6&0f146054cdd0c8ca119b2d769044330e&366a142f8292a9516881cb57f4a688e3&0e167d42d35542373d38de9f420658f1&8a25f85c107c0d691f49b32ed75a09da,https://v25.tiktokcdn-us.com/5e1601af462c7340b33e91746aafd15a/61e4fff9/video/tos/alisg/tos-alisg-pve-0037c001/88d0a2f0d8fd40f699e281a9c3b021f0/?a=1233&br=482&bt=241&cd=0%7C0%7C0&ch=0&cr=3&cs=2&cv=1&dr=0&ds=6&er=&ft=c~.Zm4L-gXoInz7T&l=20220116233441010113135135241A4B57&lr=all&mime_type=video_mp4&net=0&pl=0&qs=11&rc=ajdzOXE6bDNyMzMzODczM0ApNTk1aTU8OGRoNzdoM2Y5aWdgMzExMm9rcDRgLS0yMTRzcy0zMTEyXmAvYi81MzAxLWI6Yw%3D%3D&vl=&vr=
36,v09044690000bugd0qjemvd778npkaug,8728,1625869&1015423&736932&474604,e6f0ae0265d8ca2cc4c1fec64a0c487b&ffe3cbe95512e30c3cf5392ca06fe65f&1f16a2e775b3da890fb30e995cdb17e6&a2701aaad0917197d515e582e2f6ceee&0f4bf3810186cc994afbe4973c1f2289&4ac8a523f9169d55b7b59d80529055ac&4ca57943a937d055854e82d1d633f759&3b001c876dbf4756d128cb48ea5530fb,https://v25.tiktokcdn-us.com/e6f0ae0265d8ca2cc4c1fec64a0c487b/61e4fff9/video/tos/useast2a/tos-useast2a-ve-0068c003/577f7868462848419672cfb56e32c139/?a=1233&br=3174&bt=1587&cd=0%7C0%7C0&ch=0&cr=3&cs=2&cv=1&dr=0&ds=3&er=&ft=c~.Zm4L-gXoInz7T&l=20220116233441010113135135241A4B57&lr=all&mime_type=video_mp4&net=0&pl=0&qs=14&rc=amRzOzp5aHRneDMzPDczM0ApZGc2NmRoZDxpN2hlOTw1NWdyaGs0YWpnLWRfLS0zMTZzc2IzYV8xMmBiLTAuMC4wNC86Yw%3D%3D&vl=&vr=
37,v09044g40000c4oflj3c77ue62ip6i7g,18829,1005587&678099&416779,935ee2f0675e44dc1c28ee7d95b89cda&41e0d661deee3a6f5b073ff153ae36c2&fce45e657e9b5826faac7c2e46567b4f&b62e71643366ca8575689a44210099b6&81a16426f481821d34591c1590e10941&b05e9683f78c98e4b71dbf6557be134f,https://v25.tiktokcdn-us.com/935ee2f0675e44dc1c28ee7d95b89cda/61e50003/video/tos/useast2a/tos-useast2a-ve-0068c004/ba81bb2590184a42916525640ac6a34f/?a=1233&br=1964&bt=982&cd=0%7C0%7C0&ch=0&cr=3&cs=2&cv=1&dr=0&ds=6&er=&ft=c~.Zm4L-gXoInz7T&l=20220116233441010113135135241A4B57&lr=all&mime_type=video_mp4&net=0&pl=0&qs=11&rc=amxzNWg6Zm1pNzMzNzczM0ApOTpnNDZkZ2U3Nzc7Zzg4OWc0M2YzcjQwaWxgLS1kMTZzc2AyNmA1MTRgNS40LjViM186Yw%3D%3D&vl=&vr=
38,v09044900000c1gk48v7hc99pahqgrq0,8637,2052471&1561356&980982&642068,2cc172054906901bc24dbc20caecf5bb&3f8a52bb044ea881698568f66f0b4e8f&819369c79c102e2e464f8c378fef1d2a&2bb95f4b0e26991bfb03771848b0ad73&638d1d739dd763f92199508defed681f&b32e09fb50d7a62e9c6677de7d08f9ba&aff9b48e3199d976a4648ac0ab7c3f73&333e7dfca299305156e761432e083199,https://v25.tiktokcdn-us.com/2cc172054906901bc24dbc20caecf5bb/61e4fff9/video/tos/useast2a/tos-useast2a-ve-0068c002/7eeeb48d29a048fb8a43c2e4f44e7786/?a=1233&br=4008&bt=2004&cd=0%7C0%7C0&ch=0&cr=3&cs=2&cv=1&dr=0&ds=3&er=&ft=c~.Zm4L-gXoInz7T&l=20220116233441010113135135241A4B57&lr=all&mime_type=video_mp4&net=0&pl=0&qs=14&rc=M3V0ZDxmOjtuNDMzMzczM0ApOmUzOjc6aGQ5N2k2O2c2ZmduZGVtNmVzMWRgLS02MTZzc2FeM2MtMTEvMy8uNDA2NmI6Yw%3D%3D&vl=&vr=
39,v09044fd0000buhfv1j9iufl0fi5ir5g,19502,568440&460718&327550,201231bc72f6763578629aff5cc638e7&72e6198cd5bc1ecbe132cac81163d904&c1969e45957942848091e56285b26ac5&a72c8eb7626ffed457d56dbf519feff7&878d70b6bd2dbb4dc68094355db3929d&bf091443a433f953f6779aa2ef25fc10,https://v25.tiktokcdn-us.com/201231bc72f6763578629aff5cc638e7/61e50004/video/tos/useast2a/tos-useast2a-pve-0068/a27f7933c7584a20ab3fd6eb8b24a7cc/?a=1233&br=1110&bt=555&cd=0%7C0%7C0&ch=0&cr=3&cs=2&cv=1&dr=0&ds=6&er=&ft=c~.Zm4L-gXoInz7T&l=20220116233441010113135135241A4B57&lr=all&mime_type=video_mp4&net=0&pl=0&qs=11&rc=anU4aW94PDRpeDMzZzczM0ApZ2U2ZTU7ZDw5NzNoZDg5NGcyZmYtY2Znc2VfLS1jMTZzc2MxMmJeL2BeMzM2XmIvMTQ6Yw%3D%3D&vl=&vr=
40,v12044gd0000c797pgbc77ucq7ijquug,16995,298431&235242&154197&125184,3136dbc262f73d43b6c86f3cee916936&afaafa9181d650518cc7c67566d2943e&a93f6250c99831e32daa6d3073eb44dc&5947c34002504740e31b1807d64e8157&08c925bb2954fc74e3d2f55182ae438e&40050a3efd2ee7400234d3eda4bbbfdf&5eb91d89cb52909dbdc17c4f526c7cc6&ea91fa1bbf143369a95699df3c96bf80,https://v25.tiktokcdn-us.com/3136dbc262f73d43b6c86f3cee916936/61e50064/video/tos/useast5/tos-useast5-pve-0068-tx/f62e02f024c540c89a00998f535a6845/?a=1233&br=582&bt=291&cd=0%7C0%7C0&ch=0&cr=3&cs=2&cv=1&dr=0&ds=3&er=&ft=c~.Zm4L-gXoInz7T&l=2022011623362001011313525018143950&lr=all&mime_type=video_mp4&net=0&pl=0&qs=14&rc=anhtOmY6Zmo6OjMzZzczNEApOjM6NDc4aWRkNzVlODRpOWdybmZucjRfbTZgLS1kMS9zcy4vYmFhMV5jMzZeNjY1XjY6Yw%3D%3D&vl=&vr=
41,v09044g40000c3gscaris849rbdm91rg,14975,1649189&1352918&1157202&784297,291286070166e8da3cb0853c08232763&482c3ea62067138b6d7271f7668e8509&62284572183ad96639e2685d5e927082&9a1ad2b0ea11d80709d1b4c6935dd956&e6e98e1cd3a58374a58791ca497e880a&0a450be9be4de6e6e0e0fc3391ff81aa&02984b1dd4a61c62307d2c54c2e83d8f&591e5482baf2176f92f8163c9b13ddeb,https://v25.tiktokcdn-us.com/291286070166e8da3cb0853c08232763/61e50062/video/tos/useast2a/tos-useast2a-pve-0068/9d511f5263d34272a97a3e7ab284c1ce/?a=1233&br=3220&bt=1610&cd=0%7C0%7C0&ch=0&cr=3&cs=2&cv=1&dr=0&ds=3&er=&ft=c~.Zm4L-gXoInz7T&l=2022011623362001011313525018143950&lr=all&mime_type=video_mp4&net=0&pl=0&qs=14&rc=ajRwZTw7bGR2NjMzNzczM0ApNGg7ODYzNTxpNzw8aTllNGdvNmFvMXBvYGRgLS1kMTZzczIxXi1hNmJeNS02YS1gXjU6Yw%3D%3D&vl=&vr=
42,v09044g40000c3mrtfbc77uahb02m4jg,7149,1009186&814846&469416&322285,76bace46e5b68d118d350b8fe3e35716&b89665e53759d72c7dd46c825f9b42d4&b79b59cf07613fe351729340bad0b8c8&846ece39cf7efabe92c28e5bc95e1727&90b4d3e3b9774a657e355116f4de7fc5&e4134477e35c9be73f5f9d10c87f2816&fe31fcf1e423d34393e89bcd5bd2d8a2&bbf5afa80cd888fd49a23057c1a42e61,https://v25.tiktokcdn-us.com/76bace46e5b68d118d350b8fe3e35716/61e5005a/video/tos/useast2a/tos-useast2a-pve-0068/3ebc7ee2989f443883330b31dfab49f4/?a=1233&br=1970&bt=985&cd=0%7C0%7C0&ch=0&cr=3&cs=2&cv=1&dr=0&ds=3&er=&ft=c~.Zm4L-gXoInz7T&l=2022011623362001011313525018143950&lr=all&mime_type=video_mp4&net=0&pl=0&qs=14&rc=ajc1ZWQ6Zml1NjMzNzczM0ApOWg2NjxmNDw2NzY8OTg4Z2dnai1lcjRfcWpgLS1kMTZzczA1LWJgYy9jYi9eMGIvXjY6Yw%3D%3D&vl=&vr=
43,v09044g40000c442udjc77u82pan8nr0,10773,532271&468564&315901,24a15950deb2678f6d69993202c8c9c1&0ac6675b921f2f30c226f1cdb8d28222&7f3598338eebb0e25a13d1b6f71ec605&8a8629bf13424796996c855f4cb570f3&2308de269d0aad3f4a4976ca3bc9e7d9&1497985cafd5078cb207e2461ce16eca,https://v25.tiktokcdn-us.com/24a15950deb2678f6d69993202c8c9c1/61e5005e/video/tos/useast2a/tos-useast2a-ve-0068c004/8ef5572352a949ec98150aec8025dd70/?a=1233&br=1038&bt=519&cd=0%7C0%7C0&ch=0&cr=3&cs=2&cv=1&dr=0&ds=6&er=&ft=c~.Zm4L-gXoInz7T&l=2022011623362001011313525018143950&lr=all&mime_type=video_mp4&net=0&pl=0&qs=11&rc=M3Fxczs6Zmc1NzMzNzczM0ApOWdkPDllaDtlNzs0aDdmNmdvNV4vcjRncjFgLS1kMTZzczFiXzQzNjU0NV9fLWBfXl86Yw%3D%3D&vl=&vr=
44,v09025g40000c5tphj3c77u9non5uja0,11632,391326&216922&156694,e657945bd129c5980055c0ff0f04c5cd&609678c7a424734ee2776b7d802bea31&4462bcb675d562a9c557af0a984c8c82&54bcc5fb5353c67e46a0f430e1a9031b&36e795f7fee5a5aee0be19e9a8250f11&4db180eb38ac866d537f0068b24b63a5,https://v25.tiktokcdn-us.com/e657945bd129c5980055c0ff0f04c5cd/61e5005f/video/tos/useast2a/tos-useast2a-pve-0068/0db5a52be4814ca482755ba7b47a0966/?a=1233&br=764&bt=382&cd=0%7C0%7C0&ch=0&cr=3&cs=2&cv=1&dr=0&ds=6&er=&ft=c~.Zm4L-gXoInz7T&l=2022011623362001011313525018143950&lr=all&mime_type=video_mp4&net=0&pl=0&qs=11&rc=M204cjw6Zm1zODMzNzgzM0ApZmZkOGdkaTs0NztmODk3aGdecmtrcjQwZXFgLS1kLzZzc2BjMWAwLTRfMC8wYmAuNGI6Yw%3D%3D&vl=&vr=
45,v09044g40000c31h4berlhljq0la6gmg,11702,1276937&955175&436320&297005,443b0a279c62b996b6b32dd273535259&12308ffc81343bda9b42cc680675ab51&7594f9378290dc205780c83181eac3ed&345a4cad65abec5331677865bdce8937&06fffb81d9e0bed42f2a01712de02037&23d4eaa828026f364b7c3919799403d8&5989b327bbe2f1059510d46697e24bfc&0e30afe2ef9f38c1aa7e1da262761dd8,https://v25.tiktokcdn-us.com/443b0a279c62b996b6b32dd273535259/61e5005f/video/tos/useast2a/tos-useast2a-ve-0068c001/c3efc14c6e3045bb9d9a7123d0c5447d/?a=1233&br=2494&bt=1247&cd=0%7C0%7C0&ch=0&cr=3&cs=2&cv=1&dr=0&ds=3&er=&ft=c~.Zm4L-gXoInz7T&l=2022011623362001011313525018143950&lr=all&mime_type=video_mp4&net=0&pl=0&qs=14&rc=ampkM21rdWVrNjMzNzczM0ApZ2g5Njs0PGVoNzNkNzdoPGdqM2luaWliMS5gLS1kMTZzczBjYGMyLjQ2My4uLTYyMjE6Yw%3D%3D&vl=&vr=
46,v09044g40000c3r8kabc77u0jldggbg0,12769,2330361&1704943&1469448&996082,73b32252d2debb885b8a0155d0a98ba7&dba302518a4928255486e0d980ed6bef&eef1a3287f15c349c8c5b5e10787849e&84c2ef32bee890565d71b635f9b1e61e&d3fd565d33f845197cf4ea9ea1338235&b96603d43725f820326bfc4b97266b5c&3df514c3275ab982fce978aea9c5e44a&fee3819f76f6734d653789a6178e2d08,https://v25.tiktokcdn-us.com/73b32252d2debb885b8a0155d0a98ba7/61e50060/video/tos/useast2a/tos-useast2a-pve-0068/8cab7da36e664048988304d7ef7a47b7/?a=1233&br=4550&bt=2275&cd=0%7C0%7C0&ch=0&cr=3&cs=2&cv=1&dr=0&ds=3&er=&ft=c~.Zm4L-gXoInz7T&l=2022011623362001011313525018143950&lr=all&mime_type=video_mp4&net=0&pl=0&qs=14&rc=M2VqbzM6ZmQ7NjMzNzczM0ApaDY2PGk8aTs8NzhpPDg8OmdkZGFncjRfaG9gLS1kMTZzcy1jY2BgMF5iMjQwLS8wYGA6Yw%3D%3D&vl=&vr=
47,v09044g40000c4kh153c77u3i2t1e3f0,20710,790267&584037&389756&259282,6548bbf920031896a83353d3aa62c01e&bbadc7b2c73e7ca0d189a35bbdafd335&84a5c6261215c562e3775b2c6350a48d&17debd2651aeff2a4be76c45a7f325b8&1ee3bfab01bd916ddee9c7d735afa01f&45af24c0ff9d3b25478fcb509db8a3b9&a455ccf8b780dc77efcd47ee05349b55&0ed69ba8a609f823837100ad107e9dff,https://v25.tiktokcdn-us.com/6548bbf920031896a83353d3aa62c01e/61e50068/video/tos/useast2a/tos-useast2a-ve-0068c004/fc7e9f17e2344ce89e8aa991b7d0e895/?a=1233&br=1542&bt=771&cd=0%7C0%7C0&ch=0&cr=3&cs=2&cv=1&dr=0&ds=3&er=&ft=c~.Zm4L-gXoInz7T&l=2022011623362001011313525018143950&lr=all&mime_type=video_mp4&net=0&pl=0&qs=14&rc=MzY0NTY6ZjhrNzMzNzczM0ApOGY1OzNoNjs2NzZlM2UzOWdjYnFmcjQwLmhgLS1kMTZzc2IzLy1iNjNeYC4uMTIuLTA6Yw%3D%3D&vl=&vr=
48,v10044g50000c46ig0bc77u3svl4snj0,15439,1003742&711074&460554,f1accde7c306e2ce8026e578d2202cfd&d696b24c9014ce67689c4fb70f04e87e&8bb69500321af653ae4785691ae396b8&0f51f385986793a123526d45540297c6&5b5a384a94dad784b04791e1b2f74f18&73876cbf520d19a344cdd1537b620ee7,https://v25.tiktokcdn-us.com/f1accde7c306e2ce8026e578d2202cfd/61e50063/video/tos/alisg/tos-alisg-pve-0037c001/e423ff66fd7745cca108a9f2edb90248/?a=1233&br=1960&bt=980&cd=0%7C0%7C0&ch=0&cr=3&cs=2&cv=1&dr=0&ds=6&er=&ft=c~.Zm4L-gXoInz7T&l=2022011623362001011313525018143950&lr=all&mime_type=video_mp4&net=0&pl=0&qs=11&rc=M3E3eTY6ZjNsNzMzODczNEApOzk4M2Q2OTtoNzxpOWhoZGdncGlwcjRfZDNgLS1kMS1zczItY19iMzNhYzJfYTExYTI6Yw%3D%3D&vl=&vr=
49,v09044g40000c34mtnth8h41mpjnku00,7382,1175019&925927&534792&327161,249c98255e6c10b3c7c54977b290df49&76cd6e04fa7610992bff78c1ce947b96&6030f63a7696d5c2f63a9f7bc44225d8&db6113f696200e8779b848d66ccdf12b&0c8f2c956a13a0f6d48ae64722868609&0e01190f7271b7f8adb32f99e0082a3a&526b24890a79408e75902b7e6e57ddb9&e2c51e92d41b72b101227ea2cfaf3695,https://v25.tiktokcdn-us.com/249c98255e6c10b3c7c54977b290df49/61e5005b/video/tos/useast2a/tos-useast2a-ve-0068c002/18dc538910c34b97b0ba2334398c0c1c/?a=1233&br=2294&bt=1147&cd=0%7C0%7C0&ch=0&cr=3&cs=2&cv=1&dr=0&ds=3&er=&ft=c~.Zm4L-gXoInz7T&l=2022011623362001011313525018143950&lr=all&mime_type=video_mp4&net=0&pl=0&qs=14&rc=M3hxczRra3FwNjMzNzczM0ApOmVnZTNmPGVkNzg5OjMzZmctaGdqMTVxcTFgLS1kMTZzczBeYDMyMS1iXjE2L2BgYjU6Yw%3D%3D&vl=&vr=
50,v12044gd0000c6438f3c77uf5sb2qspg,7637,438273&308591&211521&145661,d08edc4a7027cc09ba6e01234a63c6f3&65bc56e4a5052d76395b5caeb3bee225&f112a317e7dac2ba58a73231495cf3d9&e7b4a64c2a2488ea939436740b5777c6&99df9a48c6636ecd8b525d2906bda4bd&48bc2f0eb84d8ddd8c7eace50f9ad016&742a5042a9e33e3a1711f08b135e52e9&4200064e6ab04050c4037fd6a59f90f7,https://v25.tiktokcdn-us.com/d08edc4a7027cc09ba6e01234a63c6f3/61e5009a/video/tos/maliva/tos-maliva-ve-0068c799-us/76d2b8ec07e045ac97babd32e7849b66/?a=1233&br=856&bt=428&cd=0%7C0%7C0&ch=0&cr=3&cs=2&cv=1&dr=0&ds=3&er=&ft=c~.Zm4L-gXoInz7T&l=202201162337220101130062441D19553D&lr=all&mime_type=video_mp4&net=0&pl=0&qs=14&rc=anY1dmk6Zmk2OTMzZzczNEApNTM7PDplZDs3N2k3NTQ0NGdtbl8ycjQwNTFgLS1kMS9zcy1iMTNhMjVgXzFhX2MvNWI6Yw%3D%3D&vl=&vr=
51,v09044g40000c3odp7bc77u6gocp9d6g,6662,1213038&1048223&705115,7dd03ff38e4919b74f98457ca6964183&4205e2d11d67b251fb646b6a39e62c6f&c831e0d65f4b520ff7a1a9ab4ce31bc7&4898f18b7be332242687cf44f1e04f50&70b385526f2d4afde9889a99d1e78d67&81e869f9d4c75482539e45e4190c516c,https://v25.tiktokcdn-us.com/7dd03ff38e4919b74f98457ca6964183/61e50099/video/tos/useast2a/tos-useast2a-ve-0068c003/de59c410050643d6ae007381bedffa4e/?a=1233&br=2368&bt=1184&cd=0%7C0%7C0&ch=0&cr=3&cs=2&cv=1&dr=0&ds=6&er=&ft=c~.Zm4L-gXoInz7T&l=202201162337220101130062441D19553D&lr=all&mime_type=video_mp4&net=0&pl=0&qs=11&rc=amdzcjk6ZjpnNjMzNzczM0ApOTQ2NzdlPDs1N2Q8ZWc4N2czNmBkcjRfbWxgLS1kMTZzc2MvNS8tMy8zYDItXzIvLWA6Yw%3D%3D&vl=&vr=
52,v09044g40000c4ogfhrc77u057cokt50,11283,1788582&1332930&1009342&674293,3566ae141de3b43897c02d1312ac8a8a&e5807f3406c22847fcaab9659177797c&36a2543d0cfac5550d44474001763057&cb84a44cd68d76b70e2edf7a3a196468&7c3844f40f911ddd8f27f2b52c3cb54d&04c531ba17b889d401c7e509a785e52d&4eff911f45be5b95df48930a01502c4f&b32da0f418908e8a081ef722cba4769c,https://v25.tiktokcdn-us.com/3566ae141de3b43897c02d1312ac8a8a/61e5009e/video/tos/useast2a/tos-useast2a-ve-0068c004/37fdace7ea5e47a28e67f8ddd291d8cf/?a=1233&br=3492&bt=1746&cd=0%7C0%7C0&ch=0&cr=3&cs=2&cv=1&dr=0&ds=3&er=&ft=c~.Zm4L-gXoInz7T&l=202201162337220101130062441D19553D&lr=all&mime_type=video_mp4&net=0&pl=0&qs=14&rc=M3dyOjM6ZmtqNzMzNzczM0ApNTQ1PGg2NTxmN2dkOzc6ZGcyaGAycjRvY2xgLS1kMTZzczA1Xy9gMC5gXzZjMC9eMl86Yw%3D%3D&vl=&vr=
53,v09044g40000c2gsjnial962u1po35p0,6430,770553&599707&407073,4379302cf9f689c78c00c99b2f0a85e5&d9bbcfef39cdec27647e93b4ec2b9bd8&90685738b0677519977c80e9ad907422&8a0309500e34db42186ba52ccfa26f79&8add9dffb4c0647fa05aa71be10ded5c&a73a54ad45f067d00be4d82b0a51a984,https://v25.tiktokcdn-us.com/4379302cf9f689c78c00c99b2f0a85e5/61e50099/video/tos/useast2a/tos-useast2a-ve-0068c003/c87454664ebb4e1a9171e23979c58e98/?a=1233&br=1504&bt=752&cd=0%7C0%7C0&ch=0&cr=3&cs=2&cv=1&dr=0&ds=6&er=&ft=c~.Zm4L-gXoInz7T&l=202201162337220101130062441D19553D&lr=all&mime_type=video_mp4&net=0&pl=0&qs=11&rc=MzhyNDU8ZHF2NTMzNzczM0ApZzg8Mzc7OjtmN2g4ZGdkOmdtMG1yM2lmZ2RgLS1kMTZzczAxMDY2LjI1Nl4zNS5iYDU6Yw%3D%3D&vl=&vr=
54,v09044310000bmoil77ho6foanv5jaj0,8267,1413832&978032&948578&551346,fffebd39846aab98df291e63e539f5ec&9593e8d04b1838f86d2055a4d54e901c&00b9a2e2d6823c3ed014e11f38b535cd&987cc7996cdbe622e0d54e3a66d8bf90&ac78530434f6fee0120c536491dd21c1&2ecdb92bd8a4cc0cfce86cc540ac6b61&5771bd45690e0c3df30f4d162353bc92&8315aca2070c4414fdb68ca5c0bd74d0,https://v25.tiktokcdn-us.com/fffebd39846aab98df291e63e539f5ec/61e5009b/video/tos/useast2a/tos-useast2a-ve-0068/ddd5955b873440ed8f5b7bf11392250d/?a=1233&br=2760&bt=1380&cd=0%7C0%7C0&ch=0&cr=3&cs=2&cv=1&dr=0&ds=3&er=&ft=c~.Zm4L-gXoInz7T&l=202201162337220101130062441D19553D&lr=all&mime_type=video_mp4&net=0&pl=0&qs=14&rc=M2Q4cXI5azpscDMzNDczM0ApaWVmNDQ3NztoNztlODY4OWdnZ3NeY2w0aWxfLS0wMTZzc19fMi00Nl8zMTVjYy0yY146Yw%3D%3D&vl=&vr=
55,v09044g40000c410g73c77uf1vhdufc0,8635,1640421&1292537&1074754&697653,0107370d2de8f0c25bc021541c35b897&be0db5cc4b40795624de3f06cbd4fd09&a56a7418e1d69825596ef3fc01820ccd&8b7cf2cac579a9aa023a1d381669eb94&8cb6956f6db7425c71d0022688e05722&df0fc59bffb29f27129fd75a27f8d040&abef238d5603b7f0a20558f649490def&8f1400f7260d2bb1ebef2712f9f808af,https://v25.tiktokcdn-us.com/0107370d2de8f0c25bc021541c35b897/61e5009b/video/tos/useast2a/tos-useast2a-pve-0068/186f2293eddc429e855872f618200d52/?a=1233&br=3202&bt=1601&cd=0%7C0%7C0&ch=0&cr=3&cs=2&cv=1&dr=0&ds=3&er=&ft=c~.Zm4L-gXoInz7T&l=202201162337220101130062441D19553D&lr=all&mime_type=video_mp4&net=0&pl=0&qs=14&rc=M2lneWk6ZjozNzMzNzczM0ApaGc8OTNmNGU7NzUzODU8M2dgcmUucjQwZC5gLS1kMTZzczAyMS4zYjFgMC00M2AyLWA6Yw%3D%3D&vl=&vr=
56,v09044g40000c3ai05e0nro67dgk3fbg,9286,1284202&756360&437868&275058,c2466f5dfc9985160340649f364080ea&72c92bbbec34c2c5c455d7c7b1cc1d37&3d885e462cfa564ef071370c75344edf&2afba0dac7023eea6ec220ad51133e7d&1e0350925b407b7fd105f7a457d0a981&8376fd40e8637af8a4a7839262407169&cc516d3a5af6ac5a82724d4150c94074&bb4da7ce59680c2681a797718078b1ae,https://v25.tiktokcdn-us.com/c2466f5dfc9985160340649f364080ea/61e5009c/video/tos/useast2a/tos-useast2a-pve-0068/e6e3a6962bc94b55b4ea6c5013954c7f/?a=1233&br=2508&bt=1254&cd=0%7C0%7C0&ch=0&cr=3&cs=2&cv=1&dr=0&ds=3&er=&ft=c~.Zm4L-gXoInz7T&l=202201162337220101130062441D19553D&lr=all&mime_type=video_mp4&net=0&pl=0&qs=14&rc=amluZzl1MzhsNjMzNzczM0ApNGc3Zmk5Zjw2NzxlZ2RnPGdfMGQ0bGtiLV5gLS1kMTZzczJjNS8tYGIvLmI1Y180YS86Yw%3D%3D&vl=&vr=
57,v09044g40000c45clkjc77u4160srdj0,19781,594321&416882&283318&196864,b821e86305c3ad09405b7d5fac7c585c&96572eea85aeb0ba4d982fa43acb6ee3&3a3d19a1d5f1b4b679dfd5bfd946605e&04dfdf2b8a9baedbe2f942a8482febcf&9c0d4f1e7bfe8bc2ec83cba47b1c727c&2944d9c32b8df15c1619dfc3b67e2467&1eb42860db5b086ee218739e13e93d69&b2e3cd5ff7a94a7f4eb8285f145c7623,https://v25.tiktokcdn-us.com/b821e86305c3ad09405b7d5fac7c585c/61e500a6/video/tos/useast2a/tos-useast2a-ve-0068c001/f9d901e8f28941f9bfce8994d038f273/?a=1233&br=1160&bt=580&cd=0%7C0%7C0&ch=0&cr=3&cs=2&cv=1&dr=0&ds=3&er=&ft=c~.Zm4L-gXoInz7T&l=202201162337220101130062441D19553D&lr=all&mime_type=video_mp4&net=0&pl=0&qs=14&rc=M2d2OTc6Zm5mNzMzNzczM0ApZDw6PDg8OTw6NzpoOztmPGdnby0ucjRnaTJgLS1kMTZzc2ItYzZiMjQvXi8zYy4uNjA6Yw%3D%3D&vl=&vr=
58,v09044g40000c4aqt4bc77uek70jn260,14603,853714&490562&304377,676ed0d09bc493f2f59db0f006f1c76b&6a1b4d0ceb2f0cf4af1ac276d955a01b&02c03bae107a4be0dce61f98f898b13f&62c9d4aeaaf7a06170a76f576197df79&05a6cecf7ab7d134e354b71038a54b20&f63a306f602fe5ba3c2a9f4f1ae1f1c8,https://v25.tiktokcdn-us.com/676ed0d09bc493f2f59db0f006f1c76b/61e500a1/video/tos/useast2a/tos-useast2a-ve-0068c003/f5ab0881c8614d2997fc3563a380cca5/?a=1233&br=1666&bt=833&cd=0%7C0%7C0&ch=0&cr=3&cs=2&cv=1&dr=0&ds=6&er=&ft=c~.Zm4L-gXoInz7T&l=202201162337220101130062441D19553D&lr=all&mime_type=video_mp4&net=0&pl=0&qs=11&rc=MzVtOmg6Zjd0NzMzNzczM0ApZ2lnPGlkPDw8NzM6aGQ4aGczay1ocjRfcV5gLS1kMTZzcy0tX2JjX18yMzM2LmFhNTM6Yw%3D%3D&vl=&vr=
59,v09044g40000c3vdmejc77u7uoaiehrg,11330,566505&438577&226220&162988,5b53ec0e11ae859fa4e590279b925556&aa3b13f8fe770ea3ea9f3aea2146bc46&65c0aa90dfcd8ad7334a5415c3e8701e&4d345102bb2347a27e5824e2bab0f6c8&ae88b53de45ea39a2e26a65847b44a3e&3e20ec8dbf51b26184a2aca4895739ba&63944071b276dba6e31d464fa7b8085f&de7e8cf2e4cf84d7e8de72f95e0fb6ff,https://v25.tiktokcdn-us.com/5b53ec0e11ae859fa4e590279b925556/61e5009e/video/tos/useast2a/tos-useast2a-pve-0068/dd6af54476d34c538cb4008e341b415b/?a=1233&br=1106&bt=553&cd=0%7C0%7C0&ch=0&cr=3&cs=2&cv=1&dr=0&ds=3&er=&ft=c~.Zm4L-gXoInz7T&l=202201162337220101130062441D19553D&lr=all&mime_type=video_mp4&net=0&pl=0&qs=14&rc=amtscjo6ZmhnNjMzNzczM0ApOzVmNDg0Ojs8N2g7OWk2ZmdvYl5ycjRnanNgLS1kMTZzc2A0YTQ2NDMtMjExNDQwLS06Yw%3D%3D&vl=&vr=
