video/mp4, bytesbytes 0-449698/449699, 1642375769.4974518, 1642375769.4988937, 1642375769.5115027, 1642375770.141881, v19-us.tiktokcdn.com, a5d2b5f66612f6cdd6ab40c5d8ff8143, /a5d2b5f66612f6cdd6ab40c5d8ff8143/61e4fec2/video/tos/maliva/tos-maliva-ve-0068c799-us/61e0e1714b96414ebe2c06bd7275066a/?a=1233&br=738&bt=369&cd=0%7C0%7C0&ch=0&cr=3&cs=2&cv=1&dr=0&ds=3&er=&ft=xo5uS4L-gXoInz7T&l=20220116232928010223120166169CD0CA&lr=all&mime_type=video_mp4&net=0&pl=0&qs=14&rc=MzxkNDM6ZnQ5OjMzZzczNEApaGZmZmk2aTxlN2VmZmgzaGdncS4ycjRvb2FgLS1kMS9zczUxYzZeNTVjLTReYTQuMjU6Yw%3D%3D&vl=&vr=
video/mp4, bytesbytes 0-2332022/2332023, 1642375775.157469, 1642375775.1622617, 1642375775.2010157, 1642375778.006558, v19-us.tiktokcdn.com, 9b917af7fa51f65c4471e82cc5ec775b, /9b917af7fa51f65c4471e82cc5ec775b/61e4feef/video/tos/useast5/tos-useast5-ve-0068c003-tx/7c443afa7a2b4bf1b25d1d7ce06f6f3b/?a=1233&br=734&bt=367&cd=0%7C0%7C0&ch=0&cr=3&cs=2&cv=1&dr=0&ds=6&er=&ft=xo5uS4L-gXoInz7T&l=20220116232933010189077211001BD2BD&lr=all&mime_type=video_mp4&net=0&pl=0&qs=4&rc=amw2djo6ZjhqOjMzZzczNEApaDk6NTg4N2U7NztlNTs1O2dgLm5tcjRfbV5gLS1kMS9zc2AvYTNfY14zYV4zMGNgXy06Yw%3D%3D&vl=&vr=
video/mp4, bytesbytes 0-792658/792659, 1642375779.7483168, 1642375779.7497623, 1642375779.7622743, 1642375780.7299201, v19-us.tiktokcdn.com, 0c42e0cc53ab2b26057c1356e21e32b9, /0c42e0cc53ab2b26057c1356e21e32b9/61e4fecb/video/tos/maliva/tos-maliva-ve-0068c799-us/5446d693e57e464b914541409d985a23/?a=1233&br=888&bt=444&cd=0%7C0%7C0&ch=0&cr=3&cs=2&cv=1&dr=0&ds=6&er=&ft=xo5uS4L-gXoInz7T&l=20220116232933010189077211001BD2BD&lr=all&mime_type=video_mp4&net=0&pl=0&qs=4&rc=anc6djo6Zm80OjMzZzczNEApaGU0PDk6OWU8N2U2aDM0M2dtbHFtcjRncGZgLS1kMS9zc15jY2NfNl8uYWFjXzZgLjM6Yw%3D%3D&vl=&vr=
video/mp4, bytes, 1642375816.7304413, 1642375816.7312493, 1642375816.739957, 1642375817.2843971, v19.tiktokcdn-us.com, 39040b3efdd0c05b4de18b6a6dbbf206, /39040b3efdd0c05b4de18b6a6dbbf206/61e4fedd/video/tos/useast2a/tos-useast2a-ve-0068c004/c0f25d1b31ba4b86a90cb22cfe1b1294/?a=1233&br=1116&bt=558&cd=0%7C0%7C0&ch=0&cr=3&cs=2&cv=1&dr=0&ds=6&er=&ft=c~.Zm4L-gXoInz7T&l=202201162329580101130060711B13A0E1&lr=all&mime_type=video_mp4&net=0&pl=0&qs=4&rc=anRuNnZvNHNodzMzODczM0ApZjk8NWg5PGVoNzZlZGQ3OmdtYnJpNTJzXnJfLS1iMTZzczMuMF5hMmBhM2NfMi1gYTY6Yw%3D%3D&vl=&vr=
video/mp4, bytesbytes 0-766503/766504, 1642375817.6201272, 1642375817.622165, 1642375817.634185, 1642375818.365187, v19.tiktokcdn-us.com, 6ec8deaef330dabe11bf1c8dc9ee5585, /6ec8deaef330dabe11bf1c8dc9ee5585/61e4fee2/video/tos/useast5/tos-useast5-ve-0068c001-tx/e0b5935a00244a96a26e97757fa0313d/?a=1233&br=952&bt=476&cd=0%7C0%7C0&ch=0&cr=3&cs=2&cv=1&dr=0&ds=3&er=&ft=c~.Zm4L-gXoInz7T&l=202201162329580101130060711B13A0E1&lr=all&mime_type=video_mp4&net=0&pl=0&qs=14&rc=M2RmZGQ6ZjNzOjMzZzczNEApOTtoZWk4ZTxpN2UzNzpnOWdrLWxocjRnc19gLS1kMS9zczRhMmNhYDE2YTQyMS5gMS86Yw%3D%3D&vl=&vr=
video/mp4, bytesbytes 0-1024000/2209343, 1642375818.7691715, 1642375818.7707517, 1642375818.804128, 1642375820.676626, v19.tiktokcdn-us.com, 2293efea0298bf74cf5b1f52a91c4422, /2293efea0298bf74cf5b1f52a91c4422/61e4feea/video/tos/useast2a/tos-useast2a-ve-0068c003/a3916a82751449e5bc996d3ea4c44e77/?a=1233&br=1710&bt=855&cd=0%7C0%7C0&ch=0&cr=3&cs=2&cv=1&dr=0&ds=6&er=&ft=c~.Zm4L-gXoInz7T&l=202201162329580101130060711B13A0E1&lr=all&mime_type=video_mp4&net=0&pl=0&qs=5&rc=ajx1NTU6ZmdqOTMzNzczM0ApZmk0NjlpOGQ4N2U4NTg8aGcwcTEucjQwbnJgLS1kMTZzc2EzYGBjLTYyNTNgYi1fNTY6Yw%3D%3D&vl=&vr=
video/mp4, bytesbytes 0-878633/878634, 1642375821.5283256, 1642375821.5296304, 1642375821.5415626, 1642375823.2214866, v19.tiktokcdn-us.com, b00ba42b976824a27b3899ae90009238, /b00ba42b976824a27b3899ae90009238/61e4fee7/video/tos/useast2a/tos-useast2a-pve-0068/52bbbd3d4f604a6c82a0b217a8755c8c/?a=1233&br=770&bt=385&cd=0%7C0%7C0&ch=0&cr=3&cs=2&cv=1&dr=0&ds=6&er=&ft=c~.Zm4L-gXoInz7T&l=202201162329580101130060711B13A0E1&lr=all&mime_type=video_mp4&net=0&pl=0&qs=4&rc=anZ3NmhraW1tNDMzNzczM0ApNzY5ZzdlZDs5NzRpNWU7Nmdubmg0Ml9oYGhgLS1kMTZzczE1NmMyNWJjX2JhMS8xNC46Yw%3D%3D&vl=&vr=
video/mp4, bytesbytes 0-1024000/3199001, 1642375823.8798234, 1642375823.881251, 1642375823.9521556, 1642375826.0672562, v19.tiktokcdn-us.com, a329de41369fbb730e1f393aa65b2a99, /a329de41369fbb730e1f393aa65b2a99/61e4ff03/video/tos/useast2a/tos-useast2a-pve-0068/d71c0e8d4bdd441cb28765ca3433472b/?a=1233&br=1084&bt=542&cd=0%7C0%7C0&ch=0&cr=3&cs=2&cv=1&dr=0&ds=3&er=&ft=c~.Zm4L-gXoInz7T&l=202201162329580101130060711B13A0E1&lr=all&mime_type=video_mp4&net=0&pl=0&qs=14&rc=M25oMzw6ZjhqNjMzNzczM0ApN2kzaWQ4NDtmN2c6ZTg8aWdrYjJlcjRfNmlgLS1kMTZzczA0YmNjY2AtYDI2MDBfNjY6Yw%3D%3D&vl=&vr=
video/mp4, bytesbytes 0-924440/924441, 1642375826.448114, 1642375826.4490554, 1642375826.475884, 1642375827.616649, v19.tiktokcdn-us.com, 9731099fd4b7fd04dbd734aa97ba8a7a, /9731099fd4b7fd04dbd734aa97ba8a7a/61e4fee6/video/tos/useast2a/tos-useast2a-pve-0068/360f707c99594528af6c062591db611d/?a=1233&br=866&bt=433&cd=0%7C0%7C0&ch=0&cr=3&cs=2&cv=1&dr=0&ds=6&er=&ft=c~.Zm4L-gXoInz7T&l=202201162329580101130060711B13A0E1&lr=all&mime_type=video_mp4&net=0&pl=0&qs=11&rc=MzZ4bjQ6ZmtoNzMzNzczM0ApOjtlZDk2Zzw4Nzs3NWhnNGc0MGRjcjQwci9gLS1kMTZzcy8uYjEyNC02Y2E1LmE2NDM6Yw%3D%3D&vl=&vr=
video/mp4, bytesbytes 1024000-2209342/2209343, 1642375841.5622492, 1642375841.5658972, 1642375841.6223097, 1642375845.820795, v19.tiktokcdn-us.com, 2293efea0298bf74cf5b1f52a91c4422, /2293efea0298bf74cf5b1f52a91c4422/61e4feea/video/tos/useast2a/tos-useast2a-ve-0068c003/a3916a82751449e5bc996d3ea4c44e77/?a=1233&br=1710&bt=855&cd=0%7C0%7C0&ch=0&cr=3&cs=2&cv=1&dr=0&ds=6&er=&ft=c~.Zm4L-gXoInz7T&l=202201162329580101130060711B13A0E1&lr=all&mime_type=video_mp4&net=0&pl=0&qs=5&rc=ajx1NTU6ZmdqOTMzNzczM0ApZmk0NjlpOGQ4N2U4NTg8aGcwcTEucjQwbnJgLS1kMTZzc2EzYGBjLTYyNTNgYi1fNTY6Yw%3D%3D&vl=&vr=
video/mp4, bytesbytes 1024000-3199000/3199001, 1642375850.8430154, 1642375850.8454232, 1642375850.8804567, 1642375853.6959336, v19.tiktokcdn-us.com, a329de41369fbb730e1f393aa65b2a99, /a329de41369fbb730e1f393aa65b2a99/61e4ff03/video/tos/useast2a/tos-useast2a-pve-0068/d71c0e8d4bdd441cb28765ca3433472b/?a=1233&br=1084&bt=542&cd=0%7C0%7C0&ch=0&cr=3&cs=2&cv=1&dr=0&ds=3&er=&ft=c~.Zm4L-gXoInz7T&l=202201162329580101130060711B13A0E1&lr=all&mime_type=video_mp4&net=0&pl=0&qs=14&rc=M25oMzw6ZjhqNjMzNzczM0ApN2kzaWQ4NDtmN2c6ZTg8aWdrYjJlcjRfNmlgLS1kMTZzczA0YmNjY2AtYDI2MDBfNjY6Yw%3D%3D&vl=&vr=
video/mp4, bytesbytes 0-1024000/1492687, 1642375854.857441, 1642375854.858267, 1642375854.8713925, 1642375857.5687, v19.tiktokcdn-us.com, c989d9a0f4f1287f90e8c5e018cfb646, /c989d9a0f4f1287f90e8c5e018cfb646/61e4feed/video/tos/useast2a/tos-useast2a-ve-0068c004/02c11bae6e0c4bbaa3a6e4b386e22249/?a=1233&br=980&bt=490&cd=0%7C0%7C0&ch=0&cr=3&cs=2&cv=1&dr=0&ds=6&er=&ft=c~.Zm4L-gXoInz7T&l=202201162329580101130060711B13A0E1&lr=all&mime_type=video_mp4&net=0&pl=0&qs=4&rc=amQ1NTN2aDpmNjMzNzczM0ApNmg5OTw2ODtnNzhoO2RlNWc0LmVxZWpmNjBgLS1kMTZzczQyLy8wYjAyLl9jL2JjXjQ6Yw%3D%3D&vl=&vr=
video/mp4, bytesbytes 0-1024000/3653700, 1642375858.1321704, 1642375858.133359, 1642375858.143807, 1642375860.544366, v19.tiktokcdn-us.com, c0e1620f7f4acc3266434a88e46061a4, /c0e1620f7f4acc3266434a88e46061a4/61e4ff08/video/tos/useast2a/tos-useast2a-ve-0068c001/5bc95ee24c964e9b933f7770c02b2951/?a=1233&br=1136&bt=568&cd=0%7C0%7C0&ch=0&cr=3&cs=2&cv=1&dr=0&ds=6&er=&ft=c~.Zm4L-gXoInz7T&l=202201162329580101130060711B13A0E1&lr=all&mime_type=video_mp4&net=0&pl=0&qs=5&rc=M2plODQ6ZjllNjMzNzczM0ApNWUzOGQ7NTw4Nzg8ZWU8O2drLmJucjQwLnBgLS1kMTZzczBjNjQvMDZeYS8xNGEvMDA6Yw%3D%3D&vl=&vr=
video/mp4, bytesbytes 0-283561/283562, 1642375860.9437835, 1642375860.945102, 1642375860.9610288, 1642375861.6363046, v19.tiktokcdn-us.com, 2bde4fc0b78ea93d15abfca65a69235a, /2bde4fc0b78ea93d15abfca65a69235a/61e4fedc/video/tos/useast2a/tos-useast2a-ve-0068c003/c82291f2f7744bbabb097f3a38918c6a/?a=1233&br=666&bt=333&cd=0%7C0%7C0&ch=0&cr=3&cs=2&cv=1&dr=0&ds=6&er=&ft=c~.Zm4L-gXoInz7T&l=202201162329580101130060711B13A0E1&lr=all&mime_type=video_mp4&net=0&pl=0&qs=4&rc=anVseHJvbmdtdTMzZjczM0ApZWc2M2g4PDs6N2g5ZDdkaWdwNDYwcnM0L3BfLS0yMTZzczE1MmBgYDNfYDYuMWM2YTE6Yw%3D%3D&vl=&vr=
video/mp4, bytesbytes 0-557503/557504, 1642375861.830886, 1642375861.832865, 1642375861.8654215, 1642375863.0828664, v19.tiktokcdn-us.com, 64b163cada5ab93d884b3cd99436769c, /64b163cada5ab93d884b3cd99436769c/61e4fee0/video/tos/useast2a/tos-useast2a-ve-0068c002/3b04e783681a450b960ddb8446dd3c3b/?a=1233&br=814&bt=407&cd=0%7C0%7C0&ch=0&cr=3&cs=2&cv=1&dr=0&ds=6&er=&ft=c~.Zm4L-gXoInz7T&l=202201162329580101130060711B13A0E1&lr=all&mime_type=video_mp4&net=0&pl=0&qs=4&rc=am53bnBmZ2Z2NDMzNzczM0ApOzU6ZGhlOmQ0Nzk6NmU2ZWduZmtiZy5pNG5gLS1kMTZzc18wMl9fNTAuMF9eMmMvNC06Yw%3D%3D&vl=&vr=
video/mp4, bytesbytes 1024000-1492686/1492687, 1642375872.504621, 1642375872.505887, 1642375872.529162, 1642375873.5312169, v19.tiktokcdn-us.com, c989d9a0f4f1287f90e8c5e018cfb646, /c989d9a0f4f1287f90e8c5e018cfb646/61e4feed/video/tos/useast2a/tos-useast2a-ve-0068c004/02c11bae6e0c4bbaa3a6e4b386e22249/?a=1233&br=980&bt=490&cd=0%7C0%7C0&ch=0&cr=3&cs=2&cv=1&dr=0&ds=6&er=&ft=c~.Zm4L-gXoInz7T&l=202201162329580101130060711B13A0E1&lr=all&mime_type=video_mp4&net=0&pl=0&qs=4&rc=amQ1NTN2aDpmNjMzNzczM0ApNmg5OTw2ODtnNzhoO2RlNWc0LmVxZWpmNjBgLS1kMTZzczQyLy8wYjAyLl9jL2JjXjQ6Yw%3D%3D&vl=&vr=
video/mp4, bytesbytes 1024000-3653699/3653700, 1642375883.4265573, 1642375883.4274552, 1642375883.4435081, 1642375890.1721196, v19.tiktokcdn-us.com, c0e1620f7f4acc3266434a88e46061a4, /c0e1620f7f4acc3266434a88e46061a4/61e4ff08/video/tos/useast2a/tos-useast2a-ve-0068c001/5bc95ee24c964e9b933f7770c02b2951/?a=1233&br=1136&bt=568&cd=0%7C0%7C0&ch=0&cr=3&cs=2&cv=1&dr=0&ds=6&er=&ft=c~.Zm4L-gXoInz7T&l=202201162329580101130060711B13A0E1&lr=all&mime_type=video_mp4&net=0&pl=0&qs=5&rc=M2plODQ6ZjllNjMzNzczM0ApNWUzOGQ7NTw4Nzg8ZWU8O2drLmJucjQwLnBgLS1kMTZzczBjNjQvMDZeYS8xNGEvMDA6Yw%3D%3D&vl=&vr=
video/mp4, bytesbytes 0-1024000/1412515, 1642375891.406187, 1642375891.4078019, 1642375891.4465008, 1642375892.724642, v16m.tiktokcdn-us.com, 7c8cfef94478d21d1ab4c92478009d9d, /7c8cfef94478d21d1ab4c92478009d9d/61e4ff3f/video/tos/useast2a/tos-useast2a-ve-0068c003/b2a74e92317c41a98ff396e61f505581/?a=1233&br=1092&bt=546&cd=0%7C0%7C0&ch=0&cr=3&cs=2&cv=1&dr=0&ds=6&er=&ft=c~.Zm4L-gXoInz7T&l=202201162331230101131352141021C075&lr=all&mime_type=video_mp4&net=0&pl=0&qs=5&rc=MzhxNTo7OmluNTMzNzczM0ApaDNlODRpZzszNzc3NDk2NWdqYzQ1Z2RibzBgLS1kMTZzc2JjMmItYy5fLi9gY2EyM2A6Yw%3D%3D&vl=&vr=
video/mp4, bytesbytes 0-909099/909100, 1642375893.291362, 1642375893.3028467, 1642375893.3742516, 1642375895.3094108, v16m.tiktokcdn-us.com, d6618656e62fc84eab77264aec93076e, /d6618656e62fc84eab77264aec93076e/61e4ff3c/video/tos/useast2a/tos-useast2a-ve-0068c004/f34f762b9db54ae98cc0c41b2e426aee/?a=1233&br=812&bt=406&cd=0%7C0%7C0&ch=0&cr=3&cs=2&cv=1&dr=0&ds=6&er=&ft=c~.Zm4L-gXoInz7T&l=202201162331230101131352141021C075&lr=all&mime_type=video_mp4&net=0&pl=0&qs=11&rc=amo3a2g6ZnJoNzMzNzczM0ApaGU0OWhmNDxnN2g1NjQ5Z2cvb2IzcjRfZzBgLS1kMTZzc2JjYTFgLzMvLS0wY2IyXy46Yw%3D%3D&vl=&vr=
video/mp4, bytesbytes 0-1024000/1130687, 1642375895.7509277, 1642375895.7545357, 1642375895.8049664, 1642375897.2966092, v16m.tiktokcdn-us.com, e11e1a40083f806d417fd3fa99b84a55, /e11e1a40083f806d417fd3fa99b84a55/61e4ff3a/video/tos/useast2a/tos-useast2a-ve-0068c004/4dd3485cb1714c11939fbdd0790ecb0f/?a=1233&br=1160&bt=580&cd=0%7C0%7C0&ch=0&cr=3&cs=2&cv=1&dr=0&ds=6&er=&ft=c~.Zm4L-gXoInz7T&l=202201162331230101131352141021C075&lr=all&mime_type=video_mp4&net=0&pl=0&qs=5&rc=MzlqN214NThwNTMzNzczM0ApNmQ5PGZnO2Q8N2VoN2ZkM2cubjNkcWZyam5gLS1kMTZzc2MyYTY2Yy4yLjYyXzMvMDA6Yw%3D%3D&vl=&vr=
video/mp4, bytesbytes 0-725887/725888, 1642375934.006919, 1642375934.0086935, 1642375934.0784516, 1642375936.135958, v16m.tiktokcdn-us.com, dc04c4ca249eac1143505556022e270d, /dc04c4ca249eac1143505556022e270d/61e4ff39/video/tos/useast5/tos-useast5-ve-0068c003-tx/236a885425854f189d4f37cd7161f6c9/?a=1233&br=752&bt=376&cd=0%7C0%7C0&ch=0&cr=3&cs=2&cv=1&dr=0&ds=6&er=&ft=c~.Zm4L-gXoInz7T&l=202201162331230101131352141021C075&lr=all&mime_type=video_mp4&net=0&pl=0&qs=5&rc=amkzdjo6ZnY6OjMzZzczNEApODRlZDo4Zzw3N2Q1OWY6OWdoXnNtcjRnNTVgLS1kMS9zcy41Yy9iNV9hXmJfYmExYDA6Yw%3D%3D&vl=&vr=
video/mp4, bytesbytes 0-1024000/2492421, 1642375940.9324594, 1642375940.9336767, 1642375940.9774916, 1642375942.530917, v16m.tiktokcdn-us.com, 45ff33c403d5df9c5fc0aee2fdb677a5, /45ff33c403d5df9c5fc0aee2fdb677a5/61e4ff52/video/tos/useast2a/tos-useast2a-pve-0068/85f26dad7c324228908ebbb101ade411/?a=1233&br=978&bt=489&cd=0%7C0%7C0&ch=0&cr=3&cs=2&cv=1&dr=0&ds=6&er=&ft=c~.Zm4L-gXoInz7T&l=202201162331230101131352141021C075&lr=all&mime_type=video_mp4&net=0&pl=0&qs=5&rc=am5zdDw6ZmhqNjMzNzczM0ApOWRnZ2k2NmU0NzRoaGg5O2dtNGtncjRnb2hgLS1kMTZzczQxYF81MjRgM18wNjAxYV86Yw%3D%3D&vl=&vr=
video/mp4, bytesbytes 1024000-1412514/1412515, 1642375946.9705572, 1642375946.9717877, 1642375946.9867835, 1642375948.0443957, v16m.tiktokcdn-us.com, 7c8cfef94478d21d1ab4c92478009d9d, /7c8cfef94478d21d1ab4c92478009d9d/61e4ff3f/video/tos/useast2a/tos-useast2a-ve-0068c003/b2a74e92317c41a98ff396e61f505581/?a=1233&br=1092&bt=546&cd=0%7C0%7C0&ch=0&cr=3&cs=2&cv=1&dr=0&ds=6&er=&ft=c~.Zm4L-gXoInz7T&l=202201162331230101131352141021C075&lr=all&mime_type=video_mp4&net=0&pl=0&qs=5&rc=MzhxNTo7OmluNTMzNzczM0ApaDNlODRpZzszNzc3NDk2NWdqYzQ1Z2RibzBgLS1kMTZzc2JjMmItYy5fLi9gY2EyM2A6Yw%3D%3D&vl=&vr=
video/mp4, bytesbytes 0-1024000/2121440, 1642375948.271245, 1642375948.273146, 1642375948.3244786, 1642375949.563465, v16m.tiktokcdn-us.com, 4fe096d068896e90bc2d52b934369580, /4fe096d068896e90bc2d52b934369580/61e4ff40/video/tos/useast2a/tos-useast2a-pve-0068/bce660f83b4044319aeab83ae5a264f6/?a=1233&br=1562&bt=781&cd=0%7C0%7C0&ch=0&cr=3&cs=2&cv=1&dr=0&ds=6&er=&ft=c~.Zm4L-gXoInz7T&l=202201162331230101131352141021C075&lr=all&mime_type=video_mp4&net=0&pl=0&qs=5&rc=ajtwaW9vZGt5NTMzNzczM0ApMzo0ZTNlNWQ4N2Y4Zjg5Z2djaTZlczNkM2dgLS1kMTZzc2A2MC4wYy9iYTQtMmBjNl46Yw%3D%3D&vl=&vr=
video/mp4, bytesbytes 0-321695/321696, 1642375963.2507412, 1642375963.2525673, 1642375963.3155227, 1642375965.8374023, v16m.tiktokcdn-us.com, db7c960a3caadad02cb7540167bd6914, /db7c960a3caadad02cb7540167bd6914/61e4ff33/video/tos/useast2a/tos-useast2a-ve-0068c003/6f8357ae921f4aa78fa165764150f515/?a=1233&br=608&bt=304&cd=0%7C0%7C0&ch=0&cr=3&cs=2&cv=1&dr=0&ds=6&er=&ft=c~.Zm4L-gXoInz7T&l=202201162331230101131352141021C075&lr=all&mime_type=video_mp4&net=0&pl=0&qs=4&rc=ajlncnh0bXY7NTMzNzczM0ApNWU8Z2llOmU2NzpkaTMzN2deNjU1MjFhZl5gLS1kMTZzc2BfYzQwYTM0L15iXy4wYTY6Yw%3D%3D&vl=&vr=
video/mp4, bytesbytes 1024000-1130686/1130687, 1642375980.9670534, 1642375980.9724734, 1642375981.000056, 1642375981.4011877, v16m.tiktokcdn-us.com, e11e1a40083f806d417fd3fa99b84a55, /e11e1a40083f806d417fd3fa99b84a55/61e4ff3a/video/tos/useast2a/tos-useast2a-ve-0068c004/4dd3485cb1714c11939fbdd0790ecb0f/?a=1233&br=1160&bt=580&cd=0%7C0%7C0&ch=0&cr=3&cs=2&cv=1&dr=0&ds=6&er=&ft=c~.Zm4L-gXoInz7T&l=202201162331230101131352141021C075&lr=all&mime_type=video_mp4&net=0&pl=0&qs=5&rc=MzlqN214NThwNTMzNzczM0ApNmQ5PGZnO2Q8N2VoN2ZkM2cubjNkcWZyam5gLS1kMTZzc2MyYTY2Yy4yLjYyXzMvMDA6Yw%3D%3D&vl=&vr=
video/mp4, bytesbytes 0-573921/573922, 1642375981.5002265, 1642375981.5022151, 1642375981.523849, 1642375983.1574755, v16m.tiktokcdn-us.com, 4fc91edfd746860f159c4e74b1fcb7e5, /4fc91edfd746860f159c4e74b1fcb7e5/61e4ff36/video/tos/useast5/tos-useast5-ve-0068c004-tx/d967a4df34444b62921fc5ac80467075/?a=1233&br=760&bt=380&cd=0%7C0%7C0&ch=0&cr=3&cs=2&cv=1&dr=0&ds=6&er=&ft=c~.Zm4L-gXoInz7T&l=202201162331230101131352141021C075&lr=all&mime_type=video_mp4&net=0&pl=0&qs=4&rc=M29saWg6ZjczOjMzZzczNEApNDQ8MzQ1aGQ8N2lmMzQ3NmcyNGBocjRfX2FgLS1kMS9zczI2LTUxYWBeLzAwM2JfYC06Yw%3D%3D&vl=&vr=
video/mp4, bytesbytes 1024000-2492420/2492421, 1642375985.0329258, 1642375985.0403714, 1642375985.0801358, 1642375986.9625256, v16m.tiktokcdn-us.com, 45ff33c403d5df9c5fc0aee2fdb677a5, /45ff33c403d5df9c5fc0aee2fdb677a5/61e4ff52/video/tos/useast2a/tos-useast2a-pve-0068/85f26dad7c324228908ebbb101ade411/?a=1233&br=978&bt=489&cd=0%7C0%7C0&ch=0&cr=3&cs=2&cv=1&dr=0&ds=6&er=&ft=c~.Zm4L-gXoInz7T&l=202201162331230101131352141021C075&lr=all&mime_type=video_mp4&net=0&pl=0&qs=5&rc=am5zdDw6ZmhqNjMzNzczM0ApOWRnZ2k2NmU0NzRoaGg5O2dtNGtncjRnb2hgLS1kMTZzczQxYF81MjRgM18wNjAxYV86Yw%3D%3D&vl=&vr=
video/mp4, bytesbytes 0-1024000/1069291, 1642375987.6241214, 1642375987.628987, 1642375987.6729486, 1642375988.914516, v16m.tiktokcdn-us.com, c0b756ec251a52dd541fe7240f861273, /c0b756ec251a52dd541fe7240f861273/61e4ff44/video/tos/alisg/tos-alisg-pve-0037c001/4a0a9e195fa24116ac3ca1661083a252/?a=1233&br=658&bt=329&cd=0%7C0%7C0&ch=0&cr=3&cs=2&cv=1&dr=0&ds=6&er=&ft=c~.Zm4L-gXoInz7T&l=202201162331230101131352141021C075&lr=all&mime_type=video_mp4&net=0&pl=0&qs=4&rc=ajY3Njk6ZmU2OTMzODczNEApaDZmNjs7NWQ0NzlmM2g2ZGdsb25ucjRvM2BgLS1kMS1zczQ0MC9jNC5jMWMzNmMtLy46Yw%3D%3D&vl=&vr=
video/mp4, bytesbytes 0-421105/421106, 1642375989.465662, 1642375989.4669936, 1642375989.5130334, 1642375990.0161088, v16m.tiktokcdn-us.com, a9508d8fabdbbfb122431b9943117fad, /a9508d8fabdbbfb122431b9943117fad/61e4ff32/video/tos/useast2a/tos-useast2a-ve-0068c001/9efacd2babf644c7ba107b101959f243/?a=1233&br=860&bt=430&cd=0%7C0%7C0&ch=0&cr=3&cs=2&cv=1&dr=0&ds=6&er=&ft=c~.Zm4L-gXoInz7T&l=202201162331230101131352141021C075&lr=all&mime_type=video_mp4&net=0&pl=0&qs=11&rc=M3kzcms1NHd0NDMzOjczM0ApMzhoOWU2NmQ4N2g2O2dlPGc1a3NhbGowbDJgLS02MTZzcy4yLzM1YjZiXzAyNF41LjI6Yw%3D%3D&vl=&vr=
video/mp4, bytesbytes 1024000-2121439/2121440, 1642375990.6621547, 1642375990.6633127, 1642375990.6813233, 1642375994.5314462, v16m.tiktokcdn-us.com, 4fe096d068896e90bc2d52b934369580, /4fe096d068896e90bc2d52b934369580/61e4ff40/video/tos/useast2a/tos-useast2a-pve-0068/bce660f83b4044319aeab83ae5a264f6/?a=1233&br=1562&bt=781&cd=0%7C0%7C0&ch=0&cr=3&cs=2&cv=1&dr=0&ds=6&er=&ft=c~.Zm4L-gXoInz7T&l=202201162331230101131352141021C075&lr=all&mime_type=video_mp4&net=0&pl=0&qs=5&rc=ajtwaW9vZGt5NTMzNzczM0ApMzo0ZTNlNWQ4N2Y4Zjg5Z2djaTZlczNkM2dgLS1kMTZzc2A2MC4wYy9iYTQtMmBjNl46Yw%3D%3D&vl=&vr=
video/mp4, bytesbytes 1024000-1069290/1069291, 1642376032.7845707, 1642376032.786922, 1642376032.8442938, 1642376033.3052163, v16m.tiktokcdn-us.com, c0b756ec251a52dd541fe7240f861273, /c0b756ec251a52dd541fe7240f861273/61e4ff44/video/tos/alisg/tos-alisg-pve-0037c001/4a0a9e195fa24116ac3ca1661083a252/?a=1233&br=658&bt=329&cd=0%7C0%7C0&ch=0&cr=3&cs=2&cv=1&dr=0&ds=6&er=&ft=c~.Zm4L-gXoInz7T&l=202201162331230101131352141021C075&lr=all&mime_type=video_mp4&net=0&pl=0&qs=4&rc=ajY3Njk6ZmU2OTMzODczNEApaDZmNjs7NWQ0NzlmM2g2ZGdsb25ucjRvM2BgLS1kMS1zczQ0MC9jNC5jMWMzNmMtLy46Yw%3D%3D&vl=&vr=
video/mp4, bytes 0-630905/630906, 1642376034.0464919, 1642376034.0480998, 1642376034.1922545, 1642376036.0155482, v25.tiktokcdn-us.com, 0017ac1019746b2a33d79039bd24b6d6, /0017ac1019746b2a33d79039bd24b6d6/61e4ffc5/video/tos/useast2a/tos-useast2a-ve-0068c004/d81012df6a39444f87aa77a0bbf58acc/?a=1233&br=638&bt=319&cd=0%7C0%7C0&ch=0&cr=3&cs=2&cv=1&dr=0&ds=6&er=&ft=c~.Zm4L-gXoInz7T&l=20220116233340010113135110191A7DFD&lr=all&mime_type=video_mp4&net=0&pl=0&qs=4&rc=ajo6ZzZyOmt2dDMzNzczM0ApZTY2NTY6OmU1NzM4OTpoNmdfbmYzbDAvYzBfLS1jMTZzczYvYzYxYmJhYzAxNi1gXi06Yw%3D%3D&vl=&vr=
video/mp4, bytes 0-444670/444671, 1642376036.3032153, 1642376036.3048813, 1642376036.398494, 1642376036.947428, v25.tiktokcdn-us.com, 83affe3b7cc22deba18297b96495e24e, /83affe3b7cc22deba18297b96495e24e/61e4ffbd/video/tos/alisg/tos-alisg-pve-0037c001/483cae1dd53b40d999040db9dcbd2da8/?a=1233&br=864&bt=432&cd=0%7C0%7C0&ch=0&cr=3&cs=2&cv=1&dr=0&ds=6&er=&ft=c~.Zm4L-gXoInz7T&l=20220116233340010113135110191A7DFD&lr=all&mime_type=video_mp4&net=0&pl=0&qs=4&rc=MzQzPHNnNjg8NDMzNTczM0ApZzo7OTg8OWVnN2dkM2Y6OmdnYW5ibTJwcjZgLS0xMTRzc2I0NWBfLmIwXi0vLTMxYTE6Yw%3D%3D&vl=&vr=
video/mp4, bytes 0-785126/785127, 1642376037.1633835, 1642376037.164384, 1642376037.4099236, 1642376038.3548965, v25.tiktokcdn-us.com, f7fe3095abae5c69a2199b69d846e203, /f7fe3095abae5c69a2199b69d846e203/61e4ffc4/video/tos/useast2a/tos-useast2a-ve-0068c002/6a64302591914e788873b4fa55cd0878/?a=1233&br=820&bt=410&cd=0%7C0%7C0&ch=0&cr=3&cs=2&cv=1&dr=0&ds=6&er=&ft=c~.Zm4L-gXoInz7T&l=20220116233340010113135110191A7DFD&lr=all&mime_type=video_mp4&net=0&pl=0&qs=5&rc=ajhkeTtyNjM1NDMzNzczM0ApN2c3ODU4NmRnN2Y7ZWQ1OmcvamRjNGE2LmtgLS1kMTZzc2NiX2BiNi8uNTVeYzAtXjI6Yw%3D%3D&vl=&vr=
video/mp4, bytes 0-621511/621512, 1642376038.7207007, 1642376038.7216456, 1642376038.8611836, 1642376040.143788, v25.tiktokcdn-us.com, 060ad2535f620e830f29edba655b0210, /060ad2535f620e830f29edba655b0210/61e4ffc4/video/tos/useast2a/tos-useast2a-ve-0068c003/8a331142577249c1871010195fd4a5f3/?a=1233&br=682&bt=341&cd=0%7C0%7C0&ch=0&cr=3&cs=2&cv=1&dr=0&ds=6&er=&ft=c~.Zm4L-gXoInz7T&l=20220116233340010113135110191A7DFD&lr=all&mime_type=video_mp4&net=0&pl=0&qs=4&rc=MzRoaGV1czhxMzMzZzczM0ApMzZnPDZpNmRmN2RlZ2RkOGcvZDQxcDU1ZW5gLS1eMTZzczNgNGBhYl5jYzMyMzJgNDM6Yw%3D%3D&vl=&vr=
video/mp4, bytes 0-435841/435842, 1642376041.1779203, 1642376041.1812727, 1642376041.2267883, 1642376041.8325734, v25.tiktokcdn-us.com, 1412f22c7df87ad71e518dfed7ad1aff, /1412f22c7df87ad71e518dfed7ad1aff/61e4ffbd/video/tos/useast2a/tos-useast2a-ve-0068c003/68d322896df040509a8850930ec1b841/?a=1233&br=856&bt=428&cd=0%7C0%7C0&ch=0&cr=3&cs=2&cv=1&dr=0&ds=6&er=&ft=c~.Zm4L-gXoInz7T&l=20220116233340010113135110191A7DFD&lr=all&mime_type=video_mp4&net=0&pl=0&qs=11&rc=M2dvcmg6ZmZtOTMzNzczM0ApOjZmOzVpOjw6NzdkaWQzPGdsaGEucjRvZV9gLS1kMTZzc2JeMWIyYDBjNC81NjY1LV46Yw%3D%3D&vl=&vr=
video/mp4, bytes 0-473870/473871, 1642376043.4717457, 1642376043.4733915, 1642376043.513433, 1642376044.369346, v25.tiktokcdn-us.com, d7e36d79da52d45e705d25688860291b, /d7e36d79da52d45e705d25688860291b/61e4ffba/video/tos/useast2a/tos-useast2a-ve-0068c004/e99cb9d5a11d4ac7a496622b02f8a9ad/?a=1233&br=1476&bt=738&cd=0%7C0%7C0&ch=0&cr=3&cs=0&dr=0&ds=2&er=&ft=c~.Zm4L-gXoInz7T&l=20220116233340010113135110191A7DFD&lr=all&mime_type=video_mp4&net=0&pl=0&qs=0&rc=MzN1NmdkcnU2NTMzNzczM0ApNjk0Z2c7Zzs4NzRmMzYzM2dwYmtrai5laXFgLS1kMTZzc2BiNV4zNTEyNjQ0XmEzMS86Yw%3D%3D&vl=&vr=
video/mp4, bytes 0-1024000/1696741, 1642376044.6620204, 1642376044.6675968, 1642376044.7614052, 1642376046.0391338, v25.tiktokcdn-us.com, c6c0586dd3893dd5bfc6e2a82fde1022, /c6c0586dd3893dd5bfc6e2a82fde1022/61e4ffc9/video/tos/useast2a/tos-useast2a-ve-0068c003/f348836467bc49eaa857075d7c4a121e/?a=1233&br=1382&bt=691&cd=0%7C0%7C0&ch=0&cr=3&cs=2&cv=1&dr=0&ds=6&er=&ft=c~.Zm4L-gXoInz7T&l=20220116233340010113135110191A7DFD&lr=all&mime_type=video_mp4&net=0&pl=0&qs=5&rc=anhwMzw6ZnRqNzMzNzczM0ApZmRlNzpnaGQ0NzloO2k6OWctZ2sycjQwLWpgLS1kMTZzczZeMzE0YWAzLTMuXi8xYWM6Yw%3D%3D&vl=&vr=
video/mp4, bytes 0-1024000/1417688, 1642376046.5026455, 1642376046.503564, 1642376046.5374906, 1642376047.575198, v25.tiktokcdn-us.com, 3ecd0650fc95235962971cc3b15b6bb0, /3ecd0650fc95235962971cc3b15b6bb0/61e4ffca/video/tos/useast2a/tos-useast2a-ve-0068c003/ea7de911776840ddb16332a908d46e62/?a=1233&br=1060&bt=530&cd=0%7C0%7C0&ch=0&cr=3&cs=2&cv=1&dr=0&ds=6&er=&ft=c~.Zm4L-gXoInz7T&l=20220116233340010113135110191A7DFD&lr=all&mime_type=video_mp4&net=0&pl=0&qs=5&rc=anZ0aGhoNG0zNTMzNzczM0ApNDRoOmc0ZGVpNzdnM2QzOWcvbGZhM3BoLm5gLS1kMTZzcy1fYDBeNS00NF8yYjZgYWE6Yw%3D%3D&vl=&vr=
video/mp4, bytes 0-533647/533648, 1642376053.4748352, 1642376053.4757335, 1642376053.6262445, 1642376054.1886039, v25.tiktokcdn-us.com, b44d42510faf74a80f714326ee9e272c, /b44d42510faf74a80f714326ee9e272c/61e4ffbf/video/tos/useast2a/tos-useast2a-ve-0068c002/3de104e8920c42b783312742acf07bdb/?a=1233&br=872&bt=436&cd=0%7C0%7C0&ch=0&cr=3&cs=2&cv=1&dr=0&ds=6&er=&ft=c~.Zm4L-gXoInz7T&l=20220116233340010113135110191A7DFD&lr=all&mime_type=video_mp4&net=0&pl=0&qs=4&rc=am52Zzs6ZndrNzMzNzczM0ApOGk2ZWU4Zzs1N2RoOmVpZ2dnZGk1cjQwXmxgLS1kMTZzczRgMWAyYmBeY2BhMWIxLl46Yw%3D%3D&vl=&vr=
video/mp4, bytes 0-1024000/1115179, 1642376059.8148618, 1642376059.81727, 1642376059.8594346, 1642376061.4068289, v25.tiktokcdn-us.com, 30b5086a18e4436ddf6a294fc62772c3, /30b5086a18e4436ddf6a294fc62772c3/61e4ffc6/video/tos/useast2a/tos-useast2a-pve-0068/b7bce4a37804449f9d2183c5933ac52d/?a=1233&br=1022&bt=511&cd=0%7C0%7C0&ch=0&cr=3&cs=2&cv=1&dr=0&ds=6&er=&ft=c~.Zm4L-gXoInz7T&l=20220116233340010113135110191A7DFD&lr=all&mime_type=video_mp4&net=0&pl=0&qs=5&rc=M2k6OHV0cm5yNjMzNzczM0ApOTU1N2lpNjtmNzo2NTc4aWdtcC01azE1bzZgLS1kMTZzc2I0LTI0YjI1LmA0Ni4xYS86Yw%3D%3D&vl=&vr=
video/mp4, bytes 1024000-1696740/1696741, 1642376061.965754, 1642376061.9698884, 1642376062.0142791, 1642376062.9441864, v25.tiktokcdn-us.com, c6c0586dd3893dd5bfc6e2a82fde1022, /c6c0586dd3893dd5bfc6e2a82fde1022/61e4ffc9/video/tos/useast2a/tos-useast2a-ve-0068c003/f348836467bc49eaa857075d7c4a121e/?a=1233&br=1382&bt=691&cd=0%7C0%7C0&ch=0&cr=3&cs=2&cv=1&dr=0&ds=6&er=&ft=c~.Zm4L-gXoInz7T&l=20220116233340010113135110191A7DFD&lr=all&mime_type=video_mp4&net=0&pl=0&qs=5&rc=anhwMzw6ZnRqNzMzNzczM0ApZmRlNzpnaGQ0NzloO2k6OWctZ2sycjQwLWpgLS1kMTZzczZeMzE0YWAzLTMuXi8xYWM6Yw%3D%3D&vl=&vr=
video/mp4, bytes 1024000-1417687/1417688, 1642376081.3389616, 1642376081.340571, 1642376081.3732193, 1642376081.831469, v25.tiktokcdn-us.com, 3ecd0650fc95235962971cc3b15b6bb0, /3ecd0650fc95235962971cc3b15b6bb0/61e4ffca/video/tos/useast2a/tos-useast2a-ve-0068c003/ea7de911776840ddb16332a908d46e62/?a=1233&br=1060&bt=530&cd=0%7C0%7C0&ch=0&cr=3&cs=2&cv=1&dr=0&ds=6&er=&ft=c~.Zm4L-gXoInz7T&l=20220116233340010113135110191A7DFD&lr=all&mime_type=video_mp4&net=0&pl=0&qs=5&rc=anZ0aGhoNG0zNTMzNzczM0ApNDRoOmc0ZGVpNzdnM2QzOWcvbGZhM3BoLm5gLS1kMTZzcy1fYDBeNS00NF8yYjZgYWE6Yw%3D%3D&vl=&vr=
video/mp4, bytes 0-850417/850418, 1642376090.1273603, 1642376090.1341097, 1642376090.3402638, 1642376091.380693, v25.tiktokcdn-us.com, 4f5d1b555bf49a219f331052f3b31ccc, /4f5d1b555bf49a219f331052f3b31ccc/61e50000/video/tos/useast2a/tos-useast2a-pve-0068/33def16ebd18444989dc7993a37978dd/?a=1233&br=854&bt=427&cd=0%7C0%7C0&ch=0&cr=3&cs=2&cv=1&dr=0&ds=6&er=&ft=c~.Zm4L-gXoInz7T&l=20220116233441010113135135241A4B57&lr=all&mime_type=video_mp4&net=0&pl=0&qs=5&rc=ajVyZzt5dGlreDMzZTczM0ApZzM0NDNmO2RnNzM5MzVlM2cuZWYxL3BuaDRfLS0wMTZzczQtNjBeMzIwMi4tYDI1L186Yw%3D%3D&vl=&vr=
video/mp4, bytes 0-920621/920622, 1642376091.8611393, 1642376091.8623576, 1642376091.9791973, 1642376093.376919, v25.tiktokcdn-us.com, dcaff0a3ad7fd249a0c739873f869b75, /dcaff0a3ad7fd249a0c739873f869b75/61e50004/video/tos/useast2a/tos-useast2a-ve-0068c004/79b1b3f341fd40b0b1ece1a7d0931fa7/?a=1233&br=744&bt=372&cd=0%7C0%7C0&ch=0&cr=3&cs=2&cv=1&dr=0&ds=6&er=&ft=c~.Zm4L-gXoInz7T&l=20220116233441010113135135241A4B57&lr=all&mime_type=video_mp4&net=0&pl=0&qs=5&rc=ampneXc6ZTR3NTMzNzczM0ApNzU8OjhlaWRoN2g3ZWkzM2dzLWgwNmMtNGNgLS1kMTZzc19fNmEtYzYzYS4vLTE0LzI6Yw%3D%3D&vl=&vr=
video/mp4, bytes 0-1024000/1086827, 1642376094.5001035, 1642376094.5020168, 1642376094.7281928, 1642376096.5600793, v25.tiktokcdn-us.com, 89d175e9dabea8f4984459b49d7ffeee, /89d175e9dabea8f4984459b49d7ffeee/61e50001/video/tos/useast2a/tos-useast2a-ve-0068c001/295b332c110d4d928a200669b9671d6c/?a=1233&br=1022&bt=511&cd=0%7C0%7C0&ch=0&cr=3&cs=2&cv=1&dr=0&ds=6&er=&ft=c~.Zm4L-gXoInz7T&l=20220116233441010113135135241A4B57&lr=all&mime_type=video_mp4&net=0&pl=0&qs=4&rc=anA2NDg6Zmt2NzMzNzczM0ApPGc1Omg2ZWU3N2hmMzc4OWdhMXI2cjRfZy9gLS1kMTZzcy1eX14zLTUzYGNeYi9fNjE6Yw%3D%3D&vl=&vr=
video/mp4, bytes 0-769252/769253, 1642376097.5111, 1642376097.512398, 1642376097.6164842, 1642376098.7720213, v25.tiktokcdn-us.com, 0f2fcfb97d10f791e30f2ea6259ffdc2, /0f2fcfb97d10f791e30f2ea6259ffdc2/61e50000/video/tos/useast2a/tos-useast2a-ve-0068c004/efbfd78c2abf4559a766c6d6de5511bc/?a=1233&br=786&bt=393&cd=0%7C0%7C0&ch=0&cr=3&cs=2&cv=1&dr=0&ds=6&er=&ft=c~.Zm4L-gXoInz7T&l=20220116233441010113135135241A4B57&lr=all&mime_type=video_mp4&net=0&pl=0&qs=5&rc=ajZ5OTtzbGo5NDMzNzczM0ApMzc7PDo3OzxpNzQ8ZTc4NmdqXjFga3NvY2tgLS1kMTZzc2MuY180MzUuYjExLzI2LTE6Yw%3D%3D&vl=&vr=
video/mp4, bytes 1024000-1115178/1115179, 1642376099.855392, 1642376099.857058, 1642376099.9310153, 1642376100.2870405, v25.tiktokcdn-us.com, 30b5086a18e4436ddf6a294fc62772c3, /30b5086a18e4436ddf6a294fc62772c3/61e4ffc6/video/tos/useast2a/tos-useast2a-pve-0068/b7bce4a37804449f9d2183c5933ac52d/?a=1233&br=1022&bt=511&cd=0%7C0%7C0&ch=0&cr=3&cs=2&cv=1&dr=0&ds=6&er=&ft=c~.Zm4L-gXoInz7T&l=20220116233340010113135110191A7DFD&lr=all&mime_type=video_mp4&net=0&pl=0&qs=5&rc=M2k6OHV0cm5yNjMzNzczM0ApOTU1N2lpNjtmNzo2NTc4aWdtcC01azE1bzZgLS1kMTZzc2I0LTI0YjI1LmA0Ni4xYS86Yw%3D%3D&vl=&vr=
video/mp4, bytes 0-1024000/2333612, 1642376100.4127874, 1642376100.4139972, 1642376100.5330772, 1642376102.639032, v25.tiktokcdn-us.com, 9e14492b1096b819ac8a2a6641ee36f7, /9e14492b1096b819ac8a2a6641ee36f7/61e50019/video/tos/useast5/tos-useast5-ve-0068c004-tx/178c4bb4832b4526b15de9a07d6089a6/?a=1233&br=892&bt=446&cd=0%7C0%7C0&ch=0&cr=3&cs=2&cv=1&dr=0&ds=6&er=&ft=c~.Zm4L-gXoInz7T&l=20220116233441010113135135241A4B57&lr=all&mime_type=video_mp4&net=0&pl=0&qs=4&rc=M3JsZGQ6Zjg5OjMzZzczNEApZGhnODs1N2U8NzNlZjRkNGdxY3BocjRfZTBgLS1kMS9zczAvMi1jNl8wLzMwY2MuLTI6Yw%3D%3D&vl=&vr=
video/mp4, bytes 0-265347/265348, 1642376117.160203, 1642376117.1620178, 1642376117.2050111, 1642376117.5920172, v25.tiktokcdn-us.com, 5e1601af462c7340b33e91746aafd15a, /5e1601af462c7340b33e91746aafd15a/61e4fff9/video/tos/alisg/tos-alisg-pve-0037c001/88d0a2f0d8fd40f699e281a9c3b021f0/?a=1233&br=482&bt=241&cd=0%7C0%7C0&ch=0&cr=3&cs=2&cv=1&dr=0&ds=6&er=&ft=c~.Zm4L-gXoInz7T&l=20220116233441010113135135241A4B57&lr=all&mime_type=video_mp4&net=0&pl=0&qs=11&rc=ajdzOXE6bDNyMzMzODczM0ApNTk1aTU8OGRoNzdoM2Y5aWdgMzExMm9rcDRgLS0yMTRzcy0zMTEyXmAvYi81MzAxLWI6Yw%3D%3D&vl=&vr=
video/mp4, bytes 0-517792/517793, 1642376118.0356545, 1642376118.0382023, 1642376118.1597333, 1642376118.9556658, v25.tiktokcdn-us.com, 4ca57943a937d055854e82d1d633f759, /4ca57943a937d055854e82d1d633f759/61e4fff9/video/tos/useast2a/tos-useast2a-ve-0068c004/61ddc728cfd74da9806df42f9f1aa3a3/?a=1233&br=926&bt=463&cd=0%7C0%7C0&ch=0&cr=3&cs=2&cv=1&dr=0&ds=6&er=&ft=c~.Zm4L-gXoInz7T&l=20220116233441010113135135241A4B57&lr=all&mime_type=video_mp4&net=0&pl=0&qs=5&rc=amRzOzp5aHRneDMzPDczM0ApNzVmaTk2N2RoNzc7ZDQ3aWdyaGs0YWpnLWRfLS0zMTZzczJjNDMwXy1hYzVjYmA1Nl46Yw%3D%3D&vl=&vr=
video/mp4, bytes 1024000-1086826/1086827, 1642376137.276579, 1642376137.2791514, 1642376137.3495445, 1642376137.48175, v25.tiktokcdn-us.com, 89d175e9dabea8f4984459b49d7ffeee, /89d175e9dabea8f4984459b49d7ffeee/61e50001/video/tos/useast2a/tos-useast2a-ve-0068c001/295b332c110d4d928a200669b9671d6c/?a=1233&br=1022&bt=511&cd=0%7C0%7C0&ch=0&cr=3&cs=2&cv=1&dr=0&ds=6&er=&ft=c~.Zm4L-gXoInz7T&l=20220116233441010113135135241A4B57&lr=all&mime_type=video_mp4&net=0&pl=0&qs=4&rc=anA2NDg6Zmt2NzMzNzczM0ApPGc1Omg2ZWU3N2hmMzc4OWdhMXI2cjRfZy9gLS1kMTZzcy1eX14zLTUzYGNeYi9fNjE6Yw%3D%3D&vl=&vr=
video/mp4, bytes 0-980941/980942, 1642376137.6270633, 1642376137.6292565, 1642376137.734126, 1642376141.459023, v25.tiktokcdn-us.com, 81a16426f481821d34591c1590e10941, /81a16426f481821d34591c1590e10941/61e50003/video/tos/useast2a/tos-useast2a-ve-0068c003/e03dc43dab0a4436b4e65c3f1e1c5f17/?a=1233&br=814&bt=407&cd=0%7C0%7C0&ch=0&cr=3&cs=2&cv=1&dr=0&ds=6&er=&ft=c~.Zm4L-gXoInz7T&l=20220116233441010113135135241A4B57&lr=all&mime_type=video_mp4&net=0&pl=0&qs=5&rc=amxzNWg6Zm1pNzMzNzczM0ApMzs1aWZlOTw4NzM4OzdkNWc0M2YzcjQwaWxgLS1kMTZzcy1eNDFfNV41NDJeMi1eYjI6Yw%3D%3D&vl=&vr=
video/mp4, bytes 0-693192/693193, 1642376142.3276713, 1642376142.329823, 1642376142.4557798, 1642376143.3775632, v25.tiktokcdn-us.com, aff9b48e3199d976a4648ac0ab7c3f73, /aff9b48e3199d976a4648ac0ab7c3f73/61e4fff9/video/tos/useast2a/tos-useast2a-ve-0068c004/a9eb81410a7f48f794f98e82aae77edb/?a=1233&br=1254&bt=627&cd=0%7C0%7C0&ch=0&cr=3&cs=2&cv=1&dr=0&ds=6&er=&ft=c~.Zm4L-gXoInz7T&l=20220116233441010113135135241A4B57&lr=all&mime_type=video_mp4&net=0&pl=0&qs=5&rc=M3V0ZDxmOjtuNDMzMzczM0ApOmdmZGg3OGQ3N2VnZzQ5NWduZGVtNmVzMWRgLS02MTZzc2EyLi4xYmEuMzU1YzFeNWI6Yw%3D%3D&vl=&vr=
video/mp4, bytes 1024000-2333611/2333612, 1642376154.3361902, 1642376154.3377235, 1642376154.4570067, 1642376155.7644818, v25.tiktokcdn-us.com, 9e14492b1096b819ac8a2a6641ee36f7, /9e14492b1096b819ac8a2a6641ee36f7/61e50019/video/tos/useast5/tos-useast5-ve-0068c004-tx/178c4bb4832b4526b15de9a07d6089a6/?a=1233&br=892&bt=446&cd=0%7C0%7C0&ch=0&cr=3&cs=2&cv=1&dr=0&ds=6&er=&ft=c~.Zm4L-gXoInz7T&l=20220116233441010113135135241A4B57&lr=all&mime_type=video_mp4&net=0&pl=0&qs=4&rc=M3JsZGQ6Zjg5OjMzZzczNEApZGhnODs1N2U8NzNlZjRkNGdxY3BocjRfZTBgLS1kMS9zczAvMi1jNl8wLzMwY2MuLTI6Yw%3D%3D&vl=&vr=
video/mp4, bytes 0-1024000/1123117, 1642376156.3798234, 1642376156.3806973, 1642376156.692638, 1642376157.744718, v25.tiktokcdn-us.com, c1969e45957942848091e56285b26ac5, /c1969e45957942848091e56285b26ac5/61e50004/video/tos/useast2a/tos-useast2a-ve-0068c002/ad9e6f821ef94c0589f67264dbccb396/?a=1233&br=898&bt=449&cd=0%7C0%7C0&ch=0&cr=3&cs=2&cv=1&dr=0&ds=6&er=&ft=c~.Zm4L-gXoInz7T&l=20220116233441010113135135241A4B57&lr=all&mime_type=video_mp4&net=0&pl=0&qs=4&rc=anU4aW94PDRpeDMzZzczM0ApNzo5OGk7Nzs0NzszOjw3PGcyZmYtY2Znc2VfLS1jMTZzcy0wMWBfMTQuMDU1YTA0LWM6Yw%3D%3D&vl=&vr=
video/mp4, bytes 0-633979/633980, 1642376184.8431754, 1642376184.845145, 1642376184.9049025, 1642376186.1064196, v25.tiktokcdn-us.com, 3136dbc262f73d43b6c86f3cee916936, /3136dbc262f73d43b6c86f3cee916936/61e50064/video/tos/useast5/tos-useast5-pve-0068-tx/f62e02f024c540c89a00998f535a6845/?a=1233&br=582&bt=291&cd=0%7C0%7C0&ch=0&cr=3&cs=2&cv=1&dr=0&ds=3&er=&ft=c~.Zm4L-gXoInz7T&l=2022011623362001011313525018143950&lr=all&mime_type=video_mp4&net=0&pl=0&qs=14&rc=anhtOmY6Zmo6OjMzZzczNEApOjM6NDc4aWRkNzVlODRpOWdybmZucjRfbTZgLS1kMS9zcy4vYmFhMV5jMzZeNjY1XjY6Yw%3D%3D&vl=&vr=
video/mp4, bytes 0-1024000/1468106, 1642376186.4861891, 1642376186.4874845, 1642376186.6005154, 1642376187.6566997, v25.tiktokcdn-us.com, 02984b1dd4a61c62307d2c54c2e83d8f, /02984b1dd4a61c62307d2c54c2e83d8f/61e50062/video/tos/useast2a/tos-useast2a-ve-0068c001/b21486bb7d81477baabd50d3c947dcf1/?a=1233&br=1530&bt=765&cd=0%7C0%7C0&ch=0&cr=3&cs=2&cv=1&dr=0&ds=6&er=&ft=c~.Zm4L-gXoInz7T&l=2022011623362001011313525018143950&lr=all&mime_type=video_mp4&net=0&pl=0&qs=5&rc=ajRwZTw7bGR2NjMzNzczM0ApaWhnOWZlO2U7N2ZoZDg5M2dvNmFvMXBvYGRgLS1kMTZzcy8xNmJfXzItNC42Yy5gXzQ6Yw%3D%3D&vl=&vr=
video/mp4, bytes 0-419481/419482, 1642376188.0757902, 1642376188.0779865, 1642376188.1567338, 1642376188.612049, v25.tiktokcdn-us.com, 90b4d3e3b9774a657e355116f4de7fc5, /90b4d3e3b9774a657e355116f4de7fc5/61e5005a/video/tos/useast2a/tos-useast2a-pve-0068/46543e7d809d430f8c7b431197bb09bf/?a=1233&br=916&bt=458&cd=0%7C0%7C0&ch=0&cr=3&cs=2&cv=1&dr=0&ds=6&er=&ft=c~.Zm4L-gXoInz7T&l=2022011623362001011313525018143950&lr=all&mime_type=video_mp4&net=0&pl=0&qs=4&rc=ajc1ZWQ6Zml1NjMzNzczM0ApNDs7OWhnaDtoNzlkOTk4aWdnai1lcjRfcWpgLS1kMTZzc2M0YGBiYF8tYmA2Y2EuL2M6Yw%3D%3D&vl=&vr=
video/mp4, bytes 0-630980/630981, 1642376188.8242676, 1642376188.8258858, 1642376189.069534, 1642376189.7966087, v25.tiktokcdn-us.com, 7f3598338eebb0e25a13d1b6f71ec605, /7f3598338eebb0e25a13d1b6f71ec605/61e5005e/video/tos/useast2a/tos-useast2a-ve-0068c004/b274bc18b5ef4d42bff648b62ad9e7cf/?a=1233&br=914&bt=457&cd=0%7C0%7C0&ch=0&cr=3&cs=2&cv=1&dr=0&ds=6&er=&ft=c~.Zm4L-gXoInz7T&l=2022011623362001011313525018143950&lr=all&mime_type=video_mp4&net=0&pl=0&qs=4&rc=M3Fxczs6Zmc1NzMzNzczM0ApNDY5aGY5ODtnNztlOTZmOmdvNV4vcjRncjFgLS1kMTZzcy9fXmBjXmAwLl9jNDAzYy46Yw%3D%3D&vl=&vr=
video/mp4, bytes 1024000-1123116/1123117, 1642376190.8887193, 1642376190.8900073, 1642376191.0982015, 1642376191.2358093, v25.tiktokcdn-us.com, c1969e45957942848091e56285b26ac5, /c1969e45957942848091e56285b26ac5/61e50004/video/tos/useast2a/tos-useast2a-ve-0068c002/ad9e6f821ef94c0589f67264dbccb396/?a=1233&br=898&bt=449&cd=0%7C0%7C0&ch=0&cr=3&cs=2&cv=1&dr=0&ds=6&er=&ft=c~.Zm4L-gXoInz7T&l=20220116233441010113135135241A4B57&lr=all&mime_type=video_mp4&net=0&pl=0&qs=4&rc=anU4aW94PDRpeDMzZzczM0ApNzo5OGk7Nzs0NzszOjw3PGcyZmYtY2Znc2VfLS1jMTZzcy0wMWBfMTQuMDU1YTA0LWM6Yw%3D%3D&vl=&vr=
video/mp4, bytes 0-568988/568989, 1642376191.3390636, 1642376191.3410242, 1642376191.3897536, 1642376192.274816, v25.tiktokcdn-us.com, e657945bd129c5980055c0ff0f04c5cd, /e657945bd129c5980055c0ff0f04c5cd/61e5005f/video/tos/useast2a/tos-useast2a-pve-0068/0db5a52be4814ca482755ba7b47a0966/?a=1233&br=764&bt=382&cd=0%7C0%7C0&ch=0&cr=3&cs=2&cv=1&dr=0&ds=6&er=&ft=c~.Zm4L-gXoInz7T&l=2022011623362001011313525018143950&lr=all&mime_type=video_mp4&net=0&pl=0&qs=11&rc=M204cjw6Zm1zODMzNzgzM0ApZmZkOGdkaTs0NztmODk3aGdecmtrcjQwZXFgLS1kLzZzc2BjMWAwLTRfMC8wYmAuNGI6Yw%3D%3D&vl=&vr=
video/mp4, bytes 0-638227/638228, 1642376196.7278812, 1642376196.7323632, 1642376196.9328322, 1642376199.0269601, v25.tiktokcdn-us.com, 06fffb81d9e0bed42f2a01712de02037, /06fffb81d9e0bed42f2a01712de02037/61e5005f/video/tos/useast2a/tos-useast2a-pve-0068/757a2f8b19044ed39ac6674811366bc1/?a=1233&br=852&bt=426&cd=0%7C0%7C0&ch=0&cr=3&cs=2&cv=1&dr=0&ds=6&er=&ft=c~.Zm4L-gXoInz7T&l=2022011623362001011313525018143950&lr=all&mime_type=video_mp4&net=0&pl=0&qs=4&rc=ampkM21rdWVrNjMzNzczM0ApOztlZjVkZWQ1N2UzaTRnNWdqM2luaWliMS5gLS1kMTZzczEzYzQ0NS4uLjUvYDQxLjU6Yw%3D%3D&vl=&vr=
video/mp4, bytes 1024000-1468105/1468106, 1642376213.9358943, 1642376213.9370391, 1642376214.0553284, 1642376216.5365648, v25.tiktokcdn-us.com, 02984b1dd4a61c62307d2c54c2e83d8f, /02984b1dd4a61c62307d2c54c2e83d8f/61e50062/video/tos/useast2a/tos-useast2a-ve-0068c001/b21486bb7d81477baabd50d3c947dcf1/?a=1233&br=1530&bt=765&cd=0%7C0%7C0&ch=0&cr=3&cs=2&cv=1&dr=0&ds=6&er=&ft=c~.Zm4L-gXoInz7T&l=2022011623362001011313525018143950&lr=all&mime_type=video_mp4&net=0&pl=0&qs=5&rc=ajRwZTw7bGR2NjMzNzczM0ApaWhnOWZlO2U7N2ZoZDg5M2dvNmFvMXBvYGRgLS1kMTZzcy8xNmJfXzItNC42Yy5gXzQ6Yw%3D%3D&vl=&vr=
video/mp4, bytes 0-1024000/1589872, 1642376216.8050163, 1642376216.8062873, 1642376216.8940716, 1642376219.2446034, v25.tiktokcdn-us.com, 3df514c3275ab982fce978aea9c5e44a, /3df514c3275ab982fce978aea9c5e44a/61e50060/video/tos/useast2a/tos-useast2a-ve-0068c003/91c724bf933b40f5903e337d94f8f6a7/?a=1233&br=1944&bt=972&cd=0%7C0%7C0&ch=0&cr=3&cs=2&cv=1&dr=0&ds=6&er=&ft=c~.Zm4L-gXoInz7T&l=2022011623362001011313525018143950&lr=all&mime_type=video_mp4&net=0&pl=0&qs=5&rc=M2VqbzM6ZmQ7NjMzNzczM0ApZGU1aGc7ZGU2NzhoZTNoZ2dkZGFncjRfaG9gLS1kMTZzcy4zYmA1MmE0NmEzLV8tYjQ6Yw%3D%3D&vl=&vr=
video/mp4, bytes 0-1008980/1008981, 1642376219.7781641, 1642376219.779028, 1642376219.8790483, 1642376221.0769122, v25.tiktokcdn-us.com, 1ee3bfab01bd916ddee9c7d735afa01f, /1ee3bfab01bd916ddee9c7d735afa01f/61e50068/video/tos/useast2a/tos-useast2a-ve-0068c004/7cafb5cfde74427492e56ce8ea5f87dd/?a=1233&br=760&bt=380&cd=0%7C0%7C0&ch=0&cr=3&cs=2&cv=1&dr=0&ds=6&er=&ft=c~.Zm4L-gXoInz7T&l=2022011623362001011313525018143950&lr=all&mime_type=video_mp4&net=0&pl=0&qs=4&rc=MzY0NTY6ZjhrNzMzNzczM0ApOzw5aGU5aTxpNzdnO2Y3M2djYnFmcjQwLmhgLS1kMTZzcy8xNjJjL2MzMmI2NDRgNF46Yw%3D%3D&vl=&vr=
video/mp4, bytes 0-888812/888813, 1642376221.5071502, 1642376221.5091906, 1642376221.5540748, 1642376222.5001884, v25.tiktokcdn-us.com, 5b5a384a94dad784b04791e1b2f74f18, /5b5a384a94dad784b04791e1b2f74f18/61e50063/video/tos/alisg/tos-alisg-pve-0037c001/528ecdee582c401d94082a44d9ece479/?a=1233&br=898&bt=449&cd=0%7C0%7C0&ch=0&cr=3&cs=2&cv=1&dr=0&ds=6&er=&ft=c~.Zm4L-gXoInz7T&l=2022011623362001011313525018143950&lr=all&mime_type=video_mp4&net=0&pl=0&qs=5&rc=M3E3eTY6ZjNsNzMzODczNEApOjRnNjNpO2U2NzxkMzU6OWdncGlwcjRfZDNgLS1kMS1zczUuNGEwLzEzXzAyYC00LjQ6Yw%3D%3D&vl=&vr=
video/mp4, bytes 0-301887/301888, 1642376231.236141, 1642376231.2384672, 1642376231.328105, 1642376232.0360107, v25.tiktokcdn-us.com, 526b24890a79408e75902b7e6e57ddb9, /526b24890a79408e75902b7e6e57ddb9/61e5005b/video/tos/useast2a/tos-useast2a-pve-0068/6f7f256df4ac448b841cb880cb1c8805/?a=1233&br=638&bt=319&cd=0%7C0%7C0&ch=0&cr=3&cs=2&cv=1&dr=0&ds=6&er=&ft=c~.Zm4L-gXoInz7T&l=2022011623362001011313525018143950&lr=all&mime_type=video_mp4&net=0&pl=0&qs=5&rc=M3hxczRra3FwNjMzNzczM0ApMzxlODM3OmU6NzU4OmZpaWctaGdqMTVxcTFgLS1kMTZzc2I0MGExMDQxMy9jMjUtNl86Yw%3D%3D&vl=&vr=
video/mp4, bytes 1024000-1589871/1589872, 1642376239.2228618, 1642376239.2253923, 1642376239.2836316, 1642376241.348266, v25.tiktokcdn-us.com, 3df514c3275ab982fce978aea9c5e44a, /3df514c3275ab982fce978aea9c5e44a/61e50060/video/tos/useast2a/tos-useast2a-ve-0068c003/91c724bf933b40f5903e337d94f8f6a7/?a=1233&br=1944&bt=972&cd=0%7C0%7C0&ch=0&cr=3&cs=2&cv=1&dr=0&ds=6&er=&ft=c~.Zm4L-gXoInz7T&l=2022011623362001011313525018143950&lr=all&mime_type=video_mp4&net=0&pl=0&qs=5&rc=M2VqbzM6ZmQ7NjMzNzczM0ApZGU1aGc7ZGU2NzhoZTNoZ2dkZGFncjRfaG9gLS1kMTZzcy4zYmA1MmE0NmEzLV8tYjQ6Yw%3D%3D&vl=&vr=
video/mp4, bytes 0-418386/418387, 1642376244.751251, 1642376244.7527325, 1642376244.8152304, 1642376245.759784, v25.tiktokcdn-us.com, d08edc4a7027cc09ba6e01234a63c6f3, /d08edc4a7027cc09ba6e01234a63c6f3/61e5009a/video/tos/maliva/tos-maliva-ve-0068c799-us/76d2b8ec07e045ac97babd32e7849b66/?a=1233&br=856&bt=428&cd=0%7C0%7C0&ch=0&cr=3&cs=2&cv=1&dr=0&ds=3&er=&ft=c~.Zm4L-gXoInz7T&l=202201162337220101130062441D19553D&lr=all&mime_type=video_mp4&net=0&pl=0&qs=14&rc=anY1dmk6Zmk2OTMzZzczNEApNTM7PDplZDs3N2k3NTQ0NGdtbl8ycjQwNTFgLS1kMS9zcy1iMTNhMjVgXzFhX2MvNWI6Yw%3D%3D&vl=&vr=
video/mp4, bytes 0-587184/587185, 1642376245.9618623, 1642376245.9639473, 1642376246.0654383, 1642376247.0784888, v25.tiktokcdn-us.com, 70b385526f2d4afde9889a99d1e78d67, /70b385526f2d4afde9889a99d1e78d67/61e50099/video/tos/useast2a/tos-useast2a-ve-0068c001/0c2f08bc79c247508bee147852570e44/?a=1233&br=1376&bt=688&cd=0%7C0%7C0&ch=0&cr=3&cs=2&cv=1&dr=0&ds=6&er=&ft=c~.Zm4L-gXoInz7T&l=202201162337220101130062441D19553D&lr=all&mime_type=video_mp4&net=0&pl=0&qs=5&rc=amdzcjk6ZjpnNjMzNzczM0ApNDdoMzwzNjtkNztnNjc5ZWczNmBkcjRfbWxgLS1kMTZzc2IvYF41M2AtLS4wXl9iLzM6Yw%3D%3D&vl=&vr=
video/mp4, bytes 0-951005/951006, 1642376247.327484, 1642376247.3291767, 1642376247.5463638, 1642376249.2693152, v25.tiktokcdn-us.com, 4eff911f45be5b95df48930a01502c4f, /4eff911f45be5b95df48930a01502c4f/61e5009e/video/tos/useast2a/tos-useast2a-ve-0068c001/5f3422e45d71461f903cd1d7b939af71/?a=1233&br=1316&bt=658&cd=0%7C0%7C0&ch=0&cr=3&cs=2&cv=1&dr=0&ds=6&er=&ft=c~.Zm4L-gXoInz7T&l=202201162337220101130062441D19553D&lr=all&mime_type=video_mp4&net=0&pl=0&qs=5&rc=M3dyOjM6ZmtqNzMzNzczM0ApODszNGY3PDw4N2Y0O2g4ZGcyaGAycjRvY2xgLS1kMTZzc2JjXy8wX14xYWEyYjAxXy86Yw%3D%3D&vl=&vr=
video/mp4, bytes 0-327184/327185, 1642376249.7688253, 1642376249.7700698, 1642376249.8138428, 1642376250.1405127, v25.tiktokcdn-us.com, 8add9dffb4c0647fa05aa71be10ded5c, /8add9dffb4c0647fa05aa71be10ded5c/61e50099/video/tos/useast2a/tos-useast2a-pve-0068/8523120659db42c49ab822b089c08837/?a=1233&br=794&bt=397&cd=0%7C0%7C0&ch=0&cr=3&cs=2&cv=1&dr=0&ds=6&er=&ft=c~.Zm4L-gXoInz7T&l=202201162337220101130062441D19553D&lr=all&mime_type=video_mp4&net=0&pl=0&qs=5&rc=MzhyNDU8ZHF2NTMzNzczM0ApZWVkZjg5aWQ3N2dpOjhmNGdtMG1yM2lmZ2RgLS1kMTZzc18xMDM0MGAwYGA2LTM2XzM6Yw%3D%3D&vl=&vr=
video/mp4, bytes 0-569747/569748, 1642376250.362758, 1642376250.3639882, 1642376250.4836383, 1642376251.2942147, v25.tiktokcdn-us.com, 5771bd45690e0c3df30f4d162353bc92, /5771bd45690e0c3df30f4d162353bc92/61e5009b/video/tos/useast2a/tos-useast2a-ve-0068/ca60c61655f549038fb6212a2048fcff/?a=1233&br=1076&bt=538&cd=0%7C0%7C0&ch=0&cr=3&cs=2&cv=1&dr=0&ds=6&er=&ft=c~.Zm4L-gXoInz7T&l=202201162337220101130062441D19553D&lr=all&mime_type=video_mp4&net=0&pl=0&qs=4&rc=M2Q4cXI5azpscDMzNDczM0ApPDRkNjtnNTtmN2dpaTk4O2dnZ3NeY2w0aWxfLS0wMTZzc18yYzQyLTRhX14tNDNgMjA6Yw%3D%3D&vl=&vr=
