video/mp4, bytesbytes 0-515060/515061, 1642389669.966156, 1642389669.9673564, 1642389669.9843545, 1642389670.4906123, v39-us.tiktokcdn.com, bd409271bc4f041e90a4e2ec0de64fbc, /bd409271bc4f041e90a4e2ec0de64fbc/61e5350a/video/tos/useast2a/tos-useast2a-ve-0068c001/6042bda545004101a544f860a33d8dca/?a=1233&br=1444&bt=722&cd=0%7C0%7C0&ch=0&cr=3&cs=2&cv=1&dr=0&ds=3&er=&ft=xo5uS4L-gXoInz7T&l=2022011703210801022312107906B5530C&lr=all&mime_type=video_mp4&net=0&pl=0&qs=14&rc=ajw6dmY6ZnNqOjMzNzczM0ApPDczOGU4PGQ8N2hkOzc1NWczMTRtcjRnci1gLS1kMTZzczQ2Yy4xYC02L15eYGFfMWA6Yw%3D%3D&vl=&vr=
video/mp4, bytesbytes 0-840381/840382, 1642389675.8548446, 1642389675.8559277, 1642389675.8964663, 1642389676.825378, v39-us.tiktokcdn.com, 614e30c9e5505febd1c9794cfdd4d197, /614e30c9e5505febd1c9794cfdd4d197/61e53510/video/tos/useast2a/tos-useast2a-ve-0068c001/c7a978ed70ab43e897734665ed0f8e8b/?a=1233&br=1916&bt=958&cd=0%7C0%7C0&ch=0&cr=3&cs=0&dr=0&ds=1&er=&ft=xo5uS4L-gXoInz7T&l=20220117032113010189055207022ED6A7&lr=all&mime_type=video_mp4&net=0&pl=0&qs=0&rc=M2gzOmg6ZjQ4OjMzNzczM0ApNzs6OWc6NmVmNzY6ZDw5N2cwbGZgcjRfMmBgLS1kMTZzc2FiYy80LTRfLTUtLzUxMF86Yw%3D%3D&vl=&vr=
video/mp4, bytesbytes 0-617361/617362, 1642389680.6041946, 1642389680.605167, 1642389680.6186619, 1642389681.207859, v39-us.tiktokcdn.com, 6c50a114c8e3311704303407a9152fa9, /6c50a114c8e3311704303407a9152fa9/61e53513/video/tos/useast2a/tos-useast2a-pve-0068/2defbd310b5c45bcb8a44603bcbf92b0/?a=1233&br=988&bt=494&cd=0%7C0%7C0&ch=0&cr=3&cs=2&cv=1&dr=0&ds=6&er=&ft=xo5uS4L-gXoInz7T&l=20220117032113010189055207022ED6A7&lr=all&mime_type=video_mp4&net=0&pl=0&qs=5&rc=M29tamc6ZjYzOjMzNzczM0ApZDczOWg5NWVmNzMzOztoZmc2MmwtcjRvZS5gLS1kMTZzczEzXzJjXzZhLmEzMGNeNDE6Yw%3D%3D&vl=&vr=
video/mp4, bytes, 1642389717.584158, 1642389717.586071, 1642389717.643508, 1642389718.107993, v39.tiktokcdn-us.com, cd0469559ecaf39b2f2fe732217f0256, /cd0469559ecaf39b2f2fe732217f0256/61e5352a/video/tos/useast2a/tos-useast2a-ve-0068c004/c0f25d1b31ba4b86a90cb22cfe1b1294/?a=1233&br=1116&bt=558&cd=0%7C0%7C0&ch=0&cr=3&cs=2&cv=1&dr=0&ds=6&er=&ft=c~.Zm4L-gXoInz7T&l=2022011703213901011300613219440562&lr=all&mime_type=video_mp4&net=0&pl=0&qs=4&rc=anRuNnZvNHNodzMzODczM0ApZjk8NWg5PGVoNzZlZGQ3OmdtYnJpNTJzXnJfLS1iMTZzczMuMF5hMmBhM2NfMi1gYTY6Yw%3D%3D&vl=&vr=
video/mp4, bytesbytes 0-766503/766504, 1642389718.4892664, 1642389718.490171, 1642389718.5086405, 1642389719.1271017, v39.tiktokcdn-us.com, 504f8a65f18a4183206249a00c8d5068, /504f8a65f18a4183206249a00c8d5068/61e5352f/video/tos/useast5/tos-useast5-ve-0068c001-tx/e0b5935a00244a96a26e97757fa0313d/?a=1233&br=952&bt=476&cd=0%7C0%7C0&ch=0&cr=3&cs=2&cv=1&dr=0&ds=3&er=&ft=c~.Zm4L-gXoInz7T&l=2022011703213901011300613219440562&lr=all&mime_type=video_mp4&net=0&pl=0&qs=14&rc=M2RmZGQ6ZjNzOjMzZzczNEApOTtoZWk4ZTxpN2UzNzpnOWdrLWxocjRnc19gLS1kMS9zczRhMmNhYDE2YTQyMS5gMS86Yw%3D%3D&vl=&vr=
video/mp4, bytesbytes 0-1024000/2209343, 1642389719.5174842, 1642389719.5192041, 1642389719.5447419, 1642389720.591258, v39.tiktokcdn-us.com, f77a6598a24e8fd56f4cc815fc03b8a6, /f77a6598a24e8fd56f4cc815fc03b8a6/61e53537/video/tos/useast2a/tos-useast2a-ve-0068c003/a3916a82751449e5bc996d3ea4c44e77/?a=1233&br=1710&bt=855&cd=0%7C0%7C0&ch=0&cr=3&cs=2&cv=1&dr=0&ds=6&er=&ft=c~.Zm4L-gXoInz7T&l=2022011703213901011300613219440562&lr=all&mime_type=video_mp4&net=0&pl=0&qs=5&rc=ajx1NTU6ZmdqOTMzNzczM0ApZmk0NjlpOGQ4N2U4NTg8aGcwcTEucjQwbnJgLS1kMTZzc2EzYGBjLTYyNTNgYi1fNTY6Yw%3D%3D&vl=&vr=
video/mp4, bytesbytes 0-878633/878634, 1642389721.6678667, 1642389721.6695156, 1642389721.6910317, 1642389722.5360034, v39.tiktokcdn-us.com, cd5000f84180ede0a241c97fa11d3572, /cd5000f84180ede0a241c97fa11d3572/61e53534/video/tos/useast2a/tos-useast2a-pve-0068/52bbbd3d4f604a6c82a0b217a8755c8c/?a=1233&br=770&bt=385&cd=0%7C0%7C0&ch=0&cr=3&cs=2&cv=1&dr=0&ds=6&er=&ft=c~.Zm4L-gXoInz7T&l=2022011703213901011300613219440562&lr=all&mime_type=video_mp4&net=0&pl=0&qs=4&rc=anZ3NmhraW1tNDMzNzczM0ApNzY5ZzdlZDs5NzRpNWU7Nmdubmg0Ml9oYGhgLS1kMTZzczE1NmMyNWJjX2JhMS8xNC46Yw%3D%3D&vl=&vr=
video/mp4, bytesbytes 0-1024000/3199001, 1642389722.983299, 1642389722.9852562, 1642389723.0079641, 1642389723.986788, v39.tiktokcdn-us.com, 53025f3508145653fbf8f2b3324a5d4d, /53025f3508145653fbf8f2b3324a5d4d/61e53550/video/tos/useast2a/tos-useast2a-pve-0068/d71c0e8d4bdd441cb28765ca3433472b/?a=1233&br=1084&bt=542&cd=0%7C0%7C0&ch=0&cr=3&cs=2&cv=1&dr=0&ds=3&er=&ft=c~.Zm4L-gXoInz7T&l=2022011703213901011300613219440562&lr=all&mime_type=video_mp4&net=0&pl=0&qs=14&rc=M25oMzw6ZjhqNjMzNzczM0ApN2kzaWQ4NDtmN2c6ZTg8aWdrYjJlcjRfNmlgLS1kMTZzczA0YmNjY2AtYDI2MDBfNjY6Yw%3D%3D&vl=&vr=
video/mp4, bytesbytes 0-1024000/1181632, 1642389724.6787086, 1642389724.680037, 1642389724.702214, 1642389725.9486167, v39.tiktokcdn-us.com, dda007f92d4076e278702485012e5e72, /dda007f92d4076e278702485012e5e72/61e53533/video/tos/useast2a/tos-useast2a-pve-0068/353eea5c512a4e96bf4aed8f1a7c9fe9/?a=1233&br=1108&bt=554&cd=0%7C0%7C0&ch=0&cr=3&cs=2&cv=1&dr=0&ds=3&er=&ft=c~.Zm4L-gXoInz7T&l=2022011703213901011300613219440562&lr=all&mime_type=video_mp4&net=0&pl=0&qs=14&rc=MzZ4bjQ6ZmtoNzMzNzczM0ApODc0NGk0NmVlN2Q7OjczM2c0MGRjcjQwci9gLS1kMTZzcy8tMWFiYS5fMzIyNTUxXy06Yw%3D%3D&vl=&vr=
video/mp4, bytesbytes 0-1024000/1492687, 1642389739.1785553, 1642389739.1808665, 1642389739.2038262, 1642389740.146128, v39.tiktokcdn-us.com, 1cb1ceb60e68d9faa64e96c80f7666aa, /1cb1ceb60e68d9faa64e96c80f7666aa/61e5353a/video/tos/useast2a/tos-useast2a-ve-0068c004/02c11bae6e0c4bbaa3a6e4b386e22249/?a=1233&br=980&bt=490&cd=0%7C0%7C0&ch=0&cr=3&cs=2&cv=1&dr=0&ds=6&er=&ft=c~.Zm4L-gXoInz7T&l=2022011703213901011300613219440562&lr=all&mime_type=video_mp4&net=0&pl=0&qs=4&rc=amQ1NTN2aDpmNjMzNzczM0ApNmg5OTw2ODtnNzhoO2RlNWc0LmVxZWpmNjBgLS1kMTZzczQyLy8wYjAyLl9jL2JjXjQ6Yw%3D%3D&vl=&vr=
video/mp4, bytesbytes 1024000-2209342/2209343, 1642389741.2654576, 1642389741.267183, 1642389741.3000119, 1642389743.549952, v39.tiktokcdn-us.com, f77a6598a24e8fd56f4cc815fc03b8a6, /f77a6598a24e8fd56f4cc815fc03b8a6/61e53537/video/tos/useast2a/tos-useast2a-ve-0068c003/a3916a82751449e5bc996d3ea4c44e77/?a=1233&br=1710&bt=855&cd=0%7C0%7C0&ch=0&cr=3&cs=2&cv=1&dr=0&ds=6&er=&ft=c~.Zm4L-gXoInz7T&l=2022011703213901011300613219440562&lr=all&mime_type=video_mp4&net=0&pl=0&qs=5&rc=ajx1NTU6ZmdqOTMzNzczM0ApZmk0NjlpOGQ4N2U4NTg8aGcwcTEucjQwbnJgLS1kMTZzc2EzYGBjLTYyNTNgYi1fNTY6Yw%3D%3D&vl=&vr=
video/mp4, bytesbytes 0-1024000/3653700, 1642389744.0306299, 1642389744.0367756, 1642389744.0619252, 1642389745.4891088, v39.tiktokcdn-us.com, 7ec334ec29e54b8af57ae47c56803402, /7ec334ec29e54b8af57ae47c56803402/61e53555/video/tos/useast2a/tos-useast2a-ve-0068c001/5bc95ee24c964e9b933f7770c02b2951/?a=1233&br=1136&bt=568&cd=0%7C0%7C0&ch=0&cr=3&cs=2&cv=1&dr=0&ds=6&er=&ft=c~.Zm4L-gXoInz7T&l=2022011703213901011300613219440562&lr=all&mime_type=video_mp4&net=0&pl=0&qs=5&rc=M2plODQ6ZjllNjMzNzczM0ApNWUzOGQ7NTw4Nzg8ZWU8O2drLmJucjQwLnBgLS1kMTZzczBjNjQvMDZeYS8xNGEvMDA6Yw%3D%3D&vl=&vr=
video/mp4, bytesbytes 1024000-3199000/3199001, 1642389748.0604475, 1642389748.0625815, 1642389748.0931525, 1642389752.9790008, v39.tiktokcdn-us.com, 53025f3508145653fbf8f2b3324a5d4d, /53025f3508145653fbf8f2b3324a5d4d/61e53550/video/tos/useast2a/tos-useast2a-pve-0068/d71c0e8d4bdd441cb28765ca3433472b/?a=1233&br=1084&bt=542&cd=0%7C0%7C0&ch=0&cr=3&cs=2&cv=1&dr=0&ds=3&er=&ft=c~.Zm4L-gXoInz7T&l=2022011703213901011300613219440562&lr=all&mime_type=video_mp4&net=0&pl=0&qs=14&rc=M25oMzw6ZjhqNjMzNzczM0ApN2kzaWQ4NDtmN2c6ZTg8aWdrYjJlcjRfNmlgLS1kMTZzczA0YmNjY2AtYDI2MDBfNjY6Yw%3D%3D&vl=&vr=
video/mp4, bytesbytes 1015808-1024000/3653700, 1642389753.94995, 1642389753.951701, 1642389754.0111632, 1642389754.013908, v39.tiktokcdn-us.com, 7ec334ec29e54b8af57ae47c56803402, /7ec334ec29e54b8af57ae47c56803402/61e53555/video/tos/useast2a/tos-useast2a-ve-0068c001/5bc95ee24c964e9b933f7770c02b2951/?a=1233&br=1136&bt=568&cd=0%7C0%7C0&ch=0&cr=3&cs=2&cv=1&dr=0&ds=6&er=&ft=c~.Zm4L-gXoInz7T&l=2022011703213901011300613219440562&lr=all&mime_type=video_mp4&net=0&pl=0&qs=5&rc=M2plODQ6ZjllNjMzNzczM0ApNWUzOGQ7NTw4Nzg8ZWU8O2drLmJucjQwLnBgLS1kMTZzczBjNjQvMDZeYS8xNGEvMDA6Yw%3D%3D&vl=&vr=
video/mp4, bytesbytes 0-283561/283562, 1642389754.0801928, 1642389754.0823116, 1642389754.1143076, 1642389754.743049, v39.tiktokcdn-us.com, dd1a1650027493212b7bed83aacbfc97, /dd1a1650027493212b7bed83aacbfc97/61e53529/video/tos/useast2a/tos-useast2a-ve-0068c003/c82291f2f7744bbabb097f3a38918c6a/?a=1233&br=666&bt=333&cd=0%7C0%7C0&ch=0&cr=3&cs=2&cv=1&dr=0&ds=6&er=&ft=c~.Zm4L-gXoInz7T&l=2022011703213901011300613219440562&lr=all&mime_type=video_mp4&net=0&pl=0&qs=4&rc=anVseHJvbmdtdTMzZjczM0ApZWc2M2g4PDs6N2g5ZDdkaWdwNDYwcnM0L3BfLS0yMTZzczE1MmBgYDNfYDYuMWM2YTE6Yw%3D%3D&vl=&vr=
video/mp4, bytesbytes 0-1024000/1412515, 1642389755.0978239, 1642389755.0999126, 1642389755.147964, 1642389757.0177977, v39.tiktokcdn-us.com, 9dd112b7e25fe0452bae64939d848c5d, /9dd112b7e25fe0452bae64939d848c5d/61e53537/video/tos/useast2a/tos-useast2a-ve-0068c003/b2a74e92317c41a98ff396e61f505581/?a=1233&br=1092&bt=546&cd=0%7C0%7C0&ch=0&cr=3&cs=2&cv=1&dr=0&ds=6&er=&ft=c~.Zm4L-gXoInz7T&l=2022011703213901011300613219440562&lr=all&mime_type=video_mp4&net=0&pl=0&qs=5&rc=MzhxNTo7OmluNTMzNzczM0ApaDNlODRpZzszNzc3NDk2NWdqYzQ1Z2RibzBgLS1kMTZzc2JjMmItYy5fLi9gY2EyM2A6Yw%3D%3D&vl=&vr=
video/mp4, bytesbytes 1024000-1181631/1181632, 1642389760.6021302, 1642389760.603415, 1642389760.6175568, 1642389760.876902, v39.tiktokcdn-us.com, dda007f92d4076e278702485012e5e72, /dda007f92d4076e278702485012e5e72/61e53533/video/tos/useast2a/tos-useast2a-pve-0068/353eea5c512a4e96bf4aed8f1a7c9fe9/?a=1233&br=1108&bt=554&cd=0%7C0%7C0&ch=0&cr=3&cs=2&cv=1&dr=0&ds=3&er=&ft=c~.Zm4L-gXoInz7T&l=2022011703213901011300613219440562&lr=all&mime_type=video_mp4&net=0&pl=0&qs=14&rc=MzZ4bjQ6ZmtoNzMzNzczM0ApODc0NGk0NmVlN2Q7OjczM2c0MGRjcjQwci9gLS1kMTZzcy8tMWFiYS5fMzIyNTUxXy06Yw%3D%3D&vl=&vr=
video/mp4, bytesbytes 1024000-1492686/1492687, 1642389765.115932, 1642389765.1171749, 1642389765.1632743, 1642389765.928229, v39.tiktokcdn-us.com, 1cb1ceb60e68d9faa64e96c80f7666aa, /1cb1ceb60e68d9faa64e96c80f7666aa/61e5353a/video/tos/useast2a/tos-useast2a-ve-0068c004/02c11bae6e0c4bbaa3a6e4b386e22249/?a=1233&br=980&bt=490&cd=0%7C0%7C0&ch=0&cr=3&cs=2&cv=1&dr=0&ds=6&er=&ft=c~.Zm4L-gXoInz7T&l=2022011703213901011300613219440562&lr=all&mime_type=video_mp4&net=0&pl=0&qs=4&rc=amQ1NTN2aDpmNjMzNzczM0ApNmg5OTw2ODtnNzhoO2RlNWc0LmVxZWpmNjBgLS1kMTZzczQyLy8wYjAyLl9jL2JjXjQ6Yw%3D%3D&vl=&vr=
video/mp4, bytesbytes 1024000-3653699/3653700, 1642389773.3974419, 1642389773.4041338, 1642389773.455363, 1642389777.2530003, v39.tiktokcdn-us.com, 7ec334ec29e54b8af57ae47c56803402, /7ec334ec29e54b8af57ae47c56803402/61e53555/video/tos/useast2a/tos-useast2a-ve-0068c001/5bc95ee24c964e9b933f7770c02b2951/?a=1233&br=1136&bt=568&cd=0%7C0%7C0&ch=0&cr=3&cs=2&cv=1&dr=0&ds=6&er=&ft=c~.Zm4L-gXoInz7T&l=2022011703213901011300613219440562&lr=all&mime_type=video_mp4&net=0&pl=0&qs=5&rc=M2plODQ6ZjllNjMzNzczM0ApNWUzOGQ7NTw4Nzg8ZWU8O2drLmJucjQwLnBgLS1kMTZzczBjNjQvMDZeYS8xNGEvMDA6Yw%3D%3D&vl=&vr=
video/mp4, bytesbytes 0-909099/909100, 1642389778.4158185, 1642389778.4168618, 1642389778.4374616, 1642389779.3267694, v16m.tiktokcdn-us.com, 91e30faab8aa4c6a1e389c139a5f682f, /91e30faab8aa4c6a1e389c139a5f682f/61e5357e/video/tos/useast2a/tos-useast2a-ve-0068c004/f34f762b9db54ae98cc0c41b2e426aee/?a=1233&br=812&bt=406&cd=0%7C0%7C0&ch=0&cr=3&cs=2&cv=1&dr=0&ds=6&er=&ft=c~.Zm4L-gXoInz7T&l=202201170322530101131352280D4CBB2D&lr=all&mime_type=video_mp4&net=0&pl=0&qs=11&rc=amo3a2g6ZnJoNzMzNzczM0ApaGU0OWhmNDxnN2g1NjQ5Z2cvb2IzcjRfZzBgLS1kMTZzc2JjYTFgLzMvLS0wY2IyXy46Yw%3D%3D&vl=&vr=
video/mp4, bytesbytes 0-1024000/2492421, 1642389779.8212135, 1642389779.8241262, 1642389779.869713, 1642389781.747381, v16m.tiktokcdn-us.com, 02b8bbf2dc49f839b98072dab836c6f7, /02b8bbf2dc49f839b98072dab836c6f7/61e53594/video/tos/useast2a/tos-useast2a-pve-0068/85f26dad7c324228908ebbb101ade411/?a=1233&br=978&bt=489&cd=0%7C0%7C0&ch=0&cr=3&cs=2&cv=1&dr=0&ds=6&er=&ft=c~.Zm4L-gXoInz7T&l=202201170322530101131352280D4CBB2D&lr=all&mime_type=video_mp4&net=0&pl=0&qs=5&rc=am5zdDw6ZmhqNjMzNzczM0ApOWRnZ2k2NmU0NzRoaGg5O2dtNGtncjRnb2hgLS1kMTZzczQxYF81MjRgM18wNjAxYV86Yw%3D%3D&vl=&vr=
video/mp4, bytesbytes 0-1024000/1130687, 1642389782.2899587, 1642389782.2933536, 1642389782.3245459, 1642389784.413426, v16m.tiktokcdn-us.com, f2e590cbfd1ac1e0b336829da0fc55e2, /f2e590cbfd1ac1e0b336829da0fc55e2/61e5357c/video/tos/useast2a/tos-useast2a-ve-0068c004/4dd3485cb1714c11939fbdd0790ecb0f/?a=1233&br=1160&bt=580&cd=0%7C0%7C0&ch=0&cr=3&cs=2&cv=1&dr=0&ds=6&er=&ft=c~.Zm4L-gXoInz7T&l=202201170322530101131352280D4CBB2D&lr=all&mime_type=video_mp4&net=0&pl=0&qs=5&rc=MzlqN214NThwNTMzNzczM0ApNmQ5PGZnO2Q8N2VoN2ZkM2cubjNkcWZyam5gLS1kMTZzc2MyYTY2Yy4yLjYyXzMvMDA6Yw%3D%3D&vl=&vr=
video/mp4, bytesbytes 0-725887/725888, 1642389823.948643, 1642389823.9498575, 1642389823.9790163, 1642389824.703511, v16m.tiktokcdn-us.com, f84f0849c4c17586e05f126ce71ba852, /f84f0849c4c17586e05f126ce71ba852/61e5357b/video/tos/useast5/tos-useast5-ve-0068c003-tx/236a885425854f189d4f37cd7161f6c9/?a=1233&br=752&bt=376&cd=0%7C0%7C0&ch=0&cr=3&cs=2&cv=1&dr=0&ds=6&er=&ft=c~.Zm4L-gXoInz7T&l=202201170322530101131352280D4CBB2D&lr=all&mime_type=video_mp4&net=0&pl=0&qs=5&rc=amkzdjo6ZnY6OjMzZzczNEApODRlZDo4Zzw3N2Q1OWY6OWdoXnNtcjRnNTVgLS1kMS9zcy41Yy9iNV9hXmJfYmExYDA6Yw%3D%3D&vl=&vr=
video/mp4, bytesbytes 1024000-1412514/1412515, 1642389830.7927647, 1642389830.794354, 1642389830.8121686, 1642389831.2598639, v39.tiktokcdn-us.com, 9dd112b7e25fe0452bae64939d848c5d, /9dd112b7e25fe0452bae64939d848c5d/61e53537/video/tos/useast2a/tos-useast2a-ve-0068c003/b2a74e92317c41a98ff396e61f505581/?a=1233&br=1092&bt=546&cd=0%7C0%7C0&ch=0&cr=3&cs=2&cv=1&dr=0&ds=6&er=&ft=c~.Zm4L-gXoInz7T&l=2022011703213901011300613219440562&lr=all&mime_type=video_mp4&net=0&pl=0&qs=5&rc=MzhxNTo7OmluNTMzNzczM0ApaDNlODRpZzszNzc3NDk2NWdqYzQ1Z2RibzBgLS1kMTZzc2JjMmItYy5fLi9gY2EyM2A6Yw%3D%3D&vl=&vr=
video/mp4, bytesbytes 0-1024000/1069291, 1642389831.4750803, 1642389831.4764364, 1642389831.4940484, 1642389832.433451, v16m.tiktokcdn-us.com, 236a144ec0a4707387be11b8b22f0939, /236a144ec0a4707387be11b8b22f0939/61e53586/video/tos/alisg/tos-alisg-pve-0037c001/4a0a9e195fa24116ac3ca1661083a252/?a=1233&br=658&bt=329&cd=0%7C0%7C0&ch=0&cr=3&cs=2&cv=1&dr=0&ds=6&er=&ft=c~.Zm4L-gXoInz7T&l=202201170322530101131352280D4CBB2D&lr=all&mime_type=video_mp4&net=0&pl=0&qs=4&rc=ajY3Njk6ZmU2OTMzODczNEApaDZmNjs7NWQ0NzlmM2g2ZGdsb25ucjRvM2BgLS1kMS1zczQ0MC9jNC5jMWMzNmMtLy46Yw%3D%3D&vl=&vr=
video/mp4, bytesbytes 0-557503/557504, 1642389839.327569, 1642389839.3346152, 1642389839.3573818, 1642389840.260816, v16m.tiktokcdn-us.com, 25b6d728d5b2de062d62b10c500a6325, /25b6d728d5b2de062d62b10c500a6325/61e53577/video/tos/useast2a/tos-useast2a-ve-0068c002/3b04e783681a450b960ddb8446dd3c3b/?a=1233&br=814&bt=407&cd=0%7C0%7C0&ch=0&cr=3&cs=2&cv=1&dr=0&ds=6&er=&ft=c~.Zm4L-gXoInz7T&l=202201170322530101131352280D4CBB2D&lr=all&mime_type=video_mp4&net=0&pl=0&qs=4&rc=am53bnBmZ2Z2NDMzNzczM0ApOzU6ZGhlOmQ0Nzk6NmU2ZWduZmtiZy5pNG5gLS1kMTZzc18wMl9fNTAuMF9eMmMvNC06Yw%3D%3D&vl=&vr=
video/mp4, bytesbytes 1024000-2492420/2492421, 1642389849.875561, 1642389849.8776252, 1642389849.9285448, 1642389851.142025, v16m.tiktokcdn-us.com, 02b8bbf2dc49f839b98072dab836c6f7, /02b8bbf2dc49f839b98072dab836c6f7/61e53594/video/tos/useast2a/tos-useast2a-pve-0068/85f26dad7c324228908ebbb101ade411/?a=1233&br=978&bt=489&cd=0%7C0%7C0&ch=0&cr=3&cs=2&cv=1&dr=0&ds=6&er=&ft=c~.Zm4L-gXoInz7T&l=202201170322530101131352280D4CBB2D&lr=all&mime_type=video_mp4&net=0&pl=0&qs=5&rc=am5zdDw6ZmhqNjMzNzczM0ApOWRnZ2k2NmU0NzRoaGg5O2dtNGtncjRnb2hgLS1kMTZzczQxYF81MjRgM18wNjAxYV86Yw%3D%3D&vl=&vr=
video/mp4, bytesbytes 0-829414/829415, 1642389851.7614899, 1642389851.763306, 1642389851.7940247, 1642389852.628681, v16m.tiktokcdn-us.com, 8c6b1776906bba1aea37c6609b8de5f1, /8c6b1776906bba1aea37c6609b8de5f1/61e53578/video/tos/useast5/tos-useast5-ve-0068c001-tx/a5750ac544c0489d9dc41c02107a19b2/?a=1233&br=1100&bt=550&cd=0%7C0%7C0&ch=0&cr=3&cs=2&cv=1&dr=0&ds=6&er=&ft=c~.Zm4L-gXoInz7T&l=202201170322530101131352280D4CBB2D&lr=all&mime_type=video_mp4&net=0&pl=0&qs=11&rc=M29saWg6ZjczOjMzZzczNEApODk4NDs5O2VlNzY3aDszaGcyNGBocjRfX2FgLS1kMS9zczRgMTRhNDA1NC1jYzNiMy86Yw%3D%3D&vl=&vr=
video/mp4, bytesbytes 1024000-1130686/1130687, 1642389884.6918356, 1642389884.6937683, 1642389884.7121775, 1642389884.8227782, v16m.tiktokcdn-us.com, f2e590cbfd1ac1e0b336829da0fc55e2, /f2e590cbfd1ac1e0b336829da0fc55e2/61e5357c/video/tos/useast2a/tos-useast2a-ve-0068c004/4dd3485cb1714c11939fbdd0790ecb0f/?a=1233&br=1160&bt=580&cd=0%7C0%7C0&ch=0&cr=3&cs=2&cv=1&dr=0&ds=6&er=&ft=c~.Zm4L-gXoInz7T&l=202201170322530101131352280D4CBB2D&lr=all&mime_type=video_mp4&net=0&pl=0&qs=5&rc=MzlqN214NThwNTMzNzczM0ApNmQ5PGZnO2Q8N2VoN2ZkM2cubjNkcWZyam5gLS1kMTZzc2MyYTY2Yy4yLjYyXzMvMDA6Yw%3D%3D&vl=&vr=
video/mp4, bytesbytes 0-1024000/2121440, 1642389884.93123, 1642389884.9328666, 1642389884.951899, 1642389886.0246382, v16m.tiktokcdn-us.com, c30ceab9c5ada0c5f51fa8d697b5ab98, /c30ceab9c5ada0c5f51fa8d697b5ab98/61e53582/video/tos/useast2a/tos-useast2a-pve-0068/bce660f83b4044319aeab83ae5a264f6/?a=1233&br=1562&bt=781&cd=0%7C0%7C0&ch=0&cr=3&cs=2&cv=1&dr=0&ds=6&er=&ft=c~.Zm4L-gXoInz7T&l=202201170322530101131352280D4CBB2D&lr=all&mime_type=video_mp4&net=0&pl=0&qs=5&rc=ajtwaW9vZGt5NTMzNzczM0ApMzo0ZTNlNWQ4N2Y4Zjg5Z2djaTZlczNkM2dgLS1kMTZzc2A2MC4wYy9iYTQtMmBjNl46Yw%3D%3D&vl=&vr=
video/mp4, bytesbytes 0-1024000/1092150, 1642389886.5336757, 1642389886.5356953, 1642389886.5582457, 1642389887.5675774, v16m.tiktokcdn-us.com, 4b1fdf3179a90af9fcbce16e536281e7, /4b1fdf3179a90af9fcbce16e536281e7/61e5357c/video/tos/useast2a/tos-useast2a-ve-0068c003/611da05dff2541bba24506d504120187/?a=1233&br=1106&bt=553&cd=0%7C0%7C0&ch=0&cr=3&cs=2&cv=1&dr=0&ds=6&er=&ft=c~.Zm4L-gXoInz7T&l=202201170322530101131352280D4CBB2D&lr=all&mime_type=video_mp4&net=0&pl=0&qs=11&rc=ajo6ZzZyOmt2dDMzNzczM0ApaGc0OzY6N2VlNzM1OTw3aWdfbmYzbDAvYzBfLS1jMTZzc2NjNmA1NS0zLTE0MF80MGI6Yw%3D%3D&vl=&vr=
video/mp4, bytesbytes 1024000-1069290/1069291, 1642389887.8431141, 1642389887.8516135, 1642389887.9238195, 1642389887.9602098, v16m.tiktokcdn-us.com, 236a144ec0a4707387be11b8b22f0939, /236a144ec0a4707387be11b8b22f0939/61e53586/video/tos/alisg/tos-alisg-pve-0037c001/4a0a9e195fa24116ac3ca1661083a252/?a=1233&br=658&bt=329&cd=0%7C0%7C0&ch=0&cr=3&cs=2&cv=1&dr=0&ds=6&er=&ft=c~.Zm4L-gXoInz7T&l=202201170322530101131352280D4CBB2D&lr=all&mime_type=video_mp4&net=0&pl=0&qs=4&rc=ajY3Njk6ZmU2OTMzODczNEApaDZmNjs7NWQ0NzlmM2g2ZGdsb25ucjRvM2BgLS1kMS1zczQ0MC9jNC5jMWMzNmMtLy46Yw%3D%3D&vl=&vr=
video/mp4, bytesbytes 40960-1024000/1092150, 1642389888.054345, 1642389888.0563045, 1642389888.1019635, 1642389889.154842, v16m.tiktokcdn-us.com, 4b1fdf3179a90af9fcbce16e536281e7, /4b1fdf3179a90af9fcbce16e536281e7/61e5357c/video/tos/useast2a/tos-useast2a-ve-0068c003/611da05dff2541bba24506d504120187/?a=1233&br=1106&bt=553&cd=0%7C0%7C0&ch=0&cr=3&cs=2&cv=1&dr=0&ds=6&er=&ft=c~.Zm4L-gXoInz7T&l=202201170322530101131352280D4CBB2D&lr=all&mime_type=video_mp4&net=0&pl=0&qs=11&rc=ajo6ZzZyOmt2dDMzNzczM0ApaGc0OzY6N2VlNzM1OTw3aWdfbmYzbDAvYzBfLS1jMTZzc2NjNmA1NS0zLTE0MF80MGI6Yw%3D%3D&vl=&vr=
video/mp4, bytesbytes 0-558138/558139, 1642389889.5031214, 1642389889.5044377, 1642389889.5253022, 1642389890.1155283, v16m.tiktokcdn-us.com, a1d5cdc1709a37d6cb856b0958d80519, /a1d5cdc1709a37d6cb856b0958d80519/61e53575/video/tos/useast2a/tos-useast2a-pve-0068/060bd750fbeb462c8e674263b1a14cc8/?a=1233&br=1054&bt=527&cd=0%7C0%7C0&ch=0&cr=3&cs=2&cv=1&dr=0&ds=3&er=&ft=c~.Zm4L-gXoInz7T&l=202201170322530101131352280D4CBB2D&lr=all&mime_type=video_mp4&net=0&pl=0&qs=14&rc=ajlncnh0bXY7NTMzNzczM0ApPDs8Nzk0ZmVmN2c3M2lkO2deNjU1MjFhZl5gLS1kMTZzcy8uXjMtYTJiX2BjMjIuNjQ6Yw%3D%3D&vl=&vr=
video/mp4, bytesbytes 1024000-2121439/2121440, 1642389913.676461, 1642389913.678956, 1642389913.737154, 1642389914.8774586, v16m.tiktokcdn-us.com, c30ceab9c5ada0c5f51fa8d697b5ab98, /c30ceab9c5ada0c5f51fa8d697b5ab98/61e53582/video/tos/useast2a/tos-useast2a-pve-0068/bce660f83b4044319aeab83ae5a264f6/?a=1233&br=1562&bt=781&cd=0%7C0%7C0&ch=0&cr=3&cs=2&cv=1&dr=0&ds=6&er=&ft=c~.Zm4L-gXoInz7T&l=202201170322530101131352280D4CBB2D&lr=all&mime_type=video_mp4&net=0&pl=0&qs=5&rc=ajtwaW9vZGt5NTMzNzczM0ApMzo0ZTNlNWQ4N2Y4Zjg5Z2djaTZlczNkM2dgLS1kMTZzc2A2MC4wYy9iYTQtMmBjNl46Yw%3D%3D&vl=&vr=
video/mp4, bytes 0-572369/572370, 1642389915.4474938, 1642389915.4527955, 1642389915.4831433, 1642389916.0197842, v25.tiktokcdn-us.com, 1d4bc70d6019810fa8d843786c2c3af9, /1d4bc70d6019810fa8d843786c2c3af9/61e53600/video/tos/useast2a/tos-useast2a-ve-0068c002/9a2794aa230541308cc5eca4e5bafa23/?a=1233&br=1170&bt=585&cd=0%7C0%7C0&ch=0&cr=3&cs=2&cv=1&dr=0&ds=3&er=&ft=c~.Zm4L-gXoInz7T&l=202201170325130101131350781E4BCB96&lr=all&mime_type=video_mp4&net=0&pl=0&qs=14&rc=M3kzcms1NHd0NDMzOjczM0ApZGc7OjU6PGQ3Nzg4aTozZGc1a3NhbGowbDJgLS02MTZzcy82YjItMV9iLV8vYjEwNF86Yw%3D%3D&vl=&vr=
video/mp4, bytes 0-1024000/1115179, 1642389916.3644555, 1642389916.3665044, 1642389916.3981435, 1642389917.3032806, v25.tiktokcdn-us.com, 3907eb5799752758adf39ca665fcc91a, /3907eb5799752758adf39ca665fcc91a/61e53609/video/tos/useast2a/tos-useast2a-pve-0068/b7bce4a37804449f9d2183c5933ac52d/?a=1233&br=1022&bt=511&cd=0%7C0%7C0&ch=0&cr=3&cs=2&cv=1&dr=0&ds=6&er=&ft=c~.Zm4L-gXoInz7T&l=202201170325130101131350781E4BCB96&lr=all&mime_type=video_mp4&net=0&pl=0&qs=5&rc=M2k6OHV0cm5yNjMzNzczM0ApOTU1N2lpNjtmNzo2NTc4aWdtcC01azE1bzZgLS1kMTZzc2I0LTI0YjI1LmA0Ni4xYS86Yw%3D%3D&vl=&vr=
video/mp4, bytes 0-1024000/1219030, 1642389917.7666523, 1642389917.7686534, 1642389917.8451798, 1642389918.7044997, v25.tiktokcdn-us.com, c88e4c672f9014c5b99dfabf3a95a0ad, /c88e4c672f9014c5b99dfabf3a95a0ad/61e53607/video/tos/useast2a/tos-useast2a-ve-0068c004/634f17cf046d4f1ea70aa47fb2057d65/?a=1233&br=1274&bt=637&cd=0%7C0%7C0&ch=0&cr=3&cs=2&cv=1&dr=0&ds=6&er=&ft=c~.Zm4L-gXoInz7T&l=202201170325130101131350781E4BCB96&lr=all&mime_type=video_mp4&net=0&pl=0&qs=4&rc=ajhkeTtyNjM1NDMzNzczM0ApMzk8aTU5NmQ4NzM5Njk2aWcvamRjNGE2LmtgLS1kMTZzczMwYC9jYWIuXy9iMGMzNS86Yw%3D%3D&vl=&vr=
video/mp4, bytesbytes 1024000-1092149/1092150, 1642389935.1802623, 1642389935.182055, 1642389935.2073624, 1642389935.3118546, v16m.tiktokcdn-us.com, 4b1fdf3179a90af9fcbce16e536281e7, /4b1fdf3179a90af9fcbce16e536281e7/61e5357c/video/tos/useast2a/tos-useast2a-ve-0068c003/611da05dff2541bba24506d504120187/?a=1233&br=1106&bt=553&cd=0%7C0%7C0&ch=0&cr=3&cs=2&cv=1&dr=0&ds=6&er=&ft=c~.Zm4L-gXoInz7T&l=202201170322530101131352280D4CBB2D&lr=all&mime_type=video_mp4&net=0&pl=0&qs=11&rc=ajo6ZzZyOmt2dDMzNzczM0ApaGc0OzY6N2VlNzM1OTw3aWdfbmYzbDAvYzBfLS1jMTZzc2NjNmA1NS0zLTE0MF80MGI6Yw%3D%3D&vl=&vr=
video/mp4, bytes 0-444670/444671, 1642389935.4272845, 1642389935.4350007, 1642389935.5978076, 1642389936.3877823, v25.tiktokcdn-us.com, 5420934faeb4f682b9181ae229301afa, /5420934faeb4f682b9181ae229301afa/61e53600/video/tos/alisg/tos-alisg-pve-0037c001/483cae1dd53b40d999040db9dcbd2da8/?a=1233&br=864&bt=432&cd=0%7C0%7C0&ch=0&cr=3&cs=2&cv=1&dr=0&ds=6&er=&ft=c~.Zm4L-gXoInz7T&l=202201170325130101131350781E4BCB96&lr=all&mime_type=video_mp4&net=0&pl=0&qs=4&rc=MzQzPHNnNjg8NDMzNTczM0ApZzo7OTg8OWVnN2dkM2Y6OmdnYW5ibTJwcjZgLS0xMTRzc2I0NWBfLmIwXi0vLTMxYTE6Yw%3D%3D&vl=&vr=
video/mp4, bytes 0-1024000/1417688, 1642389939.1678047, 1642389939.1692314, 1642389939.2022376, 1642389940.0844638, v25.tiktokcdn-us.com, 242bd51a9fbb300afc876799d46266ae, /242bd51a9fbb300afc876799d46266ae/61e5360d/video/tos/useast2a/tos-useast2a-ve-0068c003/ea7de911776840ddb16332a908d46e62/?a=1233&br=1060&bt=530&cd=0%7C0%7C0&ch=0&cr=3&cs=2&cv=1&dr=0&ds=6&er=&ft=c~.Zm4L-gXoInz7T&l=202201170325130101131350781E4BCB96&lr=all&mime_type=video_mp4&net=0&pl=0&qs=5&rc=anZ0aGhoNG0zNTMzNzczM0ApNDRoOmc0ZGVpNzdnM2QzOWcvbGZhM3BoLm5gLS1kMTZzcy1fYDBeNS00NF8yYjZgYWE6Yw%3D%3D&vl=&vr=
video/mp4, bytes 1024000-1115178/1115179, 1642389941.8308642, 1642389941.8451278, 1642389941.878511, 1642389941.9464092, v25.tiktokcdn-us.com, 3907eb5799752758adf39ca665fcc91a, /3907eb5799752758adf39ca665fcc91a/61e53609/video/tos/useast2a/tos-useast2a-pve-0068/b7bce4a37804449f9d2183c5933ac52d/?a=1233&br=1022&bt=511&cd=0%7C0%7C0&ch=0&cr=3&cs=2&cv=1&dr=0&ds=6&er=&ft=c~.Zm4L-gXoInz7T&l=202201170325130101131350781E4BCB96&lr=all&mime_type=video_mp4&net=0&pl=0&qs=5&rc=M2k6OHV0cm5yNjMzNzczM0ApOTU1N2lpNjtmNzo2NTc4aWdtcC01azE1bzZgLS1kMTZzc2I0LTI0YjI1LmA0Ni4xYS86Yw%3D%3D&vl=&vr=
video/mp4, bytes 1024000-1219029/1219030, 1642389942.6741679, 1642389942.6774466, 1642389942.7058268, 1642389942.8674169, v25.tiktokcdn-us.com, c88e4c672f9014c5b99dfabf3a95a0ad, /c88e4c672f9014c5b99dfabf3a95a0ad/61e53607/video/tos/useast2a/tos-useast2a-ve-0068c004/634f17cf046d4f1ea70aa47fb2057d65/?a=1233&br=1274&bt=637&cd=0%7C0%7C0&ch=0&cr=3&cs=2&cv=1&dr=0&ds=6&er=&ft=c~.Zm4L-gXoInz7T&l=202201170325130101131350781E4BCB96&lr=all&mime_type=video_mp4&net=0&pl=0&qs=4&rc=ajhkeTtyNjM1NDMzNzczM0ApMzk8aTU5NmQ4NzM5Njk2aWcvamRjNGE2LmtgLS1kMTZzczMwYC9jYWIuXy9iMGMzNS86Yw%3D%3D&vl=&vr=
video/mp4, bytes 0-1024000/1143962, 1642389942.9829113, 1642389942.9845216, 1642389943.0127025, 1642389943.908469, v25.tiktokcdn-us.com, 94c8715ad3e9ed1a21f7b3c0b64e8426, /94c8715ad3e9ed1a21f7b3c0b64e8426/61e53607/video/tos/useast2a/tos-useast2a-pve-0068/b637ca2b83ce47c2ac2e48d883388487/?a=1233&br=1258&bt=629&cd=0%7C0%7C0&ch=0&cr=3&cs=2&cv=1&dr=0&ds=6&er=&ft=c~.Zm4L-gXoInz7T&l=202201170325130101131350781E4BCB96&lr=all&mime_type=video_mp4&net=0&pl=0&qs=11&rc=MzRoaGV1czhxMzMzZzczM0ApZjM0ZztmOmRnN2ZkOjw4PGcvZDQxcDU1ZW5gLS1eMTZzczRgYWE1MzNeLjYxXmFgMWA6Yw%3D%3D&vl=&vr=
video/mp4, bytes 0-599629/599630, 1642389944.3896542, 1642389944.390724, 1642389944.4195037, 1642389944.9588432, v25.tiktokcdn-us.com, cf6ad3cf8bd482c086c309eb1fa55026, /cf6ad3cf8bd482c086c309eb1fa55026/61e53600/video/tos/useast2a/tos-useast2a-ve-0068c004/53037072e7ea46719f71503983e53896/?a=1233&br=1180&bt=590&cd=0%7C0%7C0&ch=0&cr=3&cs=2&cv=1&dr=0&ds=3&er=&ft=c~.Zm4L-gXoInz7T&l=202201170325130101131350781E4BCB96&lr=all&mime_type=video_mp4&net=0&pl=0&qs=14&rc=M2dvcmg6ZmZtOTMzNzczM0ApNWg6aWY2aGU8NzdpOWc7OWdsaGEucjRvZV9gLS1kMTZzc15hLjIzXmIxNWNeYjUwYGA6Yw%3D%3D&vl=&vr=
video/mp4, bytes 0-473870/473871, 1642389945.2391057, 1642389945.2410018, 1642389945.2716575, 1642389945.695318, v25.tiktokcdn-us.com, a13b49cb68812126c32e63ac3b05d6fe, /a13b49cb68812126c32e63ac3b05d6fe/61e535fd/video/tos/useast2a/tos-useast2a-ve-0068c004/e99cb9d5a11d4ac7a496622b02f8a9ad/?a=1233&br=1476&bt=738&cd=0%7C0%7C0&ch=0&cr=3&cs=0&dr=0&ds=2&er=&ft=c~.Zm4L-gXoInz7T&l=202201170325130101131350781E4BCB96&lr=all&mime_type=video_mp4&net=0&pl=0&qs=0&rc=MzN1NmdkcnU2NTMzNzczM0ApNjk0Z2c7Zzs4NzRmMzYzM2dwYmtrai5laXFgLS1kMTZzc2BiNV4zNTEyNjQ0XmEzMS86Yw%3D%3D&vl=&vr=
video/mp4, bytes 0-1024000/1492445, 1642389949.1009798, 1642389949.1066132, 1642389949.220271, 1642389950.0137012, v25.tiktokcdn-us.com, e20ab491fbe7d9c1cbf524ed1cbd21b9, /e20ab491fbe7d9c1cbf524ed1cbd21b9/61e5360c/video/tos/useast2a/tos-useast2a-ve-0068c001/c5de9ff6392249969411ec47d9e78136/?a=1233&br=1208&bt=604&cd=0%7C0%7C0&ch=0&cr=3&cs=2&cv=1&dr=0&ds=6&er=&ft=c~.Zm4L-gXoInz7T&l=202201170325130101131350781E4BCB96&lr=all&mime_type=video_mp4&net=0&pl=0&qs=4&rc=ampneXc6ZTR3NTMzNzczM0ApPDo7OjtpZzs6N2Y8ZWdmZGdzLWgwNmMtNGNgLS1kMTZzc2M0NTU2MDUyYDExXmE2Y146Yw%3D%3D&vl=&vr=
video/mp4, bytes 1024000-1417687/1417688, 1642389951.7757738, 1642389951.7773123, 1642389951.8138866, 1642389952.356721, v25.tiktokcdn-us.com, 242bd51a9fbb300afc876799d46266ae, /242bd51a9fbb300afc876799d46266ae/61e5360d/video/tos/useast2a/tos-useast2a-ve-0068c003/ea7de911776840ddb16332a908d46e62/?a=1233&br=1060&bt=530&cd=0%7C0%7C0&ch=0&cr=3&cs=2&cv=1&dr=0&ds=6&er=&ft=c~.Zm4L-gXoInz7T&l=202201170325130101131350781E4BCB96&lr=all&mime_type=video_mp4&net=0&pl=0&qs=5&rc=anZ0aGhoNG0zNTMzNzczM0ApNDRoOmc0ZGVpNzdnM2QzOWcvbGZhM3BoLm5gLS1kMTZzcy1fYDBeNS00NF8yYjZgYWE6Yw%3D%3D&vl=&vr=
video/mp4, bytes 1024000-1143961/1143962, 1642389953.2254503, 1642389953.2323995, 1642389953.2710133, 1642389953.4013526, v25.tiktokcdn-us.com, 94c8715ad3e9ed1a21f7b3c0b64e8426, /94c8715ad3e9ed1a21f7b3c0b64e8426/61e53607/video/tos/useast2a/tos-useast2a-pve-0068/b637ca2b83ce47c2ac2e48d883388487/?a=1233&br=1258&bt=629&cd=0%7C0%7C0&ch=0&cr=3&cs=2&cv=1&dr=0&ds=6&er=&ft=c~.Zm4L-gXoInz7T&l=202201170325130101131350781E4BCB96&lr=all&mime_type=video_mp4&net=0&pl=0&qs=11&rc=MzRoaGV1czhxMzMzZzczM0ApZjM0ZztmOmRnN2ZkOjw4PGcvZDQxcDU1ZW5gLS1eMTZzczRgYWE1MzNeLjYxXmFgMWA6Yw%3D%3D&vl=&vr=
video/mp4, bytes 0-633979/633980, 1642389953.5359206, 1642389953.5374954, 1642389953.5687964, 1642389954.2845662, v25.tiktokcdn-us.com, c5d865ea87cb815a5330c9ade0840f04, /c5d865ea87cb815a5330c9ade0840f04/61e53609/video/tos/useast5/tos-useast5-pve-0068-tx/f62e02f024c540c89a00998f535a6845/?a=1233&br=582&bt=291&cd=0%7C0%7C0&ch=0&cr=3&cs=2&cv=1&dr=0&ds=3&er=&ft=c~.Zm4L-gXoInz7T&l=202201170325130101131350781E4BCB96&lr=all&mime_type=video_mp4&net=0&pl=0&qs=14&rc=anhtOmY6Zmo6OjMzZzczNEApOjM6NDc4aWRkNzVlODRpOWdybmZucjRfbTZgLS1kMS9zcy4vYmFhMV5jMzZeNjY1XjY6Yw%3D%3D&vl=&vr=
video/mp4, bytes 1024000-1492444/1492445, 1642389965.792866, 1642389965.7947304, 1642389965.8471441, 1642389966.3114233, v25.tiktokcdn-us.com, e20ab491fbe7d9c1cbf524ed1cbd21b9, /e20ab491fbe7d9c1cbf524ed1cbd21b9/61e5360c/video/tos/useast2a/tos-useast2a-ve-0068c001/c5de9ff6392249969411ec47d9e78136/?a=1233&br=1208&bt=604&cd=0%7C0%7C0&ch=0&cr=3&cs=2&cv=1&dr=0&ds=6&er=&ft=c~.Zm4L-gXoInz7T&l=202201170325130101131350781E4BCB96&lr=all&mime_type=video_mp4&net=0&pl=0&qs=4&rc=ampneXc6ZTR3NTMzNzczM0ApPDo7OjtpZzs6N2Y8ZWdmZGdzLWgwNmMtNGNgLS1kMTZzc2M0NTU2MDUyYDExXmE2Y146Yw%3D%3D&vl=&vr=
video/mp4, bytesbytes 0-1024000/1696741, 1642389966.6448095, 1642389966.6465063, 1642389966.661136, 1642389967.543816, v19.tiktokcdn-us.com, fe0c95ee19f0e80aa3218bec4294cef3, /fe0c95ee19f0e80aa3218bec4294cef3/61e5363f/video/tos/useast2a/tos-useast2a-ve-0068c003/f348836467bc49eaa857075d7c4a121e/?a=1233&br=1382&bt=691&cd=0%7C0%7C0&ch=0&cr=3&cs=2&cv=1&dr=0&ds=6&er=&ft=c~.Zm4L-gXoInz7T&l=2022011703260401011313522815504E3A&lr=all&mime_type=video_mp4&net=0&pl=0&qs=5&rc=anhwMzw6ZnRqNzMzNzczM0ApZmRlNzpnaGQ0NzloO2k6OWctZ2sycjQwLWpgLS1kMTZzczZeMzE0YWAzLTMuXi8xYWM6Yw%3D%3D&vl=&vr=
video/mp4, bytesbytes 0-1024000/1086827, 1642389967.9020433, 1642389967.90327, 1642389967.9130392, 1642389968.7875583, v19.tiktokcdn-us.com, d03a7e9fac14a986844a42d3d0f1901f, /d03a7e9fac14a986844a42d3d0f1901f/61e5363c/video/tos/useast2a/tos-useast2a-ve-0068c001/295b332c110d4d928a200669b9671d6c/?a=1233&br=1022&bt=511&cd=0%7C0%7C0&ch=0&cr=3&cs=2&cv=1&dr=0&ds=6&er=&ft=c~.Zm4L-gXoInz7T&l=2022011703260401011313522815504E3A&lr=all&mime_type=video_mp4&net=0&pl=0&qs=4&rc=anA2NDg6Zmt2NzMzNzczM0ApPGc1Omg2ZWU3N2hmMzc4OWdhMXI2cjRfZy9gLS1kMTZzcy1eX14zLTUzYGNeYi9fNjE6Yw%3D%3D&vl=&vr=
video/mp4, bytesbytes 0-265347/265348, 1642389969.2727995, 1642389969.2740352, 1642389969.2844548, 1642389969.560217, v19.tiktokcdn-us.com, 5fe6292c736a0d5fb58596cc2ee1b521, /5fe6292c736a0d5fb58596cc2ee1b521/61e53634/video/tos/alisg/tos-alisg-pve-0037c001/88d0a2f0d8fd40f699e281a9c3b021f0/?a=1233&br=482&bt=241&cd=0%7C0%7C0&ch=0&cr=3&cs=2&cv=1&dr=0&ds=6&er=&ft=c~.Zm4L-gXoInz7T&l=2022011703260401011313522815504E3A&lr=all&mime_type=video_mp4&net=0&pl=0&qs=11&rc=ajdzOXE6bDNyMzMzODczM0ApNTk1aTU8OGRoNzdoM2Y5aWdgMzExMm9rcDRgLS0yMTRzcy0zMTEyXmAvYi81MzAxLWI6Yw%3D%3D&vl=&vr=
video/mp4, bytesbytes 0-517792/517793, 1642389969.6841142, 1642389969.6853306, 1642389969.6959736, 1642389970.2339113, v19.tiktokcdn-us.com, 6deedb3308b4ef55cc83d7c774425e3f, /6deedb3308b4ef55cc83d7c774425e3f/61e53634/video/tos/useast2a/tos-useast2a-ve-0068c004/61ddc728cfd74da9806df42f9f1aa3a3/?a=1233&br=926&bt=463&cd=0%7C0%7C0&ch=0&cr=3&cs=2&cv=1&dr=0&ds=6&er=&ft=c~.Zm4L-gXoInz7T&l=2022011703260401011313522815504E3A&lr=all&mime_type=video_mp4&net=0&pl=0&qs=5&rc=amRzOzp5aHRneDMzPDczM0ApNzVmaTk2N2RoNzc7ZDQ3aWdyaGs0YWpnLWRfLS0zMTZzczJjNDMwXy1hYzVjYmA1Nl46Yw%3D%3D&vl=&vr=
video/mp4, bytesbytes 0-1024000/3512906, 1642389985.453468, 1642389985.4695494, 1642389985.492007, 1642389987.1605322, v19.tiktokcdn-us.com, 307d28159ccf2b99b24fce80f337dec4, /307d28159ccf2b99b24fce80f337dec4/61e53654/video/tos/useast5/tos-useast5-ve-0068c001-tx/38bf562383a74abdb674e88e1fafda47/?a=1233&br=1342&bt=671&cd=0%7C0%7C0&ch=0&cr=3&cs=2&cv=1&dr=0&ds=6&er=&ft=c~.Zm4L-gXoInz7T&l=2022011703260401011313522815504E3A&lr=all&mime_type=video_mp4&net=0&pl=0&qs=11&rc=M3JsZGQ6Zjg5OjMzZzczNEApaDpoNTRlNzszNzU4OGg0OGdxY3BocjRfZTBgLS1kMS9zc18xMjItMTMtNjRgXzMwX2I6Yw%3D%3D&vl=&vr=
video/mp4, bytesbytes 1024000-1696740/1696741, 1642390002.6564631, 1642390002.6575406, 1642390002.676995, 1642390003.271638, v19.tiktokcdn-us.com, fe0c95ee19f0e80aa3218bec4294cef3, /fe0c95ee19f0e80aa3218bec4294cef3/61e5363f/video/tos/useast2a/tos-useast2a-ve-0068c003/f348836467bc49eaa857075d7c4a121e/?a=1233&br=1382&bt=691&cd=0%7C0%7C0&ch=0&cr=3&cs=2&cv=1&dr=0&ds=6&er=&ft=c~.Zm4L-gXoInz7T&l=2022011703260401011313522815504E3A&lr=all&mime_type=video_mp4&net=0&pl=0&qs=5&rc=anhwMzw6ZnRqNzMzNzczM0ApZmRlNzpnaGQ0NzloO2k6OWctZ2sycjQwLWpgLS1kMTZzczZeMzE0YWAzLTMuXi8xYWM6Yw%3D%3D&vl=&vr=
video/mp4, bytesbytes 1024000-1086826/1086827, 1642390003.5616226, 1642390003.56319, 1642390003.5871873, 1642390003.6456766, v19.tiktokcdn-us.com, d03a7e9fac14a986844a42d3d0f1901f, /d03a7e9fac14a986844a42d3d0f1901f/61e5363c/video/tos/useast2a/tos-useast2a-ve-0068c001/295b332c110d4d928a200669b9671d6c/?a=1233&br=1022&bt=511&cd=0%7C0%7C0&ch=0&cr=3&cs=2&cv=1&dr=0&ds=6&er=&ft=c~.Zm4L-gXoInz7T&l=2022011703260401011313522815504E3A&lr=all&mime_type=video_mp4&net=0&pl=0&qs=4&rc=anA2NDg6Zmt2NzMzNzczM0ApPGc1Omg2ZWU3N2hmMzc4OWdhMXI2cjRfZy9gLS1kMTZzcy1eX14zLTUzYGNeYi9fNjE6Yw%3D%3D&vl=&vr=
video/mp4, bytesbytes 0-769252/769253, 1642390003.7211099, 1642390003.7225132, 1642390003.7409096, 1642390004.378937, v19.tiktokcdn-us.com, 8695976cbfe194e491868ff27f8ed2f2, /8695976cbfe194e491868ff27f8ed2f2/61e5363b/video/tos/useast2a/tos-useast2a-ve-0068c004/efbfd78c2abf4559a766c6d6de5511bc/?a=1233&br=786&bt=393&cd=0%7C0%7C0&ch=0&cr=3&cs=2&cv=1&dr=0&ds=6&er=&ft=c~.Zm4L-gXoInz7T&l=2022011703260401011313522815504E3A&lr=all&mime_type=video_mp4&net=0&pl=0&qs=5&rc=ajZ5OTtzbGo5NDMzNzczM0ApMzc7PDo3OzxpNzQ8ZTc4NmdqXjFga3NvY2tgLS1kMTZzc2MuY180MzUuYjExLzI2LTE6Yw%3D%3D&vl=&vr=
video/mp4, bytesbytes 0-533647/533648, 1642390004.6551297, 1642390004.6565616, 1642390004.6694982, 1642390005.175333, v19.tiktokcdn-us.com, 57bacffef10cbaf4a9be11a274bef3ce, /57bacffef10cbaf4a9be11a274bef3ce/61e53635/video/tos/useast2a/tos-useast2a-ve-0068c002/3de104e8920c42b783312742acf07bdb/?a=1233&br=872&bt=436&cd=0%7C0%7C0&ch=0&cr=3&cs=2&cv=1&dr=0&ds=6&er=&ft=c~.Zm4L-gXoInz7T&l=2022011703260401011313522815504E3A&lr=all&mime_type=video_mp4&net=0&pl=0&qs=4&rc=am52Zzs6ZndrNzMzNzczM0ApOGk2ZWU4Zzs1N2RoOmVpZ2dnZGk1cjQwXmxgLS1kMTZzczRgMWAyYmBeY2BhMWIxLl46Yw%3D%3D&vl=&vr=
video/mp4, bytesbytes 0-1024000/1341214, 1642390016.0721738, 1642390016.0736456, 1642390016.0972123, 1642390017.4552689, v19.tiktokcdn-us.com, 22c85c5481a540ed55d30fc70986dbc7, /22c85c5481a540ed55d30fc70986dbc7/61e5363b/video/tos/useast2a/tos-useast2a-ve-0068c002/9e8ed43555484c4b83d5257edb9435d0/?a=1233&br=1346&bt=673&cd=0%7C0%7C0&ch=0&cr=3&cs=2&cv=1&dr=0&ds=6&er=&ft=c~.Zm4L-gXoInz7T&l=2022011703260401011313522815504E3A&lr=all&mime_type=video_mp4&net=0&pl=0&qs=11&rc=ajVyZzt5dGlreDMzZTczM0ApZzw0Ozk2OmQ0NzVoOWRnZmcuZWYxL3BuaDRfLS0wMTZzc2IyMC1jNF40XjY2LTAwLzQ6Yw%3D%3D&vl=&vr=
video/mp4, bytesbytes 0-1024000/1468106, 1642390017.9042778, 1642390017.9061396, 1642390017.9205143, 1642390019.0021858, v19.tiktokcdn-us.com, 6f152eb7842dd81c66c350be83b3b152, /6f152eb7842dd81c66c350be83b3b152/61e5363a/video/tos/useast2a/tos-useast2a-ve-0068c001/b21486bb7d81477baabd50d3c947dcf1/?a=1233&br=1530&bt=765&cd=0%7C0%7C0&ch=0&cr=3&cs=2&cv=1&dr=0&ds=6&er=&ft=c~.Zm4L-gXoInz7T&l=2022011703260401011313522815504E3A&lr=all&mime_type=video_mp4&net=0&pl=0&qs=5&rc=ajRwZTw7bGR2NjMzNzczM0ApaWhnOWZlO2U7N2ZoZDg5M2dvNmFvMXBvYGRgLS1kMTZzcy8xNmJfXzItNC42Yy5gXzQ6Yw%3D%3D&vl=&vr=
video/mp4, bytesbytes 1024000-3512905/3512906, 1642390025.801399, 1642390025.8033779, 1642390025.814665, 1642390028.9650805, v19.tiktokcdn-us.com, 307d28159ccf2b99b24fce80f337dec4, /307d28159ccf2b99b24fce80f337dec4/61e53654/video/tos/useast5/tos-useast5-ve-0068c001-tx/38bf562383a74abdb674e88e1fafda47/?a=1233&br=1342&bt=671&cd=0%7C0%7C0&ch=0&cr=3&cs=2&cv=1&dr=0&ds=6&er=&ft=c~.Zm4L-gXoInz7T&l=2022011703260401011313522815504E3A&lr=all&mime_type=video_mp4&net=0&pl=0&qs=11&rc=M3JsZGQ6Zjg5OjMzZzczNEApaDpoNTRlNzszNzU4OGg0OGdxY3BocjRfZTBgLS1kMS9zc18xMjItMTMtNjRgXzMwX2I6Yw%3D%3D&vl=&vr=
video/mp4, bytesbytes 0-693192/693193, 1642390029.9972787, 1642390030.0001032, 1642390030.0122578, 1642390030.8214972, v19.tiktokcdn-us.com, 9bc2fbf13703a84dc824174695c60e12, /9bc2fbf13703a84dc824174695c60e12/61e53634/video/tos/useast2a/tos-useast2a-ve-0068c004/a9eb81410a7f48f794f98e82aae77edb/?a=1233&br=1254&bt=627&cd=0%7C0%7C0&ch=0&cr=3&cs=2&cv=1&dr=0&ds=6&er=&ft=c~.Zm4L-gXoInz7T&l=2022011703260401011313522815504E3A&lr=all&mime_type=video_mp4&net=0&pl=0&qs=5&rc=M3V0ZDxmOjtuNDMzMzczM0ApOmdmZGg3OGQ3N2VnZzQ5NWduZGVtNmVzMWRgLS02MTZzc2EyLi4xYmEuMzU1YzFeNWI6Yw%3D%3D&vl=&vr=
video/mp4, bytesbytes 1024000-1341213/1341214, 1642390051.0980892, 1642390051.0999453, 1642390051.1129777, 1642390052.0145662, v19.tiktokcdn-us.com, 22c85c5481a540ed55d30fc70986dbc7, /22c85c5481a540ed55d30fc70986dbc7/61e5363b/video/tos/useast2a/tos-useast2a-ve-0068c002/9e8ed43555484c4b83d5257edb9435d0/?a=1233&br=1346&bt=673&cd=0%7C0%7C0&ch=0&cr=3&cs=2&cv=1&dr=0&ds=6&er=&ft=c~.Zm4L-gXoInz7T&l=2022011703260401011313522815504E3A&lr=all&mime_type=video_mp4&net=0&pl=0&qs=11&rc=ajVyZzt5dGlreDMzZTczM0ApZzw0Ozk2OmQ0NzVoOWRnZmcuZWYxL3BuaDRfLS0wMTZzc2IyMC1jNF40XjY2LTAwLzQ6Yw%3D%3D&vl=&vr=
video/mp4, bytesbytes 1024000-1468105/1468106, 1642390053.8440776, 1642390053.8472903, 1642390053.8720455, 1642390055.290408, v19.tiktokcdn-us.com, 6f152eb7842dd81c66c350be83b3b152, /6f152eb7842dd81c66c350be83b3b152/61e5363a/video/tos/useast2a/tos-useast2a-ve-0068c001/b21486bb7d81477baabd50d3c947dcf1/?a=1233&br=1530&bt=765&cd=0%7C0%7C0&ch=0&cr=3&cs=2&cv=1&dr=0&ds=6&er=&ft=c~.Zm4L-gXoInz7T&l=2022011703260401011313522815504E3A&lr=all&mime_type=video_mp4&net=0&pl=0&qs=5&rc=ajRwZTw7bGR2NjMzNzczM0ApaWhnOWZlO2U7N2ZoZDg5M2dvNmFvMXBvYGRgLS1kMTZzcy8xNmJfXzItNC42Yy5gXzQ6Yw%3D%3D&vl=&vr=
video/mp4, bytesbytes 0-980941/980942, 1642390056.2934375, 1642390056.2964134, 1642390056.332444, 1642390057.4803476, v16m.tiktokcdn-us.com, 2b63ff8090c9733e87fd1929f297b314, /2b63ff8090c9733e87fd1929f297b314/61e53695/video/tos/useast2a/tos-useast2a-ve-0068c003/e03dc43dab0a4436b4e65c3f1e1c5f17/?a=1233&br=814&bt=407&cd=0%7C0%7C0&ch=0&cr=3&cs=2&cv=1&dr=0&ds=6&er=&ft=c~.Zm4L-gXoInz7T&l=202201170327310101131351501B4D5FA4&lr=all&mime_type=video_mp4&net=0&pl=0&qs=5&rc=amxzNWg6Zm1pNzMzNzczM0ApMzs1aWZlOTw4NzM4OzdkNWc0M2YzcjQwaWxgLS1kMTZzcy1eNDFfNV41NDJeMi1eYjI6Yw%3D%3D&vl=&vr=
video/mp4, bytesbytes 0-1024000/1385717, 1642390057.9017189, 1642390057.903005, 1642390057.9190302, 1642390058.878477, v16m.tiktokcdn-us.com, af06c24f7a5a48fc9a409445407d5b0b, /af06c24f7a5a48fc9a409445407d5b0b/61e53696/video/tos/useast2a/tos-useast2a-pve-0068/a27f7933c7584a20ab3fd6eb8b24a7cc/?a=1233&br=1110&bt=555&cd=0%7C0%7C0&ch=0&cr=3&cs=2&cv=1&dr=0&ds=6&er=&ft=c~.Zm4L-gXoInz7T&l=202201170327310101131351501B4D5FA4&lr=all&mime_type=video_mp4&net=0&pl=0&qs=11&rc=anU4aW94PDRpeDMzZzczM0ApZ2U2ZTU7ZDw5NzNoZDg5NGcyZmYtY2Znc2VfLS1jMTZzc2MxMmJeL2BeMzM2XmIvMTQ6Yw%3D%3D&vl=&vr=
video/mp4, bytesbytes 0-419481/419482, 1642390059.3867402, 1642390059.3875716, 1642390059.4392486, 1642390059.7798429, v16m.tiktokcdn-us.com, 0eea4d9b7f603f210959c25ff4179373, /0eea4d9b7f603f210959c25ff4179373/61e53689/video/tos/useast2a/tos-useast2a-pve-0068/46543e7d809d430f8c7b431197bb09bf/?a=1233&br=916&bt=458&cd=0%7C0%7C0&ch=0&cr=3&cs=2&cv=1&dr=0&ds=6&er=&ft=c~.Zm4L-gXoInz7T&l=202201170327310101131351501B4D5FA4&lr=all&mime_type=video_mp4&net=0&pl=0&qs=4&rc=ajc1ZWQ6Zml1NjMzNzczM0ApNDs7OWhnaDtoNzlkOTk4aWdnai1lcjRfcWpgLS1kMTZzc2M0YGBiYF8tYmA2Y2EuL2M6Yw%3D%3D&vl=&vr=
video/mp4, bytesbytes 0-716769/716770, 1642390059.963833, 1642390059.9666457, 1642390059.9863193, 1642390060.5702615, v16m.tiktokcdn-us.com, 0757f290b7bb8597db557ba23842378c, /0757f290b7bb8597db557ba23842378c/61e5368d/video/tos/useast2a/tos-useast2a-ve-0068c004/8ef5572352a949ec98150aec8025dd70/?a=1233&br=1038&bt=519&cd=0%7C0%7C0&ch=0&cr=3&cs=2&cv=1&dr=0&ds=6&er=&ft=c~.Zm4L-gXoInz7T&l=202201170327310101131351501B4D5FA4&lr=all&mime_type=video_mp4&net=0&pl=0&qs=11&rc=M3Fxczs6Zmc1NzMzNzczM0ApOWdkPDllaDtlNzs0aDdmNmdvNV4vcjRncjFgLS1kMTZzczFiXzQzNjU0NV9fLWBfXl86Yw%3D%3D&vl=&vr=
video/mp4, bytesbytes 0-1024000/1589872, 1642390061.6387753, 1642390061.6424198, 1642390061.6681726, 1642390062.7287478, v16m.tiktokcdn-us.com, 87f3242f6883f8c2a8b553394e42e982, /87f3242f6883f8c2a8b553394e42e982/61e5368f/video/tos/useast2a/tos-useast2a-ve-0068c003/91c724bf933b40f5903e337d94f8f6a7/?a=1233&br=1944&bt=972&cd=0%7C0%7C0&ch=0&cr=3&cs=2&cv=1&dr=0&ds=6&er=&ft=c~.Zm4L-gXoInz7T&l=202201170327310101131351501B4D5FA4&lr=all&mime_type=video_mp4&net=0&pl=0&qs=5&rc=M2VqbzM6ZmQ7NjMzNzczM0ApZGU1aGc7ZGU2NzhoZTNoZ2dkZGFncjRfaG9gLS1kMTZzcy4zYmA1MmE0NmEzLV8tYjQ6Yw%3D%3D&vl=&vr=
video/mp4, bytesbytes 0-568988/568989, 1642390063.789278, 1642390063.792792, 1642390063.819315, 1642390064.4075565, v16m.tiktokcdn-us.com, 3efa9fa228060685003d40446779122c, /3efa9fa228060685003d40446779122c/61e5368e/video/tos/useast2a/tos-useast2a-pve-0068/0db5a52be4814ca482755ba7b47a0966/?a=1233&br=764&bt=382&cd=0%7C0%7C0&ch=0&cr=3&cs=2&cv=1&dr=0&ds=6&er=&ft=c~.Zm4L-gXoInz7T&l=202201170327310101131351501B4D5FA4&lr=all&mime_type=video_mp4&net=0&pl=0&qs=11&rc=M204cjw6Zm1zODMzNzgzM0ApZmZkOGdkaTs0NztmODk3aGdecmtrcjQwZXFgLS1kLzZzc2BjMWAwLTRfMC8wYmAuNGI6Yw%3D%3D&vl=&vr=
video/mp4, bytesbytes 1024000-1385716/1385717, 1642390082.789118, 1642390082.7903445, 1642390082.8058057, 1642390083.346673, v16m.tiktokcdn-us.com, af06c24f7a5a48fc9a409445407d5b0b, /af06c24f7a5a48fc9a409445407d5b0b/61e53696/video/tos/useast2a/tos-useast2a-pve-0068/a27f7933c7584a20ab3fd6eb8b24a7cc/?a=1233&br=1110&bt=555&cd=0%7C0%7C0&ch=0&cr=3&cs=2&cv=1&dr=0&ds=6&er=&ft=c~.Zm4L-gXoInz7T&l=202201170327310101131351501B4D5FA4&lr=all&mime_type=video_mp4&net=0&pl=0&qs=11&rc=anU4aW94PDRpeDMzZzczM0ApZ2U2ZTU7ZDw5NzNoZDg5NGcyZmYtY2Znc2VfLS1jMTZzc2MxMmJeL2BeMzM2XmIvMTQ6Yw%3D%3D&vl=&vr=
video/mp4, bytesbytes 0-1024000/1511927, 1642390083.5377014, 1642390083.5386143, 1642390083.577611, 1642390084.7722747, v16m.tiktokcdn-us.com, 3688b8fe2ebe12b58f14de5324271563, /3688b8fe2ebe12b58f14de5324271563/61e53697/video/tos/useast2a/tos-useast2a-pve-0068/fcb55ec68264411daa7a8140759786fd/?a=1233&br=1140&bt=570&cd=0%7C0%7C0&ch=0&cr=3&cs=2&cv=1&dr=0&ds=6&er=&ft=c~.Zm4L-gXoInz7T&l=202201170327310101131351501B4D5FA4&lr=all&mime_type=video_mp4&net=0&pl=0&qs=11&rc=MzY0NTY6ZjhrNzMzNzczM0ApaWQzOTZlNzw2NzQ6aWloaWdjYnFmcjQwLmhgLS1kMTZzcy1jX2FfYDFhNGEtX2E1LS46Yw%3D%3D&vl=&vr=
video/mp4, bytesbytes 0-418386/418387, 1642390088.4687874, 1642390088.4740546, 1642390088.5011206, 1642390088.9874115, v16m.tiktokcdn-us.com, bcd34461fc9f64ba6412d0017a9b3122, /bcd34461fc9f64ba6412d0017a9b3122/61e5368a/video/tos/useast5/tos-useast5-ve-0068c004-tx/76d2b8ec07e045ac97babd32e7849b66/?a=1233&br=856&bt=428&cd=0%7C0%7C0&ch=0&cr=3&cs=2&cv=1&dr=0&ds=3&er=&ft=c~.Zm4L-gXoInz7T&l=202201170327310101131351501B4D5FA4&lr=all&mime_type=video_mp4&net=0&pl=0&qs=14&rc=anY1dmk6Zmk2OTMzZzczNEApNTM7PDplZDs3N2k3NTQ0NGdtbl8ycjQwNTFgLS1kMS9zcy1iMTNhMjVgXzFhX2MvNWI6Yw%3D%3D&vl=&vr=
video/mp4, bytesbytes 0-493479/493480, 1642390089.1700556, 1642390089.1720593, 1642390089.217967, 1642390089.8040543, v16m.tiktokcdn-us.com, dd1f02163721cc047600c076eb126758, /dd1f02163721cc047600c076eb126758/61e5368a/video/tos/useast2a/tos-useast2a-ve-0068c001/2e99d8cb79244ae99f25ae3ac8163fed/?a=1233&br=1044&bt=522&cd=0%7C0%7C0&ch=0&cr=3&cs=2&cv=1&dr=0&ds=6&er=&ft=c~.Zm4L-gXoInz7T&l=202201170327310101131351501B4D5FA4&lr=all&mime_type=video_mp4&net=0&pl=0&qs=4&rc=M3hxczRra3FwNjMzNzczM0ApZWVkM2lnaWVmNzk0OjVoZmctaGdqMTVxcTFgLS1kMTZzcy1eMDQ0YTVgNl8yLTMvMGE6Yw%3D%3D&vl=&vr=
video/mp4, bytesbytes 1024000-1589871/1589872, 1642390100.0390782, 1642390100.0442502, 1642390100.0579863, 1642390101.0818954, v16m.tiktokcdn-us.com, 87f3242f6883f8c2a8b553394e42e982, /87f3242f6883f8c2a8b553394e42e982/61e5368f/video/tos/useast2a/tos-useast2a-ve-0068c003/91c724bf933b40f5903e337d94f8f6a7/?a=1233&br=1944&bt=972&cd=0%7C0%7C0&ch=0&cr=3&cs=2&cv=1&dr=0&ds=6&er=&ft=c~.Zm4L-gXoInz7T&l=202201170327310101131351501B4D5FA4&lr=all&mime_type=video_mp4&net=0&pl=0&qs=5&rc=M2VqbzM6ZmQ7NjMzNzczM0ApZGU1aGc7ZGU2NzhoZTNoZ2dkZGFncjRfaG9gLS1kMTZzcy4zYmA1MmE0NmEzLV8tYjQ6Yw%3D%3D&vl=&vr=
video/mp4, bytesbytes 0-638227/638228, 1642390101.5482512, 1642390101.5553076, 1642390101.6002545, 1642390103.0736113, v16m.tiktokcdn-us.com, 301f0dd358dd24f138fb5753b76e94d2, /301f0dd358dd24f138fb5753b76e94d2/61e5368e/video/tos/useast2a/tos-useast2a-pve-0068/757a2f8b19044ed39ac6674811366bc1/?a=1233&br=852&bt=426&cd=0%7C0%7C0&ch=0&cr=3&cs=2&cv=1&dr=0&ds=6&er=&ft=c~.Zm4L-gXoInz7T&l=202201170327310101131351501B4D5FA4&lr=all&mime_type=video_mp4&net=0&pl=0&qs=4&rc=ampkM21rdWVrNjMzNzczM0ApOztlZjVkZWQ1N2UzaTRnNWdqM2luaWliMS5gLS1kMTZzczEzYzQ0NS4uLjUvYDQxLjU6Yw%3D%3D&vl=&vr=
video/mp4, bytesbytes 1024000-1511926/1511927, 1642390106.7989032, 1642390106.801789, 1642390106.8161254, 1642390107.46177, v16m.tiktokcdn-us.com, 3688b8fe2ebe12b58f14de5324271563, /3688b8fe2ebe12b58f14de5324271563/61e53697/video/tos/useast2a/tos-useast2a-pve-0068/fcb55ec68264411daa7a8140759786fd/?a=1233&br=1140&bt=570&cd=0%7C0%7C0&ch=0&cr=3&cs=2&cv=1&dr=0&ds=6&er=&ft=c~.Zm4L-gXoInz7T&l=202201170327310101131351501B4D5FA4&lr=all&mime_type=video_mp4&net=0&pl=0&qs=11&rc=MzY0NTY6ZjhrNzMzNzczM0ApaWQzOTZlNzw2NzQ6aWloaWdjYnFmcjQwLmhgLS1kMTZzcy1jX2FfYDFhNGEtX2E1LS46Yw%3D%3D&vl=&vr=
video/mp4, bytes, 1642390114.1238332, 1642390114.1289594, 1642390114.1519296, 1642390115.1216335, v16m.tiktokcdn-us.com, 9abb99c4c48b6e8218cd29295d055c6f, /9abb99c4c48b6e8218cd29295d055c6f/61e536ce/video/tos/alisg/tos-alisg-pve-0037c001/528ecdee582c401d94082a44d9ece479/?a=1233&br=898&bt=449&cd=0%7C0%7C0&ch=0&cr=3&cs=2&cv=1&dr=0&ds=6&er=&ft=c~.Zm4L-gXoInz7T&l=202201170328310101130062140F4F18E6&lr=all&mime_type=video_mp4&net=0&pl=0&qs=5&rc=M3E3eTY6ZjNsNzMzODczNEApOjRnNjNpO2U2NzxkMzU6OWdncGlwcjRfZDNgLS1kMS1zczUuNGEwLzEzXzAyYC00LjQ6Yw%3D%3D&vl=&vr=
video/mp4, bytesbytes 0-587184/587185, 1642390115.5503955, 1642390115.552184, 1642390115.5921664, 1642390116.21763, v16m.tiktokcdn-us.com, c7f379d42748239e3dff1908137c6be7, /c7f379d42748239e3dff1908137c6be7/61e536c5/video/tos/useast2a/tos-useast2a-ve-0068c001/0c2f08bc79c247508bee147852570e44/?a=1233&br=1376&bt=688&cd=0%7C0%7C0&ch=0&cr=3&cs=2&cv=1&dr=0&ds=6&er=&ft=c~.Zm4L-gXoInz7T&l=202201170328310101130062140F4F18E6&lr=all&mime_type=video_mp4&net=0&pl=0&qs=5&rc=amdzcjk6ZjpnNjMzNzczM0ApNDdoMzwzNjtkNztnNjc5ZWczNmBkcjRfbWxgLS1kMTZzc2IvYF41M2AtLS4wXl9iLzM6Yw%3D%3D&vl=&vr=
