0,v09044e50000btueapv15l8sl3ukeqpg,8077,1038069&571816&372444,0f73f7c812ac206b1f27169de5c3cdc8&e52607d08e7b2d0f9c578e6974bce8a2&63c9131687b059a3395b0297c176c319&a5f4f3593e870e816f194997b174cfc3&93a70a03b4fff23af8f6a1c8d7f39227&d949b0c0ba305537468ba2b527d71882,https://v16m.tiktokcdn-us.com/0f73f7c812ac206b1f27169de5c3cdc8/61e4f4e6/video/tos/useast2a/tos-useast2a-ve-0068c004/13370ab11f50451d9ac6b44b0fed7e9d/?a=1233&br=2026&bt=1013&cd=0%7C0%7C0&ch=0&cr=3&cs=2&cv=1&dr=0&ds=6&er=&ft=c~.Zm4L-gXoInz7T&l=20220116224727010113006071130F9432&lr=all&mime_type=video_mp4&net=0&pl=0&qs=11&rc=anRuNnZvNHNodzMzODczM0ApOGQ1aDlnM2U6N2k4ZjRmZ2dtYnJpNTJzXnJfLS1iMTZzcy0zMzQvYy81MmM1LS8uYzQ6Yw%3D%3D&vl=&vr=
1,v12044gd0000c7bpv0jc77uakaoc0an0,12560,640394&488219&247339&213602,7562c2c91fc2a4cd876ad968d3dc4ead&c1e2cb0b8b5aa473de36bdcfadc5fc0c&d3a7b916cf6eb2378f82f937f2aca9d6&7a09da7a9da58797399ae2a049acc675&39c4ee8cec6c85905f10420c0b8ec2fb&a019c31957657f370949ba8843afacfe&0a1d45a313d43592d9b45c7fc254addb&f5a24c092d9eb2beb08f4b7bb01d24c3,https://v16m.tiktokcdn-us.com/7562c2c91fc2a4cd876ad968d3dc4ead/61e4f4eb/video/tos/useast5/tos-useast5-ve-0068c004-tx/7fb7755292e94b97ae2acf9bbfa03fe3/?a=1233&br=1250&bt=625&cd=0%7C0%7C0&ch=0&cr=3&cs=2&cv=1&dr=0&ds=6&er=&ft=c~.Zm4L-gXoInz7T&l=20220116224727010113006071130F9432&lr=all&mime_type=video_mp4&net=0&pl=0&qs=11&rc=M2RmZGQ6ZjNzOjMzZzczNEApMzY7PDVoNWVlNzQ5aTppN2drLWxocjRnc19gLS1kMS9zcy4vYF5hMDA0NjI2MzNhYC86Yw%3D%3D&vl=&vr=
2,v09044g40000c6ugqd3c77u2124rt93g,20176,2319302&1902672&1030452&876028,998f14a765b75591e1e447322942051d&3ac4e8cc5047f8b8a9166d8a00105362&c83fee692db366b74cf2e0fc95cb5753&d818571851bfdffbd78688d1c0a00fb1&4125d94ba66e4a7b35940c46d865460b&7ba6b7a6ef3b04d11533ec931907d371&048d312ed9a1f196c74d2d977db75bf0&a9da094179bb9e8723cc266f963bd9c4,https://v16m.tiktokcdn-us.com/998f14a765b75591e1e447322942051d/61e4f4f3/video/tos/useast2a/tos-useast2a-pve-0068/9cf3926d23504f68ba3b97edcdc97826/?a=1233&br=4528&bt=2264&cd=0%7C0%7C0&ch=0&cr=3&cs=2&cv=1&dr=0&ds=3&er=&ft=c~.Zm4L-gXoInz7T&l=20220116224727010113006071130F9432&lr=all&mime_type=video_mp4&net=0&pl=0&qs=14&rc=ajx1NTU6ZmdqOTMzNzczM0ApNGkzaWQ1Nzs2NzU3NTQ6OmcwcTEucjQwbnJgLS1kMTZzczM2YjVgLy01YC0tXl40LWM6Yw%3D%3D&vl=&vr=
3,v09044g40000c1kjcjkfbh5e73ktqsqg,17807,788255&644665&394736&273289,55074166cf43fef34195158b1995c377&dde79f21af21a959b7487f860d6707af&5b123639365d2b02e4f2700407f3ccc3&c20eb15772e629cca7eccf932ac215a2&94582ac75d0a2af74df261d945481a80&12afa24c0bae3a105ba980bc2014ccbc&964ed9a432562d8f0649e1196428d74a&63b9cab4cce14f8f251342799de84ebb,https://v16m.tiktokcdn-us.com/55074166cf43fef34195158b1995c377/61e4f4f0/video/tos/useast2a/tos-useast2a-pve-0068/28e9383b8a8843d19cdf71afb36ba310/?a=1233&br=1538&bt=769&cd=0%7C0%7C0&ch=0&cr=3&cs=2&cv=1&dr=0&ds=3&er=&ft=c~.Zm4L-gXoInz7T&l=20220116224727010113006071130F9432&lr=all&mime_type=video_mp4&net=0&pl=0&qs=14&rc=anZ3NmhraW1tNDMzNzczM0ApZGQ8ZzZkNDxkN2QzNzg7ZWdubmg0Ml9oYGhgLS1kMTZzczYyYV8zNS0vMC9hX2M1Y2E6Yw%3D%3D&vl=&vr=
4,v09044g40000c3lg95bc77u9h05eekn0,46089,555273&414793&370651&261713,b59542cba923ba3fd30db64af709c19d&2e231a7b4b381698fdf34638712c9a37&d1abffe70c069120183d1b2b06f716a9&7c5b06a2d5a1ab7652493277b77120fd&5f66db57e2a3e3a8907d3abddb5d3bce&1cdaee58400e4a780c10c698d6ddc23a&8454ad72de44313d81d7a73b8fcb444d&07c813ce9c9626640d51671b50de05a0,https://v16m.tiktokcdn-us.com/b59542cba923ba3fd30db64af709c19d/61e4f50c/video/tos/useast2a/tos-useast2a-pve-0068/d71c0e8d4bdd441cb28765ca3433472b/?a=1233&br=1084&bt=542&cd=0%7C0%7C0&ch=0&cr=3&cs=2&cv=1&dr=0&ds=3&er=&ft=c~.Zm4L-gXoInz7T&l=20220116224727010113006071130F9432&lr=all&mime_type=video_mp4&net=0&pl=0&qs=14&rc=M25oMzw6ZjhqNjMzNzczM0ApN2kzaWQ4NDtmN2c6ZTg8aWdrYjJlcjRfNmlgLS1kMTZzczA0YmNjY2AtYDI2MDBfNjY6Yw%3D%3D&vl=&vr=
5,v09044g40000c42euh3c77u1fkgu3370,16646,567887&444282&223592&160019,fe2a9aa8daa53bcb3672c4fa9f4c2e5e&3b5006a0212849516be97de7c8d8fd87&60330cf3c01b00f52eec1dcb56345bb4&6df6fbdef1a8b4121f418830b4768af9&fd629a925672b9ef243b28f049090512&e2def2a7817e321065861d4e3c5595a9&db24420f78a59c57164ca72c5ce1b5af&fbd71c1577a2c67015c1a8098f9f73be,https://v16m.tiktokcdn-us.com/fe2a9aa8daa53bcb3672c4fa9f4c2e5e/61e4f4ef/video/tos/useast2a/tos-useast2a-pve-0068/353eea5c512a4e96bf4aed8f1a7c9fe9/?a=1233&br=1108&bt=554&cd=0%7C0%7C0&ch=0&cr=3&cs=2&cv=1&dr=0&ds=3&er=&ft=c~.Zm4L-gXoInz7T&l=20220116224727010113006071130F9432&lr=all&mime_type=video_mp4&net=0&pl=0&qs=14&rc=MzZ4bjQ6ZmtoNzMzNzczM0ApODc0NGk0NmVlN2Q7OjczM2c0MGRjcjQwci9gLS1kMTZzcy8tMWFiYS5fMzIyNTUxXy06Yw%3D%3D&vl=&vr=
6,v09044g40000c33c97iemsh0t2h21a7g,23752,1481860&967805&502757&322580&298757,4ee3c917e464270f8211b6f11a150d11&ed0890845a30ec8b9092510ca16572c2&1c4fa86b8e83efa88fedd9281551bbab&beeeea217256accbbb05f0eaab268b86&3e95c5f26b85bb63471273129664da16&4c778fc35f29076c4891891992e9f2a8&5a9e2892b10392f3d27848285fdb35af&8214609da227523ded7435390982aaab&f2cee30a1bad6aa085f82fceb0e4d528&483316817090e370500a1ff528351e25,https://v16m.tiktokcdn-us.com/4ee3c917e464270f8211b6f11a150d11/61e4f4f6/video/tos/useast2a/tos-useast2a-pve-0068/6db60453f1e54ed6a6763c05f1e88f44/?a=1233&br=2894&bt=1447&cd=0%7C0%7C0&ch=0&cr=3&cs=2&cv=1&dr=0&ds=3&er=&ft=c~.Zm4L-gXoInz7T&l=20220116224727010113006071130F9432&lr=all&mime_type=video_mp4&net=0&pl=0&qs=14&rc=amQ1NTN2aDpmNjMzNzczM0ApZjRkZzc6NzxkN2U4Ozg4O2c0LmVxZWpmNjBgLS1kMTZzczEvYWE1NDVhMjUvMTMyMzY6Yw%3D%3D&vl=&vr=
7,v09044g40000c3sb163c77u1q5eb1gn0,50199,2384648&1679789&1035368&582274,4a6527c419ab6c7188caa63909afdb60&f083e6be78f0131784bccc65a9df1f5d&84d66785d0a7037288d6f7491f8d70d0&4145d23aaca5600b6a6fbd78de489cb1&413a6c9a16514c1166e91c9c93619d0d&aa3fb524dd6e89e1879c8d327f3100a0&ff92f811cd4c8b51bcf446ac68a9a2bb&01fe1e318e504f42b91fd1b9ccc3703a,https://v16m.tiktokcdn-us.com/4a6527c419ab6c7188caa63909afdb60/61e4f511/video/tos/useast2a/tos-useast2a-pve-0068/f8286e158fda4ed7bdaec686e27037e0/?a=1233&br=4656&bt=2328&cd=0%7C0%7C0&ch=0&cr=3&cs=2&cv=1&dr=0&ds=3&er=&ft=c~.Zm4L-gXoInz7T&l=20220116224727010113006071130F9432&lr=all&mime_type=video_mp4&net=0&pl=0&qs=14&rc=M2plODQ6ZjllNjMzNzczM0ApZTtmM2Y4ZmU4Nzg0ZTxlOGdrLmJucjQwLnBgLS1kMTZzc2AwYWAzNjBfNDEzXy8uLjU6Yw%3D%3D&vl=&vr=
8,v090445c0000brsj2d7kvluo3u9i7rsg,6639,1025429&793373&341692&224755,d3539afb9701a7d406d847cebc78986a&1d46f33325408f21644c4f2a08ac9517&641ffb1718c4a47b516d5a021dc2b594&9d231ce247598a0300fe6ff8f1c60f14&034d188ce007ef2b6a2797aa550efede&b26e22f8366b008d695f7f8fbc1b6215&91f81899fdc6ef4f0833f84c37f7273f&569a7262b827231cc034e78887b0ff41,https://v16m.tiktokcdn-us.com/d3539afb9701a7d406d847cebc78986a/61e4f4e5/video/tos/useast2a/tos-useast2a-ve-0068c003/a61a2fdecc7f4812a7e9dcb661f65801/?a=1233&br=2002&bt=1001&cd=0%7C0%7C0&ch=0&cr=3&cs=2&cv=1&dr=0&ds=3&er=&ft=c~.Zm4L-gXoInz7T&l=20220116224727010113006071130F9432&lr=all&mime_type=video_mp4&net=0&pl=0&qs=14&rc=anVseHJvbmdtdTMzZjczM0ApaDZpNzQ0ZTw1N2YzOGk7OmdwNDYwcnM0L3BfLS0yMTZzc2IvYzAvMC8yNDJgNWBhYF86Yw%3D%3D&vl=&vr=
9,v09044g40000c1qs7cld1cjmekntikqg,10679,864376&417645&264892,8c3854cebc119faef871eb625ffff950&fbe4b281055fb2d9372184530a967240&f93cfb120e3d54fae63874b8d09553ba&d2c8aff597ad2d935027879c62a88f5e&4df473b47bcf177dc5192d0b3691d582&e9b1643f68801c104e9a64a6ddd2d917,https://v16m.tiktokcdn-us.com/8c3854cebc119faef871eb625ffff950/61e4f4e9/video/tos/useast2a/tos-useast2a-pve-0068/250df16a02a94b9187bfb0c9e76bfd7c/?a=1233&br=1688&bt=844&cd=0%7C0%7C0&ch=0&cr=3&cs=2&cv=1&dr=0&ds=6&er=&ft=c~.Zm4L-gXoInz7T&l=20220116224727010113006071130F9432&lr=all&mime_type=video_mp4&net=0&pl=0&qs=11&rc=am53bnBmZ2Z2NDMzNzczM0ApNTY0Z2ZoNWVoN2U8NWhoNGduZmtiZy5pNG5gLS1kMTZzczUzMF5jNTYxNl8tLTIuNl86Yw%3D%3D&vl=&vr=
10,v09044g40000c23krfe7g8j7827nf5m0,20176,1391827&955897&832763&560077,eba3018d65ade2cd1ad98971b0ecee73&a5fdccc8b3b7d237843ec773a065c743&1e1df37c39552a315d2cb6b21efea973&3dd63ac743ddf9ac6f9b7c8e628ea4f6&bd6fe27fef4da5c0931583d0f40e9a10&d288fe00ecb3aae13528bce00cfe6bb2&6c002a636965901800ad7bcf7768cf05&a5cd73046b9a2497535fd865c91c0700,https://v25.tiktokcdn-us.com/eba3018d65ade2cd1ad98971b0ecee73/61e4f55c/video/tos/useast2a/tos-useast2a-ve-0068c003/0ed2412d233a49eba49e4af52e6d8eb1/?a=1233&br=2718&bt=1359&cd=0%7C0%7C0&ch=0&cr=3&cs=2&cv=1&dr=0&ds=3&er=&ft=c~.Zm4L-gXoInz7T&l=202201162249120101131351230308E528&lr=all&mime_type=video_mp4&net=0&pl=0&qs=14&rc=MzhxNTo7OmluNTMzNzczM0ApZGY3OjgzaTw0NzU7Z2k7OWdqYzQ1Z2RibzBgLS1kMTZzczNjYl4xXmNiXmEvMl9hMWE6Yw%3D%3D&vl=&vr=
11,v09044g40000c43ejobc77ue6he4rg2g,17482,500223&416016&227615&166397,8541d93350f740d1fa79035bc44945dd&6036e9dd3a6fc61212259530ed44900a&a6160731c0e8625bdb06f50cd27f9e1c&4c907600f594738fe70cc77553877cbd&32fa1987c22cf920eae1446fc93969ae&7ca38a45f9e4a63a90d343d0c24125e4&c1f3b4b9750ee4582e38f6e14e7e2893&d34ef8414a9f239116c6148f899309f5,https://v25.tiktokcdn-us.com/8541d93350f740d1fa79035bc44945dd/61e4f559/video/tos/useast2a/tos-useast2a-ve-0068c004/ebeda0edfad943b88c11b94bd99d0786/?a=1233&br=976&bt=488&cd=0%7C0%7C0&ch=0&cr=3&cs=2&cv=1&dr=0&ds=3&er=&ft=c~.Zm4L-gXoInz7T&l=202201162249120101131351230308E528&lr=all&mime_type=video_mp4&net=0&pl=0&qs=14&rc=amo3a2g6ZnJoNzMzNzczM0ApNGhpNzppNmQ2NzRoNGk0OWcvb2IzcjRfZzBgLS1kMTZzczM1YzIvYWIzYC5iM2AvYDE6Yw%3D%3D&vl=&vr=
12,v09044g40000c2qmm5u2iutjg46gq610,15230,1793520&1235045&889186&593926,8789c9ab338ac835d320a518ae86de20&42cd455ab6c961545f34c9b6c3d11309&cd93a31aa381346fd064e6e233806c8c&a5e9bbb3fcd0840a0dce07972ca32622&23a8360c14998f57fe2da74151bf6c74&c73e4e219bf9c36a3efaf48de0b35247&8653f0b2643cce4a17233ec56583d995&e77ee4aeb84df0a57b20cc5500e2063e,https://v25.tiktokcdn-us.com/8789c9ab338ac835d320a518ae86de20/61e4f557/video/tos/useast2a/tos-useast2a-ve-0068c004/8c2392560472467faadd751cb7757143/?a=1233&br=3502&bt=1751&cd=0%7C0%7C0&ch=0&cr=3&cs=2&cv=1&dr=0&ds=3&er=&ft=c~.Zm4L-gXoInz7T&l=202201162249120101131351230308E528&lr=all&mime_type=video_mp4&net=0&pl=0&qs=14&rc=MzlqN214NThwNTMzNzczM0ApZGdlO2c7O2VpNzRnZWYzNGcubjNkcWZyam5gLS1kMTZzc14yXzNgLS1gYzI2NjY2YzY6Yw%3D%3D&vl=&vr=
13,v12044gd0000c7878sjc77u7psv0afkg,15067,661557&552707&464615&385418,02c325888827d3b22393a413ae2ab72b&4dd6ae6048de105e062d2babf1a998ad&42eef1be80b080db309b64b21e15dce0&55dcfeac967266ea863523fb112b0dbf&16c3fa7afe901401d042038ea606ff72&f5d6509723ea58e58e546cb4390579d5&ce0c50fef7781f73fa9475c9a698d013&491e1649890d312d443b3b6e265c7d46,https://v25.tiktokcdn-us.com/02c325888827d3b22393a413ae2ab72b/61e4f556/video/tos/useast5/tos-useast5-ve-0068c004-tx/288c2e7eff49415ba3911a0c11c53285/?a=1233&br=1292&bt=646&cd=0%7C0%7C0&ch=0&cr=3&cs=2&cv=1&dr=0&ds=3&er=&ft=c~.Zm4L-gXoInz7T&l=202201162249120101131351230308E528&lr=all&mime_type=video_mp4&net=0&pl=0&qs=14&rc=amkzdjo6ZnY6OjMzZzczNEApODloODVnOmU6N2k8NzQ6OGdoXnNtcjRnNTVgLS1kMS9zc2NeMzYvYl8tXy4tM19gXjY6Yw%3D%3D&vl=&vr=
14,v09044g40000c3kgrejc77u9jqnp7kpg,39820,1450795&1047947&813997&500737,140fa1bd9f20481520aedb562fcb1c9d&d5ca4adc3635f78390e218720d23dc53&310dd7d76d044b3da1b15d051db962df&5a745e2be1e24752de65c8d7dfe02ab4&ab991e336be5326ec9b804f64828307c&3b4b384f4d2a682e712e6bc6227c4941&84b35bef04d8d88644ab298c6c65648b&ba011c486016eba1f7a2555a2f79055b,https://v25.tiktokcdn-us.com/140fa1bd9f20481520aedb562fcb1c9d/61e4f56f/video/tos/useast2a/tos-useast2a-ve-0068c001/99d27d54a7b143af86fa5f55f0b033eb/?a=1233&br=2832&bt=1416&cd=0%7C0%7C0&ch=0&cr=3&cs=2&cv=1&dr=0&ds=3&er=&ft=c~.Zm4L-gXoInz7T&l=202201162249120101131351230308E528&lr=all&mime_type=video_mp4&net=0&pl=0&qs=14&rc=am5zdDw6ZmhqNjMzNzczM0ApNGk2aTVmZWU7N2U7Zzk7O2dtNGtncjRnb2hgLS1kMTZzc2I2LS8vNDUwX2A0My8xLjU6Yw%3D%3D&vl=&vr=
15,v09044g40000c2jv6hga6lvlhf9ml8fg,21221,1844886&1518566&799751,ad92f827f93d57d8f674d4f2acf8fe3e&02da8442cb117b6a8834de424ae32773&b6c97dffe64fd80190abe083e896ca5f&b851019677c3aca18d97cabf2118df7c&c9ec85798f91e142cf9dcd727ff99d1e&f07d7a13d6f2a5511df52a5785a7ec6a,https://v25.tiktokcdn-us.com/ad92f827f93d57d8f674d4f2acf8fe3e/61e4f55d/video/tos/useast2a/tos-useast2a-ve-0068c001/5b760373d72949838db6ae7478a36a43/?a=1233&br=3602&bt=1801&cd=0%7C0%7C0&ch=0&cr=3&cs=2&cv=1&dr=0&ds=6&er=&ft=c~.Zm4L-gXoInz7T&l=202201162249120101131351230308E528&lr=all&mime_type=video_mp4&net=0&pl=0&qs=11&rc=ajtwaW9vZGt5NTMzNzczM0ApNGZmZmg1aGU3Nzk2PDo8ZWdjaTZlczNkM2dgLS1kMTZzczY2YGAyMzAwMjIzMWBjYDY6Yw%3D%3D&vl=&vr=
16,v09044g40000c2a8isdj4q5u8o8d96ag,8264,540308&478499&311419&223721,cc6dda9ece0cac80820e2407e31a81b4&86eab92e7f50a629da4abfec2fdd4fe6&e06e17f23b4cef49f9ed4d3096361b30&2990165c7101fa1ff3bf68342be5ae7e&cf491f85b3f29a3880fe357a9ac83177&ac8ff47ecf0c5e8389f522320a2164c9&729e5b5bf85a694136e3cf1783c3cae3&de686a067f7b3871e443581ad9996314,https://v25.tiktokcdn-us.com/cc6dda9ece0cac80820e2407e31a81b4/61e4f550/video/tos/useast2a/tos-useast2a-pve-0068/060bd750fbeb462c8e674263b1a14cc8/?a=1233&br=1054&bt=527&cd=0%7C0%7C0&ch=0&cr=3&cs=2&cv=1&dr=0&ds=3&er=&ft=c~.Zm4L-gXoInz7T&l=202201162249120101131351230308E528&lr=all&mime_type=video_mp4&net=0&pl=0&qs=14&rc=ajlncnh0bXY7NTMzNzczM0ApPDs8Nzk0ZmVmN2c3M2lkO2deNjU1MjFhZl5gLS1kMTZzcy8uXjMtYTJiX2BjMjIuNjQ6Yw%3D%3D&vl=&vr=
17,v12044gd0000c7d0b4bc77uekfci7l50,11770,680590&563748&390091&298756,8c541b7edc7791529d497e80b0295209&062df073d8621f155dd06ab11a6d2b47&530bbfe5f0fef9d5fd19e17400e0004e&46469cdd470ab9c332187858915432e1&b126e3d4e9e56d4c2e7dea21f91e805e&4cdfdc48c3e6a2d959d4dedf9b239d4b&57539137b6553a5341aafd8682e15f03&57ed8a2e720879d70bc375d1ce2e7fda,https://v25.tiktokcdn-us.com/8c541b7edc7791529d497e80b0295209/61e4f553/video/tos/useast5/tos-useast5-ve-0068c003-tx/724514e92b8043a6947f02201f7c50ab/?a=1233&br=1328&bt=664&cd=0%7C0%7C0&ch=0&cr=3&cs=2&cv=1&dr=0&ds=3&er=&ft=c~.Zm4L-gXoInz7T&l=202201162249120101131351230308E528&lr=all&mime_type=video_mp4&net=0&pl=0&qs=14&rc=M29saWg6ZjczOjMzZzczNEApZ2hkaDY8NmQ7N2hnNjplaGcyNGBocjRfX2FgLS1kMS9zc2I2YzFeNTYyMTAyL2ItMmA6Yw%3D%3D&vl=&vr=
18,v10044g50000c6c36brc77u6q3q4r3og,25354,583702&337395&211799,b99a2a7d98c753558c4c44010539c8f1&3cb1d0d6a06d3fe2df0d1ce28a4c94fd&18d821c9ba4f16219ed6bd06833aa86b&fbebaddcf13fe997d645f4b0b1520eef&393ef8b8b15ae43cd1bcc2d92450e111&e4b454a085f73fe276eb54dadfee102a,https://v25.tiktokcdn-us.com/b99a2a7d98c753558c4c44010539c8f1/61e4f561/video/tos/alisg/tos-alisg-pve-0037c001/0fcd2e46f8c24166a41b1a8f9f5a534e/?a=1233&br=1140&bt=570&cd=0%7C0%7C0&ch=0&cr=3&cs=2&cv=1&dr=0&ds=6&er=&ft=c~.Zm4L-gXoInz7T&l=202201162249120101131351230308E528&lr=all&mime_type=video_mp4&net=0&pl=0&qs=11&rc=ajY3Njk6ZmU2OTMzODczNEApaDU1ODpnZzxmNzNmZGg4M2dsb25ucjRvM2BgLS1kMS1zczEuMDQxM2M0NS9jMWA0My46Yw%3D%3D&vl=&vr=
19,v09044970000c15qot31m2ohdov0nv80,7637,599575&441121&262117&179080,8327e64773cb96773aa96016346ba12a&c6a146823a1691a9101de8d66cc61225&4aa68aa268b6b4a461f76625e84915f7&524b42eabe4039c1e7f0dc14abf1e07b&875b812e431be3e810d6e4be0af294f0&a7a02b2d9fe563ce128f94460bacd263&e689553ed1809435737e96ef7d2f69be&051495b485f785a88771b89f8e627c35,https://v25.tiktokcdn-us.com/8327e64773cb96773aa96016346ba12a/61e4f54f/video/tos/useast2a/tos-useast2a-ve-0068c002/9a2794aa230541308cc5eca4e5bafa23/?a=1233&br=1170&bt=585&cd=0%7C0%7C0&ch=0&cr=3&cs=2&cv=1&dr=0&ds=3&er=&ft=c~.Zm4L-gXoInz7T&l=202201162249120101131351230308E528&lr=all&mime_type=video_mp4&net=0&pl=0&qs=14&rc=M3kzcms1NHd0NDMzOjczM0ApZGc7OjU6PGQ3Nzg4aTozZGc1a3NhbGowbDJgLS02MTZzcy82YjItMV9iLV8vYjEwNF86Yw%3D%3D&vl=&vr=
20,v09044f40000bq3sfh273oo36di7q7bg,15416,735858&566761&327403,0c9edf6ee9c721cd29613d72e31da3a0&2373e8a907b09a13ba221f799263930e&1bb63cf56730f47fcf174ee6309e7aa7&420266ce366fc3dacd5b13d1e5bcb58d&e367211645cc6cd58e87c78bad7f7227&3c42915f31f7392d01ac11d35f758435,https://v25.tiktokcdn-us.com/0c9edf6ee9c721cd29613d72e31da3a0/61e4f5ee/video/tos/useast2a/tos-useast2a-pve-0068/1a4eb2b04b464350bb484bfe194ad9cb/?a=1233&br=1436&bt=718&cd=0%7C0%7C0&ch=0&cr=3&cs=2&cv=1&dr=0&ds=3&er=&ft=c~.Zm4L-gXoInz7T&l=20220116225142010113006132271266D2&lr=all&mime_type=video_mp4&net=0&pl=0&qs=14&rc=ajo6ZzZyOmt2dDMzNzczM0ApZGkzNmk6MzszNzs8NGRlOGdfbmYzbDAvYzBfLS1jMTZzczEyLy9fMDFjMWBiXmFjM2A6Yw%3D%3D&vl=&vr=
21,v07044420000c199u5s35dppe9q0d1j0,8032,700067&442899&309569,85370052446467714ffbca79913968e2&1b1f4f3939b6a3589500869af5b7e3cf&c0ba2f102b9c0aab2e315699028772f6&815a7c9b2605671fe63c757965255a00&1af75c0eef61dca0a396c0e90cad88d3&df8fa327b1c9d9a2e0689982a5ac54c8,https://v25.tiktokcdn-us.com/85370052446467714ffbca79913968e2/61e4f5e6/video/tos/alisg/tos-alisg-pve-0037c001/202e295a089748c1b884ab25998a2b3a/?a=1233&br=1366&bt=683&cd=0%7C0%7C0&ch=0&cr=3&cs=2&cv=1&dr=0&ds=6&er=&ft=c~.Zm4L-gXoInz7T&l=20220116225142010113006132271266D2&lr=all&mime_type=video_mp4&net=0&pl=0&qs=11&rc=MzQzPHNnNjg8NDMzNTczM0ApOTk5aGRlOjw6Nzg7NTxnZmdnYW5ibTJwcjZgLS0xMTRzczZfMTZjMGEyYDA0LmJfMWM6Yw%3D%3D&vl=&vr=
22,v09044g40000c1n21093do78fvgam52g,14928,1985159&1630658&653285&420754,ea0c0449296c64f8b8de318aa44a1d14&87f323146e5bd9a2bcff8a74b1fca19e&7bf55714d3916966f8f56b9179d0d791&d4dc68c9a654b6d34e17222d3a439bc9&ac1adc5430db373bdd9bae8e1f55d927&f3e5c95b9bffbc9a72a00d31e68839e1&ddd2543bf769ee4d3228ba6ccd791104&cc14d1d7652ab992eb4b207db5b43a29,https://v25.tiktokcdn-us.com/ea0c0449296c64f8b8de318aa44a1d14/61e4f5ed/video/tos/useast2a/tos-useast2a-pve-0068/21c531d693a240fbb4c2d8a41a8caa19/?a=1233&br=3876&bt=1938&cd=0%7C0%7C0&ch=0&cr=3&cs=2&cv=1&dr=0&ds=3&er=&ft=c~.Zm4L-gXoInz7T&l=20220116225142010113006132271266D2&lr=all&mime_type=video_mp4&net=0&pl=0&qs=14&rc=ajhkeTtyNjM1NDMzNzczM0ApZjY7NmdpO2U3N2c0ZWlnZWcvamRjNGE2LmtgLS1kMTZzc18xMmMuLzMuLy4xMGMwYWI6Yw%3D%3D&vl=&vr=
23,v09044ad0000c0qnh58p8rsb4e7eg120,14208,881638&644122&349950&209351,a867725017b8c3ca8ca756be4fc833b7&c7de55b9bd4f8a1a8a5e8d775719ac23&681c51efdbaa15b609215a4b7a0ede6b&41f925672f2e0e66f0fde8dac0443c47&f41fe1632d5b59c72b2ccd3cdccd49cb&d2e017861f3c6de1ad7729ae31df39ea&8314b1c8eead1feaac633e931c89f0eb&cfc0f046739ff9e47e7296b6c5e3c744,https://v25.tiktokcdn-us.com/a867725017b8c3ca8ca756be4fc833b7/61e4f5ed/video/tos/useast2a/tos-useast2a-ve-0068c002/78aa8b14fb054a35b79487b137b29b3c/?a=1233&br=1720&bt=860&cd=0%7C0%7C0&ch=0&cr=3&cs=2&cv=1&dr=0&ds=3&er=&ft=c~.Zm4L-gXoInz7T&l=20220116225142010113006132271266D2&lr=all&mime_type=video_mp4&net=0&pl=0&qs=14&rc=MzRoaGV1czhxMzMzZzczM0ApO2Y3aDtkPDxpNzQ5ZmQ3OGcvZDQxcDU1ZW5gLS1eMTZzcy5gMS4wXzJiLWM0MDAvMTI6Yw%3D%3D&vl=&vr=
24,v09044g40000c6bjhcrc77ue1odlkdo0,7940,604161&439135&296553&183383,cd2c81e318e7ec061a1c1e19f56f1df6&1c860176ff0c798ec7a40d2c2c72b368&41ee9f055b4967014213784433543781&80abac094c1c75e5c3b0aa8590416605&6b9680a2e842f7df17e50d670b57a568&7711bf4590f9999b647251620db6b9bf&d2370071b634f8aaaf1490497e10b50f&c52ea28277e0f2a46f7794cfcc75cb13,https://v25.tiktokcdn-us.com/cd2c81e318e7ec061a1c1e19f56f1df6/61e4f5e6/video/tos/useast2a/tos-useast2a-ve-0068c004/53037072e7ea46719f71503983e53896/?a=1233&br=1180&bt=590&cd=0%7C0%7C0&ch=0&cr=3&cs=2&cv=1&dr=0&ds=3&er=&ft=c~.Zm4L-gXoInz7T&l=20220116225142010113006132271266D2&lr=all&mime_type=video_mp4&net=0&pl=0&qs=14&rc=M2dvcmg6ZmZtOTMzNzczM0ApNWg6aWY2aGU8NzdpOWc7OWdsaGEucjRvZV9gLS1kMTZzc15hLjIzXmIxNWNeYjUwYGA6Yw%3D%3D&vl=&vr=
25,v09044g40000c2t3lrho1amdn3nre0s0,5013,756227,a173fbed98f989f70c36197b09b37845&da581f5758c1217441ee360ef0379436,https://v25.tiktokcdn-us.com/a173fbed98f989f70c36197b09b37845/61e4f5e3/video/tos/useast2a/tos-useast2a-ve-0068c004/e99cb9d5a11d4ac7a496622b02f8a9ad/?a=1233&br=1476&bt=738&cd=0%7C0%7C0&ch=0&cr=3&cs=0&dr=0&ds=2&er=&ft=c~.Zm4L-gXoInz7T&l=20220116225142010113006132271266D2&lr=all&mime_type=video_mp4&net=0&pl=0&qs=0&rc=MzN1NmdkcnU2NTMzNzczM0ApNjk0Z2c7Zzs4NzRmMzYzM2dwYmtrai5laXFgLS1kMTZzc2BiNV4zNTEyNjQ0XmEzMS86Yw%3D%3D&vl=&vr=
26,v09044g40000c4mg0q3c77u950nmju0g,19177,3191109&1932525&1342438&707823,442230471b3a09b43962391486a7d00a&8f6a2ad84c770c3555d01518c1268d01&1e3fb5096ad24f3a1ec647f02c1e7c0c&5ce23614552ee515270a74a1c091e90b&f1fff759a09f1f1a9f502d6fd839bb6c&cc4d4e2c9be41b27c9074b3c1d8044ca&93fb98484b8075091da169c232bab4f2&8a63798b455a325df595098c05af578e,https://v25.tiktokcdn-us.com/442230471b3a09b43962391486a7d00a/61e4f5f2/video/tos/useast2a/tos-useast2a-ve-0068c003/1578429937b3407ab574c8a84355dafb/?a=1233&br=6232&bt=3116&cd=0%7C0%7C0&ch=0&cr=3&cs=2&cv=1&dr=0&ds=3&er=&ft=c~.Zm4L-gXoInz7T&l=20220116225142010113006132271266D2&lr=all&mime_type=video_mp4&net=0&pl=0&qs=14&rc=anhwMzw6ZnRqNzMzNzczM0ApOTxoaWhlOjs6NzM3OzQzO2ctZ2sycjQwLWpgLS1kMTZzcy1hXy9jXmIyMjFjXzIyMS06Yw%3D%3D&vl=&vr=
27,v09044g40000c2q01jk1se6edeiqos2g,20896,1262211&1035288&794761&542759,a6f40ed21b32f2cd0b4f7983ffb313c0&61a6ea9d718b810e2c73eecc76e8fa51&d86af84a74aef22e8ba5d21979882732&cd651b40d5a5ad07165e52c5a1d7d2e1&6c99bc13c3505ed16b0c422e9c5c7c67&02eebb1bb71e97898baaf202682f45aa&83344f1a8046a3e7a52e06d06c66090f&647cc26555460821c4716d933ead5dd9,https://v25.tiktokcdn-us.com/a6f40ed21b32f2cd0b4f7983ffb313c0/61e4f5f3/video/tos/useast2a/tos-useast2a-ve-0068c001/032f2f8815304c9394dd37c63db334a2/?a=1233&br=2464&bt=1232&cd=0%7C0%7C0&ch=0&cr=3&cs=2&cv=1&dr=0&ds=3&er=&ft=c~.Zm4L-gXoInz7T&l=20220116225142010113006132271266D2&lr=all&mime_type=video_mp4&net=0&pl=0&qs=14&rc=anZ0aGhoNG0zNTMzNzczM0ApOWRpPDxnOGVoN2Y3OTVmO2cvbGZhM3BoLm5gLS1kMTZzczFhYjU2NWAzXjAuLS8uLi46Yw%3D%3D&vl=&vr=
28,v09044g40000c4ohat3c77u88dlsgkjg,9542,942322&447409&317248,fce7cedbe7be37ed03eb5d947b7fa8fd&049764768168dfb078bcd305db638a42&eae2c7297a56ecf698e7494e8095181a&58de7e4bb318c5e0ff86221bea028242&e358dac649005d4482890cef2fa35586&0e86d210b70fae5f6f5a8a7f582d7400,https://v25.tiktokcdn-us.com/fce7cedbe7be37ed03eb5d947b7fa8fd/61e4f5e8/video/tos/useast2a/tos-useast2a-ve-0068c004/c54e4db20e74481fa121eb15af5f85e5/?a=1233&br=1840&bt=920&cd=0%7C0%7C0&ch=0&cr=3&cs=2&cv=1&dr=0&ds=6&er=&ft=c~.Zm4L-gXoInz7T&l=20220116225142010113006132271266D2&lr=all&mime_type=video_mp4&net=0&pl=0&qs=11&rc=am52Zzs6ZndrNzMzNzczM0ApaTU3PGc5N2U1NzM1Nzk1OmdnZGk1cjQwXmxgLS1kMTZzc2AtXjAxXy8yMGIwNS5jXzA6Yw%3D%3D&vl=&vr=
29,v09044g40000c39ork8o4qnr8507sfp0,17019,2400024&1680624&812197&524204,945c7262c58a4d9d36ef9739d75a99db&92a676178d33b8727540eecaa1e254f8&3feaf714cd52046e1453560c32c5ec4c&0e4aa30c42500ffe1f4f653ea4602a35&edba5c7c6ace6496e7f5d88bf9b368a1&8924344db11187877036a10df45a4fde&07e8e0ffc16effd2b2c714e8b4c4ba14&3a328f2e1b9493b7bbd28bf1b15e557c,https://v25.tiktokcdn-us.com/945c7262c58a4d9d36ef9739d75a99db/61e4f5ef/video/tos/useast2a/tos-useast2a-ve-0068c003/b2f1a5a1d3f0448f9fb4b5a037c92027/?a=1233&br=4686&bt=2343&cd=0%7C0%7C0&ch=0&cr=3&cs=2&cv=1&dr=0&ds=3&er=&ft=c~.Zm4L-gXoInz7T&l=20220116225142010113006132271266D2&lr=all&mime_type=video_mp4&net=0&pl=0&qs=14&rc=M2k6OHV0cm5yNjMzNzczM0ApZWg8aDs6N2Q1NzYzOzk5NmdtcC01azE1bzZgLS1kMTZzcy82LzUtNjIxLWJiY141Ly46Yw%3D%3D&vl=&vr=
30,v090443b0000bu7hkfqqsv284dioh21g,15555,689791&625195&437373,05cce48bc25b8948cf6e705e052e008c&d278649f27efc9dab9e7eb48a001ddf8&2420c94604627fe680a06489c1bce0db&3d629e9a46570e1244036197c0728950&1f03260e4f8fa4fe22805727c9752119&65060ab4a6982703b5327f2e6cdbaeac,https://v19.tiktokcdn-us.com/05cce48bc25b8948cf6e705e052e008c/61e4f638/video/tos/useast2a/tos-useast2a-ve-0068c002/9e8ed43555484c4b83d5257edb9435d0/?a=1233&br=1346&bt=673&cd=0%7C0%7C0&ch=0&cr=3&cs=2&cv=1&dr=0&ds=6&er=&ft=c~.Zm4L-gXoInz7T&l=20220116225257010113006227231842EA&lr=all&mime_type=video_mp4&net=0&pl=0&qs=11&rc=ajVyZzt5dGlreDMzZTczM0ApZzw0Ozk2OmQ0NzVoOWRnZmcuZWYxL3BuaDRfLS0wMTZzc2IyMC1jNF40XjY2LTAwLzQ6Yw%3D%3D&vl=&vr=
31,v09044g40000c2ft710bf79t3vkd0gvg,19293,1718431&1264133&618854&381743,2b27dea3d2c35e05ce731ca01c068b3c&decc7aeb1c50d3e9d3a87aff5e5ca2f4&60f797bfd2dc60a27068bee431dee73d&e7906032c6c0db39c3e5d08d455a95fd&21684dd0798619c3a87dc1bd1ce0cdb3&3802ea917c0abb9f09e784f3284ad5f9&08fab96ce29835b4d530fc883d9d5c8c&96e61dd4587d3da9b0298ef2b443589c,https://v19.tiktokcdn-us.com/2b27dea3d2c35e05ce731ca01c068b3c/61e4f63c/video/tos/useast2a/tos-useast2a-pve-0068/4b429b6507504a9cba99f12e0d4afe8a/?a=1233&br=3356&bt=1678&cd=0%7C0%7C0&ch=0&cr=3&cs=2&cv=1&dr=0&ds=3&er=&ft=c~.Zm4L-gXoInz7T&l=20220116225257010113006227231842EA&lr=all&mime_type=video_mp4&net=0&pl=0&qs=14&rc=ampneXc6ZTR3NTMzNzczM0ApN2ZlPDdlaGUzNzM2OmU6PGdzLWgwNmMtNGNgLS1kMTZzcy8uMDEtLTJiMWAyM181LTU6Yw%3D%3D&vl=&vr=
32,v09044g40000c42sjhbc77u591u34mdg,16600,1143137&860555&523772&365504,608da43dd5b13a7d6ff387f1df0d176f&c74ea8e84c869fa5faa9faad3796415e&fd52ec175af61b4d96727f752178e43a&70dfd88a6e055c2ff47b980bb297d20d&4e3beeb068b40b3c03a48d35fd5fb069&abc7aec358ed744d8bb9daab9fbfb45b&74fbefc1f68121d0998e260bcaea35a6&36c99a90930a103b1f4a6f3fef4892fa,https://v19.tiktokcdn-us.com/608da43dd5b13a7d6ff387f1df0d176f/61e4f639/video/tos/useast2a/tos-useast2a-ve-0068c002/7da2afaad80f404fb164f84d77c8ba4d/?a=1233&br=2232&bt=1116&cd=0%7C0%7C0&ch=0&cr=3&cs=2&cv=1&dr=0&ds=3&er=&ft=c~.Zm4L-gXoInz7T&l=20220116225257010113006227231842EA&lr=all&mime_type=video_mp4&net=0&pl=0&qs=14&rc=anA2NDg6Zmt2NzMzNzczM0ApOzs7ZGQ5ZzxkNztlNTlnaGdhMXI2cjRfZy9gLS1kMTZzczUuLjJjMTFeNTIyMC0vYy46Yw%3D%3D&vl=&vr=
33,v09044g40000c1n6fgrivpn8c64va3mg,15276,1055778&904129&638191&402855,490197dfe42df76ada1ec06a707a79f2&7170996609385006b495bf630096cb3c&65d1f25b2492a975fb39186226bd39d1&4e206b3e1f420bbde251ab511cb354d0&f3cc3758cc39b3c812c3a8fdc605588d&23bb60fdb983368497d7e7bac52a8f82&00847af7adcde694940870befd9c33db&a1c0372a7bc1cfaeba14e750d5411de3,https://v19.tiktokcdn-us.com/490197dfe42df76ada1ec06a707a79f2/61e4f638/video/tos/useast2a/tos-useast2a-pve-0068/0d6b12d875944f93abce543a86449ffc/?a=1233&br=2062&bt=1031&cd=0%7C0%7C0&ch=0&cr=3&cs=2&cv=1&dr=0&ds=3&er=&ft=c~.Zm4L-gXoInz7T&l=20220116225257010113006227231842EA&lr=all&mime_type=video_mp4&net=0&pl=0&qs=14&rc=ajZ5OTtzbGo5NDMzNzczM0ApPDc3ZTw6OzszN2UzO2Q1ZWdqXjFga3NvY2tgLS1kMTZzcy8wNTQwLy41L2BiYjEzMzI6Yw%3D%3D&vl=&vr=
34,v12044gd0000c736h5bc77uakasifot0,40843,832150&688079&457089&341092,cb3b0124845ac72b2838e5d104fb13bf&3565a90a74402839810911a995af7a27&1a4382ca0c68ee2ada529afb1d22fd15&eff72cc38fabaad99d62af660249da3e&d82be88a90fd4e31c5332989f0fbbc42&94ef1a4155985425a2fabdd51fa7fd0c&331783b2aa14e090726720ac182aea27&8af1b2f7b9ae587a3875f3e1704c2b7a,https://v19.tiktokcdn-us.com/cb3b0124845ac72b2838e5d104fb13bf/61e4f651/video/tos/useast5/tos-useast5-pve-0068-tx/967c907d787f47d1ba726183ac03a2a0/?a=1233&br=1624&bt=812&cd=0%7C0%7C0&ch=0&cr=3&cs=2&cv=1&dr=0&ds=3&er=&ft=c~.Zm4L-gXoInz7T&l=20220116225257010113006227231842EA&lr=all&mime_type=video_mp4&net=0&pl=0&qs=14&rc=M3JsZGQ6Zjg5OjMzZzczNEApNDlkOjo5ZjxmNzc8NjVpOGdxY3BocjRfZTBgLS1kMS9zczY2NjAyXjBfYi8xLzIuY2A6Yw%3D%3D&vl=&vr=
35,v07044550000c07os0nir75n464p64cg,8589,247151&169174&126295,a47ddcc5b57c6a388ce3f3475a000a62&0c719e80b12cb4a08f4bb23e9a7bfa03&69d23a83d9e578509eae87e3bd305273&83c45370b3638316ffac8de798c930b5&bc690a00f1b0509349a4f61ded0190a9&0b8750bbd7a22894f089ecdb10827f8d,https://v19.tiktokcdn-us.com/a47ddcc5b57c6a388ce3f3475a000a62/61e4f631/video/tos/alisg/tos-alisg-pve-0037c001/88d0a2f0d8fd40f699e281a9c3b021f0/?a=1233&br=482&bt=241&cd=0%7C0%7C0&ch=0&cr=3&cs=2&cv=1&dr=0&ds=6&er=&ft=c~.Zm4L-gXoInz7T&l=20220116225257010113006227231842EA&lr=all&mime_type=video_mp4&net=0&pl=0&qs=11&rc=ajdzOXE6bDNyMzMzODczM0ApNTk1aTU8OGRoNzdoM2Y5aWdgMzExMm9rcDRgLS0yMTRzcy0zMTEyXmAvYi81MzAxLWI6Yw%3D%3D&vl=&vr=
36,v09044690000bugd0qjemvd778npkaug,8728,1625869&1015423&736932&474604,79fae72cbeb4b59036cd0766056f3d86&326b173b78f7bbd5279aae7b3f054d59&cfb26efad4a6e12a5809293cbd1fa261&070c18ccb03ac9d258d36e5477715e6a&564238a738c529747d541e3a1c94f08c&ef5ed233d69df6fb8015629936def57c&4687ddd715150ddaa8253bae4904abb0&38d95fc2ecb37900b019939fa2e7cb8d,https://v19.tiktokcdn-us.com/79fae72cbeb4b59036cd0766056f3d86/61e4f631/video/tos/useast2a/tos-useast2a-ve-0068c003/577f7868462848419672cfb56e32c139/?a=1233&br=3174&bt=1587&cd=0%7C0%7C0&ch=0&cr=3&cs=2&cv=1&dr=0&ds=3&er=&ft=c~.Zm4L-gXoInz7T&l=20220116225257010113006227231842EA&lr=all&mime_type=video_mp4&net=0&pl=0&qs=14&rc=amRzOzp5aHRneDMzPDczM0ApZGc2NmRoZDxpN2hlOTw1NWdyaGs0YWpnLWRfLS0zMTZzc2IzYV8xMmBiLTAuMC4wNC86Yw%3D%3D&vl=&vr=
37,v09044g40000c4oflj3c77ue62ip6i7g,18829,1005587&678099&416779,23be7ded8851f226eb37d19762c0dd62&fe9692a28bce689df634622e6d768769&13a2df2528543ffdd12da21115875dd4&f08d665a727ad76c58c3e754897b28fa&db642d27b6d98017160b2d14238831a5&4ae7d30655a7901c7b983d2a7173787e,https://v19.tiktokcdn-us.com/23be7ded8851f226eb37d19762c0dd62/61e4f63b/video/tos/useast2a/tos-useast2a-ve-0068c004/ba81bb2590184a42916525640ac6a34f/?a=1233&br=1964&bt=982&cd=0%7C0%7C0&ch=0&cr=3&cs=2&cv=1&dr=0&ds=6&er=&ft=c~.Zm4L-gXoInz7T&l=20220116225257010113006227231842EA&lr=all&mime_type=video_mp4&net=0&pl=0&qs=11&rc=amxzNWg6Zm1pNzMzNzczM0ApOTpnNDZkZ2U3Nzc7Zzg4OWc0M2YzcjQwaWxgLS1kMTZzc2AyNmA1MTRgNS40LjViM186Yw%3D%3D&vl=&vr=
38,v09044900000c1gk48v7hc99pahqgrq0,8637,2052471&1561356&980982&642068,42fa9b4f46ea61201837cf09d5beeab7&f400b2aa45d2dfa3edf5db533ca63bfb&70b30c93f13a8dfc191c615c167af2ff&bf3bbb284b9e12029f7189255476823e&78acf8c7a20b0ba34e79831aaedae416&dd35e06b87e581de1faeb7642cf3eb18&572652726394ce4bd7c49e29982c9a55&b3f6ca88e9246ccd82be849a859744c0,https://v19.tiktokcdn-us.com/42fa9b4f46ea61201837cf09d5beeab7/61e4f631/video/tos/useast2a/tos-useast2a-ve-0068c002/7eeeb48d29a048fb8a43c2e4f44e7786/?a=1233&br=4008&bt=2004&cd=0%7C0%7C0&ch=0&cr=3&cs=2&cv=1&dr=0&ds=3&er=&ft=c~.Zm4L-gXoInz7T&l=20220116225257010113006227231842EA&lr=all&mime_type=video_mp4&net=0&pl=0&qs=14&rc=M3V0ZDxmOjtuNDMzMzczM0ApOmUzOjc6aGQ5N2k2O2c2ZmduZGVtNmVzMWRgLS02MTZzc2FeM2MtMTEvMy8uNDA2NmI6Yw%3D%3D&vl=&vr=
39,v09044fd0000buhfv1j9iufl0fi5ir5g,19502,568440&460718&327550,1e3b926624dcb573bc287b6994b2dc74&179f9f74008a40e28cdd84180066c604&c65e7c2c1d793e1fae0b83fed65896cc&1777d6e680c0a48c605336e4a1e79dc0&3dde378d8553a01be26a203a47450114&ab6bb848646397a587b5158129433239,https://v19.tiktokcdn-us.com/1e3b926624dcb573bc287b6994b2dc74/61e4f63c/video/tos/useast2a/tos-useast2a-pve-0068/a27f7933c7584a20ab3fd6eb8b24a7cc/?a=1233&br=1110&bt=555&cd=0%7C0%7C0&ch=0&cr=3&cs=2&cv=1&dr=0&ds=6&er=&ft=c~.Zm4L-gXoInz7T&l=20220116225257010113006227231842EA&lr=all&mime_type=video_mp4&net=0&pl=0&qs=11&rc=anU4aW94PDRpeDMzZzczM0ApZ2U2ZTU7ZDw5NzNoZDg5NGcyZmYtY2Znc2VfLS1jMTZzc2MxMmJeL2BeMzM2XmIvMTQ6Yw%3D%3D&vl=&vr=
40,v12044gd0000c797pgbc77ucq7ijquug,16995,298431&235242&154197&125184,c9c0dea4c0d0ce95b77d68a6445c8a8f&8a11c79ca8807c814d2e2a94af7bf6da&2a3eda869dc0d292985b1b960d72ca68&1ceb9766bacf3471e34bd45f3c85270c&d03f9515b0ed53223d4656c4e2fdc08c&9a29525815952e23981117bf93f7630b&8dfb2fdaa5678a6b2c4738fa652bce1d&263bc69b5b8ce582180dd2df447b41cf,https://v19.tiktokcdn-us.com/c9c0dea4c0d0ce95b77d68a6445c8a8f/61e4f6aa/video/tos/useast5/tos-useast5-pve-0068-tx/f62e02f024c540c89a00998f535a6845/?a=1233&br=582&bt=291&cd=0%7C0%7C0&ch=0&cr=3&cs=2&cv=1&dr=0&ds=3&er=&ft=c~.Zm4L-gXoInz7T&l=202201162254490101130062441A0CA8DD&lr=all&mime_type=video_mp4&net=0&pl=0&qs=14&rc=anhtOmY6Zmo6OjMzZzczNEApOjM6NDc4aWRkNzVlODRpOWdybmZucjRfbTZgLS1kMS9zcy4vYmFhMV5jMzZeNjY1XjY6Yw%3D%3D&vl=&vr=
41,v09044g40000c3gscaris849rbdm91rg,14975,1649189&1352918&1157202&784297,a13035272dd9be451aaad7ab60c6299d&e56e5d728cd17a16bab86d25a806dc4b&e0334cb1479d18ac06d7437e470865a1&9ef3963001c2a2956598a47d3db25cee&d21fefd4c5a0125fc6ae69ac93445487&bb44f78fa870648ba626b0715bf33590&9a67191a7eeb5eba2c1097b7c0267e22&7c65d964858c8ed229b00f425438dbfc,https://v19.tiktokcdn-us.com/a13035272dd9be451aaad7ab60c6299d/61e4f6a8/video/tos/useast2a/tos-useast2a-pve-0068/9d511f5263d34272a97a3e7ab284c1ce/?a=1233&br=3220&bt=1610&cd=0%7C0%7C0&ch=0&cr=3&cs=2&cv=1&dr=0&ds=3&er=&ft=c~.Zm4L-gXoInz7T&l=202201162254490101130062441A0CA8DD&lr=all&mime_type=video_mp4&net=0&pl=0&qs=14&rc=ajRwZTw7bGR2NjMzNzczM0ApNGg7ODYzNTxpNzw8aTllNGdvNmFvMXBvYGRgLS1kMTZzczIxXi1hNmJeNS02YS1gXjU6Yw%3D%3D&vl=&vr=
42,v09044g40000c3mrtfbc77uahb02m4jg,7149,1009186&814846&469416&322285,fbb23b0bb2e3466d2937f136c75b949c&edd380e78b486c96814ee4584e333647&6919faa0550aa406ef8f23f52acc5f1e&9ba398cdab5e72b2dfab74c3f3b67b71&364bfd9d526fe056f9b1deae545fab16&72dd69fb77e7eb5682e0db78ca62727b&f0d6e5fe7bdbbe98a23ab8b832116a5a&fcca94e58a8630ab9b36634069ea1de3,https://v19.tiktokcdn-us.com/fbb23b0bb2e3466d2937f136c75b949c/61e4f6a0/video/tos/useast2a/tos-useast2a-pve-0068/3ebc7ee2989f443883330b31dfab49f4/?a=1233&br=1970&bt=985&cd=0%7C0%7C0&ch=0&cr=3&cs=2&cv=1&dr=0&ds=3&er=&ft=c~.Zm4L-gXoInz7T&l=202201162254490101130062441A0CA8DD&lr=all&mime_type=video_mp4&net=0&pl=0&qs=14&rc=ajc1ZWQ6Zml1NjMzNzczM0ApOWg2NjxmNDw2NzY8OTg4Z2dnai1lcjRfcWpgLS1kMTZzczA1LWJgYy9jYi9eMGIvXjY6Yw%3D%3D&vl=&vr=
43,v09044g40000c442udjc77u82pan8nr0,10773,532271&468564&315901,a924f88d5c9e7e0a1310752b96fc881a&9643ce23ede59fae69486f937e9fbceb&1c4044338754cc00de6ad435a3c9b3c9&1caed72b92d16eac8e3969e792fcdd19&f82034d0a18c8774c9039f6744876f59&53d327a7d288ddb212061910f11a969e,https://v19.tiktokcdn-us.com/a924f88d5c9e7e0a1310752b96fc881a/61e4f6a4/video/tos/useast2a/tos-useast2a-ve-0068c004/8ef5572352a949ec98150aec8025dd70/?a=1233&br=1038&bt=519&cd=0%7C0%7C0&ch=0&cr=3&cs=2&cv=1&dr=0&ds=6&er=&ft=c~.Zm4L-gXoInz7T&l=202201162254490101130062441A0CA8DD&lr=all&mime_type=video_mp4&net=0&pl=0&qs=11&rc=M3Fxczs6Zmc1NzMzNzczM0ApOWdkPDllaDtlNzs0aDdmNmdvNV4vcjRncjFgLS1kMTZzczFiXzQzNjU0NV9fLWBfXl86Yw%3D%3D&vl=&vr=
44,v09025g40000c5tphj3c77u9non5uja0,11632,391326&216922&156694,d74c2cf19dae57744f6e1219d3093dd2&84ac1d8fcc75b79418df728d6d03cb05&fa9a6f1d0be2c0fd8ab90606ad1e8957&b4a61480341def1e5c83ee52caeae9b8&6803af8462b29b356748344a9ced6e9d&13ef42a48179da04710fbdd092f32d1f,https://v19.tiktokcdn-us.com/d74c2cf19dae57744f6e1219d3093dd2/61e4f6a5/video/tos/useast2a/tos-useast2a-pve-0068/0db5a52be4814ca482755ba7b47a0966/?a=1233&br=764&bt=382&cd=0%7C0%7C0&ch=0&cr=3&cs=2&cv=1&dr=0&ds=6&er=&ft=c~.Zm4L-gXoInz7T&l=202201162254490101130062441A0CA8DD&lr=all&mime_type=video_mp4&net=0&pl=0&qs=11&rc=M204cjw6Zm1zODMzNzgzM0ApZmZkOGdkaTs0NztmODk3aGdecmtrcjQwZXFgLS1kLzZzc2BjMWAwLTRfMC8wYmAuNGI6Yw%3D%3D&vl=&vr=
45,v09044g40000c31h4berlhljq0la6gmg,11702,1276937&955175&436320&297005,44583a3b4b531c23fc1b97b44e290acb&aa1df6c7def453ed3eb6b3d5bcc8bb96&f931d9802eca59cc18f8cc09a3240358&493abdfe47d45c752b12c5eb6d4e54db&d47f2a5b0cf074d86a7ae62a464ffd14&6e1292e2d3c4b97c2664a255754f3df3&4ecfd27cb3df990de75835b3daf9e428&e58c1bc271eaef2c0f4ef76dae370db2,https://v19.tiktokcdn-us.com/44583a3b4b531c23fc1b97b44e290acb/61e4f6a5/video/tos/useast2a/tos-useast2a-ve-0068c001/c3efc14c6e3045bb9d9a7123d0c5447d/?a=1233&br=2494&bt=1247&cd=0%7C0%7C0&ch=0&cr=3&cs=2&cv=1&dr=0&ds=3&er=&ft=c~.Zm4L-gXoInz7T&l=202201162254490101130062441A0CA8DD&lr=all&mime_type=video_mp4&net=0&pl=0&qs=14&rc=ampkM21rdWVrNjMzNzczM0ApZ2g5Njs0PGVoNzNkNzdoPGdqM2luaWliMS5gLS1kMTZzczBjYGMyLjQ2My4uLTYyMjE6Yw%3D%3D&vl=&vr=
46,v09044g40000c3r8kabc77u0jldggbg0,12769,2330361&1704943&1469448&996082,80b3edaaa62c944792064a11b421edf1&5c2bcba40d6c26bc55d05b0a0a84cc0f&44e9d7f0b28113854455b961aaf2c4cc&28a907bd88148a483c213486bbd74410&70c7790013c7fb4bf10ee862e9386cc6&36272db5043454df7c5f53e5d6a6e679&85fca66b8b5e986c96b10a0924821935&6f613507dc68bd711235ad2689771e97,https://v19.tiktokcdn-us.com/80b3edaaa62c944792064a11b421edf1/61e4f6a6/video/tos/useast2a/tos-useast2a-pve-0068/8cab7da36e664048988304d7ef7a47b7/?a=1233&br=4550&bt=2275&cd=0%7C0%7C0&ch=0&cr=3&cs=2&cv=1&dr=0&ds=3&er=&ft=c~.Zm4L-gXoInz7T&l=202201162254490101130062441A0CA8DD&lr=all&mime_type=video_mp4&net=0&pl=0&qs=14&rc=M2VqbzM6ZmQ7NjMzNzczM0ApaDY2PGk8aTs8NzhpPDg8OmdkZGFncjRfaG9gLS1kMTZzcy1jY2BgMF5iMjQwLS8wYGA6Yw%3D%3D&vl=&vr=
47,v09044g40000c4kh153c77u3i2t1e3f0,20710,790267&584037&389756&259282,21694efc71f0e135e6b952a70af31a17&da4fc50c6f47015981462f0917ed04e1&a58568fdb2a5e918b680363fb539dbbc&60f444ba42c0653a01b90fe6de0848d5&56ffea57c8abe2793fb3dc2ce7ca8e20&99c4e85c6f3968e0ae99f38133464bcd&365268ee4d3ab93812a9313d9592951d&8168581d50aa345f97354c01c8863fd1,https://v19.tiktokcdn-us.com/21694efc71f0e135e6b952a70af31a17/61e4f6ae/video/tos/useast2a/tos-useast2a-ve-0068c004/fc7e9f17e2344ce89e8aa991b7d0e895/?a=1233&br=1542&bt=771&cd=0%7C0%7C0&ch=0&cr=3&cs=2&cv=1&dr=0&ds=3&er=&ft=c~.Zm4L-gXoInz7T&l=202201162254490101130062441A0CA8DD&lr=all&mime_type=video_mp4&net=0&pl=0&qs=14&rc=MzY0NTY6ZjhrNzMzNzczM0ApOGY1OzNoNjs2NzZlM2UzOWdjYnFmcjQwLmhgLS1kMTZzc2IzLy1iNjNeYC4uMTIuLTA6Yw%3D%3D&vl=&vr=
48,v10044g50000c46ig0bc77u3svl4snj0,15439,1003742&711074&460554,640aa7718353ed1660f2507ac9e4c039&6f385217ec060adfa8cff8f4a30ebdb8&2d1a47ccc631fc7db278a1d71bb27d0c&9590b8c3837f5d5afbaa880335924066&f142710bc444d136d6f4b7c934b88ecd&a3654493dcf8880d6b97de879a575f31,https://v19.tiktokcdn-us.com/640aa7718353ed1660f2507ac9e4c039/61e4f6a9/video/tos/alisg/tos-alisg-pve-0037c001/e423ff66fd7745cca108a9f2edb90248/?a=1233&br=1960&bt=980&cd=0%7C0%7C0&ch=0&cr=3&cs=2&cv=1&dr=0&ds=6&er=&ft=c~.Zm4L-gXoInz7T&l=202201162254490101130062441A0CA8DD&lr=all&mime_type=video_mp4&net=0&pl=0&qs=11&rc=M3E3eTY6ZjNsNzMzODczNEApOzk4M2Q2OTtoNzxpOWhoZGdncGlwcjRfZDNgLS1kMS1zczItY19iMzNhYzJfYTExYTI6Yw%3D%3D&vl=&vr=
49,v09044g40000c34mtnth8h41mpjnku00,7382,1175019&925927&534792&327161,c4893311ccbe047866f37e0a4da19c3c&ed1043832343126aa9342d947af470db&4406fc0e955d9c25863f75bb8f6b87e8&450e416b0df128a8008a02e41c4c672f&5e981d7023c3a68eb4851073b4b04fb3&144f3c8c674371f41622bdd9b53b0d90&e8bb8c468d5b5eca2c1e42e6048f8e58&7aa30e100482e2ed77bd55df448d3b15,https://v19.tiktokcdn-us.com/c4893311ccbe047866f37e0a4da19c3c/61e4f6a1/video/tos/useast2a/tos-useast2a-ve-0068c002/18dc538910c34b97b0ba2334398c0c1c/?a=1233&br=2294&bt=1147&cd=0%7C0%7C0&ch=0&cr=3&cs=2&cv=1&dr=0&ds=3&er=&ft=c~.Zm4L-gXoInz7T&l=202201162254490101130062441A0CA8DD&lr=all&mime_type=video_mp4&net=0&pl=0&qs=14&rc=M3hxczRra3FwNjMzNzczM0ApOmVnZTNmPGVkNzg5OjMzZmctaGdqMTVxcTFgLS1kMTZzczBeYDMyMS1iXjE2L2BgYjU6Yw%3D%3D&vl=&vr=
50,v12044gd0000c6438f3c77uf5sb2qspg,7637,438273&308591&211521&145661,4cdd6d179f05548718fecf05c1844364&94d908de88b09b90f6a3f53958b09a6f&21a87d7807e7403701acda6ad27c26e4&f8e50482fdfd875a64e28a86c3155ddc&be308a171dc0720ec17373e91b35bfb1&f22b7d30e6347a0cae3915b37cf832cd&9a871c8fb8a6219c15847abdd36ebe55&716a00cd80cc861e70aecef189936a82,https://v19.tiktokcdn-us.com/4cdd6d179f05548718fecf05c1844364/61e4f6ef/video/tos/useast5/tos-useast5-ve-0068c004-tx/76d2b8ec07e045ac97babd32e7849b66/?a=1233&br=856&bt=428&cd=0%7C0%7C0&ch=0&cr=3&cs=2&cv=1&dr=0&ds=3&er=&ft=c~.Zm4L-gXoInz7T&l=20220116225607010113006244041AE1D6&lr=all&mime_type=video_mp4&net=0&pl=0&qs=14&rc=anY1dmk6Zmk2OTMzZzczNEApNTM7PDplZDs3N2k3NTQ0NGdtbl8ycjQwNTFgLS1kMS9zcy1iMTNhMjVgXzFhX2MvNWI6Yw%3D%3D&vl=&vr=
51,v09044g40000c3odp7bc77u6gocp9d6g,6662,1213038&1048223&705115,4fa8c5d2252f24f88fcc034b4c8db8f6&ea7d32d22fb5a50b808bc012dd67269d&90d5e11b30b8dcbb2641ba930d94cb40&5cb79ffd08ad9b9b9347a83df2caa47c&83cd14c965ff7033c3848021e7876fe0&52d20644e1a0be78bed0c050a97ccaab,https://v19.tiktokcdn-us.com/4fa8c5d2252f24f88fcc034b4c8db8f6/61e4f6ee/video/tos/useast2a/tos-useast2a-ve-0068c003/de59c410050643d6ae007381bedffa4e/?a=1233&br=2368&bt=1184&cd=0%7C0%7C0&ch=0&cr=3&cs=2&cv=1&dr=0&ds=6&er=&ft=c~.Zm4L-gXoInz7T&l=20220116225607010113006244041AE1D6&lr=all&mime_type=video_mp4&net=0&pl=0&qs=11&rc=amdzcjk6ZjpnNjMzNzczM0ApOTQ2NzdlPDs1N2Q8ZWc4N2czNmBkcjRfbWxgLS1kMTZzc2MvNS8tMy8zYDItXzIvLWA6Yw%3D%3D&vl=&vr=
52,v09044g40000c4ogfhrc77u057cokt50,11283,1788582&1332930&1009342&674293,d61a3729d1a5d165ef200f2c6c808d0a&90394134124894751abf0545c382ac51&68fba0b5d4e1d1a647e1f127a365d1be&7793550ebbaa799cca317bf8d34d8534&c54327b6b4cc435537a6a14a7a3570af&cf63a11b92fde9654031e70fa09863fc&56d562a3382fb41c764abba82f7464e8&8754548f7748932301afda4e613f9d3f,https://v19.tiktokcdn-us.com/d61a3729d1a5d165ef200f2c6c808d0a/61e4f6f3/video/tos/useast2a/tos-useast2a-ve-0068c004/37fdace7ea5e47a28e67f8ddd291d8cf/?a=1233&br=3492&bt=1746&cd=0%7C0%7C0&ch=0&cr=3&cs=2&cv=1&dr=0&ds=3&er=&ft=c~.Zm4L-gXoInz7T&l=20220116225607010113006244041AE1D6&lr=all&mime_type=video_mp4&net=0&pl=0&qs=14&rc=M3dyOjM6ZmtqNzMzNzczM0ApNTQ1PGg2NTxmN2dkOzc6ZGcyaGAycjRvY2xgLS1kMTZzczA1Xy9gMC5gXzZjMC9eMl86Yw%3D%3D&vl=&vr=
53,v09044g40000c2gsjnial962u1po35p0,6430,770553&599707&407073,d387727197bcc5d87b7f8d3dec26f3d7&f3a1aa489dd51eddf63b1a698836f57b&c6258c5eff852d0f80e99c44a917ae82&9867ab613dd2556e934b03f2e044b013&3f47b1e9a9307895220f30b4a705eba5&4407ad03e4a334eb2dc09c381bd58fb7,https://v19.tiktokcdn-us.com/d387727197bcc5d87b7f8d3dec26f3d7/61e4f6ee/video/tos/useast2a/tos-useast2a-ve-0068c003/c87454664ebb4e1a9171e23979c58e98/?a=1233&br=1504&bt=752&cd=0%7C0%7C0&ch=0&cr=3&cs=2&cv=1&dr=0&ds=6&er=&ft=c~.Zm4L-gXoInz7T&l=20220116225607010113006244041AE1D6&lr=all&mime_type=video_mp4&net=0&pl=0&qs=11&rc=MzhyNDU8ZHF2NTMzNzczM0ApZzg8Mzc7OjtmN2g4ZGdkOmdtMG1yM2lmZ2RgLS1kMTZzczAxMDY2LjI1Nl4zNS5iYDU6Yw%3D%3D&vl=&vr=
54,v09044310000bmoil77ho6foanv5jaj0,8267,1413832&978032&948578&551346,4a7456cb6fc08c5c45a4b7bd592ea762&dbd36819059bccd4f7de2c4b4e520d95&54cf18d1230b514c5d685d400f6a404e&37a0dded8a70b02848aa8c0dbc479285&7a2de6d6d3266f85e2a6ef487fca696b&927af774a812a8b8028b1ef89e5c1366&44d6bb825a4207628af70e392c750b39&254368ba82af7e68930e5157e4551263,https://v19.tiktokcdn-us.com/4a7456cb6fc08c5c45a4b7bd592ea762/61e4f6f0/video/tos/useast2a/tos-useast2a-ve-0068/ddd5955b873440ed8f5b7bf11392250d/?a=1233&br=2760&bt=1380&cd=0%7C0%7C0&ch=0&cr=3&cs=2&cv=1&dr=0&ds=3&er=&ft=c~.Zm4L-gXoInz7T&l=20220116225607010113006244041AE1D6&lr=all&mime_type=video_mp4&net=0&pl=0&qs=14&rc=M2Q4cXI5azpscDMzNDczM0ApaWVmNDQ3NztoNztlODY4OWdnZ3NeY2w0aWxfLS0wMTZzc19fMi00Nl8zMTVjYy0yY146Yw%3D%3D&vl=&vr=
55,v09044g40000c410g73c77uf1vhdufc0,8635,1640421&1292537&1074754&697653,db0e6cc174c7e45fd578dbc6fa8f848c&05cf20125740f7107002b4f6f157f18d&b10a0e68dbcd852857b34ed6f1930bea&5915afc72af347a6595739ac3541a4a0&87c86b727fc6c3f5c99c5e23bd26af47&6b062681680c889f2f92c01103184fd1&a129f9e1c7ab4ea024bdaa41aea2dbc5&58e8414b439304f99950524b0f8a2b94,https://v19.tiktokcdn-us.com/db0e6cc174c7e45fd578dbc6fa8f848c/61e4f6f0/video/tos/useast2a/tos-useast2a-pve-0068/186f2293eddc429e855872f618200d52/?a=1233&br=3202&bt=1601&cd=0%7C0%7C0&ch=0&cr=3&cs=2&cv=1&dr=0&ds=3&er=&ft=c~.Zm4L-gXoInz7T&l=20220116225607010113006244041AE1D6&lr=all&mime_type=video_mp4&net=0&pl=0&qs=14&rc=M2lneWk6ZjozNzMzNzczM0ApaGc8OTNmNGU7NzUzODU8M2dgcmUucjQwZC5gLS1kMTZzczAyMS4zYjFgMC00M2AyLWA6Yw%3D%3D&vl=&vr=
56,v09044g40000c3ai05e0nro67dgk3fbg,9286,1284202&756360&437868&275058,3a1e71c3014d1b881c8de3ba2d63da16&b2b4d7b35ad8961e9ed7550846802012&6ce77a5159a16e45dcc1303f1e47baab&8cab78e090957bc0c184562ac2c53e82&b91927e6650f40a369bae57a8c170512&1292775478bb6dbbce38702ce9bcd29f&ccde2b8229db8d6f9f21c11919612d71&2ff805153c6cdd09989f4eb1dfa85961,https://v19.tiktokcdn-us.com/3a1e71c3014d1b881c8de3ba2d63da16/61e4f6f1/video/tos/useast2a/tos-useast2a-pve-0068/e6e3a6962bc94b55b4ea6c5013954c7f/?a=1233&br=2508&bt=1254&cd=0%7C0%7C0&ch=0&cr=3&cs=2&cv=1&dr=0&ds=3&er=&ft=c~.Zm4L-gXoInz7T&l=20220116225607010113006244041AE1D6&lr=all&mime_type=video_mp4&net=0&pl=0&qs=14&rc=amluZzl1MzhsNjMzNzczM0ApNGc3Zmk5Zjw2NzxlZ2RnPGdfMGQ0bGtiLV5gLS1kMTZzczJjNS8tYGIvLmI1Y180YS86Yw%3D%3D&vl=&vr=
57,v09044g40000c45clkjc77u4160srdj0,19781,594321&416882&283318&196864,47df863b144aefc0fd2c1f774a934a1d&56646b7f8555ddf0b3fa29dad8e818ed&6c5760897007eb9c6044d234f5af54d5&784eb64a23927fb7123cf2f22810f2f8&573c5f15ce02d6e4d3d7a70c32d8fb16&88570efec58452d4d2a3bc8b0800cab4&93f3c7e5d93729b79e493dbbb54ae9bd&6321f6c7c78d54d637695d3921f69f18,https://v19.tiktokcdn-us.com/47df863b144aefc0fd2c1f774a934a1d/61e4f6fb/video/tos/useast2a/tos-useast2a-ve-0068c001/f9d901e8f28941f9bfce8994d038f273/?a=1233&br=1160&bt=580&cd=0%7C0%7C0&ch=0&cr=3&cs=2&cv=1&dr=0&ds=3&er=&ft=c~.Zm4L-gXoInz7T&l=20220116225607010113006244041AE1D6&lr=all&mime_type=video_mp4&net=0&pl=0&qs=14&rc=M2d2OTc6Zm5mNzMzNzczM0ApZDw6PDg8OTw6NzpoOztmPGdnby0ucjRnaTJgLS1kMTZzc2ItYzZiMjQvXi8zYy4uNjA6Yw%3D%3D&vl=&vr=
58,v09044g40000c4aqt4bc77uek70jn260,14603,853714&490562&304377,e2c74a8727653bd013d5edad7e32630e&70b776a3a2fbb585c5a96a7a87ce791d&8ec9c10f83110c731200604f3453f995&f950da38d996799d662cec2ace00d26a&316bb55199fc707266f0d7d79cbbee19&44fd3089b5f0e14209a88be3127f7f27,https://v19.tiktokcdn-us.com/e2c74a8727653bd013d5edad7e32630e/61e4f6f6/video/tos/useast2a/tos-useast2a-ve-0068c003/f5ab0881c8614d2997fc3563a380cca5/?a=1233&br=1666&bt=833&cd=0%7C0%7C0&ch=0&cr=3&cs=2&cv=1&dr=0&ds=6&er=&ft=c~.Zm4L-gXoInz7T&l=20220116225607010113006244041AE1D6&lr=all&mime_type=video_mp4&net=0&pl=0&qs=11&rc=MzVtOmg6Zjd0NzMzNzczM0ApZ2lnPGlkPDw8NzM6aGQ4aGczay1ocjRfcV5gLS1kMTZzcy0tX2JjX18yMzM2LmFhNTM6Yw%3D%3D&vl=&vr=
59,v09044g40000c3vdmejc77u7uoaiehrg,11330,566505&438577&226220&162988,2bc9347d2a3cc231dcf81d642d4aa110&7e6a23c22a3ad09b55e52222f32b54de&be3a0fe8ceccb15e6da251a088cf95af&ee9a8abcbeaa66811e1943bc8091315c&25b7f45b57fe59092e9ed9b63990d438&468a82b10f46f37813669bfe13dbabeb&769bc0906b82eac4f43c74e7906aad2b&c0c9dcae467cd693ddf47f39af70f93b,https://v19.tiktokcdn-us.com/2bc9347d2a3cc231dcf81d642d4aa110/61e4f6f3/video/tos/useast2a/tos-useast2a-pve-0068/dd6af54476d34c538cb4008e341b415b/?a=1233&br=1106&bt=553&cd=0%7C0%7C0&ch=0&cr=3&cs=2&cv=1&dr=0&ds=3&er=&ft=c~.Zm4L-gXoInz7T&l=20220116225607010113006244041AE1D6&lr=all&mime_type=video_mp4&net=0&pl=0&qs=14&rc=amtscjo6ZmhnNjMzNzczM0ApOzVmNDg0Ojs8N2g7OWk2ZmdvYl5ycjRnanNgLS1kMTZzc2A0YTQ2NDMtMjExNDQwLS06Yw%3D%3D&vl=&vr=
