0,v09044e50000btueapv15l8sl3ukeqpg,8077,1038069&571816&372444,afc3f267e9199788fb7b4fbe0942eda8&0684099528f8f126c3e13f0cff97a9a4&bbde31965d1bc84161ae70590df4e012&7b4b2b0d113d04b15d01c30f6708aadd&3530a7eda79ff4aea775805b9c8e5b20&9674523fc2585f432e508c0c9180794d,https://v25.tiktokcdn-us.com/afc3f267e9199788fb7b4fbe0942eda8/61e519e3/video/tos/useast2a/tos-useast2a-ve-0068c004/13370ab11f50451d9ac6b44b0fed7e9d/?a=1233&br=2026&bt=1013&cd=0%7C0%7C0&ch=0&cr=3&cs=2&cv=1&dr=0&ds=6&er=&ft=c~.Zm4L-gXoInz7T&l=20220117012516010113135043152CC54F&lr=all&mime_type=video_mp4&net=0&pl=0&qs=11&rc=anRuNnZvNHNodzMzODczM0ApOGQ1aDlnM2U6N2k4ZjRmZ2dtYnJpNTJzXnJfLS1iMTZzcy0zMzQvYy81MmM1LS8uYzQ6Yw%3D%3D&vl=&vr=
1,v12044gd0000c7bpv0jc77uakaoc0an0,12560,640394&488219&247339&213602,47e10d1bb9d1a1ba4cbede753731193b&7a338ba99e24938979f4c84248fbb934&f1ebad4435eece5db6a208478890e8c2&f46fd5a653df2143094824e2b31833e8&ddb1cf6e443782c5da5b73e0d6ee4658&32b0b22cd1cfda14f40fdd0bc9f8d676&34018619d9922a8835c5ff9dad12e80e&bf6b4094b765c916bacfeace56b914c6,https://v25.tiktokcdn-us.com/47e10d1bb9d1a1ba4cbede753731193b/61e519e8/video/tos/useast5/tos-useast5-ve-0068c004-tx/7fb7755292e94b97ae2acf9bbfa03fe3/?a=1233&br=1250&bt=625&cd=0%7C0%7C0&ch=0&cr=3&cs=2&cv=1&dr=0&ds=6&er=&ft=c~.Zm4L-gXoInz7T&l=20220117012516010113135043152CC54F&lr=all&mime_type=video_mp4&net=0&pl=0&qs=11&rc=M2RmZGQ6ZjNzOjMzZzczNEApMzY7PDVoNWVlNzQ5aTppN2drLWxocjRnc19gLS1kMS9zcy4vYF5hMDA0NjI2MzNhYC86Yw%3D%3D&vl=&vr=
2,v09044g40000c6ugqd3c77u2124rt93g,20176,2319302&1902672&1030452&876028,4444e8edd970cb13bc99bfa388053918&ffa4cb2cfe6314cdf9c24d6d81b0587c&509c2ec69ac9a7ca3f34953a52c4148c&46888f142a9375aa723a003173bec6f6&4a48fccfb0e3f3efac89c65d9590eed0&7a39c11ec711007ef22fe287c714f9eb&69e832cd0e7dd2632e38f172f02c7cad&fb3a659fbf55c67ef075b6eddc3ccb84,https://v25.tiktokcdn-us.com/4444e8edd970cb13bc99bfa388053918/61e519f0/video/tos/useast2a/tos-useast2a-pve-0068/9cf3926d23504f68ba3b97edcdc97826/?a=1233&br=4528&bt=2264&cd=0%7C0%7C0&ch=0&cr=3&cs=2&cv=1&dr=0&ds=3&er=&ft=c~.Zm4L-gXoInz7T&l=20220117012516010113135043152CC54F&lr=all&mime_type=video_mp4&net=0&pl=0&qs=14&rc=ajx1NTU6ZmdqOTMzNzczM0ApNGkzaWQ1Nzs2NzU3NTQ6OmcwcTEucjQwbnJgLS1kMTZzczM2YjVgLy01YC0tXl40LWM6Yw%3D%3D&vl=&vr=
3,v09044g40000c1kjcjkfbh5e73ktqsqg,17807,788255&644665&394736&273289,fe6e2502b81150b9e2dc652f0132a872&f17c1bf2bc3c2bfc27b17efad68ed224&3867debd28675e37da1ca4ecb25d55f1&53ce5358639038ddad695ee22965cfc7&956cab35c7a97e2ee42bec27464c8a62&52916120362324c609385971db3e492a&dbb91553faf99debe7029081a844be1f&833203cbb95c971b38598aa9a87593e0,https://v25.tiktokcdn-us.com/fe6e2502b81150b9e2dc652f0132a872/61e519ed/video/tos/useast2a/tos-useast2a-pve-0068/28e9383b8a8843d19cdf71afb36ba310/?a=1233&br=1538&bt=769&cd=0%7C0%7C0&ch=0&cr=3&cs=2&cv=1&dr=0&ds=3&er=&ft=c~.Zm4L-gXoInz7T&l=20220117012516010113135043152CC54F&lr=all&mime_type=video_mp4&net=0&pl=0&qs=14&rc=anZ3NmhraW1tNDMzNzczM0ApZGQ8ZzZkNDxkN2QzNzg7ZWdubmg0Ml9oYGhgLS1kMTZzczYyYV8zNS0vMC9hX2M1Y2E6Yw%3D%3D&vl=&vr=
4,v09044g40000c3lg95bc77u9h05eekn0,46089,555273&414793&370651&261713,ae0fd6b024ab569b0741dcfbe466bf33&09a21ce06a91ca7af97703917e6a5cd9&26a790cb46451c637020ce373cfe7227&7efea9146c7dc4b161c63002898bc270&d687b93be89926b0bc997cc6a82464d8&4512b01a3b49510d206e6224bf3877ed&942c6a33cd1783cae8f466d683255a10&de6fb656b28f3255a0eb6ad125b069b7,https://v25.tiktokcdn-us.com/ae0fd6b024ab569b0741dcfbe466bf33/61e51a09/video/tos/useast2a/tos-useast2a-pve-0068/d71c0e8d4bdd441cb28765ca3433472b/?a=1233&br=1084&bt=542&cd=0%7C0%7C0&ch=0&cr=3&cs=2&cv=1&dr=0&ds=3&er=&ft=c~.Zm4L-gXoInz7T&l=20220117012516010113135043152CC54F&lr=all&mime_type=video_mp4&net=0&pl=0&qs=14&rc=M25oMzw6ZjhqNjMzNzczM0ApN2kzaWQ4NDtmN2c6ZTg8aWdrYjJlcjRfNmlgLS1kMTZzczA0YmNjY2AtYDI2MDBfNjY6Yw%3D%3D&vl=&vr=
5,v09044g40000c42euh3c77u1fkgu3370,16646,567887&444282&223592&160019,0ebfe08b15edb5131d04c055fa7a819c&d613b49cbb80dd7b9aa51031f99ce739&c036cbfd6c28e67a4a4cdb5ba4b45348&9ff2b6397e100097df797e5507741ab5&b887a301b5b6654c978cb674f6a0f032&8b6a787d96144a8c52352ae38a6b8cb5&9e4838578bcd34174ce52f1863364f5a&68c55762f305f236cd2d754e80fc0ab4,https://v25.tiktokcdn-us.com/0ebfe08b15edb5131d04c055fa7a819c/61e519ec/video/tos/useast2a/tos-useast2a-pve-0068/353eea5c512a4e96bf4aed8f1a7c9fe9/?a=1233&br=1108&bt=554&cd=0%7C0%7C0&ch=0&cr=3&cs=2&cv=1&dr=0&ds=3&er=&ft=c~.Zm4L-gXoInz7T&l=20220117012516010113135043152CC54F&lr=all&mime_type=video_mp4&net=0&pl=0&qs=14&rc=MzZ4bjQ6ZmtoNzMzNzczM0ApODc0NGk0NmVlN2Q7OjczM2c0MGRjcjQwci9gLS1kMTZzcy8tMWFiYS5fMzIyNTUxXy06Yw%3D%3D&vl=&vr=
6,v09044g40000c33c97iemsh0t2h21a7g,23752,1481860&967805&502757&322580&298757,501e3932a34b0f2e653c51ce2a29d3d2&17ae9b9ab492403fb96ad47486040542&1bb7bcfbaffca898588e1d3a2f2b91c7&45ed4080f3056386f72f6946239ef08d&1bdf97423c969e5a21b228f608ecf00b&05e7454ee9040ca19759e76ac690b151&ff29e79a9a4e90a1a87cc4a43cd4d50a&47109892b3bec4e59d08d020c0d85a5f&bfd870ab17a6e8d1f507aeeb5dd0672b&2ef9fff75c4ecd877eec893924036919,https://v25.tiktokcdn-us.com/501e3932a34b0f2e653c51ce2a29d3d2/61e519f3/video/tos/useast2a/tos-useast2a-pve-0068/6db60453f1e54ed6a6763c05f1e88f44/?a=1233&br=2894&bt=1447&cd=0%7C0%7C0&ch=0&cr=3&cs=2&cv=1&dr=0&ds=3&er=&ft=c~.Zm4L-gXoInz7T&l=20220117012516010113135043152CC54F&lr=all&mime_type=video_mp4&net=0&pl=0&qs=14&rc=amQ1NTN2aDpmNjMzNzczM0ApZjRkZzc6NzxkN2U4Ozg4O2c0LmVxZWpmNjBgLS1kMTZzczEvYWE1NDVhMjUvMTMyMzY6Yw%3D%3D&vl=&vr=
7,v09044g40000c3sb163c77u1q5eb1gn0,50199,2384648&1679789&1035368&582274,ba793801c759d7bb0de220ef7905603a&73cd42894daa60f110f7b76ce2ad3068&17e708461f801acd4f7f0e6d355c89d9&75eb527eb7903f986dc40ab1b7a195ca&d9a73bdb74b30bffe75882fcd225e8bd&3f2c3fc396086ac1cddc8ca560366533&49e673af95b2b6e5643ebc5f66dd258d&ac7873dd5a7b1a1464a45b2ef5e9db5a,https://v25.tiktokcdn-us.com/ba793801c759d7bb0de220ef7905603a/61e51a0e/video/tos/useast2a/tos-useast2a-pve-0068/f8286e158fda4ed7bdaec686e27037e0/?a=1233&br=4656&bt=2328&cd=0%7C0%7C0&ch=0&cr=3&cs=2&cv=1&dr=0&ds=3&er=&ft=c~.Zm4L-gXoInz7T&l=20220117012516010113135043152CC54F&lr=all&mime_type=video_mp4&net=0&pl=0&qs=14&rc=M2plODQ6ZjllNjMzNzczM0ApZTtmM2Y4ZmU4Nzg0ZTxlOGdrLmJucjQwLnBgLS1kMTZzc2AwYWAzNjBfNDEzXy8uLjU6Yw%3D%3D&vl=&vr=
8,v090445c0000brsj2d7kvluo3u9i7rsg,6639,1025429&793373&341692&224755,507c1e0bfea681bb5a0aec41fbe99917&cf10cdaa6fabcf97dcc7dc359c52a927&895c58bd06062f7554c28f51851502c6&28bc523749430e2f5ff47f9e8ed45be0&d028f87cc5f86d68ad453ed8ffb37af6&4e4f1c5b7828af56c04485616b05413f&25eb922cda159cd85c6493b158711f5b&66da958928589f2f2e5fee5593419120,https://v25.tiktokcdn-us.com/507c1e0bfea681bb5a0aec41fbe99917/61e519e2/video/tos/useast2a/tos-useast2a-ve-0068c003/a61a2fdecc7f4812a7e9dcb661f65801/?a=1233&br=2002&bt=1001&cd=0%7C0%7C0&ch=0&cr=3&cs=2&cv=1&dr=0&ds=3&er=&ft=c~.Zm4L-gXoInz7T&l=20220117012516010113135043152CC54F&lr=all&mime_type=video_mp4&net=0&pl=0&qs=14&rc=anVseHJvbmdtdTMzZjczM0ApaDZpNzQ0ZTw1N2YzOGk7OmdwNDYwcnM0L3BfLS0yMTZzc2IvYzAvMC8yNDJgNWBhYF86Yw%3D%3D&vl=&vr=
9,v09044g40000c23krfe7g8j7827nf5m0,20176,1391827&955897&832763&560077,b22d79fd2e704bda4e5f940bfa11f51b&98317e806f6ad199da4b7abfba468ae6&b6dd3b6fdd470f82943b9c86b4185d75&15a117ab51847cb2be8d4f5fbc5d04f1&9720c37cc2e391ea6afcb45d8ff371b5&5ebbdf82cc367d25a82b5933fe5d740b&ea829b36c35375754adeafeac356a609&7cc54a6afc1375fe30e2367cf270b266,https://v25.tiktokcdn-us.com/b22d79fd2e704bda4e5f940bfa11f51b/61e519f0/video/tos/useast2a/tos-useast2a-ve-0068c003/0ed2412d233a49eba49e4af52e6d8eb1/?a=1233&br=2718&bt=1359&cd=0%7C0%7C0&ch=0&cr=3&cs=2&cv=1&dr=0&ds=3&er=&ft=c~.Zm4L-gXoInz7T&l=20220117012516010113135043152CC54F&lr=all&mime_type=video_mp4&net=0&pl=0&qs=14&rc=MzhxNTo7OmluNTMzNzczM0ApZGY3OjgzaTw0NzU7Z2k7OWdqYzQ1Z2RibzBgLS1kMTZzczNjYl4xXmNiXmEvMl9hMWE6Yw%3D%3D&vl=&vr=
10,v09044g40000c43ejobc77ue6he4rg2g,17482,500223&416016&227615&166397,d8d4fa33c4f851f7205aedcdf75ec239&b9ba5e8ebc6aa9993217643e0ee93620&4cd6913ff18b94872586c5223eb9c8b7&6e700faffd4775a7ce2e91a0bbb5d5cc&856d68b3da3f14f075d3c3e36d9be7c8&75ad2d988d1b633840c5a4d0d2a66c26&5ddc3f7026a909fcb6a6f18dba19bd99&370219fc2a55c45a71794e0548729253,https://v16m.tiktokcdn-us.com/d8d4fa33c4f851f7205aedcdf75ec239/61e51a12/video/tos/useast2a/tos-useast2a-ve-0068c004/ebeda0edfad943b88c11b94bd99d0786/?a=1233&br=976&bt=488&cd=0%7C0%7C0&ch=0&cr=3&cs=2&cv=1&dr=0&ds=3&er=&ft=c~.Zm4L-gXoInz7T&l=202201170125530101131350181B36F91C&lr=all&mime_type=video_mp4&net=0&pl=0&qs=14&rc=amo3a2g6ZnJoNzMzNzczM0ApNGhpNzppNmQ2NzRoNGk0OWcvb2IzcjRfZzBgLS1kMTZzczM1YzIvYWIzYC5iM2AvYDE6Yw%3D%3D&vl=&vr=
11,v09044g40000c3kgrejc77u9jqnp7kpg,39820,1450795&1047947&813997&500737,5c8b0b7e21f7ec0131b6b2d9e22c58d9&9693fe8ece16bfb1973f6438955d4e67&ebff635a61525a4d7b7c63d4d15fdc5a&b682d830726b517c9eaa0c45926cdcb2&25499e416704618a8b72e21d6670c566&d0baa3f35efac0746547e20c501cb234&0388baf3fe3e56cb332cc3f8fb10fc78&805dc9c5de4552eaa55b1e4679e9b81b,https://v16m.tiktokcdn-us.com/5c8b0b7e21f7ec0131b6b2d9e22c58d9/61e51a28/video/tos/useast2a/tos-useast2a-ve-0068c001/99d27d54a7b143af86fa5f55f0b033eb/?a=1233&br=2832&bt=1416&cd=0%7C0%7C0&ch=0&cr=3&cs=2&cv=1&dr=0&ds=3&er=&ft=c~.Zm4L-gXoInz7T&l=202201170125530101131350181B36F91C&lr=all&mime_type=video_mp4&net=0&pl=0&qs=14&rc=am5zdDw6ZmhqNjMzNzczM0ApNGk2aTVmZWU7N2U7Zzk7O2dtNGtncjRnb2hgLS1kMTZzc2I2LS8vNDUwX2A0My8xLjU6Yw%3D%3D&vl=&vr=
12,v09044g40000c2qmm5u2iutjg46gq610,15230,1793520&1235045&889186&593926,421273cba6363a9e0e1f75a0235f551c&12e56a16cbd05d655f277b44b69bfbd1&670c748a1a5c8fe0db7f8f5bd9656ad1&7d403976248a8b8296782fae980b9efd&0f463283e717f6e76128d6a4e9a690f4&73d0b0ac380d9986036c2f0c9e2c1c40&66cf76baac9be63e91c3aab9c6557585&c36e2905bacc738709e57406de45d6d7,https://v16m.tiktokcdn-us.com/421273cba6363a9e0e1f75a0235f551c/61e51a10/video/tos/useast2a/tos-useast2a-ve-0068c004/8c2392560472467faadd751cb7757143/?a=1233&br=3502&bt=1751&cd=0%7C0%7C0&ch=0&cr=3&cs=2&cv=1&dr=0&ds=3&er=&ft=c~.Zm4L-gXoInz7T&l=202201170125530101131350181B36F91C&lr=all&mime_type=video_mp4&net=0&pl=0&qs=14&rc=MzlqN214NThwNTMzNzczM0ApZGdlO2c7O2VpNzRnZWYzNGcubjNkcWZyam5gLS1kMTZzc14yXzNgLS1gYzI2NjY2YzY6Yw%3D%3D&vl=&vr=
13,v12044gd0000c7878sjc77u7psv0afkg,15067,661557&552707&464615&385418,34366fac701e7e9f69ba94ba6bc794ac&b0b44ec9ffd7dc2fea45da55baf96766&a6d32879b9cd579f58cbb7066df8a136&d91560d4be403a72f29d54b3b297dee9&42455d4cc18cbd1b05da74c46663c244&d895ed8bb2235f69224d6e8697dcec79&99d7f6756cb8bee193e341cd273e845d&ca5ac632ad869579d3704d8910805161,https://v16m.tiktokcdn-us.com/34366fac701e7e9f69ba94ba6bc794ac/61e51a0f/video/tos/useast5/tos-useast5-ve-0068c004-tx/288c2e7eff49415ba3911a0c11c53285/?a=1233&br=1292&bt=646&cd=0%7C0%7C0&ch=0&cr=3&cs=2&cv=1&dr=0&ds=3&er=&ft=c~.Zm4L-gXoInz7T&l=202201170125530101131350181B36F91C&lr=all&mime_type=video_mp4&net=0&pl=0&qs=14&rc=amkzdjo6ZnY6OjMzZzczNEApODloODVnOmU6N2k8NzQ6OGdoXnNtcjRnNTVgLS1kMS9zc2NeMzYvYl8tXy4tM19gXjY6Yw%3D%3D&vl=&vr=
14,v10044g50000c6c36brc77u6q3q4r3og,25354,583702&337395&211799,37312c37fbf84e3386d256a101b5d4d4&e8b696f3877e9d380ca270bf7b897634&c16e691a9ab133da6af4bcddc71db489&fc734a7dbd0fcf99f1fbc24ea6c52009&303c21a2ead67352d890f65d7a0b7eb2&c790953892f4e4c5c538f61f1c8ebb0d,https://v16m.tiktokcdn-us.com/37312c37fbf84e3386d256a101b5d4d4/61e51a1a/video/tos/alisg/tos-alisg-pve-0037c001/0fcd2e46f8c24166a41b1a8f9f5a534e/?a=1233&br=1140&bt=570&cd=0%7C0%7C0&ch=0&cr=3&cs=2&cv=1&dr=0&ds=6&er=&ft=c~.Zm4L-gXoInz7T&l=202201170125530101131350181B36F91C&lr=all&mime_type=video_mp4&net=0&pl=0&qs=11&rc=ajY3Njk6ZmU2OTMzODczNEApaDU1ODpnZzxmNzNmZGg4M2dsb25ucjRvM2BgLS1kMS1zczEuMDQxM2M0NS9jMWA0My46Yw%3D%3D&vl=&vr=
15,v09044g40000c1qs7cld1cjmekntikqg,10679,864376&417645&264892,02eb3a33b083272d5e985cdcb9ab60eb&8fc780c175e5f82776075284b30355bb&efc00f339af9f874fa9a267b4d29571d&a21be8047880aae7678fb3e3cdb7047f&d7f21c2962400b235ae16a4ecd8919b1&4e89c373c7f85fec47ade019fdc72e2f,https://v16m.tiktokcdn-us.com/02eb3a33b083272d5e985cdcb9ab60eb/61e51a0b/video/tos/useast2a/tos-useast2a-pve-0068/250df16a02a94b9187bfb0c9e76bfd7c/?a=1233&br=1688&bt=844&cd=0%7C0%7C0&ch=0&cr=3&cs=2&cv=1&dr=0&ds=6&er=&ft=c~.Zm4L-gXoInz7T&l=202201170125530101131350181B36F91C&lr=all&mime_type=video_mp4&net=0&pl=0&qs=11&rc=am53bnBmZ2Z2NDMzNzczM0ApNTY0Z2ZoNWVoN2U8NWhoNGduZmtiZy5pNG5gLS1kMTZzczUzMF5jNTYxNl8tLTIuNl86Yw%3D%3D&vl=&vr=
16,v12044gd0000c7d0b4bc77uekfci7l50,11770,680590&563748&390091&298756,18ae201985376c08dfbf8c17b718dc67&859647fbae0fd55cc76546502410df93&e3a533cbe4fa4993636e9f8de3affcc2&823f9867154e6061fcc3c57e60d17cf8&3c469dc5e5040c9f968e4a38fa8950fa&5aba25fc36357611bd72a8c7eea2d5b1&5b079f3913b9e338dcc762c5de429998&60951fb85367ec0a4b0711dc7429fc75,https://v16m.tiktokcdn-us.com/18ae201985376c08dfbf8c17b718dc67/61e51a0c/video/tos/useast5/tos-useast5-ve-0068c003-tx/724514e92b8043a6947f02201f7c50ab/?a=1233&br=1328&bt=664&cd=0%7C0%7C0&ch=0&cr=3&cs=2&cv=1&dr=0&ds=3&er=&ft=c~.Zm4L-gXoInz7T&l=202201170125530101131350181B36F91C&lr=all&mime_type=video_mp4&net=0&pl=0&qs=14&rc=M29saWg6ZjczOjMzZzczNEApZ2hkaDY8NmQ7N2hnNjplaGcyNGBocjRfX2FgLS1kMS9zc2I2YzFeNTYyMTAyL2ItMmA6Yw%3D%3D&vl=&vr=
17,v09044g40000c2jv6hga6lvlhf9ml8fg,21221,1844886&1518566&799751,742fff14fcfa7a65f5ece1984c78e6b6&fbf6420c5046919e6e0e5f6ac3218cdf&c9e0a93da3fbd897e40d41e055da32f8&069af3bef39b82d13018041317d879ef&94f3c39d5c1ebb3cbc69960a68efdeb8&9adb29abd38e57e29850e72b4380c6f1,https://v16m.tiktokcdn-us.com/742fff14fcfa7a65f5ece1984c78e6b6/61e51a16/video/tos/useast2a/tos-useast2a-ve-0068c001/5b760373d72949838db6ae7478a36a43/?a=1233&br=3602&bt=1801&cd=0%7C0%7C0&ch=0&cr=3&cs=2&cv=1&dr=0&ds=6&er=&ft=c~.Zm4L-gXoInz7T&l=202201170125530101131350181B36F91C&lr=all&mime_type=video_mp4&net=0&pl=0&qs=11&rc=ajtwaW9vZGt5NTMzNzczM0ApNGZmZmg1aGU3Nzk2PDo8ZWdjaTZlczNkM2dgLS1kMTZzczY2YGAyMzAwMjIzMWBjYDY6Yw%3D%3D&vl=&vr=
18,v09044f40000bq3sfh273oo36di7q7bg,15416,735858&566761&327403,71e0540c0aa7f4081259a453d6ec04f3&cd2cd6584831883afaea9bd66a5d8099&cb7f4df53e310ab92b7ef370e4aa24c6&0572b996a0e2d13146e65c85a3f62d13&f7c345897f147045586ca45df5cdb2af&002ebade9a0ff9a1387d54cf2fe9b013,https://v16m.tiktokcdn-us.com/71e0540c0aa7f4081259a453d6ec04f3/61e51a10/video/tos/useast2a/tos-useast2a-pve-0068/1a4eb2b04b464350bb484bfe194ad9cb/?a=1233&br=1436&bt=718&cd=0%7C0%7C0&ch=0&cr=3&cs=2&cv=1&dr=0&ds=3&er=&ft=c~.Zm4L-gXoInz7T&l=202201170125530101131350181B36F91C&lr=all&mime_type=video_mp4&net=0&pl=0&qs=14&rc=ajo6ZzZyOmt2dDMzNzczM0ApZGkzNmk6MzszNzs8NGRlOGdfbmYzbDAvYzBfLS1jMTZzczEyLy9fMDFjMWBiXmFjM2A6Yw%3D%3D&vl=&vr=
19,v09044g40000c2a8isdj4q5u8o8d96ag,8264,540308&478499&311419&223721,59db6863509ea66a391c31f453a6b8c3&e1b4ba03a1200739014fc615b6a9e087&b2ee09b1b2d65b8ce4650a5cfd60fb06&8cbf8e83799d47bb83e1dc6dd52333c5&88dee455cde26256552147babd657815&c452e7cecbd9f5849936340144534c38&c583f63ebbc6f14db7246d59c531c5f4&6b17e8239ba600f660a96f33016e16bb,https://v16m.tiktokcdn-us.com/59db6863509ea66a391c31f453a6b8c3/61e51a09/video/tos/useast2a/tos-useast2a-pve-0068/060bd750fbeb462c8e674263b1a14cc8/?a=1233&br=1054&bt=527&cd=0%7C0%7C0&ch=0&cr=3&cs=2&cv=1&dr=0&ds=3&er=&ft=c~.Zm4L-gXoInz7T&l=202201170125530101131350181B36F91C&lr=all&mime_type=video_mp4&net=0&pl=0&qs=14&rc=ajlncnh0bXY7NTMzNzczM0ApPDs8Nzk0ZmVmN2c3M2lkO2deNjU1MjFhZl5gLS1kMTZzcy8uXjMtYTJiX2BjMjIuNjQ6Yw%3D%3D&vl=&vr=
20,v09044970000c15qot31m2ohdov0nv80,7637,599575&441121&262117&179080,1286df566f90817022ebd9e4ea570dcc&f0dcb3bbae6123bfa208b4b140058275&f86b5f671a2b747acad66f81702df332&32368b359775757448fb33e06de99dc0&3a7b1c99e59ccb567a354e853fabe711&287c5c8b7b35637839f06398ebac5e07&faf78fb3f9b4eefdbd6976ae3b5b34f8&d73bf15b7189bc8b5c943007bf9a625b,https://v19.tiktokcdn-us.com/1286df566f90817022ebd9e4ea570dcc/61e51a94/video/tos/useast2a/tos-useast2a-ve-0068c002/9a2794aa230541308cc5eca4e5bafa23/?a=1233&br=1170&bt=585&cd=0%7C0%7C0&ch=0&cr=3&cs=2&cv=1&dr=0&ds=3&er=&ft=c~.Zm4L-gXoInz7T&l=202201170128130101131351760934803D&lr=all&mime_type=video_mp4&net=0&pl=0&qs=14&rc=M3kzcms1NHd0NDMzOjczM0ApZGc7OjU6PGQ3Nzg4aTozZGc1a3NhbGowbDJgLS02MTZzcy82YjItMV9iLV8vYjEwNF86Yw%3D%3D&vl=&vr=
21,v09044g40000c39ork8o4qnr8507sfp0,17019,2400024&1680624&812197&524204,0b7e0a95eb9dcad48729039f49f752a1&1be1a45185f78d1cefef5f552c798e3a&ace1a97820aca4521e530f089667e69f&71f5d7469818ca0d00525f421df731dd&e9e333b2afd545b89ffaf8cfddaca64f&7c4d61a28757efd6966e58e4ef3f3c16&d7d7d369a9940b64d3bd7449ee225d1a&372cdf895a8ec3c4e7f98cba0fcd0afa,https://v19.tiktokcdn-us.com/0b7e0a95eb9dcad48729039f49f752a1/61e51a9d/video/tos/useast2a/tos-useast2a-ve-0068c003/b2f1a5a1d3f0448f9fb4b5a037c92027/?a=1233&br=4686&bt=2343&cd=0%7C0%7C0&ch=0&cr=3&cs=2&cv=1&dr=0&ds=3&er=&ft=c~.Zm4L-gXoInz7T&l=202201170128130101131351760934803D&lr=all&mime_type=video_mp4&net=0&pl=0&qs=14&rc=M2k6OHV0cm5yNjMzNzczM0ApZWg8aDs6N2Q1NzYzOzk5NmdtcC01azE1bzZgLS1kMTZzcy82LzUtNjIxLWJiY141Ly46Yw%3D%3D&vl=&vr=
22,v09044g40000c1n21093do78fvgam52g,14928,1985159&1630658&653285&420754,a870bedab898add88da79643df7e756b&435decf51850a4d8cda786b42cf386e6&df34949c5343807060c5b82014e1a347&c3fe4cf0e18d8829da34d47c3d934a8c&dc4410d447778659fa281a0dbabffc95&e2cfd2acba05b5805d4f8b7067a8a944&72c9369baec85dfec164169fcdfe5e9e&5d9179ebe7b93eeaf168afe5b369832b,https://v19.tiktokcdn-us.com/a870bedab898add88da79643df7e756b/61e51a9b/video/tos/useast2a/tos-useast2a-pve-0068/21c531d693a240fbb4c2d8a41a8caa19/?a=1233&br=3876&bt=1938&cd=0%7C0%7C0&ch=0&cr=3&cs=2&cv=1&dr=0&ds=3&er=&ft=c~.Zm4L-gXoInz7T&l=202201170128130101131351760934803D&lr=all&mime_type=video_mp4&net=0&pl=0&qs=14&rc=ajhkeTtyNjM1NDMzNzczM0ApZjY7NmdpO2U3N2c0ZWlnZWcvamRjNGE2LmtgLS1kMTZzc18xMmMuLzMuLy4xMGMwYWI6Yw%3D%3D&vl=&vr=
23,v07044420000c199u5s35dppe9q0d1j0,8032,700067&442899&309569,8c12e1873e07a57b49f0c9eec85a3093&54b1220cfa42e095598a1fe937d6ed1f&1d1ecc8a8fc0fee867684c36307188aa&62cd3dd363333f8ab82c3d3634e63f63&9159931e356bd8098d739794c26bfcbd&2a78e182902511f943fe37ef8f7a30ec,https://v19.tiktokcdn-us.com/8c12e1873e07a57b49f0c9eec85a3093/61e51a94/video/tos/alisg/tos-alisg-pve-0037c001/202e295a089748c1b884ab25998a2b3a/?a=1233&br=1366&bt=683&cd=0%7C0%7C0&ch=0&cr=3&cs=2&cv=1&dr=0&ds=6&er=&ft=c~.Zm4L-gXoInz7T&l=202201170128130101131351760934803D&lr=all&mime_type=video_mp4&net=0&pl=0&qs=11&rc=MzQzPHNnNjg8NDMzNTczM0ApOTk5aGRlOjw6Nzg7NTxnZmdnYW5ibTJwcjZgLS0xMTRzczZfMTZjMGEyYDA0LmJfMWM6Yw%3D%3D&vl=&vr=
24,v09044g40000c2q01jk1se6edeiqos2g,20896,1262211&1035288&794761&542759,81ec3e63d51a8e0da76398e83e0ca18c&a799a4f5f5ff111c4d30f9e0b588333c&06a264b20d4831a29e49501586a1e30b&b6a4bda52daa633599e0eb4f07ed70ee&f2df4a50a6d13ccb4fa81dd664997887&6ab5e929aa46f4c5bfd8af9bc325220e&5ac889e9804f53a35bf0330c59ba733b&a2d680b4f4a6f324df870f4e2dda405f,https://v19.tiktokcdn-us.com/81ec3e63d51a8e0da76398e83e0ca18c/61e51aa1/video/tos/useast2a/tos-useast2a-ve-0068c001/032f2f8815304c9394dd37c63db334a2/?a=1233&br=2464&bt=1232&cd=0%7C0%7C0&ch=0&cr=3&cs=2&cv=1&dr=0&ds=3&er=&ft=c~.Zm4L-gXoInz7T&l=202201170128130101131351760934803D&lr=all&mime_type=video_mp4&net=0&pl=0&qs=14&rc=anZ0aGhoNG0zNTMzNzczM0ApOWRpPDxnOGVoN2Y3OTVmO2cvbGZhM3BoLm5gLS1kMTZzczFhYjU2NWAzXjAuLS8uLi46Yw%3D%3D&vl=&vr=
25,v09044ad0000c0qnh58p8rsb4e7eg120,14208,881638&644122&349950&209351,094e7406c0ad36e02b39daa709922bfc&a1756a035b76add5f506f264c37e5fba&5159005a50546330394a6b64c95a6c3b&841d5604cb297e1b2abf6119b0da966d&d56f114fa5b5ae4f0ec8b7fc64960faf&676646bdaa1010b1823d488782d0d381&17bcfedee35168883da0aa3a0b8c3215&dbaf4cc4cd6e75f83cec809de3234c39,https://v19.tiktokcdn-us.com/094e7406c0ad36e02b39daa709922bfc/61e51a9b/video/tos/useast2a/tos-useast2a-ve-0068c002/78aa8b14fb054a35b79487b137b29b3c/?a=1233&br=1720&bt=860&cd=0%7C0%7C0&ch=0&cr=3&cs=2&cv=1&dr=0&ds=3&er=&ft=c~.Zm4L-gXoInz7T&l=202201170128130101131351760934803D&lr=all&mime_type=video_mp4&net=0&pl=0&qs=14&rc=MzRoaGV1czhxMzMzZzczM0ApO2Y3aDtkPDxpNzQ5ZmQ3OGcvZDQxcDU1ZW5gLS1eMTZzcy5gMS4wXzJiLWM0MDAvMTI6Yw%3D%3D&vl=&vr=
26,v09044g40000c6bjhcrc77ue1odlkdo0,7940,604161&439135&296553&183383,eb4644f9371d0787b5c91f721a3efbd5&f9fc5c328950cd5c4e41155e4ba71e27&842c5b305c9da5bb1c08c240ee051f75&b78b8a20a4b8d37c2e7d7db50367ace5&c2ca3c66ce733f7db766bb39bafef30e&9b67380d9f4d475cbd662a99b27d3ebb&7138fb11cbbe60c8c3c831003e5a74c8&f4f5a747bbb62d9694fee94063a896de,https://v19.tiktokcdn-us.com/eb4644f9371d0787b5c91f721a3efbd5/61e51a94/video/tos/useast2a/tos-useast2a-ve-0068c004/53037072e7ea46719f71503983e53896/?a=1233&br=1180&bt=590&cd=0%7C0%7C0&ch=0&cr=3&cs=2&cv=1&dr=0&ds=3&er=&ft=c~.Zm4L-gXoInz7T&l=202201170128130101131351760934803D&lr=all&mime_type=video_mp4&net=0&pl=0&qs=14&rc=M2dvcmg6ZmZtOTMzNzczM0ApNWg6aWY2aGU8NzdpOWc7OWdsaGEucjRvZV9gLS1kMTZzc15hLjIzXmIxNWNeYjUwYGA6Yw%3D%3D&vl=&vr=
27,v09044g40000c2t3lrho1amdn3nre0s0,5013,756227,7e158a13942ba29cbf33e070f373494e&13a3d2a5f045785753824e13eb8df0f5,https://v19.tiktokcdn-us.com/7e158a13942ba29cbf33e070f373494e/61e51a91/video/tos/useast2a/tos-useast2a-ve-0068c004/e99cb9d5a11d4ac7a496622b02f8a9ad/?a=1233&br=1476&bt=738&cd=0%7C0%7C0&ch=0&cr=3&cs=0&dr=0&ds=2&er=&ft=c~.Zm4L-gXoInz7T&l=202201170128130101131351760934803D&lr=all&mime_type=video_mp4&net=0&pl=0&qs=0&rc=MzN1NmdkcnU2NTMzNzczM0ApNjk0Z2c7Zzs4NzRmMzYzM2dwYmtrai5laXFgLS1kMTZzc2BiNV4zNTEyNjQ0XmEzMS86Yw%3D%3D&vl=&vr=
28,v09044g40000c2ft710bf79t3vkd0gvg,19293,1718431&1264133&618854&381743,1993acaa84ecb548f8d7314517555926&326d43118b1c749c473fa15f35a7ea42&534135fcf39d09771a2aa6b390872445&4a5d593eb7fdef2c92a3e8ae949239d4&a0e290eb484266bb2cce8ebaec5e6006&a1831b1bce5042fcf65df642e2986555&f8b68b840fbff88f46462fe37566b76c&a84e7f63bc8741c5c9bd03a34a5cb09b,https://v19.tiktokcdn-us.com/1993acaa84ecb548f8d7314517555926/61e51aa0/video/tos/useast2a/tos-useast2a-pve-0068/4b429b6507504a9cba99f12e0d4afe8a/?a=1233&br=3356&bt=1678&cd=0%7C0%7C0&ch=0&cr=3&cs=2&cv=1&dr=0&ds=3&er=&ft=c~.Zm4L-gXoInz7T&l=202201170128130101131351760934803D&lr=all&mime_type=video_mp4&net=0&pl=0&qs=14&rc=ampneXc6ZTR3NTMzNzczM0ApN2ZlPDdlaGUzNzM2OmU6PGdzLWgwNmMtNGNgLS1kMTZzcy8uMDEtLTJiMWAyM181LTU6Yw%3D%3D&vl=&vr=
29,v12044gd0000c797pgbc77ucq7ijquug,16995,298431&235242&154197&125184,bbd4564f63da7e69e456f0ff5d9e0f30&008113ecef8db452d348dd9b2325a58b&df884a2f4c811409f1c7110ebe6f1007&a6a2b83d856888fa13bb68e4842199f1&b46afa1cfc746f6a24ea8270115e8414&2a9e3f09a1dfc5f6d57de5225a1c126c&51e7871f79d31326ba0d7c3b7a4be7f7&6d221d9d9f27694f1dedaca77584004a,https://v19.tiktokcdn-us.com/bbd4564f63da7e69e456f0ff5d9e0f30/61e51a9d/video/tos/useast5/tos-useast5-pve-0068-tx/f62e02f024c540c89a00998f535a6845/?a=1233&br=582&bt=291&cd=0%7C0%7C0&ch=0&cr=3&cs=2&cv=1&dr=0&ds=3&er=&ft=c~.Zm4L-gXoInz7T&l=202201170128130101131351760934803D&lr=all&mime_type=video_mp4&net=0&pl=0&qs=14&rc=anhtOmY6Zmo6OjMzZzczNEApOjM6NDc4aWRkNzVlODRpOWdybmZucjRfbTZgLS1kMS9zcy4vYmFhMV5jMzZeNjY1XjY6Yw%3D%3D&vl=&vr=
30,v09044g40000c4mg0q3c77u950nmju0g,19177,3191109&1932525&1342438&707823,aadcfec896a6a8eb09bd232c23cf56a0&f55c3ec470c7027a1145d1b90474c13d&3b42356fb465c1ddf641e7c6dd13dd26&b0d40e96d9db600b4fbeb4ba99084530&87a3673c69328c0458dee0fba97f38c2&3145db4f3b2590f1cfc3f20e8b8ef2e3&f166f7522647e021a4bf5d9e6bda1468&358d8256a805e13d9a9b7b4b47cf236f,https://v39.tiktokcdn-us.com/aadcfec896a6a8eb09bd232c23cf56a0/61e51ad3/video/tos/useast2a/tos-useast2a-ve-0068c003/1578429937b3407ab574c8a84355dafb/?a=1233&br=6232&bt=3116&cd=0%7C0%7C0&ch=0&cr=3&cs=2&cv=1&dr=0&ds=3&er=&ft=c~.Zm4L-gXoInz7T&l=202201170129040101130060110D16E641&lr=all&mime_type=video_mp4&net=0&pl=0&qs=14&rc=anhwMzw6ZnRqNzMzNzczM0ApOTxoaWhlOjs6NzM3OzQzO2ctZ2sycjQwLWpgLS1kMTZzcy1hXy9jXmIyMjFjXzIyMS06Yw%3D%3D&vl=&vr=
31,v09044g40000c42sjhbc77u591u34mdg,16600,1143137&860555&523772&365504,c23c9fbf7c83697a46db2915dd23a8e4&9049d88e04a01fbfbd2f07702e6f0b80&8f7905b86f0298e07d8182ad93cb8793&a4e94eb6e6c1a0315d1d7793bdb5e175&b78cc23a8685a30f7947a3bb01b96a6a&14ccc6c3c335dd45d7ee407b5c670dba&7f6e3574a563119975a17e49807ce042&d12051d87a849a649708da7a8d28a4ec,https://v39.tiktokcdn-us.com/c23c9fbf7c83697a46db2915dd23a8e4/61e51ad0/video/tos/useast2a/tos-useast2a-ve-0068c002/7da2afaad80f404fb164f84d77c8ba4d/?a=1233&br=2232&bt=1116&cd=0%7C0%7C0&ch=0&cr=3&cs=2&cv=1&dr=0&ds=3&er=&ft=c~.Zm4L-gXoInz7T&l=202201170129040101130060110D16E641&lr=all&mime_type=video_mp4&net=0&pl=0&qs=14&rc=anA2NDg6Zmt2NzMzNzczM0ApOzs7ZGQ5ZzxkNztlNTlnaGdhMXI2cjRfZy9gLS1kMTZzczUuLjJjMTFeNTIyMC0vYy46Yw%3D%3D&vl=&vr=
32,v07044550000c07os0nir75n464p64cg,8589,247151&169174&126295,afaca2bfaeb6f8169ced386d0b9f9c66&301773de9643231fa4b279017a3adfa2&5fc65da0d2224a5feb324fe75b06eca0&92dcd920688e0e50877dfcf62c2f06e4&0c6d8fbbe3d9d850d72858d20af472e1&024979456357506dbbe12708411756eb,https://v39.tiktokcdn-us.com/afaca2bfaeb6f8169ced386d0b9f9c66/61e51ac8/video/tos/alisg/tos-alisg-pve-0037c001/88d0a2f0d8fd40f699e281a9c3b021f0/?a=1233&br=482&bt=241&cd=0%7C0%7C0&ch=0&cr=3&cs=2&cv=1&dr=0&ds=6&er=&ft=c~.Zm4L-gXoInz7T&l=202201170129040101130060110D16E641&lr=all&mime_type=video_mp4&net=0&pl=0&qs=11&rc=ajdzOXE6bDNyMzMzODczM0ApNTk1aTU8OGRoNzdoM2Y5aWdgMzExMm9rcDRgLS0yMTRzcy0zMTEyXmAvYi81MzAxLWI6Yw%3D%3D&vl=&vr=
33,v09044690000bugd0qjemvd778npkaug,8728,1625869&1015423&736932&474604,12cae7b1b4191ac833ffce00dcb02f2a&cb05304938d31d7fc2ccf39dc17e38f3&7689b6fa46a61ac8b22c34c0e2a26fa6&f092e3cdb14bf0ed615530933d8dd325&5c026306ac6447ebc3798fe4519959ce&7e363aa6e1ec4b4104cae49ae5f1e79f&78dca9c4ec70e374a7edb947603981fe&334ac8001c1d2b56101ab79f77642ab1,https://v39.tiktokcdn-us.com/12cae7b1b4191ac833ffce00dcb02f2a/61e51ac8/video/tos/useast2a/tos-useast2a-ve-0068c003/577f7868462848419672cfb56e32c139/?a=1233&br=3174&bt=1587&cd=0%7C0%7C0&ch=0&cr=3&cs=2&cv=1&dr=0&ds=3&er=&ft=c~.Zm4L-gXoInz7T&l=202201170129040101130060110D16E641&lr=all&mime_type=video_mp4&net=0&pl=0&qs=14&rc=amRzOzp5aHRneDMzPDczM0ApZGc2NmRoZDxpN2hlOTw1NWdyaGs0YWpnLWRfLS0zMTZzc2IzYV8xMmBiLTAuMC4wNC86Yw%3D%3D&vl=&vr=
34,v12044gd0000c736h5bc77uakasifot0,40843,832150&688079&457089&341092,a5fab89c8070570dc437aa431d521e91&0e001783f978cb7af8c5e800cc3ad144&7a716bf9c25ae02d1b1e4c929358f8e5&562285a9144d24e341968a0d4c2dbaf2&ee2c34167d456e9560583d28746cc7b0&6106fde37c2d9f76447b3a4cba225398&40073b0d81e938a1fe5e6574b69ea3a3&263300a4a9807d3a9e90012660a147e0,https://v39.tiktokcdn-us.com/a5fab89c8070570dc437aa431d521e91/61e51ae8/video/tos/useast5/tos-useast5-pve-0068-tx/967c907d787f47d1ba726183ac03a2a0/?a=1233&br=1624&bt=812&cd=0%7C0%7C0&ch=0&cr=3&cs=2&cv=1&dr=0&ds=3&er=&ft=c~.Zm4L-gXoInz7T&l=202201170129040101130060110D16E641&lr=all&mime_type=video_mp4&net=0&pl=0&qs=14&rc=M3JsZGQ6Zjg5OjMzZzczNEApNDlkOjo5ZjxmNzc8NjVpOGdxY3BocjRfZTBgLS1kMS9zczY2NjAyXjBfYi8xLzIuY2A6Yw%3D%3D&vl=&vr=
35,v09044g40000c1n6fgrivpn8c64va3mg,15276,1055778&904129&638191&402855,a974a2c1e4b178dd9daf7c051c074a7f&bd7d599aa74e0db2545084887a520809&af2da443336ecdebf3c31a96145ba515&e9bae288026ce7d9c5f2e39fe0acd3df&3681e35ae00a30542f7a85cb7f008164&37167c8a17d9515a2785e2c75c194c24&91fbdace7be3c9e07bdea065a175492d&a922d684bd8e953f7bc0dcecfa2711d3,https://v39.tiktokcdn-us.com/a974a2c1e4b178dd9daf7c051c074a7f/61e51acf/video/tos/useast2a/tos-useast2a-pve-0068/0d6b12d875944f93abce543a86449ffc/?a=1233&br=2062&bt=1031&cd=0%7C0%7C0&ch=0&cr=3&cs=2&cv=1&dr=0&ds=3&er=&ft=c~.Zm4L-gXoInz7T&l=202201170129040101130060110D16E641&lr=all&mime_type=video_mp4&net=0&pl=0&qs=14&rc=ajZ5OTtzbGo5NDMzNzczM0ApPDc3ZTw6OzszN2UzO2Q1ZWdqXjFga3NvY2tgLS1kMTZzcy8wNTQwLy41L2BiYjEzMzI6Yw%3D%3D&vl=&vr=
36,v09044g40000c4ohat3c77u88dlsgkjg,9542,942322&447409&317248,e0baa97fc5441d57519ebf2d254e229b&af2cd5da8ceb94de0257a732f9e51a4a&b5a73ed43ef7964518400594502d2a5e&464611338e10bd343053894eaf2b7e97&1f164e154318534f7cf9b42e90ed5ff6&57d8e529e2cd165577a92cdaeda003ff,https://v39.tiktokcdn-us.com/e0baa97fc5441d57519ebf2d254e229b/61e51ac9/video/tos/useast2a/tos-useast2a-ve-0068c004/c54e4db20e74481fa121eb15af5f85e5/?a=1233&br=1840&bt=920&cd=0%7C0%7C0&ch=0&cr=3&cs=2&cv=1&dr=0&ds=6&er=&ft=c~.Zm4L-gXoInz7T&l=202201170129040101130060110D16E641&lr=all&mime_type=video_mp4&net=0&pl=0&qs=11&rc=am52Zzs6ZndrNzMzNzczM0ApaTU3PGc5N2U1NzM1Nzk1OmdnZGk1cjQwXmxgLS1kMTZzc2AtXjAxXy8yMGIwNS5jXzA6Yw%3D%3D&vl=&vr=
37,v090443b0000bu7hkfqqsv284dioh21g,15555,689791&625195&437373,e52c86ba98e773e6bb67bb54f4d72750&373fe2ccfcec3a9bef2da4f5347de258&b5c53e0936ee65d3c23a62fb673b5007&a072d543ed81b28b4d8fc2b60ecbfa49&81fc59ad66183c2ea729e60d4b397fcd&aa8cbf81353f9757ef05f34b4ead73db,https://v39.tiktokcdn-us.com/e52c86ba98e773e6bb67bb54f4d72750/61e51acf/video/tos/useast2a/tos-useast2a-ve-0068c002/9e8ed43555484c4b83d5257edb9435d0/?a=1233&br=1346&bt=673&cd=0%7C0%7C0&ch=0&cr=3&cs=2&cv=1&dr=0&ds=6&er=&ft=c~.Zm4L-gXoInz7T&l=202201170129040101130060110D16E641&lr=all&mime_type=video_mp4&net=0&pl=0&qs=11&rc=ajVyZzt5dGlreDMzZTczM0ApZzw0Ozk2OmQ0NzVoOWRnZmcuZWYxL3BuaDRfLS0wMTZzc2IyMC1jNF40XjY2LTAwLzQ6Yw%3D%3D&vl=&vr=
38,v09044g40000c3gscaris849rbdm91rg,14975,1649189&1352918&1157202&784297,716ab94ae50d4db8064b48808bdabe75&3e9a1f4aadf75b763c76ec928a17e6af&84c43464856fc4dab1b6dcecce9d935b&e31e5510000b547ae1ac6eb079ea2bf9&3ec2e98a50fb0ea49c8c37e85eb4c92a&69f60b31634b224667f49a9bcce1dde2&4dac8d944c15741672ef029e05acfad3&5c2aa4cb9f6432b7bacb06882aa33875,https://v39.tiktokcdn-us.com/716ab94ae50d4db8064b48808bdabe75/61e51ace/video/tos/useast2a/tos-useast2a-pve-0068/9d511f5263d34272a97a3e7ab284c1ce/?a=1233&br=3220&bt=1610&cd=0%7C0%7C0&ch=0&cr=3&cs=2&cv=1&dr=0&ds=3&er=&ft=c~.Zm4L-gXoInz7T&l=202201170129040101130060110D16E641&lr=all&mime_type=video_mp4&net=0&pl=0&qs=14&rc=ajRwZTw7bGR2NjMzNzczM0ApNGg7ODYzNTxpNzw8aTllNGdvNmFvMXBvYGRgLS1kMTZzczIxXi1hNmJeNS02YS1gXjU6Yw%3D%3D&vl=&vr=
39,v09044900000c1gk48v7hc99pahqgrq0,8637,2052471&1561356&980982&642068,7f07ab52a0df42466a272fd69456485c&bfd817db600641cd79a6e446b75e194b&ff3355016a54c0e157409e72f1ecae5e&cd8ac851cbf5d67478ecd2ddee67a277&35c99e8398c9b339de13976fbbc7c556&4ee20a70527513c48e3210e7961e010d&558bf16506a814c0284415ea47a62aad&920c6ea7facb9abff128cad7179d7b78,https://v39.tiktokcdn-us.com/7f07ab52a0df42466a272fd69456485c/61e51ac8/video/tos/useast2a/tos-useast2a-ve-0068c002/7eeeb48d29a048fb8a43c2e4f44e7786/?a=1233&br=4008&bt=2004&cd=0%7C0%7C0&ch=0&cr=3&cs=2&cv=1&dr=0&ds=3&er=&ft=c~.Zm4L-gXoInz7T&l=202201170129040101130060110D16E641&lr=all&mime_type=video_mp4&net=0&pl=0&qs=14&rc=M3V0ZDxmOjtuNDMzMzczM0ApOmUzOjc6aGQ5N2k2O2c2ZmduZGVtNmVzMWRgLS02MTZzc2FeM2MtMTEvMy8uNDA2NmI6Yw%3D%3D&vl=&vr=
40,v09044g40000c4oflj3c77ue62ip6i7g,18829,1005587&678099&416779,b8433c39c4a718614354e63b63edb12f&bbc9a42c61334c8e73857fdccea0baa1&85b275d8a3d10f0fe6f57290405ef2ab&445fb6596d86c122eebed556c3b28d74&ced4bba31231020f42e0b782c7e08ccc&6d4f596cc32e9cbfbd3b997bd0383ad4,https://v16m.tiktokcdn-us.com/b8433c39c4a718614354e63b63edb12f/61e51b29/video/tos/useast2a/tos-useast2a-ve-0068c004/ba81bb2590184a42916525640ac6a34f/?a=1233&br=1964&bt=982&cd=0%7C0%7C0&ch=0&cr=3&cs=2&cv=1&dr=0&ds=6&er=&ft=c~.Zm4L-gXoInz7T&l=20220117013031010113135192142DAA10&lr=all&mime_type=video_mp4&net=0&pl=0&qs=11&rc=amxzNWg6Zm1pNzMzNzczM0ApOTpnNDZkZ2U3Nzc7Zzg4OWc0M2YzcjQwaWxgLS1kMTZzc2AyNmA1MTRgNS40LjViM186Yw%3D%3D&vl=&vr=
41,v09044fd0000buhfv1j9iufl0fi5ir5g,19502,568440&460718&327550,7a87e21d4810576218433ad979fa5b7f&d34225f28704ecf4013169c83e6dcc6b&3be167ca9a453a183fb55013338bd0ca&a340f9caf0db194709f3e07d25195b00&1f9a685305a72038c10f1c57e54f4e9c&8d94efad1d60b7afaa3254ed0c850104,https://v16m.tiktokcdn-us.com/7a87e21d4810576218433ad979fa5b7f/61e51b2a/video/tos/useast2a/tos-useast2a-pve-0068/a27f7933c7584a20ab3fd6eb8b24a7cc/?a=1233&br=1110&bt=555&cd=0%7C0%7C0&ch=0&cr=3&cs=2&cv=1&dr=0&ds=6&er=&ft=c~.Zm4L-gXoInz7T&l=20220117013031010113135192142DAA10&lr=all&mime_type=video_mp4&net=0&pl=0&qs=11&rc=anU4aW94PDRpeDMzZzczM0ApZ2U2ZTU7ZDw5NzNoZDg5NGcyZmYtY2Znc2VfLS1jMTZzc2MxMmJeL2BeMzM2XmIvMTQ6Yw%3D%3D&vl=&vr=
42,v09044g40000c3mrtfbc77uahb02m4jg,7149,1009186&814846&469416&322285,a50900446ac817a5d958e0e741e94e06&c8c159f4404a79750378c69d142bfd2b&ea078924d56ec3ae8312fa33d977c21c&912e6a670636e5aba92f66a3335940f1&b103c62a9951fdeac0c02ad131af22e3&b3519ade5c36a0538f362bfc3a69995f&3d76d8e1cc305c45da5130421807ce0f&14cab81d49448c2f29ad8084b84497b9,https://v16m.tiktokcdn-us.com/a50900446ac817a5d958e0e741e94e06/61e51b1d/video/tos/useast2a/tos-useast2a-pve-0068/3ebc7ee2989f443883330b31dfab49f4/?a=1233&br=1970&bt=985&cd=0%7C0%7C0&ch=0&cr=3&cs=2&cv=1&dr=0&ds=3&er=&ft=c~.Zm4L-gXoInz7T&l=20220117013031010113135192142DAA10&lr=all&mime_type=video_mp4&net=0&pl=0&qs=14&rc=ajc1ZWQ6Zml1NjMzNzczM0ApOWg2NjxmNDw2NzY8OTg4Z2dnai1lcjRfcWpgLS1kMTZzczA1LWJgYy9jYi9eMGIvXjY6Yw%3D%3D&vl=&vr=
43,v09044g40000c442udjc77u82pan8nr0,10773,532271&468564&315901,5972d4ab4b2240d6a07fb69b4e8f766b&844631c42c2837d197afac1aa9003361&50cf4397b8b20d0973d618d69ec9789f&7dbef7c4b5ba578c5b190ed36bb0c6ec&2ceba5d04876e61fe82e9004a2458b89&094f25a7b29957d030847362a86182bb,https://v16m.tiktokcdn-us.com/5972d4ab4b2240d6a07fb69b4e8f766b/61e51b21/video/tos/useast2a/tos-useast2a-ve-0068c004/8ef5572352a949ec98150aec8025dd70/?a=1233&br=1038&bt=519&cd=0%7C0%7C0&ch=0&cr=3&cs=2&cv=1&dr=0&ds=6&er=&ft=c~.Zm4L-gXoInz7T&l=20220117013031010113135192142DAA10&lr=all&mime_type=video_mp4&net=0&pl=0&qs=11&rc=M3Fxczs6Zmc1NzMzNzczM0ApOWdkPDllaDtlNzs0aDdmNmdvNV4vcjRncjFgLS1kMTZzczFiXzQzNjU0NV9fLWBfXl86Yw%3D%3D&vl=&vr=
44,v09044g40000c3r8kabc77u0jldggbg0,12769,2330361&1704943&1469448&996082,c195d4dff560ff5db6a6821a241b6697&2ace2bcb10e36e3fad3d75cffbcd7267&4f192dc6e8da1ede31b4b46f20619a11&1bc3821b3c1dadbba8be1c8fdedeaf81&cdbffd5a6962bf8cac2ee3680627c953&c25ccfb33f794d8dba1491e6df90ab7f&4744f4ed7b3918f39647c34e884b841c&a60ce89c114850481b12d678917c61e5,https://v16m.tiktokcdn-us.com/c195d4dff560ff5db6a6821a241b6697/61e51b23/video/tos/useast2a/tos-useast2a-pve-0068/8cab7da36e664048988304d7ef7a47b7/?a=1233&br=4550&bt=2275&cd=0%7C0%7C0&ch=0&cr=3&cs=2&cv=1&dr=0&ds=3&er=&ft=c~.Zm4L-gXoInz7T&l=20220117013031010113135192142DAA10&lr=all&mime_type=video_mp4&net=0&pl=0&qs=14&rc=M2VqbzM6ZmQ7NjMzNzczM0ApaDY2PGk8aTs8NzhpPDg8OmdkZGFncjRfaG9gLS1kMTZzcy1jY2BgMF5iMjQwLS8wYGA6Yw%3D%3D&vl=&vr=
45,v09025g40000c5tphj3c77u9non5uja0,11632,391326&216922&156694,6e8cac5377f1e485d4161bfee25b31db&8396a3836ee9d9c47419098fc2ab43d9&9768742a862de2608d7110c1e0014047&b280b0f7c4f828f953222e9b64031c85&1b73b35ef5cf80fcd041fc0edd5727ff&74b61fcac3923662ff5db69a389e7a90,https://v16m.tiktokcdn-us.com/6e8cac5377f1e485d4161bfee25b31db/61e51b22/video/tos/useast2a/tos-useast2a-pve-0068/0db5a52be4814ca482755ba7b47a0966/?a=1233&br=764&bt=382&cd=0%7C0%7C0&ch=0&cr=3&cs=2&cv=1&dr=0&ds=6&er=&ft=c~.Zm4L-gXoInz7T&l=20220117013031010113135192142DAA10&lr=all&mime_type=video_mp4&net=0&pl=0&qs=11&rc=M204cjw6Zm1zODMzNzgzM0ApZmZkOGdkaTs0NztmODk3aGdecmtrcjQwZXFgLS1kLzZzc2BjMWAwLTRfMC8wYmAuNGI6Yw%3D%3D&vl=&vr=
46,v09044g40000c4kh153c77u3i2t1e3f0,20710,790267&584037&389756&259282,cf1c2721e66db134a4016ce7f719d71c&4d1bb7c2a3c68d9ff217730765419cda&6fbfd5c0c4642a931b3c30150d2ad0c1&96bbcc3e85b463894b27092cc3d21556&f3ad0ee08b36ca98109f1a0a09f0e727&2178d0bb636699d3f9e7bd188e0fdf73&9594d6b46fc83834451f999cd904c54a&3dc7f3733ecc6a58efa12cbac4c92b0c,https://v16m.tiktokcdn-us.com/cf1c2721e66db134a4016ce7f719d71c/61e51b2b/video/tos/useast2a/tos-useast2a-ve-0068c004/fc7e9f17e2344ce89e8aa991b7d0e895/?a=1233&br=1542&bt=771&cd=0%7C0%7C0&ch=0&cr=3&cs=2&cv=1&dr=0&ds=3&er=&ft=c~.Zm4L-gXoInz7T&l=20220117013031010113135192142DAA10&lr=all&mime_type=video_mp4&net=0&pl=0&qs=14&rc=MzY0NTY6ZjhrNzMzNzczM0ApOGY1OzNoNjs2NzZlM2UzOWdjYnFmcjQwLmhgLS1kMTZzc2IzLy1iNjNeYC4uMTIuLTA6Yw%3D%3D&vl=&vr=
47,v12044gd0000c6438f3c77uf5sb2qspg,7637,438273&308591&211521&145661,bbf133cb79be90876fcd34347a85765a&25321aea483e642491ffee9e5019a932&5474cc8ec1c7bb539bc03f0e05825c73&967d75584a752fcbc448d7a848b5468f&d2e10d5dc1911f1e2c53d32bb164bc18&6bd44aed48b30345ac352df1d03052ef&69d51aedd1a800cf8c5f44664559c1d5&22d88100ec942fef1d06f0333d3a97ae,https://v16m.tiktokcdn-us.com/bbf133cb79be90876fcd34347a85765a/61e51b1e/video/tos/useast5/tos-useast5-ve-0068c004-tx/76d2b8ec07e045ac97babd32e7849b66/?a=1233&br=856&bt=428&cd=0%7C0%7C0&ch=0&cr=3&cs=2&cv=1&dr=0&ds=3&er=&ft=c~.Zm4L-gXoInz7T&l=20220117013031010113135192142DAA10&lr=all&mime_type=video_mp4&net=0&pl=0&qs=14&rc=anY1dmk6Zmk2OTMzZzczNEApNTM7PDplZDs3N2k3NTQ0NGdtbl8ycjQwNTFgLS1kMS9zcy1iMTNhMjVgXzFhX2MvNWI6Yw%3D%3D&vl=&vr=
48,v09044g40000c34mtnth8h41mpjnku00,7382,1175019&925927&534792&327161,af8c598cac55a8632e465347bb7b30c1&9714624278f00cf1a4f9734897665aba&e93319e1ae7c361b2024e751c039b1d2&d4af848860db0acaed15101e88e79c5f&54c8cf5d7c246140da33222a34356efc&3eca00c7e2458d0e4be48e42c438f3f7&7895cbfe8d156ced670bd256912f857f&eb319a5d3250312a916cbac63770e26d,https://v16m.tiktokcdn-us.com/af8c598cac55a8632e465347bb7b30c1/61e51b1e/video/tos/useast2a/tos-useast2a-ve-0068c002/18dc538910c34b97b0ba2334398c0c1c/?a=1233&br=2294&bt=1147&cd=0%7C0%7C0&ch=0&cr=3&cs=2&cv=1&dr=0&ds=3&er=&ft=c~.Zm4L-gXoInz7T&l=20220117013031010113135192142DAA10&lr=all&mime_type=video_mp4&net=0&pl=0&qs=14&rc=M3hxczRra3FwNjMzNzczM0ApOmVnZTNmPGVkNzg5OjMzZmctaGdqMTVxcTFgLS1kMTZzczBeYDMyMS1iXjE2L2BgYjU6Yw%3D%3D&vl=&vr=
49,v09044g40000c31h4berlhljq0la6gmg,11702,1276937&955175&436320&297005,793fa5cc2c69f105d231272552d2f0ff&ab94beefa29c58f6e2eba04a021e1440&95f2e795f243b36f93c4197d8b696990&4054e21865551e22b3ce66df19c33d1a&fad86a274b65185a7e1a722720219fd4&817a4e3f6a6f7282d93de46df0e92a06&dc2868bff62de916058790fffeaa9a77&b8f599237a3e82297a04d39867cdf656,https://v16m.tiktokcdn-us.com/793fa5cc2c69f105d231272552d2f0ff/61e51b22/video/tos/useast2a/tos-useast2a-ve-0068c001/c3efc14c6e3045bb9d9a7123d0c5447d/?a=1233&br=2494&bt=1247&cd=0%7C0%7C0&ch=0&cr=3&cs=2&cv=1&dr=0&ds=3&er=&ft=c~.Zm4L-gXoInz7T&l=20220117013031010113135192142DAA10&lr=all&mime_type=video_mp4&net=0&pl=0&qs=14&rc=ampkM21rdWVrNjMzNzczM0ApZ2g5Njs0PGVoNzNkNzdoPGdqM2luaWliMS5gLS1kMTZzczBjYGMyLjQ2My4uLTYyMjE6Yw%3D%3D&vl=&vr=
50,v10044g50000c46ig0bc77u3svl4snj0,15439,1003742&711074&460554,4aa4c323a17b4663e763cf9a016021a6&902867f8f0ccb6bf48c0749ccb30b4d8&980db8fbfbeefe3472c8f8d5550e9931&226d640f4b879ff37a1455017b92be62&48a3ac04cddcdc1aaad8e81c45976753&c6c174670d78b98ec1b79c7c691bc616,https://v19.tiktokcdn-us.com/4aa4c323a17b4663e763cf9a016021a6/61e51b62/video/tos/alisg/tos-alisg-pve-0037c001/e423ff66fd7745cca108a9f2edb90248/?a=1233&br=1960&bt=980&cd=0%7C0%7C0&ch=0&cr=3&cs=2&cv=1&dr=0&ds=6&er=&ft=c~.Zm4L-gXoInz7T&l=202201170131300101131351822439ABA4&lr=all&mime_type=video_mp4&net=0&pl=0&qs=11&rc=M3E3eTY6ZjNsNzMzODczNEApOzk4M2Q2OTtoNzxpOWhoZGdncGlwcjRfZDNgLS1kMS1zczItY19iMzNhYzJfYTExYTI6Yw%3D%3D&vl=&vr=
51,v09044g40000c3odp7bc77u6gocp9d6g,6662,1213038&1048223&705115,102142695ec0f120bedb6aa6a886180e&b9bbc4020a4900d0ea1f217eab5425d7&0c598ea33fe1d9a34400ced8176eca5a&7b20b789346eeb5b48c3ae0df67df081&4d823bd032db6a8ae2abb79f38effedc&2385dcc31b789601195039d63d5f97e9,https://v19.tiktokcdn-us.com/102142695ec0f120bedb6aa6a886180e/61e51b59/video/tos/useast2a/tos-useast2a-ve-0068c003/de59c410050643d6ae007381bedffa4e/?a=1233&br=2368&bt=1184&cd=0%7C0%7C0&ch=0&cr=3&cs=2&cv=1&dr=0&ds=6&er=&ft=c~.Zm4L-gXoInz7T&l=202201170131300101131351822439ABA4&lr=all&mime_type=video_mp4&net=0&pl=0&qs=11&rc=amdzcjk6ZjpnNjMzNzczM0ApOTQ2NzdlPDs1N2Q8ZWc4N2czNmBkcjRfbWxgLS1kMTZzc2MvNS8tMy8zYDItXzIvLWA6Yw%3D%3D&vl=&vr=
52,v09044g40000c4ogfhrc77u057cokt50,11283,1788582&1332930&1009342&674293,3c0bc97f16169c709b2d62ae0eabcd21&131f83169d1aafc6dfc5f97e03ccb94b&219077d3b8482a418219cd3f5bd32c4e&6a8a79fd284afbed39d427100c5a74e7&f8d0e01a1257f651be0adf9dc938be3e&b615399f84db184135ccf67e922fea56&8719624407661274b7638d8f49fd6b98&6dc58353e29f84b140991675fbd58c8d,https://v19.tiktokcdn-us.com/3c0bc97f16169c709b2d62ae0eabcd21/61e51b5e/video/tos/useast2a/tos-useast2a-ve-0068c004/37fdace7ea5e47a28e67f8ddd291d8cf/?a=1233&br=3492&bt=1746&cd=0%7C0%7C0&ch=0&cr=3&cs=2&cv=1&dr=0&ds=3&er=&ft=c~.Zm4L-gXoInz7T&l=202201170131300101131351822439ABA4&lr=all&mime_type=video_mp4&net=0&pl=0&qs=14&rc=M3dyOjM6ZmtqNzMzNzczM0ApNTQ1PGg2NTxmN2dkOzc6ZGcyaGAycjRvY2xgLS1kMTZzczA1Xy9gMC5gXzZjMC9eMl86Yw%3D%3D&vl=&vr=
53,v09044310000bmoil77ho6foanv5jaj0,8267,1413832&978032&948578&551346,75104e863adfbcc2cdbabfb8f1d4c730&5131ed3415134d074730f8e0f00cb784&782bf19bc0bf9481feeabce2cb45193d&687b9785f09f1621e9b7b82e94e84351&f0c65cd743f65f455160f301ecc27926&516f6eed922c21f7912e47ea151e2fea&86ed83c406ab5b04bb58a11ffbf6435a&9e24afdfbfa7dd73c8d794ea9cb8f46d,https://v19.tiktokcdn-us.com/75104e863adfbcc2cdbabfb8f1d4c730/61e51b5b/video/tos/useast2a/tos-useast2a-ve-0068/ddd5955b873440ed8f5b7bf11392250d/?a=1233&br=2760&bt=1380&cd=0%7C0%7C0&ch=0&cr=3&cs=2&cv=1&dr=0&ds=3&er=&ft=c~.Zm4L-gXoInz7T&l=202201170131300101131351822439ABA4&lr=all&mime_type=video_mp4&net=0&pl=0&qs=14&rc=M2Q4cXI5azpscDMzNDczM0ApaWVmNDQ3NztoNztlODY4OWdnZ3NeY2w0aWxfLS0wMTZzc19fMi00Nl8zMTVjYy0yY146Yw%3D%3D&vl=&vr=
54,v09044g40000c2gsjnial962u1po35p0,6430,770553&599707&407073,73dcbc4ff8fe7607d83882ecd9c68d94&f804c6e19526b2b0ba4219a14edc4e7b&7d2d39ea80b0a05ce36cfa1d53696731&b7d692b948b9c1d45c359312a7b84db6&dc49ef474efda064b7069d1d498c497f&9220d1837d687bed5acbda5093cb61a6,https://v19.tiktokcdn-us.com/73dcbc4ff8fe7607d83882ecd9c68d94/61e51b59/video/tos/useast2a/tos-useast2a-ve-0068c003/c87454664ebb4e1a9171e23979c58e98/?a=1233&br=1504&bt=752&cd=0%7C0%7C0&ch=0&cr=3&cs=2&cv=1&dr=0&ds=6&er=&ft=c~.Zm4L-gXoInz7T&l=202201170131300101131351822439ABA4&lr=all&mime_type=video_mp4&net=0&pl=0&qs=11&rc=MzhyNDU8ZHF2NTMzNzczM0ApZzg8Mzc7OjtmN2g4ZGdkOmdtMG1yM2lmZ2RgLS1kMTZzczAxMDY2LjI1Nl4zNS5iYDU6Yw%3D%3D&vl=&vr=
55,v09044g40000c3ai05e0nro67dgk3fbg,9286,1284202&756360&437868&275058,59030459069bef32df33576846bd94c7&aef85b489a0f2c19ef7860512c0bf039&4d01a771985512fd1386c455cddeb84e&c33cd6fafc413fa6bb82b91517e093a0&42e8398cbc54b8c7303ac0a86025893d&ffafdff92c8f734293490c54e2aba32c&e21b90e5d51849c5b54f62bafa889ec3&4725da853830f13f7b465dd8d1959757,https://v19.tiktokcdn-us.com/59030459069bef32df33576846bd94c7/61e51b5c/video/tos/useast2a/tos-useast2a-pve-0068/e6e3a6962bc94b55b4ea6c5013954c7f/?a=1233&br=2508&bt=1254&cd=0%7C0%7C0&ch=0&cr=3&cs=2&cv=1&dr=0&ds=3&er=&ft=c~.Zm4L-gXoInz7T&l=202201170131300101131351822439ABA4&lr=all&mime_type=video_mp4&net=0&pl=0&qs=14&rc=amluZzl1MzhsNjMzNzczM0ApNGc3Zmk5Zjw2NzxlZ2RnPGdfMGQ0bGtiLV5gLS1kMTZzczJjNS8tYGIvLmI1Y180YS86Yw%3D%3D&vl=&vr=
56,v09044g40000c410g73c77uf1vhdufc0,8635,1640421&1292537&1074754&697653,ec5aa5574b2b1d0283b4e0fd9d069fbf&935a1640565d4c71a4fc333d3a55b702&2fc519a7791d495e27ea972bb74a44f5&3a016228d31fed76e7b7293bdb0b30ce&19e3e3a8699cf6fe26f6e1588076480b&543de67d3e1819d687184f95b5cacf77&41db7b90dc2e2188b2070b8de4d7001a&0c889c2478e5b6df121bce3e71e94334,https://v19.tiktokcdn-us.com/ec5aa5574b2b1d0283b4e0fd9d069fbf/61e51b5b/video/tos/useast2a/tos-useast2a-pve-0068/186f2293eddc429e855872f618200d52/?a=1233&br=3202&bt=1601&cd=0%7C0%7C0&ch=0&cr=3&cs=2&cv=1&dr=0&ds=3&er=&ft=c~.Zm4L-gXoInz7T&l=202201170131300101131351822439ABA4&lr=all&mime_type=video_mp4&net=0&pl=0&qs=14&rc=M2lneWk6ZjozNzMzNzczM0ApaGc8OTNmNGU7NzUzODU8M2dgcmUucjQwZC5gLS1kMTZzczAyMS4zYjFgMC00M2AyLWA6Yw%3D%3D&vl=&vr=
57,v09044g40000c45clkjc77u4160srdj0,19781,594321&416882&283318&196864,43b84b69d4971c4c7343c149204673bf&04414d83303eeed133dca87b8071782f&70558ffed37a3479731d810c07ff311e&1343d91debb89608a85d91c29b57c578&33526a5c9f9aa8a192ca543df9082d51&bafd0b7c8ba28579fc5e1e10f51c7544&57d36aa208e9b4d6335907902806f389&ceca0d2d742c9d3714d20704ee864692,https://v19.tiktokcdn-us.com/43b84b69d4971c4c7343c149204673bf/61e51b66/video/tos/useast2a/tos-useast2a-ve-0068c001/f9d901e8f28941f9bfce8994d038f273/?a=1233&br=1160&bt=580&cd=0%7C0%7C0&ch=0&cr=3&cs=2&cv=1&dr=0&ds=3&er=&ft=c~.Zm4L-gXoInz7T&l=202201170131300101131351822439ABA4&lr=all&mime_type=video_mp4&net=0&pl=0&qs=14&rc=M2d2OTc6Zm5mNzMzNzczM0ApZDw6PDg8OTw6NzpoOztmPGdnby0ucjRnaTJgLS1kMTZzc2ItYzZiMjQvXi8zYy4uNjA6Yw%3D%3D&vl=&vr=
58,v09044g40000c4aqt4bc77uek70jn260,14603,853714&490562&304377,730346b077cc581b2bc7f06175efa604&77e3899fbae42af17cb07506d9ef6e26&2afb269b4b8637f717a97fa334744fac&5588a9e673003415f2e628d43ccab715&b04949f226e5c07890741ec31dd4bb4d&07c1f5e86871c363d44c9e53f9501e7a,https://v19.tiktokcdn-us.com/730346b077cc581b2bc7f06175efa604/61e51b61/video/tos/useast2a/tos-useast2a-ve-0068c003/f5ab0881c8614d2997fc3563a380cca5/?a=1233&br=1666&bt=833&cd=0%7C0%7C0&ch=0&cr=3&cs=2&cv=1&dr=0&ds=6&er=&ft=c~.Zm4L-gXoInz7T&l=202201170131300101131351822439ABA4&lr=all&mime_type=video_mp4&net=0&pl=0&qs=11&rc=MzVtOmg6Zjd0NzMzNzczM0ApZ2lnPGlkPDw8NzM6aGQ4aGczay1ocjRfcV5gLS1kMTZzcy0tX2JjX18yMzM2LmFhNTM6Yw%3D%3D&vl=&vr=
59,v09044g40000c3vdmejc77u7uoaiehrg,11330,566505&438577&226220&162988,2d6c54961ea3ab55b87fd2b7c49c31e5&cc46cd50fbb14670109e3eb4cd8b5ccd&983894d8565d9ccd02dce65e20ce94e2&a4c9f9194c2d4a81f921e3339ce11c05&583eed1f303337af3248f1181db2e8aa&7da194f09aa01143ad315000fc23c5fc&3f46045d745734e7efe149035a504c35&d349cc074feb1ecff248b949131f535d,https://v19.tiktokcdn-us.com/2d6c54961ea3ab55b87fd2b7c49c31e5/61e51b5e/video/tos/useast2a/tos-useast2a-pve-0068/dd6af54476d34c538cb4008e341b415b/?a=1233&br=1106&bt=553&cd=0%7C0%7C0&ch=0&cr=3&cs=2&cv=1&dr=0&ds=3&er=&ft=c~.Zm4L-gXoInz7T&l=202201170131300101131351822439ABA4&lr=all&mime_type=video_mp4&net=0&pl=0&qs=14&rc=amtscjo6ZmhnNjMzNzczM0ApOzVmNDg0Ojs8N2g7OWk2ZmdvYl5ycjRnanNgLS1kMTZzc2A0YTQ2NDMtMjExNDQwLS06Yw%3D%3D&vl=&vr=
